col_0,col_1,col_2,col_3,col_4,col_5,col_6,col_7
Muniv,XXXIX,VIII,XXXI,Quinarius,VIII,XXIX,CXXIX
Murytub,XXXIX,IX,CXXI,Quinarius,V,VIII,CXXV
Murytub,XL,VIII,CXVII,Aureus,V,XXI,V
Atamora,XXXVII,VIII,XII,Quinarius,V,VI,MCCCXXXVII
Murytub,XL,XII,CXL,Denarius,VII,III,DXLIX
Muniv,XL,VIII,XXVI,Denarius,VII,XXV,DXXXVI
Munarg,XXXIX,III,CXXV,Denarius,VI,II,CCXXXIII
Muniv,XXXV,I,XXI,Denarius,VI,VIII,CDLXXV
Muniv,XXXVIII,I,XXXII,Quinarius,II,XII,CLI
Suilis,XXXIX,IV,XXIII,Denarius,III,IX,MMMDXCI
Murytub,XXXV,VIII,CXXXV,Denarius,V,XXIII,DCLXXV
Murytub,XXXVII,XI,CLXXIX,Denarius,VII,XV,DXC
Munarg,XXXVII,XII,CXLV,Denarius,V,XII,CCCLIII
Murytub,XXXV,V,CXXXIII,Denarius,I,IV,DCXLVII
Muniv,XXXV,VII,XXXII,Aureus,VII,XXIX,VI
Munarg,XXXV,III,CXCV,Quinarius,VII,I,CLXX
Munarg,XXXVI,V,CLXXII,Quinarius,IX,I,CXXXV
Munarg,XL,VII,CXCI,Denarius,VIII,XIV,CCII
Munarg,XL,X,CXLVII,Denarius,IV,VIII,CDLXXIX
Muniv,XXXV,VI,XXIX,Denarius,VI,XI,DLXXXII
Muniv,XXXV,VII,XXIV,Denarius,IX,VI,CDXXII
Muniv,XXXV,I,XX,Aureus,V,XVI,VII
Muniv,XXXIX,XI,XIII,Denarius,VIII,VIII,DXXXVII
Munarg,XL,IV,CXLI,Denarius,V,XXVI,CXCVI
Murytub,XXXVIII,XI,CLVI,Quinarius,VI,V,CLVIII
Murytub,XXXV,IV,CXXXVII,Denarius,V,X,DCCLXXII
Munarg,XXXVI,I,CLXXV,Aureus,IV,VII,IV
Munarg,XXXIX,XI,CXX,Quinarius,IV,V,XCVI
Munarg,XXXVIII,IV,CLXXVIII,Denarius,VIII,X,CCLXXXVI
Munarg,XXXVII,VI,CXXIII,Quinarius,VI,XIV,XCVIII
Munarg,XXXVI,II,CXCVI,Denarius,VI,XX,CCCXII
Muniv,XXXIX,I,XXXVI,Denarius,IV,XIII,DCCV
Munarg,XXXVI,IX,CXCVI,Quinarius,VI,I,CXL
Munarg,XXXVI,X,CXIX,Aureus,V,XXIX,IV
Muniv,XXXVI,XI,XXX,Denarius,III,XI,CDXCV
Murytub,XL,IV,CVIII,Denarius,VII,VIII,DXLI
Munarg,XXXVI,IX,CXCII,Denarius,IV,XXIII,CCCXXVII
Murytub,XXXV,X,CXXXI,Aureus,VI,XV,IX
Muniv,XXXV,II,XXXI,Aureus,IV,XVIII,V
Muniv,XL,XII,XXV,Denarius,VII,XIV,DC
Muniv,XXXVIII,X,XXII,Quinarius,VII,XI,CXXVIII
Muniv,XXXV,XII,XXII,Aureus,VI,VI,VI
Muniv,XL,IX,XXXII,Denarius,VIII,XXIX,CDLXXVII
Murytub,XXXVII,II,CLIX,Quinarius,VII,VIII,CCLXXII
Murytub,XXXVII,II,CXCIX,Quinarius,V,XV,CCLXXVIII
Murytub,XXXV,I,CVIII,Denarius,VI,VII,DCLXXXII
Murytub,XXXIX,IX,CXXII,Denarius,VII,VI,DXCIII
Murytub,XXXVIII,III,CXLVII,Denarius,VII,XII,DCIII
Muniv,XXXIX,X,XXVII,Quinarius,VI,II,XCIX
Munarg,XXXV,I,CXXIII,Denarius,IV,XVII,CCCLXVI
Muniv,XXXV,V,XVI,Quinarius,V,II,CCLXXXIII
Munarg,XXXVIII,II,CXXIX,Denarius,V,IV,CCCLXXXII
Muniv,XXXVI,VI,XXVIII,Denarius,VI,IV,DL
Munarg,XXXVII,IX,CLXII,Quinarius,IV,XXV,CL
Munarg,XXXVII,VI,CLXX,Denarius,IV,IV,CCLIV
Murytub,XXXVIII,III,CLXXII,Quinarius,VII,IV,CC
Munarg,XXXV,X,CXL,Denarius,IV,XXI,CCCLXXXI
Murytub,XXXIX,VII,CV,Quinarius,VII,II,CL
Munarg,XXXV,II,CLXXXVIII,Denarius,VIII,XXII,CCCLV
Murytub,XL,VII,LXXXIX,Denarius,VI,XII,DLIII
Muniv,XXXVIII,X,XXVI,Quinarius,IV,XVI,CXIV
Muniv,XXXIX,II,XXV,Quinarius,V,XXVI,CXXI
Murytub,XXXIX,V,CXXII,Quinarius,VI,IV,CXXXIV
Murytub,XL,IV,CLXXX,Denarius,VIII,V,DXXX
Murytub,XXXVIII,XI,CLXXV,Denarius,VIII,X,DLXXXV
Munarg,XXXVI,V,CII,Quinarius,V,XXIII,CXXXIX
Munarg,XXXVI,IX,CLI,Quinarius,IV,XXVI,CXXXVI
Muniv,XXXVIII,VIII,XXIV,Denarius,VIII,XXX,DXIII
Munarg,XL,VII,CIV,Denarius,VII,X,CXCVIII
Munarg,XXXVI,VII,CLIII,Denarius,VII,XXX,CCCLI
Atamora,XXXIX,V,VIII,Denarius,VI,I,MMDCXXI
Atamora,XXXVI,III,X,Denarius,VI,XVII,MMMCDI
Murytub,XXXVI,I,CVIII,Quinarius,VI,I,CCCI
Murytub,XXXVIII,II,LXXXVII,Denarius,VIII,XVII,DCLIX
Suilis,XXXVIII,VII,XI,Denarius,VI,XXII,MMMDCCLXXVII
Muniv,XXXVII,XI,XXV,Denarius,V,XXIV,DXLV
Muniv,XXXV,VI,XXVII,Denarius,VI,XXVIII,DL
Munarg,XXXV,X,CXXIX,Aureus,VII,XXIII,IV
Muniv,XXXVII,X,XXVIII,Quinarius,IX,XI,CCXXXIII
Munarg,XL,I,CXIV,Denarius,VII,VI,CDXI
Murytub,XXXV,IV,CCV,Quinarius,VI,XXVI,CCCXL
Munarg,XXXV,III,CX,Denarius,IV,XXII,CCCVIII
Munarg,XL,II,CVI,Denarius,V,XIX,CCXXXVIII
Suilis,XXXV,VI,XIV,Quinarius,II,XXIII,MDCCCIV
Muniv,XXXVII,VIII,XXVII,Denarius,IV,VII,DI
Murytub,XXXIX,VIII,CXXXIX,Denarius,VII,XXIV,DLXV
Suilis,XXXVII,IV,XXXI,Quinarius,VII,XXVI,MCDXLIX
Munarg,XXXIX,XII,CIX,Quinarius,IV,XVIII,CI
Munarg,XL,VII,CLXXXII,Quinarius,VI,XXX,XLIV
Munarg,XL,VII,CXXVIII,Denarius,VIII,XIV,CCCLXXXII
Munarg,XXXVI,VIII,CXIX,Denarius,VII,XXII,CCLXXX
Munarg,XXXIX,IX,CXXXIII,Denarius,V,XXII,CCIV
Muniv,XXXVII,VIII,XXI,Denarius,VI,XXII,DXXV
Munarg,XL,XII,CLIV,Denarius,VII,XXXI,CDIX
Murytub,XXXVI,IV,CLXVII,Quinarius,VIII,XXX,CCXCIV
Munarg,XXXIX,V,CLXXII,Quinarius,VI,XXVII,LIV
Murytub,XXXV,XII,CXXXIV,Aureus,VII,XIII,VIII
Munarg,XXXVIII,I,CLXXXI,Quinarius,II,XII,CXIII
Munarg,XXXVIII,V,CLXII,Quinarius,V,XXXI,CXXV
Muniv,XXXVIII,II,XVIII,Denarius,V,XXVII,CDLXXIV
Munarg,XXXVII,IX,CXLVI,Quinarius,VI,XXIII,CXX
Muniv,XXXIX,III,XXVIII,Quinarius,VIII,XXX,CXIII
Munarg,XL,XI,CVIII,Denarius,IV,XVI,CDIII
Munarg,XXXV,XII,CLII,Quinarius,VI,XXVI,CLXXVI
Murytub,XXXIX,IX,CXXV,Denarius,VI,XI,DCXI
Suilis,XXXVI,XI,XVII,Denarius,VII,XVIII,MMMCCIX
Muniv,XXXVII,V,XVIII,Aureus,III,XXIII,V
Murytub,XXXVII,IV,CXVIII,Quinarius,IV,XXIX,CCCXCI
Munarg,XXXVII,IX,CXLVI,Denarius,VIII,XX,CCXLIX
Muniv,XXXIX,VII,XXI,Denarius,VII,V,DCIX
Muniv,XXXVIII,X,XVI,Denarius,VIII,II,DXXXIX
Murytub,XXXVIII,IX,CXXXIV,Aureus,VI,XIX,V
Murytub,XXXV,VIII,CVI,Quinarius,IV,XXIV,CCCLXXVIII
Muniv,XXXVIII,IX,XXIX,Denarius,IV,XV,DLIX
Murytub,XXXVIII,IV,CLIV,Denarius,III,XVII,DCXXVII
Muniv,XXXVIII,VII,XIX,Denarius,VII,XVIII,DXXX
Suilis,XXXVIII,IV,XIX,Denarius,IV,XXI,MMMDCCXCII
Munarg,XL,III,CXXXIII,Aureus,VI,XXVI,II
Murytub,XXXVI,IV,CLXXVI,Denarius,VII,IX,DCXLV
Suilis,XXXVII,V,XIII,Denarius,VIII,XXV,MMMCCXC
Murytub,XXXVIII,X,CLXIX,Denarius,VI,V,DCXXXIX
Murytub,XXXIX,II,CXLIV,Denarius,IX,XXI,DCXLV
Murytub,XXXIX,XII,CLI,Denarius,V,XXX,DLXXI
Murytub,XL,VII,CL,Quinarius,III,XV,CXXXVIII
Munarg,XXXIX,III,CXCII,Quinarius,III,VIII,LXI
Murytub,XXXVI,XI,CXLIII,Denarius,VII,XVIII,DCXXXV
Munarg,XXXIX,X,CLXXXIV,Denarius,VIII,XXIX,CCXLVIII
Muniv,XL,XII,XXIII,Quinarius,VI,XXVII,CXVI
Murytub,XXXIX,VI,CLIII,Quinarius,V,XII,CXXVIII
Suilis,XXXV,IV,XXVI,Denarius,IV,VI,MMMCCXX
Munarg,XXXV,XII,CXII,Denarius,VI,X,CCCLXIX
Munarg,XXXVIII,VII,CXVII,Denarius,V,XIX,CCCLXIII
Murytub,XXXVIII,IV,CXX,Aureus,V,XXII,VI
Munarg,XXXVI,II,CXIX,Denarius,VI,XX,CCCLVI
Munarg,XXXV,VI,CLXXXII,Quinarius,VIII,XXIV,CLIV
Munarg,XXXIX,VI,CX,Denarius,VI,XXIII,CCCXLVIII
Muniv,XXXV,VIII,XXV,Denarius,IX,II,DXXXIV
Muniv,XXXIX,X,XXI,Denarius,VI,XXX,DXXIX
Munarg,XXXVI,III,CXXXI,Quinarius,VIII,VII,CLI
Murytub,XXXVI,III,CLXXXI,Denarius,VII,XI,DCCXIII
Murytub,XXXV,X,CXXXVI,Denarius,VI,VI,DCCV
Munarg,XXXV,II,CXVII,Quinarius,VI,XII,CLXXII
Suilis,XXXIX,VII,XXI,Quinarius,VI,XIII,DCCCLXVIII
Murytub,XXXVII,X,CXCVI,Denarius,IX,II,DCLXIX
Suilis,XXXVI,I,XVII,Denarius,IV,VII,MMMCXCI
Muniv,XL,VI,XXV,Denarius,III,XIII,CDLXV
Murytub,XXXVI,X,CLXVIII,Denarius,II,V,DCXLVII
Munarg,XXXV,VI,CLIX,Denarius,VI,XXVII,CCCLIX
Suilis,XXXIX,VII,XXXI,Denarius,IV,XXI,MMMDCXXXIV
Murytub,XXXVII,X,CIII,Denarius,VI,XXVII,DCLXXVIII
Suilis,XL,II,XV,Quinarius,V,XXV,CML
Murytub,XXXVII,III,CLII,Denarius,VII,XXX,DCCVIII
Murytub,XXXVIII,VI,CXXVI,Denarius,IX,XXVI,DCXXIV
Murytub,XL,IV,CLIII,Denarius,VII,VII,DLXXX
Atamora,XXXVIII,V,XIV,Quinarius,VI,V,DCCXXII
Atamora,XXXIX,XI,XIII,Denarius,VI,III,MMCDXXXIII
Murytub,XXXVII,XI,LXXVI,Denarius,V,XII,DCIX
Murytub,XXXIX,VII,CLXXVIII,Denarius,VIII,VII,DLXV
Munarg,XXXIX,VII,CLXII,Denarius,V,XVII,CCXLVIII
Munarg,XXXV,XII,CLI,Denarius,VI,XXVI,CCCXCVIII
Murytub,XXXV,I,CXXII,Quinarius,VI,XXI,CCCLXXVIII
Murytub,XXXVIII,V,CLXVII,Denarius,V,XIV,DCX
Munarg,XL,IV,CXI,Denarius,VIII,XIV,CDLXI
Murytub,XXXVII,V,CXLII,Denarius,VIII,X,DCCCLXXIX
Muniv,XXXIX,IX,XXIV,Denarius,V,XV,DXI
Suilis,XL,II,XXIII,Aureus,VIII,XVI,XXXIX
Munarg,XXXIX,IX,CXCVI,Quinarius,V,XXIII,LV
Murytub,XXXVIII,III,CLXX,Quinarius,V,XVII,CLXXXIX
Murytub,XXXIX,IX,XCVI,Quinarius,V,XXI,CXVI
Murytub,XXXVIII,VIII,CXLV,Aureus,VII,XI,VI
Muniv,XXXVII,X,XXVII,Aureus,V,XIII,V
Muniv,XL,VIII,XXV,Denarius,III,X,CDLXI
Muniv,XL,XI,XXIX,Denarius,V,XXV,DCXVIII
Munarg,XXXVI,I,CLXXXIV,Denarius,VII,XX,CCCXXX
Munarg,XXXVIII,III,CLXXI,Quinarius,V,XXVI,LXXXVII
Munarg,XXXVII,I,CLXII,Denarius,V,XXV,CCCXVIII
Munarg,XL,XI,CLXXVIII,Denarius,VI,I,CCIII
Munarg,XXXVIII,IV,CXXXIV,Aureus,VII,XXV,IV
Munarg,XXXV,IV,CXXVIII,Denarius,IV,XVIII,CCCLXXV
Munarg,XXXVI,III,CLXXIV,Denarius,IV,XXI,CCCXX
Atamora,XXXIX,I,X,Denarius,VII,XV,MMMCCLXXXI
Muniv,XXXV,IV,XXIX,Quinarius,IV,XIII,CCLXXIII
Atamora,XXXVII,II,XII,Denarius,V,XVI,MMCCCLXXXI
Murytub,XXXVIII,VII,CXII,Quinarius,VIII,XXI,CLXXIV
Murytub,XL,X,CLVII,Denarius,VIII,XV,DXXIV
Munarg,XXXVII,III,CX,Denarius,IV,XXV,CCCXXVII
Munarg,XXXV,VIII,CV,Aureus,IX,XVIII,V
Murytub,XXXVII,X,CXXXII,Denarius,VII,X,DLXXXV
Atamora,XL,XI,IX,Denarius,V,XX,MMDCCXXII
Muniv,XL,IV,XVIII,Quinarius,VI,X,CXXXII
Muniv,XXXIX,IV,XXIX,Quinarius,V,XXII,XC
Muniv,XL,I,XXVI,Quinarius,VIII,III,CXXXV
Murytub,XXXVIII,V,CXCIII,Quinarius,VII,II,CXCI
Munarg,XXXVI,II,CLXXXIV,Denarius,V,XIX,CCCXLIX
Munarg,XL,II,CXXIX,Denarius,VII,VII,CCXVII
Muniv,XXXVII,XI,XXXI,Denarius,IV,XVII,DXXIII
Munarg,XXXVII,IV,CXXXVIII,Quinarius,VIII,XII,CXXVII
Murytub,XXXV,II,CXXVII,Denarius,V,XVI,DCXCVIII
Murytub,XXXVIII,VIII,CXXX,Denarius,IV,XXV,DLXIII
Munarg,XXXVII,III,CLXXXVIII,Denarius,IX,VI,CDXVIII
Muniv,XXXVII,VI,XXIV,Aureus,VII,XIX,V
Munarg,XL,VII,CXV,Quinarius,V,XIII,XCIII
Munarg,XXXVII,VIII,CLXXII,Denarius,VI,IV,CCCXVI
Murytub,XXXIX,VII,CXXXVIII,Quinarius,VI,XX,CL
Atamora,XXXVII,VIII,XI,Denarius,V,XXVIII,MMMCLIV
Murytub,XXXVI,V,CXXXIV,Aureus,VII,XXXI,VII
Munarg,XL,II,CXVIII,Denarius,IV,XI,CXCII
Munarg,XXXVII,VI,CLIII,Quinarius,V,XXX,CXLII
Murytub,XL,VI,CLVI,Denarius,V,XXV,DLX
Murytub,XXXVII,II,CLXIV,Denarius,VI,XXIV,DCXCII
Suilis,XL,X,XXII,Quinarius,IX,XXXI,DCCCXXXV
Murytub,XXXVII,IX,CLX,Quinarius,VI,XVI,CCLIX
Muniv,XL,VII,XXV,Aureus,VI,XXX,IV
Murytub,XXXVII,II,CLXVI,Quinarius,V,XXVIII,CCLXXV
Murytub,XL,VI,CXLIII,Denarius,IV,XIV,DLXXIX
Muniv,XL,IV,XXVI,Quinarius,II,XX,CVII
Munarg,XXXVI,IX,CXXV,Quinarius,V,XXVIII,CXXIII
Murytub,XXXVI,III,CLXIV,Quinarius,III,IV,CCCVI
Murytub,XXXVI,I,CXVII,Denarius,V,XVIII,DCCVI
Muniv,XXXIX,III,XXII,Denarius,III,XI,DLXIII
Munarg,XXXV,VII,CXCIV,Denarius,VII,XX,CCCXXXVI
Munarg,XXXV,IX,CLXX,Denarius,VI,XII,CCCXLVI
Murytub,XXXV,XII,CXVI,Quinarius,VI,XXX,CCXCII
Murytub,XL,I,CXLVI,Quinarius,VII,XXII,CXXXVIII
Muniv,XL,XII,XXXI,Quinarius,VIII,XV,CXVI
Munarg,XXXIX,VIII,CLXXXIII,Denarius,VII,XII,CCLXII
Murytub,XXXVII,VI,CLXXXVIII,Denarius,VII,XXVII,CMVIII
Munarg,XXXVIII,III,CXCII,Denarius,V,XVII,CDXXXII
Atamora,XXXIX,XII,VIII,Denarius,V,XXXI,MMCMXIX
Suilis,XXXVII,XI,XVI,Denarius,IX,XXIX,MMMCCCXLIV
Murytub,XXXVIII,III,CLXXII,Quinarius,VII,IV,CXCII
Munarg,XXXIX,I,CXL,Denarius,IV,XIII,CCXXXI
Muniv,XXXVIII,III,XXIII,Denarius,IV,III,CCCXC
Murytub,XL,IV,CLXII,Denarius,VII,VII,DLVIII
Murytub,XXXVI,XI,CLXVI,Denarius,VI,XII,DCV
Murytub,XXXIX,VII,CLXXVII,Aureus,VII,XI,VI
Muniv,XXXVII,VIII,XXVI,Denarius,IX,XXV,CDXCI
Munarg,XXXVI,XI,CXC,Quinarius,VII,XXVI,CXXXIII
Muniv,XXXV,VIII,XXV,Denarius,IX,XX,DXLV
Munarg,XXXV,VI,CXXV,Denarius,VIII,VIII,CCCLII
Muniv,XXXIX,IV,XXVI,Denarius,III,IX,DLII
Murytub,XXXIX,X,CLXXVII,Denarius,VIII,IX,DLXXXIX
Munarg,XXXVIII,V,CXV,Quinarius,IX,VII,LXXXVI
Suilis,XXXIX,IX,XIX,Quinarius,V,XVII,DCCCXXIII
Munarg,XXXVII,VII,CLXVI,Denarius,VII,XXIII,CCCIV
Munarg,XXXVI,VIII,CXXXIX,Quinarius,IV,XIV,CLXII
Muniv,XXXVIII,III,XXX,Aureus,IV,XVIII,V
Murytub,XL,I,CLV,Aureus,VII,XXXI,VI
Murytub,XXXVII,VIII,CCXII,Denarius,VIII,XVI,DCCXVIII
Muniv,XXXVI,X,XXIV,Aureus,IX,XV,V
Murytub,XXXVII,III,CXXX,Quinarius,III,XXXI,CCCX
Munarg,XL,XI,CXXXVIII,Denarius,III,XXI,CCCLXXIII
Munarg,XXXV,IX,CXXXVIII,Denarius,IV,VI,CDI
Munarg,XXXVI,I,CLXXI,Quinarius,X,XXVIII,CXXXI
Munarg,XXXVII,II,CXL,Quinarius,VI,X,CXL
Munarg,XXXVIII,II,CV,Quinarius,VII,XXIV,LXXXIV
Murytub,XXXIX,XII,CXXVIII,Quinarius,VII,XIX,CXXXV
Muniv,XXXVI,I,XXVI,Quinarius,V,XV,CCXLII
Munarg,XXXVIII,II,CXLVIII,Denarius,V,VIII,CCCXCII
Muniv,XXXIX,VII,XV,Denarius,V,XVII,DXXXIX
Muniv,XXXVII,VI,XIX,Quinarius,VI,XIV,CXCV
Murytub,XXXVIII,V,CXLIX,Denarius,IV,XXIII,DCII
Murytub,XXXV,VI,CLXVI,Quinarius,II,XXIII,CCCLXI
Murytub,XXXVIII,XI,CLIII,Denarius,VI,XXIII,DXCII
Atamora,XXXVIII,XI,VII,Quinarius,V,II,DCCCXXI
Munarg,XXXVII,IV,CXLV,Quinarius,IV,XX,CXXII
Munarg,XL,I,CXX,Denarius,VI,VIII,CCXXXVI
Muniv,XL,V,XXV,Aureus,VI,XIV,IV
Muniv,XXXVIII,VI,XXIX,Aureus,IV,XIX,V
Murytub,XXXVI,V,CLXV,Denarius,V,VIII,DCLXXXVIII
Muniv,XXXVII,VII,XXIII,Aureus,IV,II,V
Munarg,XL,VIII,CXCIV,Denarius,VIII,XXII,CLXXIX
Suilis,XXXV,VII,X,Denarius,IV,V,MMMCCXLI
Muniv,XXXVI,II,XXIV,Denarius,VII,XXIII,DCXLVII
Munarg,XXXVI,III,CLIV,Denarius,IX,XIV,CDXI
Murytub,XL,X,CIV,Denarius,IX,IV,DLXXXII
Murytub,XXXVI,I,CLI,Denarius,III,V,DCCXI
Murytub,XXXVII,III,CXLV,Aureus,VI,III,VII
Muniv,XL,III,XXXI,Aureus,VI,VIII,V
Munarg,XXXVIII,VII,CXCVI,Quinarius,V,XII,CXII
Munarg,XL,I,CXIII,Quinarius,VI,XIV,LXXXVIII
Munarg,XXXVI,VI,CLXXV,Denarius,V,XXIII,CCCLIV
Murytub,XXXVII,I,CLXXXVIII,Quinarius,IV,XII,CCLXIII
Murytub,XL,V,CXLVII,Denarius,VI,XVI,DLXXXI
Murytub,XXXVI,VII,CLVII,Denarius,VI,XVIII,DCLXI
Munarg,XXXIX,II,C,Denarius,VI,XXIV,CCXLV
Munarg,XXXVII,IX,CXXXVI,Denarius,VII,XIX,CCCXXIX
Muniv,XXXIX,X,XXIV,Denarius,VI,XVIII,CDLVIII
Murytub,XXXVI,XII,CX,Denarius,IX,XXXI,DCLXXXII
Murytub,XXXV,X,CLII,Aureus,VI,XXII,IX
Suilis,XXXVI,II,XII,Denarius,IX,IX,MMMCLI
Munarg,XL,VII,CXXX,Quinarius,VI,XII,LXXXVIII
Muniv,XXXVII,VI,XXV,Aureus,VII,XVI,V
Atamora,XXXVI,XII,IX,Denarius,VII,IX,MMDX
Munarg,XXXIX,IX,CXVII,Quinarius,IX,IV,CIV
Murytub,XL,III,CLXXV,Aureus,VI,XXX,V
Munarg,XXXV,III,CI,Denarius,VII,XXXI,CCCXCIV
Murytub,XXXVII,XI,CLXXI,Denarius,V,IX,DCVIII
Murytub,XXXVI,III,CLXI,Denarius,IV,XXI,DCLXXVI
Murytub,XXXV,VIII,CXIV,Quinarius,VIII,XIV,CCCXIX
Muniv,XXXVII,III,XXVII,Denarius,VIII,XXVI,DXV
Muniv,XXXIX,X,XXV,Denarius,II,XXII,CDLXXIII
Murytub,XXXVIII,IV,CLXIV,Denarius,VII,XVI,DCLII
Murytub,XXXVIII,IX,CCXXI,Denarius,V,V,DXCIII
Munarg,XXXVII,III,CXLI,Denarius,V,XVIII,CCLXXX
Munarg,XXXIX,V,CLXXVII,Quinarius,VI,I,LXXXII
Munarg,XXXV,XI,CXLIX,Quinarius,V,XXV,CLVI
Atamora,XXXVIII,VII,VII,Denarius,VIII,XXI,MMDCXXXV
Munarg,XXXVIII,VI,CXLV,Denarius,VII,XXX,CCXCV
Munarg,XXXVIII,X,CLXIX,Denarius,VI,XXVI,CCCLXXIII
Munarg,XL,VIII,CLXV,Denarius,II,XV,CXCIII
Munarg,XXXV,X,CXLV,Denarius,VIII,XXX,CCCIV
Murytub,XXXIX,IX,CLXXVII,Denarius,V,XV,DXLV
Munarg,XXXV,VI,CXCII,Quinarius,VI,XI,CLXXXV
Munarg,XL,VII,CLXXI,Denarius,VIII,XIV,CCCLXXII
Munarg,XXXIX,V,CXV,Quinarius,VI,XXX,LV
Munarg,XXXVIII,II,CII,Denarius,VI,IX,CCCLXVI
Munarg,XXXVIII,I,CLXII,Denarius,IV,XXIV,CCLXII
Muniv,XXXIX,IV,XVIII,Denarius,VIII,XI,DLXVIII
Muniv,XXXV,V,XXVI,Quinarius,V,I,CCLXX
Suilis,XXXIX,VI,XLVIII,Denarius,VI,XV,MMMDCXLVII
Munarg,XL,IV,CLXXV,Quinarius,VI,XXV,XLVI
Munarg,XXXV,II,CVI,Denarius,VII,V,CCCLXXXI
Munarg,XXXIX,II,CLXIII,Denarius,VI,XX,CCLXV
Murytub,XXXVI,V,CXLII,Denarius,VI,XXV,DCLV
Suilis,XXXVI,VI,XVII,Quinarius,VI,IV,MDLXXVII
Munarg,XXXVIII,IX,CLXV,Denarius,V,VI,CCCLII
Atamora,XXXVI,X,XI,Denarius,IX,III,MMDCCLII
Munarg,XXXVII,VIII,CLVII,Quinarius,VII,XI,CXLIX
Muniv,XXXVIII,III,XXVIII,Denarius,VII,XXX,CDLXXI
Munarg,XL,V,CXLVIII,Denarius,IV,XXX,CDLIII
Murytub,XXXVII,VI,CXLI,Quinarius,V,XXX,CCCLVI
Muniv,XL,III,XX,Denarius,VI,XXX,DXXIV
Muniv,XXXIX,IV,XVIII,Denarius,V,XXII,DLIX
Murytub,XL,I,CLXVIII,Quinarius,VI,V,CXXXIX
Munarg,XXXVIII,V,CXXI,Quinarius,IX,XXIV,CXIV
Murytub,XXXVIII,XII,CXXXVII,Aureus,XI,XV,VI
Murytub,XXXVII,IV,CXXIX,Quinarius,VI,V,CCCLXXII
Muniv,XXXVII,IV,XXV,Denarius,VI,VII,DXLIX
Murytub,XL,IX,CLXIII,Denarius,IX,XI,DXXXVII
Murytub,XXXIX,XI,CLII,Denarius,VII,XXX,DLIII
Muniv,XXXVI,IX,XXII,Denarius,VI,XI,DXX
Munarg,XXXVII,IV,CL,Quinarius,VII,VI,CLXI
Munarg,XXXVIII,II,CXXXIII,Denarius,V,IV,CCXLIX
Muniv,XXXIX,III,XXVIII,Denarius,VI,III,CDXXXIV
Munarg,XXXIX,X,CLXVIII,Denarius,V,XI,CDLIII
Munarg,XXXIX,VII,CX,Denarius,X,IV,CCXXIV
Munarg,XXXVI,IV,CIII,Aureus,VI,VII,IV
Munarg,XXXVI,I,CXCV,Quinarius,VI,XXVII,CXXXVIII
Murytub,XXXVIII,X,CLXXXVI,Denarius,IV,XXXI,DLXXXIX
Munarg,XXXVIII,I,CXLIX,Denarius,VI,III,CCLII
Murytub,XL,X,CLVII,Denarius,VI,I,CDLXXXVI
Munarg,XXXVIII,XI,CXXVII,Denarius,V,XXVII,CCCXCIX
Muniv,XXXIX,V,XXVIII,Quinarius,III,XXVIII,CIV
Atamora,XL,X,VI,Denarius,VI,II,MMDCCCLV
Munarg,XXXVI,X,CLXXXVI,Quinarius,II,V,CXXXVII
Muniv,XL,IV,XXVIII,Denarius,VII,XVI,DLVII
Suilis,XL,XII,XXXI,Quinarius,V,IX,DCCLXXI
Munarg,XXXVI,IX,CXCIII,Quinarius,IV,XXIX,CLVIII
Munarg,XXXVII,VIII,CXLVI,Quinarius,V,III,CXXVII
Munarg,XXXV,XII,CLIII,Quinarius,IV,XX,CLVII
Muniv,XXXVI,VI,XX,Denarius,VIII,XXI,CDXCI
Murytub,XXXVIII,VIII,CXCIII,Quinarius,VII,XVIII,CLIX
Munarg,XXXV,I,CLXXV,Quinarius,V,V,CLXXV
Munarg,XXXIX,XI,CLIX,Denarius,V,XX,CCXXX
Muniv,XXXVI,X,XIV,Aureus,IX,III,V
Muniv,XL,I,XXVII,Aureus,VI,XII,V
Murytub,XXXIX,V,CLXIII,Denarius,VIII,XVII,DLXVI
Munarg,XXXVI,IX,CXIV,Aureus,V,XIV,IV
Suilis,XXXVIII,III,XL,Denarius,VI,XXIV,MMMDLXXVIII
Murytub,XXXV,VIII,CCXV,Denarius,VI,XII,DCLXVII
Munarg,XL,VI,C,Quinarius,V,VIII,CII
Munarg,XXXVIII,III,CXXXVIII,Denarius,V,XXVI,CCCLXXXIX
Murytub,XL,III,CL,Denarius,IX,XVI,DLXV
Murytub,XXXVI,I,XCIV,Aureus,V,XV,VIII
Muniv,XXXVIII,II,XXVIII,Denarius,VII,XIX,DXXXI
Muniv,XXXV,VII,XVIII,Aureus,VII,III,VI
Munarg,XXXVII,IV,CXII,Denarius,VIII,X,CCCXLVII
Munarg,XXXVIII,IV,CXCIII,Quinarius,VII,XVI,LXXVI
Murytub,XXXVII,VI,CLXXXIX,Denarius,VIII,XII,DCCCLVII
Munarg,XXXVI,I,CXLIV,Denarius,IV,XIV,CCCXCIII
Munarg,XL,I,CXXXI,Denarius,VI,XII,CCCXCII
Murytub,XXXVI,X,CLXIX,Aureus,VII,XVI,VII
Munarg,XXXVIII,VII,CLXXVIII,Aureus,VIII,XXVII,III
Munarg,XXXVII,VII,CXCV,Denarius,VI,IX,CDV
Murytub,XXXVIII,III,CC,Denarius,VI,VIII,DC
Munarg,XXXVIII,X,CIV,Denarius,VI,XXVI,CCCXCVI
Murytub,XXXVIII,VIII,CLXXXVI,Aureus,VI,XXII,VI
Suilis,XXXVI,VIII,XVI,Denarius,VI,XIX,MMMDLII
Munarg,XXXV,II,CLXXXIX,Quinarius,VII,XXIV,CLIII
Murytub,XXXIX,V,CXXX,Denarius,VI,II,DCII
Murytub,XXXVII,XII,CLXXVI,Aureus,V,XVIII,VI
Suilis,XL,XI,XII,Denarius,IV,VIII,MMMMLXIII
Muniv,XXXV,VI,XXVII,Aureus,VII,VI,VII
Murytub,XXXVI,III,CXXII,Aureus,VIII,XXV,VIII
Murytub,XXXVIII,VI,CLII,Denarius,IV,XVI,DCI
Munarg,XXXVII,VI,CLXXXI,Denarius,VIII,XXVI,CDXXIV
Murytub,XXXVII,I,CLVI,Denarius,VII,XIV,DCXVI
Munarg,XXXV,VIII,CXII,Denarius,VII,VIII,CCCXXXVIII
Munarg,XXXVI,X,CXLIX,Denarius,IX,III,CCCLXXXIX
Munarg,XXXVIII,VII,CLXXXIII,Denarius,IV,XVII,CCLXXXVIII
Munarg,XXXIX,III,CXXXII,Denarius,IV,XXIV,CCXXXIII
Murytub,XL,VI,CXLII,Denarius,VI,XVI,DLXIII
Muniv,XXXVI,III,XXII,Denarius,VII,XXVIII,DXXIV
Murytub,XXXVIII,XII,CLXXII,Denarius,IV,XIV,DLXXXVII
Murytub,XXXVII,IX,CLV,Quinarius,VI,IX,CCLXXII
Muniv,XXXVII,VI,XXXV,Denarius,VII,XXI,DLXXVIII
Munarg,XXXV,I,CXX,Aureus,V,XXV,V
Murytub,XXXV,X,LXXXIV,Denarius,IV,XXVII,DCXLI
Munarg,XL,XI,CVI,Quinarius,III,IV,LXXI
Muniv,XXXVII,XII,XXIV,Quinarius,VI,XXIII,CLXXIV
Muniv,XL,IV,XVIII,Denarius,VI,X,CDXCIX
Munarg,XXXVIII,II,CXI,Quinarius,VIII,XVII,LXXXVII
Munarg,XXXVII,VII,CVIII,Denarius,VII,XI,CDXXXV
Munarg,XXXVI,V,CXXXVII,Denarius,IX,I,CCCLIII
Muniv,XXXVI,VIII,XXIX,Denarius,VI,XIII,CDLXXXVIII
Munarg,XXXV,IX,CXXXVI,Quinarius,V,XXV,CLXXXVI
Munarg,XXXVIII,III,CXCIX,Quinarius,VI,XX,CXXX
Munarg,XXXVII,IX,CXXXIV,Denarius,VI,XXIV,CCCLXIII
Murytub,XXXVII,III,CXCI,Aureus,VI,III,VII
Murytub,XXXV,V,CLXXXI,Quinarius,VI,XIV,CCCXLII
Munarg,XXXVIII,V,CXLVI,Quinarius,III,XXV,XCIV
Munarg,XXXV,II,CLXXXVI,Quinarius,V,III,CLXIII
Murytub,XXXIX,VI,CLXXXI,Quinarius,VI,XI,CXLII
Munarg,XL,III,CXLVI,Aureus,VII,XVII,II
Murytub,XXXVII,VI,CLVIII,Denarius,IX,II,CMXXVIII
Munarg,XL,II,CXCI,Quinarius,VII,III,XCVI
Muniv,XXXIX,VII,XXXI,Denarius,VI,XV,CDLXXVII
Munarg,XXXVIII,III,CI,Quinarius,VI,II,LXXIV
Murytub,XXXV,VII,CIX,Quinarius,V,XXVII,CCCLXXXII
Muniv,XXXVII,IX,XXIII,Quinarius,V,XI,CCXIX
Atamora,XXXV,VIII,X,Denarius,VI,VI,MMMCDXXXV
Munarg,XXXVI,V,CXIX,Denarius,III,X,CD
Munarg,XXXIX,IV,CXLIX,Denarius,VII,II,CCCLXXXVIII
Muniv,XXXVI,I,XXII,Denarius,V,XIX,DXX
Murytub,XXXV,IX,CXXXII,Denarius,VI,XXI,DCXCIV
Muniv,XXXVII,VI,XXII,Quinarius,VII,XIII,CCIV
Atamora,XL,VI,VIII,Aureus,V,VIII,XXII
Munarg,XXXVI,XII,CVIII,Quinarius,I,II,CXXI
Murytub,XXXVII,III,CLXXIX,Quinarius,VI,XXI,CCLXX
Murytub,XXXVII,X,CXV,Denarius,V,XIII,DCX
Munarg,XL,VI,CXVII,Denarius,V,XXIII,CDI
Munarg,XL,IV,CXXXVI,Aureus,IV,IX,II
Munarg,XXXVI,XII,CLIX,Denarius,IX,XXXI,CCLX
Suilis,XXXV,II,XIII,Quinarius,VI,XXVIII,MDVIII
Munarg,XXXVIII,II,CXLI,Quinarius,VII,XVIII,LXXIX
Murytub,XXXVI,I,CLXXIII,Quinarius,III,XXI,CCXCIX
Atamora,XXXVII,I,XII,Denarius,IX,X,MMDCCXLII
Murytub,XL,XII,CXCV,Quinarius,VII,XIV,CIV
Atamora,XXXVII,V,XII,Aureus,V,XXIV,XIX
Suilis,XXXVII,III,L,Denarius,IV,XXIX,MMMDCLVII
Murytub,XXXIX,III,CCXIII,Denarius,VI,XV,DCXXXIX
Munarg,XL,X,CII,Denarius,V,XXVIII,CLXXII
Suilis,XXXVI,III,XV,Denarius,IX,XIV,MMMCCXCIV
Munarg,XXXVI,V,CXXVI,Denarius,III,XXII,CCCLVIII
Munarg,XXXIX,VIII,CLI,Quinarius,VII,XXIV,LV
Munarg,XXXVII,XII,CXV,Quinarius,III,XV,LXXXV
Murytub,XXXVIII,XI,XCIII,Quinarius,III,XIV,CLXIII
Murytub,XXXVI,I,CXXIX,Denarius,VII,XXIV,DCLIX
Munarg,XXXVII,IV,CLXXXVII,Quinarius,IX,XIII,CXXIX
Munarg,XXXVIII,II,CXXIII,Aureus,V,XII,III
Suilis,XXXVI,VIII,XI,Quinarius,VI,XIII,MCCCXCII
Munarg,XL,VIII,CXCII,Denarius,VI,XI,CXCVII
Murytub,XXXIX,XII,CXLVII,Denarius,VI,XV,DXCV
Murytub,XL,VII,CLVII,Quinarius,VIII,XXIV,CXXXIII
Munarg,XXXVI,V,CLXXII,Quinarius,VI,XVI,CXXXII
Murytub,XXXVII,IX,CXXX,Denarius,V,XXX,DCCXVI
Murytub,XXXVI,II,XCV,Denarius,VIII,XII,DCLXXI
Murytub,XXXIX,X,CXXXIX,Quinarius,IV,VI,CXX
Murytub,XXXVII,VII,CLXVI,Denarius,VII,XII,CMLXVII
Munarg,XXXVI,VIII,CXXXVII,Denarius,VI,XIII,CCCXXIX
Murytub,XXXV,IX,CLXXXVI,Denarius,IV,VI,DCLVII
Munarg,XL,V,CXXXVIII,Denarius,VII,IV,CLXXXVI
Murytub,XXXVIII,VI,CXIII,Denarius,VII,VI,DCXXVII
Munarg,XXXV,VIII,CLXV,Denarius,V,XV,CCCXXIV
Muniv,XXXIX,VII,XXXIV,Denarius,VII,III,DL
Munarg,XL,X,CXXVII,Aureus,V,XXVIII,III
Munarg,XXXVI,VI,CV,Quinarius,VIII,I,CXXIII
Munarg,XXXIX,VIII,CXII,Denarius,VIII,XXVIII,CCXXII
Munarg,XXXV,IV,CXXXVI,Denarius,V,I,CCCXXXIX
Munarg,XL,II,CV,Denarius,VII,IV,CCCLIX
Suilis,XXXIX,I,XLIV,Quinarius,V,XI,DCCCLXXII
Muniv,XXXV,VIII,XXI,Quinarius,VII,XXX,CCLVIII
Murytub,XXXV,VI,CLIII,Quinarius,X,XXVI,CCCXLIX
Murytub,XL,IV,CXXVII,Denarius,VII,XVII,DLVII
Muniv,XL,IX,XXXIII,Quinarius,VII,XXVI,CV
Muniv,XL,VII,XIX,Quinarius,III,XV,XCVII
Murytub,XXXV,I,CXXVI,Quinarius,V,XX,CCCXCVII
Muniv,XXXVIII,VI,XX,Denarius,VI,XXV,DXXVI
Munarg,XXXVII,XI,CLXXXV,Denarius,IV,XXVII,CCXLIII
Munarg,XXXVIII,XI,CX,Denarius,VII,XIII,CCLXIV
Muniv,XL,II,XXVII,Denarius,VI,XII,DVI
Munarg,XXXVII,V,CII,Denarius,III,VIII,CCXCVI
Muniv,XXXV,IV,XXIV,Denarius,V,XXV,DLXIX
Munarg,XL,V,CLIII,Denarius,VIII,VIII,CXCV
Munarg,XXXVI,II,CXCVIII,Denarius,VII,VI,CCLXXIX
Muniv,XXXVIII,III,XXIV,Aureus,VI,II,IV
Munarg,XXXV,IX,CLXXVI,Denarius,VI,XIV,CCCX
Munarg,XXXVI,IX,CLIX,Quinarius,VI,II,CXXXIII
Murytub,XXXIX,II,CLXIII,Denarius,VI,V,DLXXIII
Muniv,XXXVIII,VIII,XXVI,Denarius,IV,I,CDXCV
Munarg,XL,VII,CLXII,Quinarius,VI,XXX,XCIX
Muniv,XL,II,XXVI,Quinarius,V,XIV,CXIV
Murytub,XXXIX,VI,C,Quinarius,IV,II,CXXIII
Murytub,XXXVIII,XII,CLXXVII,Quinarius,V,I,CLXVII
Murytub,XXXIX,IV,CLVIII,Denarius,VII,XXI,DCXXV
Muniv,XL,XII,XIX,Aureus,VIII,XV,V
Suilis,XXXV,II,XXII,Denarius,VI,XXVIII,MMMLXIII
Munarg,XXXVIII,XII,CXII,Denarius,XI,XV,CDXXXI
Munarg,XXXVIII,VII,CXXXV,Quinarius,VII,XVIII,CIX
Muniv,XXXIX,X,XX,Denarius,VI,XX,DXL
Munarg,XXXIX,I,CLXXXVII,Denarius,VIII,XXII,CCLXXI
Munarg,XXXIX,V,CXXIII,Denarius,VII,III,CCCLXV
Munarg,XXXVI,VI,CXX,Quinarius,V,XIX,CXLIX
Munarg,XL,V,CLXVII,Aureus,VII,XXI,II
Murytub,XXXVIII,XII,CXCVIII,Denarius,IV,XIX,DXCIX
Munarg,XXXVIII,III,CIV,Denarius,VI,V,CDXXXIX
Munarg,XXXVI,XI,CXLVI,Denarius,VI,XXVIII,CCCXXVI
Muniv,XXXVII,IX,XXVII,Quinarius,VII,X,CXCVI
Murytub,XL,I,CXCVI,Denarius,VI,XII,DLXX
Munarg,XXXVIII,VI,CLXX,Quinarius,VII,VIII,CXV
Murytub,XXXVI,VII,CI,Denarius,VI,XVII,DCXXXIX
Muniv,XXXV,IV,XXV,Quinarius,VI,V,CCXXXIII
Murytub,XXXVI,VIII,CLXXVII,Denarius,III,IV,DCLXXXVIII
Munarg,XXXV,IX,CXX,Denarius,IV,XXVII,CCCVII
Muniv,XXXV,III,XXXIII,Aureus,VI,XII,VII
Munarg,XXXVII,IV,CLXXIV,Denarius,VI,V,CCLXXIV
Murytub,XXXVIII,X,CXXXI,Denarius,VIII,II,DCV
Munarg,XXXVIII,VIII,CLXXXIV,Quinarius,V,IV,CIV
Murytub,XXXIX,IV,CLXXIX,Quinarius,V,XXII,CXVII
Munarg,XL,IX,CLXXIX,Quinarius,IX,XV,XXXIX
Munarg,XL,VI,CXVIII,Denarius,V,XII,CXCVI
Murytub,XXXIX,XI,CLXXXII,Quinarius,VIII,VIII,CXVI
Munarg,XXXVI,III,CXX,Quinarius,VIII,VII,CLXXXII
Munarg,XXXV,VIII,CXXI,Quinarius,VI,VI,CLXVIII
Suilis,XXXVII,V,X,Aureus,VII,XXI,XXXV
Murytub,XXXVI,V,CLXV,Quinarius,VI,II,CCLXXXIII
Munarg,XL,IV,CLXXIII,Denarius,VII,XXIV,CCCLXXXIX
Munarg,XXXVI,VII,CXXXIV,Denarius,VII,VI,CCCXVIII
Munarg,XXXVIII,V,CXXXII,Quinarius,IV,XIII,CXI
Munarg,XXXVIII,V,CXXXIX,Denarius,V,VI,CDXXIV
Munarg,XXXVII,II,CXVIII,Quinarius,IV,XVIII,CLXXVI
Munarg,XXXVIII,IV,CLXXXVIII,Quinarius,VIII,XX,LXXXVI
Munarg,XXXVII,III,CLX,Quinarius,X,IV,CXX
Munarg,XXXVIII,XI,CXXII,Quinarius,V,IX,CIX
Suilis,XL,IV,XV,Quinarius,IV,XV,DCCCXLVII
Muniv,XL,VIII,XXIII,Denarius,VII,IV,CDLXVI
Murytub,XXXVII,VI,CLV,Denarius,IV,XX,CMX
Muniv,XXXVII,V,XXI,Denarius,III,XXIII,DXXI
Munarg,XXXIX,XI,CLVII,Denarius,VII,IX,CDVIII
Munarg,XXXVI,VI,CII,Denarius,VIII,XX,CCCXVI
Murytub,XXXVII,VII,CLVIII,Quinarius,VII,XII,CCCXX
Atamora,XXXIX,II,VII,Aureus,VI,XXIII,XXX
Murytub,XXXV,IV,CXXII,Quinarius,V,XXVII,CCCLVIII
Munarg,XXXV,VI,CLXI,Aureus,VI,XXV,V
Munarg,XXXVII,XII,CXLIX,Denarius,IV,XXX,CCLXXXIV
Muniv,XXXVI,XI,XXX,Denarius,VIII,XVII,CDLXXIV
Munarg,XXXVIII,III,CX,Denarius,IV,XVIII,CCLXXVII
Suilis,XL,XI,XIII,Quinarius,III,XXI,DCCLX
Atamora,XXXVIII,I,X,Quinarius,VI,XV,CMLXIII
Atamora,XL,IX,IX,Denarius,VII,V,MMCDLXVI
Munarg,XL,VIII,CLXXII,Denarius,IV,XIV,CDLXXIII
Muniv,XXXIX,IX,XXIII,Quinarius,V,VIII,CIX
Murytub,XXXIX,III,XCIII,Aureus,VI,XIV,V
Munarg,XXXVI,II,CXVIII,Denarius,V,I,CCCLXXVIII
Suilis,XL,X,XII,Quinarius,V,XXX,DCCXLV
Munarg,XXXVIII,XII,C,Quinarius,VIII,XXVI,XCVII
Murytub,XXXVI,VIII,CLXVII,Quinarius,IV,II,CCLXXXIV
Murytub,XXXV,I,CLXIX,Denarius,VII,XIII,DCXXXIV
Munarg,XXXIX,IX,CXC,Denarius,VI,V,CDXXVI
Munarg,XXXIX,IX,CXXVII,Denarius,VI,V,CCCLXXXV
Munarg,XXXVI,IV,CXCVIII,Quinarius,III,XXIII,CXXIV
Murytub,XXXVII,IX,CLI,Denarius,V,XI,DCXXXVIII
Munarg,XXXIX,IV,CLXXXVIII,Aureus,III,XV,II
Munarg,XXXIX,IV,CIV,Quinarius,VIII,XVI,XCIV
Murytub,XXXVIII,II,CXVII,Denarius,V,VI,DCXIX
Munarg,XXXVI,III,CIV,Aureus,V,XX,V
Munarg,XXXIX,VII,CLXXXIV,Denarius,IV,XXI,CDIII
Munarg,XXXV,VII,CLXXXVI,Aureus,II,IX,IV
Suilis,XL,XII,XXVII,Denarius,V,XXIV,MMMDCCLXXIX
Muniv,XXXIX,V,XXVI,Denarius,IV,XXI,CDLVI
Muniv,XXXVIII,II,XXIV,Denarius,VIII,XI,DXI
Muniv,XXXVIII,I,XVIII,Aureus,VI,XV,VI
Munarg,XXXVII,IV,CXII,Denarius,IV,XIX,CCLXXXI
Murytub,XXXVII,VII,CLXV,Denarius,V,XXX,CMXIV
Muniv,XXXIX,XII,XX,Quinarius,VIII,II,CXXVII
Murytub,XXXV,IX,CXXX,Denarius,VI,XIV,DCCXXIII
Atamora,XL,V,XIII,Denarius,VII,XXI,MMCXXXII
Munarg,XXXV,VI,CLIV,Quinarius,IV,XV,CXCV
Suilis,XL,VI,XXIII,Denarius,VII,XV,MMMCMX
Murytub,XXXV,II,CVIII,Denarius,VI,XI,DCXCVIII
Munarg,XXXIX,III,CLVIII,Denarius,VI,XIV,CCLVI
Munarg,XXXVI,VII,CLXIV,Aureus,VII,XXIII,IV
Murytub,XXXVII,I,CXLVIII,Denarius,VI,XIII,DCLXIII
Munarg,XL,IX,CVIII,Denarius,VII,XVIII,CCCLXXIII
Muniv,XXXVIII,VI,XXXII,Quinarius,VII,XX,CLXXV
Muniv,XXXIX,XII,XXXI,Denarius,V,XIII,DXCIV
Munarg,XL,X,CVII,Denarius,VIII,XIII,CCCLXXXIX
Munarg,XXXIX,X,CLX,Denarius,VI,III,CCLIII
Munarg,XXXV,VIII,CII,Quinarius,IX,XVIII,CLXXV
Suilis,XXXVI,II,XXVIII,Denarius,V,X,MMMCDLVII
Munarg,XL,VII,CLXVIII,Denarius,V,XXIX,CCXII
Muniv,XXXVII,II,XXIII,Quinarius,IV,XX,CLXXXVI
Murytub,XXXVIII,II,CXLI,Denarius,VI,IX,DCLXIV
Murytub,XXXVII,I,CLXXIII,Denarius,V,VI,DCXLIII
Murytub,XXXVII,XI,CLXXXII,Quinarius,VII,III,CCXXI
Munarg,XXXIX,VII,CXCII,Denarius,X,IV,CCIII
Muniv,XL,VI,XXV,Denarius,VIII,XXIV,DCI
Munarg,XXXVI,XI,CXVIII,Denarius,VIII,XX,CCCLXXVI
Suilis,XXXVIII,XII,XI,Quinarius,XI,XV,DCCCLXXVI
Munarg,XXXV,XI,CXCI,Quinarius,IV,VII,CLXII
Murytub,XXXVI,XI,CXLVII,Quinarius,VII,XIV,CCLXVII
Munarg,XXXV,VII,CXXV,Quinarius,III,XVI,CXC
Murytub,XXXVII,II,CLI,Denarius,VIII,XXIII,DCCI
Munarg,XXXV,XII,CLXXXII,Denarius,IV,XIV,CCCXXXIV
Murytub,XXXIX,XI,CXCII,Denarius,IV,V,DLXXVI
Murytub,XXXVII,VII,CLX,Denarius,IX,XIX,CMXIV
Muniv,XXXVII,III,XVIII,Quinarius,VI,XVII,CCXL
Munarg,XXXVIII,VII,CXLVIII,Quinarius,II,VIII,LXXII
Muniv,XXXVIII,VIII,XXV,Denarius,VII,XV,CDLII
Murytub,XXXVIII,IX,CXLIII,Quinarius,V,V,CLVIII
Murytub,XXXVII,X,CXV,Denarius,VII,VIII,DCXIII
Suilis,XL,III,XI,Aureus,IX,XIII,XXXIII
Murytub,XL,IX,CLVI,Quinarius,III,XIV,CXXIII
Muniv,XXXVIII,X,XXVIII,Quinarius,V,XIII,CXLI
Munarg,XL,VIII,CXCVI,Quinarius,IV,XIV,XLIII
Munarg,XXXVIII,XII,CLXII,Denarius,IV,IX,CCCLXXI
Suilis,XL,VI,XVIII,Quinarius,VII,XV,CMXL
Munarg,XXXV,V,CXVI,Denarius,IV,XXVII,CCCXXIV
Muniv,XL,IV,XXII,Quinarius,VII,VIII,CXX
Murytub,XXXIX,II,CXXV,Quinarius,VI,VII,CXXXIV
Murytub,XXXVIII,VIII,CXXXV,Denarius,VII,XVII,DLXIV
Atamora,XXXIX,III,XII,Denarius,IV,V,MMCLXII
Munarg,XXXVI,IX,CXLI,Denarius,VI,III,CDII
Muniv,XXXVI,X,XXX,Quinarius,VI,XIX,CCXV
Munarg,XXXVI,VIII,CXCIII,Denarius,VIII,XVI,CCCLXVII
Muniv,XXXVI,II,XXXII,Aureus,IV,XXVII,VI
Muniv,XXXIX,IV,XX,Denarius,IV,XXV,CDLXIV
Munarg,XXXVI,II,CLXXX,Aureus,VI,XXVI,IV
Munarg,XXXVII,III,CIII,Quinarius,VII,XXIV,CLXX
Munarg,XL,II,CVI,Denarius,VI,XXVII,CDXLIX
Muniv,XXXVII,XII,XXI,Denarius,V,V,CDXXXIX
Munarg,XXXVI,I,CXIV,Denarius,V,XIX,CCCXXIX
Murytub,XXXVII,V,CXV,Quinarius,VIII,X,CCCLXVIII
Murytub,XXXVIII,V,CVII,Denarius,IV,IV,DCXLIII
Munarg,XXXVII,VI,CXXVII,Denarius,VI,I,CCLXXXVII
Munarg,XXXVI,VII,CLXVIII,Denarius,V,XXVIII,CCCLV
Munarg,XXXV,X,CLXXVI,Quinarius,III,XIX,CLXXXIX
Munarg,XL,IX,CXXXIII,Denarius,IX,XXIV,CLXXXIII
Munarg,XXXVII,V,CXCVIII,Denarius,VIII,III,CCCXII
Munarg,XXXIX,XI,CXXXIX,Denarius,VII,IX,CCXXXIII
Murytub,XXXVII,XI,CLXX,Denarius,VII,XIII,DCXXVII
Murytub,XXXIX,XI,CVII,Denarius,V,X,DCI
Murytub,XXXV,V,XC,Denarius,V,II,DCCVIII
Muniv,XL,X,XXV,Aureus,IX,XXV,V
Munarg,XXXV,I,CXC,Denarius,IV,XXXI,CCCXVIII
Munarg,XXXVII,IV,CLXXIX,Quinarius,VI,XI,CXVIII
Muniv,XL,I,XXIV,Denarius,VI,XXIII,DLIII
Munarg,XXXVIII,I,CV,Denarius,VII,XX,CCCLXXXII
Muniv,XXXIX,IX,XXII,Denarius,IX,IV,DLXXXVI
Murytub,XXXVI,XI,CLXXXVII,Aureus,VII,IV,VII
Suilis,XXXIX,VI,XXXV,Denarius,V,XVII,MMMMXIV
Muniv,XXXVI,VII,XXIII,Denarius,VI,XVII,CDLI
Suilis,XXXVIII,XII,LXXV,Denarius,VI,II,MMMDXXIII
Munarg,XXXVI,III,CXIII,Denarius,VI,I,CCCLXXI
Munarg,XXXVI,VI,CLXXXI,Quinarius,VII,XXIV,CXXXI
Munarg,XXXVI,IX,CLXVII,Denarius,IV,XXIX,CCLXXV
Munarg,XXXVIII,X,CLI,Quinarius,V,XXVII,LXVI
Munarg,XXXIX,X,CXCV,Denarius,VI,XXX,CCCLIX
Muniv,XXXV,III,XIX,Denarius,VII,XXVI,CDLXV
Muniv,XXXV,I,XXIII,Denarius,V,V,DXI
Munarg,XXXVIII,I,CXCV,Quinarius,VI,III,CIX
Murytub,XXXIX,XII,CLXVIII,Quinarius,IV,XVIII,CXXXI
Munarg,XXXV,II,CLXXXV,Quinarius,V,XIII,CLXIX
Suilis,XXXVI,VII,XIII,Denarius,VI,XV,MMMDLVII
Munarg,XXXVII,IV,CLX,Denarius,VI,XIV,CCXCVI
Murytub,XXXV,V,CLXIX,Denarius,IV,XX,DCLXXII
Muniv,XXXVII,XII,XXI,Quinarius,V,XVIII,CLXXVI
Murytub,XL,VIII,CXIV,Denarius,II,IX,DLXVII
Munarg,XXXVI,IV,CXL,Denarius,II,VIII,CCCXXVII
Muniv,XXXVI,VIII,XVIII,Quinarius,III,XXVII,CLXXVIII
Murytub,XL,IV,CLXXVII,Denarius,VI,XXII,DLXV
Munarg,XXXIX,X,CLXX,Denarius,VI,XX,CCXXXIX
Munarg,XXXVI,I,CXVII,Aureus,VI,XI,IV
Muniv,XXXIX,V,XXVI,Quinarius,VI,XII,CXV
Munarg,XXXV,XI,CVII,Quinarius,V,XXVII,CLXIX
Munarg,XXXV,II,CLVIII,Aureus,VII,XXIII,IV
Murytub,XXXVI,VIII,CLXVIII,Denarius,VII,III,DCXXIV
Muniv,XXXVII,III,XXXV,Denarius,IV,XXIII,CDLXXXVIII
Suilis,XXXVIII,II,XXIV,Denarius,V,VI,MMMDCCLXXXVIII
Munarg,XXXVII,IV,CXLVI,Aureus,VI,XXVII,III
Munarg,XXXIX,V,CXIX,Denarius,VII,XX,CCXLV
Murytub,XXXV,VIII,CLXIII,Denarius,VIII,III,DCCXX
Munarg,XXXV,VII,CLXXIII,Denarius,VI,XV,CCCLXVIII
Suilis,XXXVI,II,XI,Denarius,VI,VII,MMMDCXXXVI
Munarg,XXXVII,VI,CLVIII,Quinarius,IV,VI,XCIII
Munarg,XXXVIII,I,CXLVIII,Aureus,V,I,III
Murytub,XXXVI,IV,CLXXXII,Quinarius,III,XXIV,CCXCIX
Muniv,XL,XII,XXXII,Denarius,VI,XVI,DLXXXVI
Murytub,XXXV,XII,CLXXXIII,Denarius,V,XXXI,DCLXXXVIII
Murytub,XXXVI,II,CVII,Quinarius,V,XXV,CCCXXVIII
Munarg,XXXV,I,CXCV,Aureus,VII,XI,V
Munarg,XXXV,X,CLVIII,Quinarius,VI,X,CLXXXVII
Munarg,XXXIX,IX,CLXX,Quinarius,VII,XVI,XLIV
Muniv,XXXV,II,XXIII,Denarius,VIII,XXII,DLXI
Murytub,XXXVII,II,CXXXVII,Quinarius,VIII,XXVI,CCLXXXI
Murytub,XXXVI,IV,CXXI,Denarius,V,I,DCL
Munarg,XXXV,X,CLXIX,Denarius,VII,XI,CCLXXXIV
Muniv,XXXVII,VIII,XXX,Denarius,V,XXI,DXXXV
Munarg,XXXVI,I,CLXXXIX,Aureus,VIII,VI,V
Murytub,XXXVIII,I,CXXXIV,Quinarius,VI,XXVI,CCIV
Murytub,XXXV,IX,CVI,Denarius,VI,XI,DCLXIX
Murytub,XXXVIII,III,CXXXIX,Denarius,VIII,XXV,DCLVIII
Munarg,XXXVI,I,CI,Denarius,V,XV,CCCXXIII
Muniv,XXXV,XI,XX,Quinarius,VI,XVI,CCLXIII
Murytub,XXXV,VI,CXLIII,Quinarius,VIII,VII,CCCXXVI
Muniv,XXXVII,VI,XXIV,Quinarius,VI,XXIX,CLXXI
Munarg,XL,VI,CXII,Quinarius,VII,XVII,LXXXIX
Suilis,XXXVII,XII,XXXVI,Quinarius,IV,VII,MCCLXXIX
Murytub,XXXIX,X,CXXVII,Quinarius,VII,XXI,CXXIX
Murytub,XXXIX,IX,CXLII,Quinarius,VII,XVI,CXXIII
Murytub,XXXVI,VIII,CLXXII,Denarius,IV,XXIII,DCLXIX
Munarg,XXXVIII,III,CXLV,Denarius,IV,XVIII,CCCXCII
Munarg,XL,III,CLXXXII,Quinarius,VI,XII,CV
Murytub,XXXVIII,X,CLXV,Denarius,V,VII,DCX
Muniv,XL,V,XXI,Denarius,VII,V,DLXXXIV
Murytub,XXXVII,I,CLX,Denarius,VII,XVII,DCLXII
Suilis,XL,VIII,XXXVIII,Denarius,VI,XXXI,MMMDCCLXX
Muniv,XL,VII,XXIX,Quinarius,VI,II,CIV
Murytub,XXXVII,VII,CCIII,Aureus,IV,XVII,X
Suilis,XXXVIII,X,LXIX,Aureus,V,III,XXXIV
Murytub,XL,VIII,XCVIII,Denarius,VII,XVII,DLXII
Munarg,XXXV,III,CLXIX,Denarius,VI,X,CCCLXXIV
Suilis,XXXV,I,XXVI,Denarius,IV,X,MMMCLXXX
Munarg,XXXVIII,X,CLXVII,Denarius,V,XXVII,CCXXXII
Muniv,XL,IV,XVII,Denarius,VI,XVIII,DX
Munarg,XXXIX,VI,CXXII,Denarius,IV,III,CCXLIV
Murytub,XXXVI,VIII,CLXXI,Denarius,IV,XI,DCLV
Munarg,XXXIX,IX,CXXIX,Denarius,X,XII,CCXXXI
Muniv,XL,IV,XXIX,Quinarius,V,XXVIII,CX
Munarg,XXXVI,XI,CLIX,Denarius,VII,XXIII,CCLXXXIII
Muniv,XXXVI,V,XXI,Quinarius,VII,V,CCXLI
Munarg,XXXVI,XII,CXVIII,Denarius,VI,III,CCLXXXVI
Munarg,XXXVII,XI,CL,Quinarius,IV,XVII,CIV
Munarg,XXXVIII,XII,CII,Denarius,V,I,CCLX
Murytub,XXXVI,XI,CLXIII,Denarius,VII,V,DCXXII
Munarg,XXXVII,VII,CXCIII,Denarius,V,X,CCLXXI
Murytub,XXXVII,XII,CXLVIII,Denarius,VI,XXIV,DLXXX
Munarg,XL,III,CLXXXV,Denarius,V,XXV,CCIV
Suilis,XXXVIII,VII,XVIII,Denarius,VI,XXVI,MMMDXXVII
Munarg,XXXVII,XI,CV,Quinarius,VI,I,CX
Munarg,XXXVI,VIII,CXXI,Denarius,IV,XIV,CCCXLIII
Munarg,XXXV,I,CXLIX,Denarius,VII,XXX,CCCLXI
Muniv,XXXVI,IV,XIX,Denarius,VIII,XXII,CDXCVIII
Murytub,XXXVI,XII,CXIII,Denarius,IV,XVIII,DCLXVII
Munarg,XXXVII,VIII,CXCIX,Denarius,VII,XXIV,CCCLXVI
Murytub,XXXVII,XI,CLXIV,Denarius,IX,XXIII,DCXLIII
Munarg,XXXV,VII,CXLVII,Denarius,VI,I,CCLXXXIX
Suilis,XXXIX,IX,XV,Quinarius,V,XXI,DCCCXIX
Munarg,XXXVII,I,CXII,Denarius,VI,V,CCCXIX
Murytub,XXXVIII,IX,XCVII,Denarius,VII,IV,DCXXXI
Murytub,XXXIX,XII,CLXXIV,Quinarius,VI,III,CXXXIX
Murytub,XXXVII,IV,CXLIX,Quinarius,VII,VIII,CDI
Muniv,XXXVIII,IV,XXVIII,Denarius,VIII,XII,DLXXXVIII
Munarg,XXXV,VII,CLXXII,Denarius,VII,II,CCCLXXXII
Suilis,XL,IX,XI,Denarius,V,XIX,MMMMCLXXXVI
Suilis,XXXVI,VII,XXX,Quinarius,VI,XXVII,MCCCLVI
Munarg,XXXVIII,II,CLXXV,Quinarius,VI,XV,LXXXVIII
Munarg,XL,VII,CLXVIII,Denarius,IX,XIX,CLXXXIX
Murytub,XXXIX,V,CXLIX,Quinarius,VII,XIX,CXXXIV
Murytub,XXXV,IX,CXLIII,Denarius,VII,VIII,DCXC
Murytub,XXXVI,X,CXLVI,Denarius,IV,VII,DCXCII
Muniv,XXXIX,XII,XXVIII,Denarius,VI,XXV,DXXXIII
Munarg,XXXV,XI,CXXVI,Quinarius,IV,XXIV,CLVIII
Munarg,XXXVIII,I,CLXXXIII,Denarius,V,V,CCXCVIII
Murytub,XXXV,V,CXXIX,Denarius,V,XIX,DCCXLI
Murytub,XXXVIII,V,CLXX,Denarius,IX,XXIV,DCXV
Munarg,XXXVIII,III,CXVIII,Quinarius,V,XVII,CXXV
Munarg,XL,VII,CXCVI,Denarius,VI,IX,CXCIV
Murytub,XXXV,VII,CXC,Denarius,V,IV,DCXIV
Suilis,XXXVI,III,XL,Denarius,V,III,MMMCCIV
Muniv,XXXV,VII,XXXI,Quinarius,VI,XIV,CCLXVI
Murytub,XXXVIII,XII,CLXXV,Quinarius,VI,XXI,CXLV
Muniv,XL,IV,XXXI,Denarius,VII,XVII,CDXC
Munarg,XXXV,XI,CXXVI,Denarius,VII,XII,CCXCVIII
Suilis,XL,IV,XIV,Denarius,VI,XVIII,MMMMCI
Suilis,XXXVIII,XII,XVIII,Denarius,V,XXIX,MMMDCCLXXXIII
Murytub,XXXV,I,CXCV,Quinarius,VIII,XXIV,CDI
Munarg,XXXVII,IV,CLXXIV,Denarius,VI,XXIII,CCXLIX
Munarg,XXXVIII,VIII,CLXXXVII,Denarius,VI,XII,CDXXXI
Munarg,XXXVIII,I,CXLII,Aureus,IV,XXIX,III
Munarg,XXXVIII,II,CLXXXVIII,Aureus,IV,XXV,IV
Murytub,XXXVIII,IX,CLXXXV,Quinarius,V,XXIII,CLXIII
Murytub,XXXVIII,IX,CXLVI,Quinarius,VII,XXX,CLX
Muniv,XXXVI,XII,XX,Quinarius,VIII,XI,CXCIX
Munarg,XL,X,CV,Denarius,V,XXIII,CCCXCVII
Murytub,XL,IV,CXLII,Denarius,V,XI,DXXXII
Munarg,XXXIX,II,CVII,Quinarius,VI,XX,LXXXIII
Suilis,XL,X,XXXIV,Denarius,VI,XIV,MMMDCCLXXXVI
Munarg,XXXVIII,VI,CLXI,Denarius,VI,X,CDXXXIII
Munarg,XXXVI,VII,CXLVIII,Quinarius,VII,XXIX,CXLIX
Suilis,XL,V,XXIV,Aureus,VI,I,XXXIII
Munarg,XXXIX,VIII,CLXXV,Denarius,IV,III,CDXXXIV
Muniv,XXXV,VII,XXIX,Denarius,VII,XX,CDLXX
Munarg,XXXVII,XII,CLXVII,Quinarius,IV,XX,XCV
Munarg,XL,V,CLXXXII,Denarius,VII,XXIII,CDXLII
Munarg,XXXVI,IX,CXCV,Denarius,VI,II,CCCL
Munarg,XL,VI,CVI,Denarius,V,XVIII,CDXLIII
Munarg,XXXVII,X,CLXXX,Denarius,V,XVIII,CCXCIV
Murytub,XL,III,CX,Denarius,VII,XXVII,DLXXIV
Atamora,XXXVII,VIII,XI,Denarius,VI,XXX,MMDCXVIII
Muniv,XXXV,III,XXV,Quinarius,VII,XXI,CCXLVI
Murytub,XXXIX,VIII,CLXIV,Denarius,IV,XIX,DLXVII
Munarg,XXXVII,I,CLXXX,Denarius,VI,XIII,CCCXXXVII
Murytub,XXXV,II,CXL,Quinarius,VI,XI,CCCLXXII
Munarg,XL,III,CXXIX,Denarius,IX,XIII,CDXL
Munarg,XXXVII,XII,CIII,Denarius,VIII,VI,CCXCI
Suilis,XXXIX,IX,XVII,Denarius,VI,II,MMMCMLXXIII
Murytub,XL,VII,CXIII,Denarius,VIII,XIV,DLXXVIII
Suilis,XXXIX,XI,XI,Denarius,VII,IX,MMMDLXXV
Murytub,XXXV,I,CCXL,Denarius,IV,XXXI,DCCXXIX
Munarg,XL,I,CXXXIII,Denarius,VI,VIII,CCXLVII
Muniv,XXXV,VIII,XXXII,Denarius,IV,XXIV,CDLXXVII
Murytub,XXXVII,XI,XCV,Denarius,IX,XXIX,DLXXVI
Murytub,XL,X,CXLVII,Denarius,VIII,XIII,DXCVII
Munarg,XXXVI,VI,CLXXIX,Quinarius,VII,XXIX,CXXIX
Munarg,XXXV,VI,CLXIV,Aureus,VI,XVI,V
Munarg,XXXIX,X,CXLV,Aureus,V,XIII,II
Munarg,XXXIX,IV,CLXXXI,Quinarius,VII,XXI,L
Murytub,XXXVII,XI,CLXXX,Quinarius,IV,XXVII,CCVIII
Murytub,XXXVI,III,CXVI,Quinarius,VII,XXXI,CCLXXVII
Muniv,XXXVIII,III,XXX,Denarius,IX,XIII,CDXCVII
Muniv,XXXVII,IV,XXVIII,Denarius,IV,XXIX,DXXVII
Munarg,XXXV,VI,CLII,Quinarius,VI,IX,CLIV
Murytub,XL,I,CXXXIV,Denarius,VII,XXV,DXCIII
Munarg,XXXIX,IX,CXXVIII,Quinarius,VI,II,CI
Munarg,XXXIX,I,CXLIII,Denarius,IV,XIII,CCLXIII
Murytub,XXXVIII,IX,CXCII,Denarius,VII,IV,DCVI
Munarg,XL,I,CLIV,Quinarius,VI,XXI,LXXXIX
Munarg,XXXV,V,CVII,Quinarius,IX,XXIII,CXCV
Munarg,XXXVII,XI,CXLVIII,Quinarius,VII,III,XCIV
Munarg,XXXIX,IV,CLXXV,Denarius,VII,II,CCLXII
Munarg,XXXV,VI,CL,Denarius,VI,IX,CCCIII
Murytub,XXXV,V,CLII,Aureus,V,II,IX
Munarg,XXXIX,VII,CLXIV,Quinarius,VIII,VII,LI
Muniv,XXXVI,II,XVIII,Denarius,IV,XXIX,DV
Munarg,XXXIX,XI,CXXXVII,Quinarius,VIII,VIII,LXXXII
Munarg,XL,X,CXCIX,Denarius,VII,XVI,CCXII
Munarg,XXXVIII,IV,CXLV,Denarius,VIII,XXVIII,CDV
Murytub,XXXVII,IX,CLV,Quinarius,VI,XVI,CCLXIII
Murytub,XXXIX,X,CXLIV,Denarius,VII,XXVII,DXCIV
Munarg,XXXVII,I,CXCVIII,Denarius,VI,XI,CDXVIII
Muniv,XXXV,XI,XXX,Quinarius,IV,XXI,CCXXXIV
Muniv,XXXVI,IX,XXVI,Denarius,VIII,XIII,DXIV
Muniv,XL,VIII,XXVIII,Denarius,V,XIII,DXXXVII
Munarg,XXXVIII,II,CLIX,Aureus,VII,XVIII,IV
Munarg,XL,X,CLXXXIII,Denarius,IX,XXXI,CDXXXI
Suilis,XXXVI,II,XII,Quinarius,V,XIX,MDLVIII
Murytub,XXXIX,VII,CLXI,Denarius,VIII,XIX,DLXVIII
Munarg,XXXIX,V,CLXI,Quinarius,IV,XIII,XLIX
Munarg,XXXV,III,CXLVI,Quinarius,VII,I,CLXV
Munarg,XL,XII,CXXVI,Aureus,V,XXVI,II
Munarg,XXXVIII,IX,CLXXIII,Denarius,VII,XX,CCCLXXV
Munarg,XXXIX,I,CXC,Denarius,VIII,XXIV,CCLXXII
Muniv,XL,VIII,XXI,Denarius,V,XXX,DCXIV
Munarg,XXXVI,VIII,CLXXIX,Denarius,VI,XXXI,CCCLVI
Suilis,XXXVII,IX,XIV,Quinarius,VIII,XX,MCDLXVII
Murytub,XXXV,I,CLXVIII,Denarius,V,IX,DCCVI
Suilis,XXXIX,IV,X,Quinarius,II,IV,DCCLXXIV
Murytub,XXXVI,VII,CLXV,Quinarius,IV,II,CCLXXXVII
Murytub,XL,II,CXXXII,Denarius,VII,VII,DLXXVII
Muniv,XXXVI,XII,XXVI,Quinarius,IX,XXVI,CCXVII
Munarg,XXXV,VI,CX,Denarius,VI,XXV,CCCXXVIII
Murytub,XL,IV,XCVIII,Quinarius,IV,II,CXIII
Munarg,XL,IX,CLXIII,Quinarius,VII,I,XLIII
Murytub,XXXVI,XII,CX,Quinarius,VIII,XII,CCLXXVII
Muniv,XXXV,X,XXII,Denarius,IV,XXXI,DXXIII
Munarg,XXXVII,X,CIV,Denarius,VII,XIV,CCLI
Muniv,XL,VII,XXIX,Denarius,V,XXII,DLXXXVIII
Muniv,XL,IX,XX,Denarius,VII,I,DLXX
Muniv,XXXVII,X,XX,Denarius,VII,X,CDLXXIII
Muniv,XXXV,II,XX,Denarius,IV,X,DXLIV
Munarg,XXXVIII,IV,CXLV,Denarius,VII,XI,CCXCVI
Atamora,XL,II,XI,Quinarius,V,XXIII,CDLXX
Munarg,XXXVIII,XII,CIV,Quinarius,VII,XXXI,LXXXV
Atamora,XXXV,VIII,XI,Denarius,VIII,III,MMMDLIV
Munarg,XXXVIII,X,CXLVIII,Denarius,VI,V,CCLXIII
Murytub,XXXV,I,CXXIX,Denarius,VIII,II,DCXIX
Muniv,XXXIX,VI,XVIII,Denarius,V,XII,DLXV
Murytub,XL,X,CXXXVII,Denarius,IX,XXXI,DLVIII
Munarg,XXXIX,IV,CLX,Quinarius,VII,II,XLVII
Munarg,XXXIX,XI,CXL,Denarius,VI,XXII,CCCLXXVII
Munarg,XXXVIII,IV,CXXVIII,Denarius,VII,XXV,CCLV
Munarg,XXXV,IX,CXLIII,Quinarius,IV,VI,CCVI
Munarg,XXXVI,VIII,CLV,Denarius,VI,XXIX,CCCXLIX
Muniv,XL,VII,XL,Denarius,IV,VII,DXV
Suilis,XXXV,VI,LXIV,Denarius,VII,VI,MMMLX
Munarg,XXXV,X,CI,Quinarius,VIII,XXX,CLVIII
Muniv,XXXVIII,XI,XXVII,Denarius,VII,VI,CDXCV
Muniv,XXXVII,III,XXIII,Denarius,VI,XXI,CDXXIX
Muniv,XXXVI,II,XXII,Quinarius,VII,XI,CCXVI
Munarg,XXXV,VIII,CXXXIV,Denarius,V,XV,CCCXLV
Munarg,XXXIX,XI,CVIII,Denarius,III,VII,CCXLIV
Murytub,XXXVIII,IX,CXLV,Denarius,IV,XV,DCXXVII
Munarg,XL,X,CLXXVII,Denarius,VIII,XVIII,CLXXXVIII
Muniv,XXXVIII,I,XVIII,Denarius,VI,XI,CDXLIV
Muniv,XXXVI,I,XXXVI,Aureus,VI,XXVII,VI
Muniv,XXXIX,VII,XXIX,Denarius,V,XXIX,DXXXVIII
Murytub,XXXVII,X,CLIV,Quinarius,IX,II,CCXXXIII
Suilis,XXXVIII,III,XVII,Quinarius,X,XXVII,MVII
Munarg,XXXV,XII,CXLV,Denarius,V,XXXI,CCCX
Murytub,XXXVII,V,CXXVIII,Denarius,V,XI,CMXVIII
Murytub,XL,II,CLXXVIII,Quinarius,V,XXV,CXX
Murytub,XXXVIII,XI,CXVIII,Quinarius,IV,XXIX,CLXXII
Murytub,XXXIX,II,CLXVII,Denarius,VI,V,DLXXX
Murytub,XXXVII,XI,CXXXII,Denarius,V,XX,DCLIV
Munarg,XXXIX,X,CXXIX,Denarius,VI,XXX,CDIII
Munarg,XL,VIII,CLVII,Quinarius,III,X,L
Murytub,XXXVIII,V,CVII,Quinarius,V,XVII,CXCIII
Muniv,XL,III,XXXIII,Denarius,VI,III,CDLXXVII
Murytub,XXXVII,X,CXXXII,Quinarius,VII,VIII,CCXLII
Murytub,XXXVI,VII,CVI,Denarius,VIII,X,DCLI
Munarg,XXXVII,I,CXCVI,Aureus,V,VII,III
Suilis,XXXIX,XII,XL,Quinarius,IV,VIII,CMV
Muniv,XXXVIII,IV,XXVI,Quinarius,IX,XIX,CXL
Murytub,XXXV,XII,CLXXXII,Aureus,VI,V,IX
Murytub,XL,I,CXLVIII,Quinarius,VI,XII,CXLI
Murytub,XXXIX,VIII,CXL,Denarius,V,XXII,DLXXVII
Munarg,XL,VII,CLXXI,Denarius,IV,XXXI,CCXXIII
Munarg,XL,III,CXLVIII,Quinarius,IX,XVI,XC
Munarg,XXXVII,VII,CIX,Denarius,VII,XII,CCCLIV
Murytub,XXXVII,IV,CLXXIV,Aureus,VI,XXV,X
Munarg,XL,IX,CXXXVIII,Denarius,VI,XXI,CDXXXII
Murytub,XXXVI,IV,CLII,Denarius,IV,XXI,DCXLI
Murytub,XXXV,XI,CXXII,Denarius,VII,XV,DCCXIX
Munarg,XL,IX,CXXXII,Denarius,VII,VIII,CLXXVI
Muniv,XXXVII,XII,XXII,Quinarius,IV,II,CXLVII
Murytub,XXXV,VII,CXXXVII,Aureus,VI,I,IX
Muniv,XL,VIII,XXVIII,Quinarius,VI,XXVIII,CXXXIX
Munarg,XXXIX,V,CLXIII,Denarius,IV,XVI,CCLXIII
Murytub,XL,I,CLXXIV,Denarius,VII,XXII,DLXXIV
Munarg,XXXV,IV,CVI,Denarius,IX,II,CCCXVII
Muniv,XXXVI,II,XXXV,Denarius,V,XIX,CDLXIV
Suilis,XXXIX,II,XVIII,Quinarius,VI,XXIV,DCCCXVI
Munarg,XL,VI,CLXXXVII,Denarius,VI,XXII,CDXLII
Murytub,XXXIX,VII,CXV,Quinarius,VII,XXII,CL
Atamora,XL,I,X,Denarius,VII,XIX,MMCDXXII
Atamora,XXXVII,VIII,XIII,Quinarius,VI,XXII,MLX
Suilis,XXXV,IV,X,Denarius,VI,XVI,MMMCXXI
Atamora,XXXIX,VIII,X,Quinarius,IX,XXXI,CDXCI
Munarg,XXXVII,IX,CXCVI,Denarius,IV,III,CCLV
Murytub,XXXIX,VI,CXV,Denarius,VI,XIII,DXXXVI
Munarg,XXXVII,XII,CXI,Quinarius,V,IV,CXVII
Murytub,XXXVIII,IX,CLIV,Quinarius,VII,XXVII,CLXVIII
Murytub,XXXVIII,XII,CXXX,Denarius,V,I,DCIII
Murytub,XXXVII,VIII,CLXIV,Denarius,VI,IV,DCCXL
Munarg,XXXVIII,XII,CLXIII,Denarius,IV,XIX,CCXXXVII
Murytub,XXXVIII,III,CVII,Quinarius,III,VI,CC
Murytub,XXXIX,II,LXXII,Denarius,VI,IX,DLXVII
Munarg,XXXVII,XI,CXIV,Denarius,VIII,XI,CCCX
Munarg,XL,IV,CXIII,Denarius,IV,II,CDXV
Munarg,XXXVI,VIII,CXI,Denarius,VI,VI,CCCXXXIX
Munarg,XL,II,CXXVII,Denarius,V,XXV,CXCIX
Munarg,XXXVI,XI,CXIII,Denarius,VIII,VIII,CCXCIV
Munarg,XXXIX,III,CVIII,Quinarius,VI,III,XCV
Murytub,XL,VI,CLXIII,Quinarius,VII,VI,CXXV
Atamora,XXXIX,II,X,Denarius,III,III,MMDXXVII
Munarg,XXXVIII,VIII,CLXVII,Quinarius,VIII,XXX,LXXVI
Suilis,XXXVI,X,XXX,Denarius,VII,XVII,MMMDLXXXVI
Murytub,XXXVIII,V,CXLIV,Quinarius,VII,VIII,CCVII
Munarg,XXXVI,VIII,CXXIV,Denarius,VII,I,CCLXXXII
Murytub,XXXVII,III,CXXXV,Denarius,VI,III,DCCXXX
Munarg,XXXIX,I,CLXXIX,Quinarius,VI,IX,CIV
Murytub,XXXIX,IX,CLXXXIII,Denarius,VI,XXIX,DLXXXIX
Murytub,XXXIX,III,CLIV,Aureus,VIII,XVIII,VI
Munarg,XL,X,CXXXII,Aureus,V,X,II
Murytub,XXXVIII,XI,CLXXVI,Denarius,IV,XXIX,DC
Suilis,XXXV,VIII,XXXVIII,Aureus,VII,V,XL
Munarg,XXXVI,IV,CLXI,Denarius,VII,IX,CCCLII
Munarg,XXXVIII,XI,CLXXI,Denarius,VII,XIII,CCXLIII
Murytub,XXXVI,II,CXCVII,Quinarius,IX,IX,CCCXVII
Murytub,XXXVI,IV,CLV,Denarius,V,IV,DCLXXII
Atamora,XXXIX,X,IX,Denarius,VII,XXI,MMCMXCVI
Munarg,XXXVI,VII,CLXI,Denarius,VI,XXII,CCCXXXVI
Murytub,XXXV,VI,CXLVI,Aureus,VII,XXII,IX
Munarg,XXXVII,VIII,CLXVII,Denarius,IV,XIX,CCLXXXV
Munarg,XXXVI,XI,CXV,Denarius,VI,XXVIII,CCCXLI
Munarg,XL,XI,CLXXIV,Quinarius,III,III,LXXI
Atamora,XXXIX,VI,XII,Denarius,IV,V,MMDCCVI
Murytub,XXXVIII,X,CXXIII,Denarius,V,XXII,DLXXXVII
Murytub,XL,III,CLXXI,Aureus,VIII,XVIII,V
Murytub,XXXVII,IX,CXLVIII,Denarius,IV,XXVI,DCXXXVI
Suilis,XXXV,II,XIV,Denarius,V,XIII,MMMCXVII
Munarg,XXXVII,V,CLXX,Denarius,IV,I,CCCLXXXI
Suilis,XL,V,XIII,Quinarius,VIII,XVII,DCCCXIV
Muniv,XXXIX,XI,XXXI,Denarius,VI,XXVII,DLXI
Muniv,XXXV,IV,XXX,Denarius,VI,V,CDLX
Munarg,XL,II,CLXVIII,Denarius,VII,XXI,CCXLVIII
Munarg,XXXVIII,IV,CLXIV,Denarius,VII,XVI,CCLXXXIX
Murytub,XXXVII,VI,CLXII,Denarius,IV,III,DCCCLXXXIV
Murytub,XXXVII,VIII,CXLIX,Quinarius,VI,X,CCXXXVI
Munarg,XL,X,CXCIII,Quinarius,VII,XX,XLI
Murytub,XL,VI,CLXXI,Denarius,V,IV,DXLII
Murytub,XXXV,XI,CLXXXVI,Denarius,VII,XVIII,DCXCV
Munarg,XXXIX,VII,C,Aureus,VIII,VII,V
Murytub,XXXVII,X,CXLVI,Aureus,IV,XXX,VII
Suilis,XL,VIII,XVIII,Quinarius,III,III,DCCCLXXXVIII
Murytub,XL,VI,CXXIX,Quinarius,V,V,CXXXII
Murytub,XXXVIII,IX,CXLIV,Quinarius,VII,XXVII,CLXX
Murytub,XXXIX,X,CLII,Denarius,VI,XXVIII,DXCVI
Murytub,XL,III,CLVI,Quinarius,VI,III,CXXXII
Munarg,XXXVIII,II,CLII,Quinarius,V,VI,LXXIX
Muniv,XXXIX,X,XVI,Quinarius,VIII,X,CIV
Suilis,XXXV,VI,XIV,Quinarius,VIII,XXIX,MDCCCXLVII
Muniv,XXXVIII,I,XXVIII,Quinarius,X,XIX,CLXIII
Muniv,XXXV,IV,XXI,Denarius,IV,XIII,CDXCI
Murytub,XXXIX,XI,CCXXIX,Denarius,VIII,XXVI,DCI
Murytub,XXXVII,VII,CLXIX,Denarius,VII,XVIII,DCCCLXXXI
Munarg,XXXVIII,VII,CLIII,Denarius,V,III,CDXXIX
Muniv,XXXVIII,XI,XXIX,Denarius,VI,V,DXIX
Atamora,XXXVI,X,XIII,Denarius,IV,XX,MMMCCXXXII
Munarg,XXXVIII,X,CLIV,Quinarius,VIII,II,XCVII
Murytub,XL,VII,CXLVII,Quinarius,IV,VII,CXXVIII
Munarg,XXXVI,VIII,CLXXIII,Aureus,VI,XXIV,IV
Munarg,XL,IV,CLXIV,Aureus,VIII,V,II
Munarg,XXXVI,VII,CXLIV,Denarius,VII,XXXI,CCCXXXVIII
Murytub,XXXVI,VIII,CLXX,Denarius,VI,XXXI,DCCIX
Munarg,XXXVII,IV,C,Aureus,V,XXII,III
Muniv,XXXVIII,VII,XXII,Denarius,VI,II,CDLXVII
Murytub,XXXVII,VIII,CLXXIX,Quinarius,V,XXVII,CCXXXIX
Murytub,XL,XI,CXCIII,Aureus,VI,XXX,V
Murytub,XXXVI,XII,CXVIII,Quinarius,VI,VI,CCLII
Muniv,XXXIX,VII,XXVII,Denarius,VI,XIII,DXL
Murytub,XXXVIII,II,CLXXVIII,Denarius,V,XXIII,DCXVIII
Munarg,XXXV,I,CLXV,Denarius,VII,XII,CCCLXXIX
Munarg,XXXVII,II,CXCI,Denarius,VII,XXVII,CCXCIV
Munarg,XL,X,CXCVI,Denarius,V,XXVIII,CDXVIII
Muniv,XXXVI,VI,XIX,Denarius,VII,VII,CDXCII
Murytub,XXXVIII,I,CLXXIV,Aureus,VI,XXVI,VI
Murytub,XXXV,XII,CXCII,Denarius,IV,VIII,DCLXXI
Murytub,XXXVIII,VI,LVII,Denarius,IX,XXVI,DCVIII
Muniv,XXXVIII,I,XXI,Quinarius,VII,XVII,CLVIII
Munarg,XXXV,VIII,CLVII,Denarius,VI,XXVII,CCCXXX
Murytub,XXXIX,V,CXLIII,Quinarius,VI,XII,CXXX
Atamora,XXXVII,III,X,Quinarius,VII,VIII,MDXII
Munarg,XXXVII,VIII,CVII,Denarius,VI,XXX,CDXXXV
Murytub,XL,X,CXIV,Quinarius,VI,XII,CIX
Munarg,XXXIX,VII,CXVI,Denarius,VII,III,CCCLIX
Murytub,XXXVII,V,CLXIX,Denarius,VI,XXVII,MIII
Munarg,XXXIX,III,CXXXVII,Denarius,IX,I,CCCLXXIV
Suilis,XXXVI,VII,XII,Denarius,V,XIV,MMMCDLXII
Murytub,XXXVIII,VI,CLXIX,Denarius,VI,IX,DCXL
Munarg,XXXVII,I,CLVIII,Denarius,VII,XV,CCCLXXXIII
Suilis,XXXVIII,V,X,Quinarius,V,XXXI,MCCXVIII
Murytub,XXXVII,V,CXXXV,Denarius,VI,II,CMLXVII
Munarg,XXXVII,I,CLXXXVI,Quinarius,VII,XX,CLXXIII
Munarg,XXXVII,II,CXXX,Denarius,VIII,XXI,CCCLXXXII
Muniv,XXXVII,V,XXVIII,Aureus,VI,VII,V
Murytub,XXXVIII,I,CXXXII,Quinarius,III,XXI,CLXXXVII
Murytub,XXXV,VI,CXXIV,Quinarius,VI,XVI,CCCXLII
Munarg,XXXV,III,CXLIII,Quinarius,III,XV,CXXXIX
Munarg,XL,IX,CXXXVIII,Denarius,III,XVII,CDLXXII
Murytub,XXXVII,VII,CLXXV,Denarius,VII,XVIII,DCCCXCI
Munarg,XXXVI,XII,CLXXIII,Quinarius,VIII,XXIII,CXXVIII
Murytub,XXXIX,IX,CVII,Quinarius,VI,XXVIII,CXII
Suilis,XXXIX,I,XVI,Quinarius,VI,XIX,DCCCXXVII
Murytub,XXXIX,I,CXXXIX,Quinarius,V,XVII,CXXX
Murytub,XXXIX,I,CLI,Denarius,V,VII,DXL
Muniv,XXXVIII,III,XXIII,Quinarius,VI,V,CXXI
Murytub,XXXVIII,V,CXXXIX,Denarius,VII,II,DCLXIII
Munarg,XXXVIII,XII,CLXXII,Denarius,VI,XXX,CDXLV
Muniv,XXXVIII,II,XXVI,Quinarius,VII,XXIV,CLIV
Munarg,XL,X,CXV,Quinarius,VIII,XVIII,XLI
Munarg,XXXVIII,VIII,CXLVII,Quinarius,IV,IX,LXXV
Atamora,XXXIX,III,XII,Denarius,VI,II,MMDLXXVIII
Munarg,XXXVIII,II,CXXXIV,Quinarius,V,VI,CXXXIII
Muniv,XXXIX,XI,XXIV,Quinarius,IV,V,CXIV
Muniv,XXXVIII,VII,XXIX,Quinarius,VII,XVIII,CXXXVIII
Muniv,XXXVI,VII,XXIV,Denarius,V,XXI,DXIX
Munarg,XXXIX,XII,CXXXVI,Aureus,III,IX,IV
Murytub,XXXVIII,V,CLXI,Quinarius,VI,I,CCV
Murytub,XL,X,CLXXI,Quinarius,VIII,XIII,CV
Munarg,XL,V,CXXIX,Denarius,III,II,CDLXVII
Munarg,XL,V,CXCII,Quinarius,III,II,XCII
Munarg,XXXV,IV,CXXVI,Denarius,III,IX,CCCLXX
Suilis,XXXIX,V,XXVI,Quinarius,VII,V,DCCLXIII
Munarg,XXXIX,XII,CLXXVIII,Quinarius,IV,XVII,LVIII
Murytub,XXXVII,X,CLXIX,Denarius,IX,II,DCXV
Muniv,XL,XI,XXV,Aureus,IX,XII,IV
Murytub,XXXVI,III,CLXXVII,Quinarius,VI,X,CCXCIX
Atamora,XL,V,V,Aureus,III,II,XXV
Murytub,XXXVIII,XII,CIV,Denarius,V,XXIX,DCXI
Murytub,XL,X,CLXXIV,Quinarius,IX,IV,CXI
Muniv,XXXVIII,I,XXI,Quinarius,VI,III,CLV
Munarg,XXXIX,I,CXCIX,Aureus,V,XXIII,II
Muniv,XL,IV,XXXIII,Denarius,III,XII,CDXCII
Muniv,XXXV,VI,XXII,Denarius,VII,XXII,CDXXV
Munarg,XL,XII,CXXXII,Quinarius,VI,XXVII,LXXVI
Suilis,XXXVI,IV,XXIV,Quinarius,VII,XVI,MDCLVIII
Murytub,XL,IX,CXXIII,Denarius,VII,V,DLXXXIV
Munarg,XXXVI,VII,CLXXXVIII,Quinarius,V,XXVIII,CXXVI
Munarg,XXXVIII,IV,CLXXXVII,Denarius,VIII,XXVIII,CCLXXXI
Munarg,XL,III,CIX,Quinarius,VII,XXVII,XCVII
Suilis,XXXIX,XII,XXXIII,Denarius,VI,VII,MMMCMXCIX
Murytub,XXXVI,X,CLXI,Denarius,VIII,XIII,DCXXI
Munarg,XXXV,XI,CXC,Aureus,V,XIII,IV
Munarg,XXXIX,XII,CXXXI,Aureus,V,I,II
Murytub,XXXIX,VIII,CXXV,Denarius,VI,XVII,DLXXII
Munarg,XXXV,VIII,CXLII,Denarius,VI,XXI,CCCXXXIII
Munarg,XXXVI,XI,CLXXXIII,Aureus,VIII,XXIX,III
Murytub,XXXV,VI,CXVIII,Aureus,VI,II,IX
Munarg,XXXVIII,X,CLXIII,Denarius,III,XVII,CCXX
Murytub,XXXIX,I,CLXI,Quinarius,VIII,VIII,CXLIII
Munarg,XL,VII,CXLVII,Aureus,VI,II,IV
Munarg,XXXV,VI,CXXVII,Quinarius,IV,XX,CXCII
Munarg,XXXV,V,CXCVII,Denarius,V,XXIV,CCCL
Murytub,XL,V,CLXXXVII,Quinarius,VI,XIV,CXXIV
Munarg,XXXIX,II,CXLI,Denarius,VII,XVIII,CCLXX
Murytub,XXXVII,I,CXLV,Denarius,VIII,XXI,DCXXXIV
Murytub,XXXIX,X,CXXXV,Quinarius,V,XI,CXXI
Munarg,XXXIX,I,CXLIX,Denarius,V,XI,CCXXXI
Munarg,XXXVII,V,CLXXI,Quinarius,VI,XVII,CLII
Munarg,XL,V,CXCVII,Denarius,VIII,XIX,CLXXXVII
Atamora,XXXVII,VII,VIII,Aureus,V,XXX,XXIII
Murytub,XXXVI,X,CLXIV,Denarius,V,XXIX,DCLXVII
Muniv,XXXVII,I,XXX,Denarius,V,VI,DXVIII
Munarg,XXXIX,IX,CLXXIX,Quinarius,VII,VII,XCII
Munarg,XXXVIII,X,CLIX,Aureus,X,XXI,II
Munarg,XXXVII,VII,CXIV,Denarius,VII,XVIII,CCCXXII
Munarg,XXXVIII,VIII,CLXXVI,Denarius,VI,XXVIII,CCLXXV
Muniv,XXXVII,I,XXII,Quinarius,VI,V,CLXXXVII
Muniv,XXXVIII,V,XXIV,Aureus,VIII,XXI,V
Munarg,XXXIX,XI,CLXXIV,Denarius,VIII,VIII,CDXXX
Munarg,XXXV,VI,CXLVI,Quinarius,IV,XXI,CLXIII
Murytub,XXXV,VIII,CXLVII,Denarius,IX,XVIII,DCXXIII
Murytub,XL,IV,CVIII,Quinarius,VI,XXV,CXVIII
Murytub,XXXVI,I,CCXV,Denarius,X,III,DCCXIII
Murytub,XXXVIII,VIII,CCIII,Denarius,II,II,DCXX
Suilis,XXXV,V,XII,Quinarius,VIII,XXII,MDLXXVI
Munarg,XL,VIII,CXLIII,Quinarius,IV,V,XCI
Murytub,XXXVIII,XII,CXLV,Denarius,VII,XII,DLXI
Munarg,XXXVIII,III,CXVI,Denarius,IV,XVIII,CCC
Munarg,XL,V,CXXXIX,Quinarius,IV,XXX,XLIII
Murytub,XXXVIII,II,CLXXV,Denarius,X,XIII,DCXXVI
Munarg,XXXV,II,CXXIV,Denarius,IV,I,CCCLX
Munarg,XXXV,VIII,CXIX,Denarius,VI,XVII,CCCLXXIX
Murytub,XXXIX,XII,CXLIX,Quinarius,X,XII,CXXXVI
Suilis,XXXVII,V,XXXVIII,Denarius,VII,IX,MMMDCXXX
Muniv,XXXVI,I,XXII,Quinarius,V,XXIX,CCXV
Muniv,XXXIX,VIII,XXIX,Denarius,VIII,XV,CDLXXII
Munarg,XXXVII,IX,CLXXII,Quinarius,V,XI,CLX
Murytub,XXXV,VII,CXXXIV,Denarius,III,XVI,DCXV
Munarg,XXXIX,X,CLXIV,Denarius,VIII,XXIX,CCXL
Muniv,XL,IV,XXII,Quinarius,VII,VI,CXIX
Munarg,XL,XI,CLXXXVIII,Denarius,IV,VIII,CCIII
Munarg,XXXIX,IV,CLXXX,Denarius,V,I,CCXXIV
Munarg,XXXIX,IV,CIII,Denarius,V,XVII,CDXXXIX
Murytub,XXXV,IV,CXXXVI,Denarius,VII,VII,DCLXXXV
Murytub,XXXV,I,CXXX,Quinarius,VII,XXX,CCCLXXXVIII
Murytub,XXXV,VI,CLXVI,Quinarius,VIII,VIII,CCCLXVII
Atamora,XL,X,IX,Denarius,VIII,IX,MMDLXXX
Munarg,XXXVII,IX,CLVII,Quinarius,IV,III,CLIV
Murytub,XL,II,CXLIX,Quinarius,VI,X,CXXVIII
Munarg,XXXIX,IV,CLXI,Denarius,V,XIV,CDXXXI
Murytub,XXXIX,IX,CXLI,Quinarius,IV,XIV,CXLII
Murytub,XXXIX,I,CXXIX,Denarius,IV,I,DLXIV
Munarg,XXXVI,VIII,CLVIII,Denarius,VIII,VIII,CCCXVII
Munarg,XXXVI,V,CVI,Quinarius,V,XIX,CXLIV
Munarg,XXXVII,XII,CL,Quinarius,III,XV,CXXXVI
Munarg,XXXV,III,CXXX,Quinarius,VII,III,CLXXV
Murytub,XXXVIII,XII,CXCIII,Quinarius,IV,IX,CXLVIII
Munarg,XXXIX,I,CLXXV,Aureus,IV,I,II
Munarg,XXXVI,I,CLXXXI,Denarius,VIII,VI,CDV
Munarg,XXXIX,VI,CLXXXVI,Aureus,V,XXVIII,V
Munarg,XL,II,CLXI,Quinarius,VIII,II,LIV
Atamora,XXXV,III,VI,Quinarius,VII,XXI,MDIII
Munarg,XXXVI,X,CXX,Quinarius,IV,XX,CLXIV
Munarg,XXXVIII,III,CXXXVII,Denarius,V,XVII,CCXXXII
Atamora,XXXVI,XI,XIII,Quinarius,VII,XXIII,MCLVIII
Murytub,XXXVIII,III,CXCIV,Denarius,VII,XXVIII,DCIV
Munarg,XXXVII,VI,CXLI,Quinarius,IV,VIII,CIII
Murytub,XXXVIII,VIII,CCXIII,Denarius,III,XVI,DC
Munarg,XXXVIII,V,CXXXIX,Denarius,VI,XXVI,CDXXXVIII
Murytub,XXXVII,V,CXCIX,Denarius,VII,XXI,DCCCLXXXVIII
Munarg,XXXIX,XI,CXIV,Quinarius,VI,XVIII,CIII
Munarg,XXXIX,IX,CXCIII,Quinarius,V,XIX,LXXXV
Murytub,XXXV,VIII,CXIX,Denarius,V,XXVI,DCLVIII
Munarg,XL,IV,CLXXXVIII,Denarius,IV,IV,CCXX
Munarg,XXXVIII,IX,CLXXII,Quinarius,VII,XXVII,LXXVI
Murytub,XXXIX,X,CXXXVI,Denarius,VII,XV,DCXIV
Murytub,XL,VIII,CXX,Denarius,VII,IV,DLXXV
Munarg,XXXV,IX,CXXX,Denarius,VII,XXII,CCCXXXV
Munarg,XXXV,III,CXCI,Denarius,VI,XXVIII,CCCLXXVII
Munarg,XXXVIII,II,CXCVI,Denarius,VII,XIX,CCLX
Munarg,XXXIX,V,CXCII,Denarius,VII,XX,CCXIII
Munarg,XXXIX,XI,CLII,Aureus,VI,III,II
Munarg,XXXVIII,VI,CXLVIII,Denarius,IV,V,CCCLXXII
Munarg,XXXV,X,CLXVIII,Denarius,VI,X,CCCXCI
Munarg,XXXIX,IV,CLXXXIV,Denarius,VIII,XIII,CCCXCVIII
Murytub,XXXVIII,IV,CCXXV,Denarius,IV,VIII,DCXIX
Munarg,XXXV,VII,CXXXIX,Denarius,V,IV,CCCXX
Muniv,XXXV,XI,XXII,Aureus,V,XIII,VII
Munarg,XXXVI,IV,CXLII,Denarius,IV,XXI,CDIV
Munarg,XL,V,CV,Quinarius,VII,XXI,XC
Munarg,XXXVI,V,CXXXVI,Denarius,III,X,CCCXXXIV
Muniv,XXXIX,IV,XXIX,Denarius,VIII,XIII,CDLIII
Muniv,XXXV,X,XXXVII,Denarius,VI,X,DXXX
Munarg,XL,V,CLI,Aureus,VII,V,II
Munarg,XXXVI,X,CLXXXVII,Quinarius,II,IX,CXXXIII
Murytub,XL,IV,XCI,Denarius,VII,VI,DXLII
Murytub,XXXVII,IV,CLXXI,Denarius,VI,XXX,CMLXXI
Murytub,XXXVI,XII,CXXVII,Quinarius,IV,XXI,CCXXXVIII
Atamora,XXXVI,X,IX,Quinarius,IV,XX,MLXXII
Muniv,XXXVIII,II,XXIX,Denarius,VI,XXI,CDLIV
Murytub,XL,IV,CLXI,Denarius,VIII,XIV,DLXXVI
Muniv,XXXV,XI,XXXI,Quinarius,V,IX,CCXXIV
Munarg,XXXVI,VII,CIX,Denarius,VII,XXIX,CCCXLV
Munarg,XXXIX,IX,CLVII,Denarius,VI,XXVIII,CDIV
Murytub,XXXVI,XI,CLXXIV,Denarius,IV,XIX,DCLXXIII
Suilis,XXXVII,IV,XIII,Denarius,VI,V,MMMDCLXVII
Murytub,XXXV,VI,XCIV,Denarius,III,I,DCLXXI
Munarg,XXXVIII,X,CX,Quinarius,V,XVIII,LXXII
Munarg,XXXIX,III,CXLIV,Denarius,VIII,IV,CCLXVII
Munarg,XXXVII,XI,CLXXIV,Quinarius,IV,XXVIII,LXXXVIII
Atamora,XL,IV,XII,Denarius,IV,IV,MMCCCXLV
Munarg,XXXVI,XII,CXXVI,Denarius,VIII,XX,CCCLXXVI
Murytub,XXXIX,X,CLXXIX,Quinarius,VII,XXVII,CXVIII
Murytub,XXXVI,X,CLVIII,Denarius,VIII,XI,DCXXVI
Murytub,XL,IX,CXCV,Aureus,VII,XVIII,IV
Munarg,XXXV,XII,CLXXVII,Quinarius,IV,XX,CLXXVII
Suilis,XXXIX,V,X,Quinarius,V,XXVI,DCCCLVI
Murytub,XXXVII,V,CLIX,Denarius,VII,XXVI,CMXLIV
Munarg,XL,XII,CLXVIII,Denarius,VII,XIX,CCXXIII
Munarg,XXXIX,III,CX,Denarius,VIII,XVII,CCCLXXXVII
Muniv,XXXVI,X,XXX,Denarius,VIII,XIV,CDLXXXI
Munarg,XXXV,II,CXXXIV,Denarius,VI,XII,CCCLXXXII
Munarg,XXXVIII,IV,CXL,Quinarius,VII,XXV,LXXIX
Munarg,XL,XI,CLXXX,Denarius,VII,XIX,CCI
Murytub,XXXVII,IX,CLXXIX,Quinarius,V,IV,CCLXXV
Atamora,XXXV,XII,IX,Denarius,IV,XV,MMMCCCLXI
Munarg,XXXVI,XII,CLXV,Quinarius,VII,XIV,CLIV
Munarg,XXXVII,VI,CXXV,Denarius,VII,VII,CCCXXXIV
Munarg,XL,III,CXL,Aureus,IV,VII,IV
Murytub,XXXVI,IX,CLXIII,Quinarius,VI,XI,CCLII
Munarg,XXXV,VIII,CXCI,Quinarius,V,XIX,CXCVIII
Murytub,XL,II,CXLVII,Quinarius,VI,XXVII,CXXVIII
Murytub,XXXVII,VI,CLXII,Quinarius,VII,XVI,CCCXL
Munarg,XXXIX,X,CXLII,Denarius,VI,XVII,CCCLXXIV
Murytub,XXXIX,X,CLXV,Quinarius,VII,XV,CXXX
Muniv,XL,X,XXIV,Denarius,V,X,CDXLIII
Murytub,XXXIX,IX,CLXXVIII,Denarius,III,III,DXLIX
Murytub,XXXVII,VIII,CLX,Denarius,VII,XI,DCXII
Munarg,XXXVI,VIII,CLIII,Denarius,VIII,VIII,CDVIII
Murytub,XXXVII,VII,CLIX,Quinarius,VII,XXI,CCCXXXIV
Muniv,XL,X,XXVI,Denarius,VII,XVII,CDLV
Munarg,XXXIX,IV,CLXXI,Denarius,IV,XXIII,CDLVIII
Munarg,XXXVII,VI,CXXII,Quinarius,IV,XV,C
Murytub,XL,VIII,CLXXVII,Denarius,III,X,DXXXVI
Munarg,XXXVIII,V,CXXX,Denarius,VII,XXIX,CDXVII
Murytub,XXXVIII,VII,CXCII,Denarius,VI,XX,DCXIV
Suilis,XXXVIII,IX,L,Quinarius,VI,XIX,CMLXXI
Munarg,XXXVI,XII,CLXXXVII,Denarius,VII,IV,CCCXII
Munarg,XXXIX,I,CXVI,Denarius,VI,III,CCLVIII
Munarg,XXXVIII,III,CLXII,Denarius,VI,V,CDXXX
Munarg,XXXVII,III,CLXXX,Quinarius,V,II,CVIII
Munarg,XXXVII,VII,CXCV,Denarius,IV,XVII,CCLIII
Munarg,XL,XI,CXIV,Quinarius,IV,XXIX,XLII
Murytub,XXXV,II,CLIII,Quinarius,VII,XXIII,CCCLXV
Murytub,XXXVII,VIII,CLIII,Denarius,VII,XIII,DXCIII
Munarg,XXXVIII,VII,CL,Aureus,IV,XVII,IV
Murytub,XXXVIII,III,CXX,Denarius,V,XXVI,DCXLVII
Murytub,XXXIX,IV,CLXXV,Quinarius,VII,III,CXXXIX
Munarg,XXXV,IV,CXLI,Quinarius,VII,VII,CLXIX
Murytub,XL,VII,CLXVII,Denarius,VIII,V,DCII
Munarg,XXXIX,XII,CLXXXIX,Quinarius,VI,X,CXII
Atamora,XXXVIII,IV,XI,Aureus,VII,XVI,XXV
Murytub,XXXVI,XI,XCVIII,Denarius,III,X,DLXXXII
Suilis,XXXV,II,XII,Denarius,VII,V,MMMCCCIII
Munarg,XXXV,IX,CLXXXVIII,Quinarius,VII,VIII,CLXXX
Munarg,XXXVII,VIII,CXCIV,Denarius,V,VI,CCCXLVIII
Munarg,XXXIX,IX,CXLI,Denarius,VI,IX,CCXXXIV
Munarg,XL,IV,CXLIII,Quinarius,V,XXVI,LXXX
Munarg,XXXV,IV,CXLVIII,Denarius,VI,XXVI,CCCXXXVII
Munarg,XXXIX,II,CLV,Quinarius,VI,IX,LXVI
Munarg,XXXVII,IX,CIX,Denarius,V,XI,CCLXIX
Murytub,XL,VIII,CLXIII,Quinarius,VII,I,CXXXIII
Atamora,XXXV,V,VIII,Denarius,VIII,XVII,MMMDCCCXXVI
Munarg,XXXVIII,II,CLXXIV,Quinarius,V,XXIII,CVII
Atamora,XXXVII,VII,IX,Quinarius,VII,IV,DCCLXXVIII
Munarg,XXXVI,VII,CXCIII,Quinarius,VII,XXVI,CLXV
Muniv,XXXVII,VIII,XXIX,Denarius,IV,XVIII,DXCIV
Suilis,XXXIX,XII,XXXVII,Denarius,VI,X,MMMCMXLIV
Murytub,XXXVII,IV,CLXXV,Quinarius,V,XXI,CCCLXXV
Munarg,XL,XII,CXXXVI,Denarius,VII,XIX,CLXXXVI
Murytub,XXXIX,VI,CXVI,Quinarius,IV,XXIV,CXLIV
Murytub,XXXIX,VIII,CLXXXVI,Denarius,VII,X,DXL
Murytub,XXXVIII,X,CCXXIV,Denarius,VII,IV,DCV
Munarg,XXXIX,III,CXCVI,Denarius,V,XXII,CCLXI
Munarg,XXXVI,IV,CXXVI,Denarius,VIII,XXV,CCCXXVIII
Munarg,XXXVII,IX,CXXIII,Aureus,V,XIII,III
Munarg,XXXVIII,XII,CLXXIX,Quinarius,IX,XXIII,LVI
Murytub,XXXVIII,IX,CLI,Denarius,VII,IV,DCVI
Murytub,XXXIX,I,CXXXV,Quinarius,VII,XXVI,CXLIV
Munarg,XXXV,IX,CXVI,Denarius,IV,XXVII,CCCXXIX
Murytub,XXXIX,III,CLXXIX,Aureus,VIII,XVIII,VI
Munarg,XXXVI,II,CLXX,Denarius,VII,XI,CCCXLIX
Murytub,XXXVIII,VIII,CXLVI,Aureus,VII,XV,VI
Munarg,XXXIX,X,CXCIII,Denarius,II,XXII,CCXXIII
Murytub,XXXIX,VIII,CXXXV,Denarius,VIII,XIII,DCXLVI
Munarg,XXXIX,XII,CXIV,Denarius,IV,XVIII,CCV
Murytub,XXXV,II,CLXXX,Denarius,VII,XXIII,DCXC
Murytub,XXXIX,XI,CXXX,Quinarius,X,VI,CXXIX
Munarg,XXXVII,X,CLXX,Quinarius,V,XV,CXVII
Murytub,XL,V,CXC,Denarius,III,II,DLXI
Murytub,XXXVII,VIII,XCVII,Quinarius,IV,XVIII,CCLXIV
Munarg,XXXIX,VII,CVII,Denarius,VII,XXII,CDIV
Murytub,XXXIX,XII,CLV,Quinarius,VI,XV,CXXXIII
Murytub,XXXIX,VIII,CLXIX,Quinarius,V,XXII,CXXXVI
Munarg,XXXVII,IV,CXI,Denarius,VIII,XV,CCCXXXI
Murytub,XXXVIII,IX,CCII,Quinarius,VIII,XIII,CLXXIV
Murytub,XL,V,CXCIV,Denarius,VIII,XVII,DXX
Muniv,XXXV,II,XXVIII,Quinarius,V,XXVII,CCXI
Muniv,XL,I,XXV,Aureus,VII,XXX,V
Munarg,XXXVII,VI,CXXVIII,Denarius,VI,I,CCXLVII
Murytub,XXXIX,IX,CXVIII,Aureus,VI,XXVIII,VI
Muniv,XXXVIII,II,XVIII,Quinarius,VI,IX,CXXXIX
Murytub,XXXVII,XII,CXXXVII,Denarius,VI,XXIII,DCLV
Murytub,XXXVII,VIII,CLXVII,Denarius,V,XXVI,DCLXXIX
Munarg,XXXIX,X,CXCII,Denarius,VI,XXIII,CCXXVII
Muniv,XXXVIII,VII,XXVI,Quinarius,IX,XXXI,CXXXVI
Munarg,XXXIX,X,CIV,Denarius,VIII,XXIX,CCCLXXII
Munarg,XL,V,CLXXXI,Quinarius,VIII,XIX,LXXIX
Muniv,XL,VI,XXVII,Quinarius,VII,XVII,CXXI
Munarg,XXXVI,VIII,CLXXXI,Quinarius,VIII,VIII,CXXX
Munarg,XXXIX,III,CXII,Quinarius,IX,XIX,XLVII
Murytub,XXXVIII,X,CXV,Denarius,VII,IX,DXCV
Munarg,XXXIX,VI,CXLVI,Denarius,VIII,XX,CCCXCIV
Murytub,XXXVII,XII,CXXXII,Denarius,IV,VIII,DCIX
Munarg,XL,I,CXCII,Denarius,II,XVIII,CCII
Munarg,XXXVI,VII,CXCI,Denarius,V,XXI,CCCXXV
Munarg,XXXVII,VI,CXXVIII,Quinarius,VI,XXIII,CXXIII
Muniv,XXXVIII,IV,XXVII,Denarius,VI,XXIII,DLXIV
Murytub,XL,II,CXLVIII,Denarius,VII,V,DCI
Murytub,XXXVII,VII,CCXXXII,Denarius,V,XIV,DCCCLIII
Munarg,XXXVII,V,CLII,Denarius,VII,IX,CCCXXIX
Murytub,XL,VII,CLXXII,Quinarius,VI,IV,CXXXVIII
Munarg,XL,V,CXI,Denarius,V,VII,CCIII
Murytub,XL,II,CXXXII,Denarius,II,XVII,DLXIV
Munarg,XXXVIII,VIII,CII,Denarius,VI,VII,CDXL
Munarg,XXXV,II,CLXXVII,Denarius,V,XIII,CCCLXXXVI
Murytub,XXXIX,VII,CXLVII,Denarius,VI,XIII,DLXIII
Murytub,XXXVIII,II,CXXXII,Denarius,IX,II,DCXXIX
Atamora,XXXV,XI,X,Quinarius,IX,VI,MDCCLXXXVII
Murytub,XL,IV,CX,Quinarius,VI,XXI,CXXVIII
Munarg,XL,X,CXX,Quinarius,VII,XVI,LXXXV
Atamora,XXXVII,IX,XI,Denarius,VI,XXIX,MMDCCXLIII
Murytub,XXXVI,VI,CLI,Quinarius,VIII,III,CCLXXX
Muniv,XXXV,XI,XXII,Denarius,VII,XXVIII,CDXC
Muniv,XXXVIII,XII,XXIII,Denarius,III,XXVIII,DXXI
Murytub,XXXIX,II,CLIV,Quinarius,III,III,CXLIV
Munarg,XXXVII,VII,CLXV,Denarius,VI,IX,CCCXLIX
Muniv,XL,V,XXXIV,Denarius,VII,V,DXXIV
Munarg,XXXIX,XI,CXXXIII,Denarius,VIII,XXVI,CDXVII
Muniv,XL,II,XXI,Quinarius,II,XVII,XCIX
Munarg,XL,III,CXXVIII,Denarius,VII,XVII,CDIV
Murytub,XXXIX,VII,CXXXII,Denarius,VI,XVIII,DXXVI
Murytub,XXXVII,V,CLV,Denarius,V,XI,DCCCLXXXI
Murytub,XXXVIII,I,CLX,Denarius,VI,VIII,DCXV
Muniv,XXXIX,VII,XXIV,Quinarius,VIII,XIX,CXII
Munarg,XXXVII,VIII,CXLV,Denarius,VI,XV,CCCLX
Muniv,XXXVII,XII,XXXIII,Denarius,VI,XXI,CDXCIII
Munarg,XXXVI,III,CLXXIX,Denarius,V,III,CCCXVI
Murytub,XL,VIII,CLIX,Denarius,V,XIX,DXCI
Murytub,XXXIX,V,CIX,Quinarius,VII,V,CXXVI
Muniv,XXXVII,VI,XX,Denarius,VII,IX,CDXXII
Munarg,XXXVII,V,CLXXIV,Quinarius,VI,XIV,CXXVI
Munarg,XXXV,VI,CLXXXIII,Quinarius,VIII,XXIV,CLXXXVIII
Muniv,XXXIX,VI,XXIII,Aureus,V,I,V
Munarg,XXXV,XI,CXXXVIII,Denarius,V,XX,CCCXXII
Munarg,XXXVIII,XI,CLXXXII,Quinarius,VI,V,C
Muniv,XL,VIII,XXX,Quinarius,VIII,XXIII,CXXVI
Munarg,XXXVIII,VIII,CLVII,Denarius,IV,IX,CCLXXXIII
Suilis,XXXVI,XII,XXIII,Denarius,VII,XXV,MMMCCLXXXV
Munarg,XXXVIII,III,CLXXXI,Denarius,V,XXVI,CCCXXXVIII
Munarg,XXXIX,XII,CLIX,Denarius,IX,XXVI,CCCLXXXVI
Munarg,XXXVIII,VII,CXLIII,Denarius,VI,XXVI,CDXXXVIII
Munarg,XXXVIII,XII,CXXXII,Quinarius,III,VII,CXI
Murytub,XL,XII,CLXXVII,Denarius,VI,VI,DLXXI
Munarg,XL,X,CXV,Quinarius,VII,XVI,XLIII
Munarg,XXXIX,I,CLXII,Quinarius,V,XXVII,CVI
Murytub,XXXV,IX,CLVI,Denarius,VIII,XV,DCCI
Munarg,XXXVIII,IV,C,Denarius,VII,XVIII,CCCXCV
Muniv,XXXVIII,XII,XXXV,Quinarius,VII,XXII,CXXVII
Muniv,XXXVI,II,XXIX,Denarius,IV,XXIX,CDLXXVII
Murytub,XXXVI,VIII,CXXII,Denarius,VII,VII,DCLXVII
Murytub,XXXVI,VIII,CXLVII,Quinarius,VI,XXIX,CCLVIII
Munarg,XL,I,CIX,Denarius,VIII,III,CCXLIV
Muniv,XL,VI,XXII,Denarius,III,I,CDLXXV
Munarg,XXXVI,VIII,CXXXVII,Denarius,VI,XXXI,CCCXXVII
Munarg,XXXVIII,X,CXCVII,Denarius,VIII,II,CCCLXIX
Murytub,XXXVIII,I,CLXXV,Denarius,V,I,DCI
Munarg,XXXV,XII,CLXXVIII,Denarius,V,XXV,CCCXCI
Munarg,XXXV,I,CLXXXIII,Denarius,VI,VII,CCCXVI
Munarg,XXXV,III,CXXX,Denarius,VII,XXVII,CCCLIII
Suilis,XL,III,XXXIII,Denarius,VI,XXVI,MMMDLXXXVII
Murytub,XL,XII,CLXVI,Quinarius,III,XX,CXIII
Munarg,XXXVIII,I,CIV,Denarius,VI,XV,CDIV
Munarg,XL,XI,CXXXI,Aureus,VI,IX,III
Muniv,XL,VII,XXXI,Denarius,VI,XXVII,CDLXXXIII
Atamora,XXXV,VIII,VII,Denarius,V,XXVIII,MMMDLXIV
Munarg,XL,I,CXCVII,Aureus,VII,VII,II
Muniv,XXXVII,VIII,XXVII,Quinarius,IV,VII,CLXXXIX
Murytub,XXXVII,III,XCV,Denarius,VI,III,DCLVIII
Atamora,XXXIX,II,XI,Quinarius,V,XXV,DCXXXV
Muniv,XXXVIII,X,XXIX,Denarius,V,XVIII,DXLIV
Murytub,XXXVIII,VIII,CXCV,Quinarius,III,XVI,CLXXXVI
Munarg,XXXIX,VI,CLII,Quinarius,VIII,XVI,XC
Murytub,XXXVIII,VIII,LXVIII,Denarius,VIII,XXX,DLXXXI
Munarg,XXXIX,V,CXXXVI,Denarius,IV,XVI,CCLVI
Atamora,XL,IX,X,Quinarius,VII,XVIII,CDXXXIX
Murytub,XL,XI,CXLV,Denarius,IV,XVI,DXLI
Murytub,XL,VI,CCXXIII,Denarius,II,XI,DCXIX
Munarg,XXXV,VII,CXLIX,Denarius,VI,I,CCCXLII
Munarg,XL,II,CLXII,Quinarius,VI,X,CVI
Munarg,XXXVIII,V,CVIII,Denarius,VI,XXVIII,CCXCIII
Murytub,XXXVII,I,CXXXVI,Aureus,IX,XVI,VI
Murytub,XXXV,IV,CXCIV,Denarius,VIII,XXII,DCLXXXIII
Munarg,XXXIX,X,CXCVIII,Aureus,V,XIX,II
Murytub,XXXVIII,IX,CXVIII,Denarius,VII,XVIII,DLXXXV
Munarg,XXXVI,III,CLXXVIII,Denarius,IV,XIX,CCCLXIII
Munarg,XXXVII,VIII,CLXXIII,Quinarius,VII,XIII,XCIII
Munarg,XXXVII,XI,CXII,Denarius,V,VIII,CCXLIX
Murytub,XXXVII,V,CXXIII,Denarius,VIII,XXV,CMLVII
Murytub,XL,IX,LXXI,Denarius,III,XIV,DXLVI
Murytub,XXXVII,X,CXXX,Denarius,VI,XXVII,DCXXXIX
Munarg,XXXVII,I,C,Aureus,VI,XIII,IV
Munarg,XXXVI,III,CXLVI,Denarius,VII,XXXI,CCC
Munarg,XXXVIII,XI,CXLIX,Denarius,VI,XXVI,CCCLXXXIX
Munarg,XXXVII,VIII,CXI,Denarius,VII,XIII,CCLXXIV
Murytub,XXXV,IV,CLXXXVII,Denarius,VII,XIV,DCCXII
Munarg,XXXV,X,CLXI,Quinarius,VI,XV,CLXXXV
Murytub,XXXVI,IX,CXLIX,Denarius,VIII,XVI,DCC
Munarg,XXXV,VIII,CXLIII,Denarius,V,XXII,CCCLI
Muniv,XXXV,VI,XXIV,Quinarius,II,XXIII,CCXCV
Murytub,XXXV,XI,CCXIX,Quinarius,V,XXV,CCCXXXV
Murytub,XL,III,CLVI,Aureus,VI,XXXI,V
Murytub,XXXVII,II,CXCV,Denarius,VIII,XXVI,DCXXI
Munarg,XXXVI,II,CXVII,Aureus,V,XXII,V
Suilis,XXXIX,III,XIV,Aureus,V,VI,XXXV
Murytub,XXXVIII,VII,CLXXX,Quinarius,IV,XIV,CLXXV
Murytub,XXXVIII,I,CLXXIV,Denarius,VI,XXVI,DCXXXVI
Murytub,XXXV,II,CII,Denarius,X,XVII,DCXLIX
Murytub,XXXIX,IV,CLXXXVI,Denarius,X,XX,DLXXXVII
Muniv,XXXVI,VII,XXVII,Denarius,IX,XIII,CDXXXVII
Suilis,XXXVII,XII,XIII,Denarius,IV,II,MMMDCCCXLVIII
Suilis,XXXV,XII,XII,Denarius,IV,IV,MMMDLXXXI
Munarg,XXXV,VII,CLXVI,Denarius,VI,I,CCCXXXIV
Muniv,XXXVI,VIII,XXV,Denarius,IV,XIV,CDXCII
Murytub,XL,I,CXIV,Denarius,II,XVIII,DXC
Munarg,XXXVI,VI,CXCV,Denarius,VIII,XIV,CCCLXXXVIII
Munarg,XXXIX,IX,CXLVII,Quinarius,V,VIII,XCVIII
Murytub,XXXVIII,V,CXXXV,Quinarius,IX,XXIV,CXCVII
Atamora,XXXVIII,X,IX,Denarius,II,VI,MMCMLIX
Muniv,XL,V,XXXIV,Denarius,IX,III,CDLXI
Munarg,XXXVI,VII,C,Quinarius,III,XXIV,CLIV
Munarg,XXXVIII,XI,CXLVII,Denarius,VIII,VII,CCXXXII
Murytub,XXXVI,VIII,CXXXIV,Denarius,VI,XXXI,DCLI
Muniv,XL,XI,XII,Denarius,VI,VI,CDLXXXIII
Murytub,XXXIX,I,CXXXIV,Denarius,VIII,VIII,DLXXIX
Munarg,XXXIX,I,CLXXV,Quinarius,VIII,XXIV,XCVI
Murytub,XXXVI,XII,CXXXVII,Aureus,IV,XXVII,VI
Suilis,XXXIX,X,XIII,Aureus,VII,XXI,XXXIX
Munarg,XXXIX,VI,CLXXI,Denarius,V,I,CCLX
Muniv,XXXVIII,IV,XXX,Denarius,V,IV,CDLVIII
Muniv,XXXIX,V,XXXIII,Quinarius,IV,XVI,CXXIV
Munarg,XXXVII,III,CLVI,Denarius,IX,VI,CCCLVIII
Murytub,XXXIX,X,CXLI,Quinarius,VI,II,CXXV
Munarg,XXXVII,VII,CIV,Denarius,V,VII,CDXVIII
Munarg,XXXVIII,IV,CI,Denarius,IX,II,CDXLII
Suilis,XXXVIII,X,XVI,Quinarius,VII,XII,MIX
Munarg,XXXVIII,IV,CLXXVI,Quinarius,IV,XXVII,LXXVI
Munarg,XXXV,VI,CXV,Denarius,VI,XIII,CCCXLIX
Murytub,XXXVI,VI,CLXV,Quinarius,III,XXVIII,CCLXXIX
Murytub,XXXVII,II,CXXXIV,Denarius,VI,XXIV,DCXCIX
Munarg,XXXVIII,VIII,CXLVIII,Quinarius,VII,XXVII,XCVIII
Munarg,XXXV,IX,CI,Quinarius,V,XXV,CLXXVIII
Munarg,XL,VIII,CX,Denarius,VI,II,CCXXXIII
Munarg,XL,X,CXCIII,Denarius,IX,XXXI,CCXIII
Murytub,XXXVII,X,CXXIV,Aureus,IX,II,VII
Munarg,XXXVI,IV,CLXXVI,Quinarius,VII,III,CLXXVII
Munarg,XXXVI,V,CXCIII,Quinarius,IV,XXIV,CLXV
Murytub,XXXV,VIII,CXLIII,Quinarius,VI,XII,CCCXXXII
Muniv,XXXVIII,X,XXI,Quinarius,III,XVII,CIX
Munarg,XXXV,VII,CLXXX,Aureus,VI,I,V
Munarg,XXXV,VI,CXXXII,Denarius,VI,XIX,CCCLXIX
Munarg,XXXIX,X,CXCVI,Quinarius,VII,VII,LXXVI
Munarg,XXXVII,IX,CXXXII,Denarius,VI,XXIV,CCCLXXVIII
Munarg,XXXVIII,XI,CLXXXI,Quinarius,V,XXVII,LX
Murytub,XXXVI,I,CXLI,Quinarius,IV,XIV,CCCIX
Muniv,XXXVIII,X,XXXIII,Quinarius,IV,XXX,CXXXI
Munarg,XL,X,CXCVIII,Denarius,IX,XXXI,CLXXXIII
Muniv,XXXV,II,XIX,Denarius,VI,XI,DXXXIX
Munarg,XXXVIII,I,CXL,Denarius,VI,XI,CD
Munarg,XXXVI,V,CLXXXVII,Denarius,IX,XXVII,CCCLIII
Murytub,XL,II,CLIII,Denarius,IV,XI,DLXXI
Muniv,XL,IX,XXIII,Denarius,VII,XXVI,DXLVI
Muniv,XXXVI,II,XXXVI,Quinarius,VII,XI,CCXLI
Munarg,XXXIX,X,CLXXIX,Quinarius,III,XII,LXXV
Murytub,XXXV,I,CLXVII,Quinarius,VI,XIV,CCCLIX
Murytub,XXXV,IV,CXCI,Quinarius,VI,XXIX,CCCXLV
Muniv,XXXVII,V,XXVII,Denarius,VII,IV,DLXXV
Muniv,XXXV,II,XX,Denarius,VIII,XXV,CDLXXI
Munarg,XXXVII,XII,CXXXVI,Denarius,VIII,VI,CCCXCVIII
Munarg,XXXIX,I,CXVII,Denarius,VIII,IV,CCXXV
Munarg,XXXVI,IX,CIII,Quinarius,VIII,XVI,CXX
Munarg,XXXVII,X,CLIII,Denarius,VII,XXIII,CCXL
Murytub,XXXVI,X,CV,Denarius,VI,IV,DCXIII
Murytub,XL,XII,CXVI,Quinarius,VII,IV,CXIII
Munarg,XXXVI,VI,CXLII,Denarius,VII,XV,CCCLXXI
Muniv,XXXIX,III,XX,Denarius,VIII,IV,DXLVI
Munarg,XL,II,CXXVIII,Denarius,VII,XXI,CXCVIII
Munarg,XL,X,CXIV,Quinarius,VIII,XIII,LXXVII
Murytub,XXXVI,XI,CXXVIII,Quinarius,VII,I,CCLIX
Munarg,XXXVIII,IV,CLVI,Aureus,IV,VIII,III
Suilis,XXXV,IV,XXXI,Denarius,IV,XXIV,MMMCCCLII
Murytub,XXXVIII,I,CLXI,Denarius,V,XXX,DCXVI
Munarg,XXXVII,II,CXXXIV,Denarius,VIII,IX,CCCXLVI
Murytub,XXXV,I,CLXIX,Aureus,III,XXVI,IX
Murytub,XXXVIII,X,CXXVII,Denarius,II,VI,DCII
Murytub,XXXV,IX,CXXIV,Quinarius,VII,III,CCCXL
Murytub,XXXIX,IX,CLIV,Quinarius,VII,XVI,CXXXV
Munarg,XXXVII,VI,CXLII,Denarius,XII,XVIII,CCC
Munarg,XXXVII,XII,CXLIII,Quinarius,VIII,III,CXXXVI
Munarg,XXXVII,IV,CXCIX,Denarius,VIII,XV,CDXXIII
Murytub,XXXIX,VIII,CXXXI,Denarius,VIII,XXVIII,DXLII
Munarg,XXXIX,IV,CLXXIX,Denarius,V,XXIX,CDXLII
Murytub,XL,VIII,CLXII,Denarius,III,X,DLXXVII
Munarg,XXXVII,IV,CXX,Denarius,VI,V,CCLXXXVI
Muniv,XXXV,VI,XXXII,Denarius,VIII,VIII,DXXXIV
Murytub,XXXV,VII,CXLV,Denarius,VII,VIII,DCLXXII
Munarg,XXXVI,XI,CXXVIII,Denarius,VII,XXVI,CCXCIII
Munarg,XXXVI,I,CXLVI,Quinarius,X,III,CLVII
Murytub,XXXIX,VI,CLXXXV,Quinarius,V,XVIII,CXLI
Atamora,XXXV,II,VII,Denarius,V,III,MMMCCLXXXIII
Munarg,XXXVIII,III,CXCVII,Denarius,VII,XII,CCCI
Munarg,XXXIX,VI,CLXXXV,Denarius,IX,VI,CCLXV
Murytub,XXXVIII,IV,CXIII,Denarius,VIII,XII,DXCIX
Murytub,XXXVII,X,CLXXXV,Denarius,VIII,V,DCLXXXVI
Munarg,XXXVI,VI,CXVI,Denarius,VI,XXVI,CCCXXXIII
Muniv,XL,III,XXXI,Denarius,VI,XII,DLXXIV
Muniv,XXXIX,II,XXVI,Denarius,VI,XXII,DVII
Murytub,XXXVIII,I,CXCIX,Denarius,X,XIX,DCXX
Suilis,XXXVI,V,XV,Denarius,III,XXII,MMMCCCXXXII
Murytub,XXXV,I,XCV,Denarius,VI,XXI,DCXCVIII
Murytub,XL,V,CLXXX,Aureus,III,II,V
Munarg,XL,XI,CLXXX,Denarius,VII,II,CDXIX
Murytub,XL,VI,LXXXII,Denarius,IX,XIX,DLIII
Muniv,XXXIX,III,XXVII,Quinarius,VI,III,CXX
Muniv,XXXIX,VII,XXVII,Quinarius,V,XXIX,CVI
Murytub,XL,VI,CXVII,Aureus,V,XII,V
Atamora,XL,VII,XI,Denarius,VI,II,MMDCCXCVIII
Muniv,XXXVI,VIII,XXIV,Aureus,VII,III,VI
Murytub,XXXVIII,II,CXXIV,Denarius,VI,XV,DCLXI
Murytub,XXXIX,III,CLXIV,Denarius,VI,XIV,DCLVII
Munarg,XXXVIII,XII,CLXXXV,Denarius,VI,XVI,CDLIII
Munarg,XXXV,IX,CLXXVI,Aureus,IV,XXVII,V
Muniv,XXXVII,III,XXVII,Quinarius,IV,XXVIII,CCXIX
Murytub,XXXVIII,III,CLXX,Denarius,VII,XXX,DCXXIII
Munarg,XXXVIII,VIII,CXXXI,Denarius,IV,XXV,CCCLXIII
Murytub,XL,VII,CXXXVII,Quinarius,VI,XII,CXXVII
Murytub,XXXV,IV,CLI,Denarius,V,XX,DCCVI
Munarg,XXXVI,IV,CLXIII,Aureus,VII,II,IV
Munarg,XL,V,CLV,Denarius,VI,XXVI,CCCXCVIII
Munarg,XXXV,VIII,CXXV,Quinarius,VII,V,CXCVIII
Murytub,XXXVIII,XII,CXLVII,Quinarius,VI,XVI,CLI
Atamora,XXXVIII,II,X,Denarius,V,VIII,MMMCCLVI
Munarg,XXXVII,I,CXXIX,Denarius,VI,XXII,CCCLIX
Murytub,XXXIX,X,CXXXIV,Quinarius,VII,XXXI,CXXIX
Atamora,XXXVIII,XII,VIII,Denarius,VI,XXV,MMDXCI
Munarg,XXXVIII,I,CLXIV,Quinarius,VI,XXVI,CXXXII
Murytub,XXXV,VI,CLXIX,Denarius,VI,IX,DCXXI
Murytub,XXXVI,IX,CLXII,Quinarius,VIII,XII,CCLXVII
Murytub,XXXVI,XI,CXLV,Quinarius,VII,XV,CCXCIV
Munarg,XXXV,I,CXXXVI,Denarius,VIII,XXIV,CCCLXIV
Murytub,XXXVI,VIII,CXLIII,Denarius,VI,XVIII,DCLVI
Muniv,XXXIX,V,XIX,Denarius,VII,III,CCCXLV
Murytub,XXXVII,VIII,CLV,Denarius,V,XXVII,DCL
Murytub,XL,VII,CXXXVII,Quinarius,VI,XI,CXXVIII
Munarg,XXXIX,V,CLXX,Denarius,VII,III,CCXXXV
Munarg,XL,XI,CXVIII,Aureus,VI,IX,III
Munarg,XXXV,IX,CXXXVIII,Denarius,VII,IX,CCCXLIV
Munarg,XXXVIII,IX,CXLV,Denarius,V,XXI,CDLIII
Murytub,XXXV,XI,CXLVI,Denarius,V,XIV,DCLXV
Munarg,XXXIX,IV,CLII,Denarius,VII,XXI,CCXXXII
Munarg,XXXV,III,CXLIV,Denarius,VII,III,CCCLXXIII
Muniv,XXXVII,VIII,XXIX,Aureus,VIII,XX,V
Muniv,XXXIX,V,XXVI,Denarius,VII,XIV,CDLXXII
Munarg,XL,X,CXVIII,Aureus,VIII,XIII,IV
Murytub,XXXVII,II,CLI,Quinarius,VI,IV,CCXCIV
Murytub,XL,XI,CLXXXVII,Denarius,VII,XIII,DXLIX
Murytub,XXXV,XI,CLI,Denarius,V,IV,DCLXXIV
Munarg,XXXVI,II,CXCVI,Denarius,IV,XIII,CCCXIV
Munarg,XL,XI,CXXXII,Denarius,V,VII,CD
Murytub,XXXVI,V,CLXXXVI,Quinarius,VI,XXV,CCLXXVI
Munarg,XXXV,XI,CXXVIII,Quinarius,VI,II,CLXXVII
Murytub,XXXIX,I,CLII,Denarius,VII,XIV,DCXXVIII
Munarg,XXXIX,XII,CIX,Quinarius,V,XXVIII,XCVI
Murytub,XXXIX,VIII,CXXI,Denarius,IX,XXI,DXXXV
Munarg,XXXVII,V,CXXXIX,Denarius,VII,XXVIII,CCCIII
Murytub,XXXVII,XII,CLVI,Aureus,V,IV,VI
Murytub,XXXVIII,IX,CVII,Denarius,VII,XXVII,DCXXVII
Muniv,XL,IV,XXXII,Quinarius,VIII,XIV,CVIII
Munarg,XXXV,I,CVII,Quinarius,VII,XXVII,CLXXI
Atamora,XXXVIII,II,XI,Quinarius,IV,V,MLXXVII
Murytub,XXXVIII,XII,CLXXIV,Aureus,IV,IV,VI
Murytub,XXXV,II,CXLV,Quinarius,VII,V,CCCLXXVII
Munarg,XXXVI,XI,CLVI,Denarius,IV,XIX,CCCX
Murytub,XXXV,IV,CXXXVII,Denarius,V,XXV,DCCXXIV
Murytub,XXXVIII,XII,CXLIX,Denarius,VI,II,DLXXVI
Munarg,XL,II,CLX,Aureus,V,XIX,IV
Munarg,XXXIX,XII,CLXIII,Denarius,VIII,XXVII,CCCLIX
Munarg,XXXVIII,I,CXXII,Quinarius,VI,XXVI,CXXIX
Munarg,XXXV,X,CXV,Aureus,VII,II,V
Murytub,XL,XI,CXXXIII,Denarius,IX,XXIV,DLXVIII
Murytub,XXXVIII,VIII,CXC,Denarius,VI,XXVI,DXCVI
Munarg,XXXVIII,I,CXIII,Denarius,IV,XXXI,CCLXXXVIII
Munarg,XXXV,II,CXCIX,Denarius,IV,II,CCCLVII
Muniv,XXXVII,XI,XXV,Quinarius,V,VIII,CLXXVI
Muniv,XXXVI,XI,XX,Quinarius,VII,XXVII,CLXIII
Murytub,XXXV,XII,CLIV,Quinarius,VII,XXVII,CCCXI
Murytub,XL,IX,CLXXXVI,Quinarius,VII,XXV,CXI
Murytub,XXXIX,IX,CLXXXV,Denarius,V,XVII,DCIV
Munarg,XL,XII,CLIV,Denarius,VII,IV,CDXIX
Munarg,XL,I,CXXXIII,Aureus,VII,XXV,IV
Munarg,XXXVII,III,CXXXVIII,Denarius,VI,VII,CCCLXXVI
Murytub,XXXVII,XI,CLIII,Denarius,V,XXI,DCXXI
Atamora,XXXVIII,IV,XI,Denarius,VIII,XXVIII,MMDXIII
Murytub,XXXVIII,II,CXCVI,Quinarius,VII,XXIV,CLXXXIII
Munarg,XXXV,VII,CLXXIV,Denarius,III,XVI,CCCLXXXIII
Munarg,XXXV,IV,C,Quinarius,IV,XII,CLXXIX
Munarg,XXXV,I,CLXXXIII,Denarius,VIII,II,CCCLXXXIX
Murytub,XXXVII,I,CXXXIX,Aureus,VII,XIV,VII
Munarg,XXXV,VII,CLI,Quinarius,VIII,XIX,CXCIX
Munarg,XXXV,VI,CLVI,Quinarius,VI,XVI,CXCIV
Murytub,XXXV,IV,CLXXX,Denarius,VIII,XXVIII,DCCXXV
Munarg,XXXV,VI,CXXXVII,Quinarius,V,XVII,CL
Suilis,XXXIX,VII,XIII,Denarius,V,XXIX,MMMCMLXXIII
Murytub,XL,IV,CLXXVII,Quinarius,VI,XXV,CXXVI
Murytub,XXXVIII,VII,CXXX,Denarius,VI,XXIII,DCXVIII
Murytub,XXXVIII,II,CXL,Denarius,VI,XXI,DCXLIX
Atamora,XXXVII,VIII,VII,Denarius,IV,XIX,MMDLXII
Murytub,XXXVIII,VI,CL,Quinarius,VIII,XVIII,CLXXXVIII
Muniv,XXXVIII,XI,XXV,Denarius,V,VIII,CDXCVI
Munarg,XXXVII,I,CLXXV,Quinarius,VIII,VIII,CXXXIX
Muniv,XXXVIII,VIII,XXIV,Aureus,X,XXIV,VI
Muniv,XXXVIII,XII,XXVIII,Denarius,IX,XVIII,CDLXXII
Munarg,XL,IX,CLXIX,Quinarius,IV,XXVIII,LXXXIV
Munarg,XXXIX,III,CXCV,Denarius,III,VIII,CCXXXVIII
Munarg,XXXIX,XI,CVII,Quinarius,VIII,XXVI,LXXXVIII
Suilis,XXXVII,I,X,Quinarius,VII,XX,MCCCLXIX
Murytub,XXXVII,IX,CLX,Denarius,V,I,DCCV
Murytub,XXXVII,IX,CXXII,Denarius,VII,VI,DXCVII
Munarg,XXXV,VIII,CLXXVII,Denarius,VI,XVII,CCCXIII
Munarg,XXXVIII,VIII,CLXVII,Denarius,IV,XIV,CCCLXXXVI
Murytub,XXXVI,II,CLVI,Denarius,VIII,XII,DCXCI
Murytub,XXXIX,XI,CC,Denarius,VII,XXX,DXXXV
Munarg,XXXIX,VII,CXVIII,Aureus,III,XXIII,IV
Munarg,XXXV,I,CXCV,Quinarius,VI,VIII,CCXXIV
Murytub,XXXIX,V,CLXV,Quinarius,VI,VI,CXXIX
Munarg,XL,XI,CXCI,Aureus,V,XXIII,III
Murytub,XXXVI,IX,CLXXV,Denarius,V,V,DCXLVI
Munarg,XL,IV,CXXX,Denarius,VIII,XIV,CLXXXVII
Munarg,XXXVII,I,CLXXIX,Quinarius,IV,II,CXXV
Murytub,XXXIX,IX,CLXXXIV,Aureus,VI,II,VI
Atamora,XXXVII,VIII,XI,Denarius,IV,XIX,MMCCCXII
Munarg,XXXIX,XI,CLXIII,Denarius,III,XVI,CCCLXXVI
Munarg,XXXIX,VI,CVII,Denarius,II,XXV,CCXL
Murytub,XXXVII,XI,CLXI,Aureus,IX,XXIII,VI
Murytub,XXXVIII,II,CLXXXVIII,Denarius,VII,XIX,DCXXXIX
Muniv,XXXVIII,X,XX,Denarius,X,XXI,DXXII
Murytub,XXXVI,V,CLI,Denarius,VII,IV,DCLXIV
Muniv,XXXIX,VI,XXIII,Aureus,V,VIII,IV
Murytub,XXXIX,X,CLXII,Denarius,VII,XV,DLXXXIII
Munarg,XXXVIII,XI,CXXVIII,Denarius,VII,XIII,CCLXI
Murytub,XXXVIII,VII,CLXIII,Denarius,VI,XXIV,DLXXIV
Munarg,XXXVIII,XII,CXXVIII,Denarius,V,I,CCCL
Muniv,XXXVIII,VIII,XXI,Denarius,IV,XIV,CDXCIV
Murytub,XXXV,II,CXXVII,Denarius,V,XIX,DCLXXVII
Munarg,XL,VII,CXII,Denarius,VIII,V,CCCLXVII
Muniv,XXXVII,V,XXV,Denarius,III,VI,DV
Munarg,XXXVII,X,CLII,Aureus,VI,XXII,IV
Munarg,XXXVI,IX,CLXVIII,Quinarius,V,XIV,CXX
Murytub,XXXV,XI,CLXXII,Denarius,VI,VIII,DCLXXXV
Munarg,XL,I,CLXXXV,Denarius,V,IV,CCXLVI
Murytub,XL,IV,CXXXI,Quinarius,VII,VI,CXXI
Muniv,XXXVII,VIII,XXVII,Denarius,VII,XI,DXVIII
Murytub,XXXIX,X,CLXII,Denarius,VIII,X,DCVII
Munarg,XXXIX,III,CXXIX,Denarius,VIII,XVII,CDLII
Munarg,XXXIX,XII,CIV,Quinarius,V,XXVIII,LX
Murytub,XL,V,CLVI,Denarius,VIII,X,DXLV
Munarg,XXXV,II,CXXIX,Denarius,V,XVI,CCCLVIII
Munarg,XXXVI,II,CXXXVI,Denarius,IV,XXVII,CCCXIX
Munarg,XXXVIII,IX,CXLIII,Denarius,II,XVI,CCXLVIII
Muniv,XXXVII,III,XXII,Quinarius,IV,X,CCXIII
Murytub,XXXVI,VI,CLXXX,Denarius,VIII,XII,DCLXVI
Muniv,XXXVIII,XI,XXVII,Denarius,VIII,X,CDLXXX
Munarg,XL,V,CXXVII,Denarius,VI,I,CDLXVIII
Munarg,XL,XII,CLIII,Denarius,III,XX,CCCXCIV
Murytub,XXXVI,IX,CLVI,Quinarius,VIII,XII,CCLII
Murytub,XXXV,XI,CLXXVIII,Denarius,V,XXIX,DCLXVIII
Munarg,XXXVII,VII,CLXI,Denarius,VI,IX,CCCLVIII
Muniv,XXXVI,V,XXIII,Denarius,VI,XIII,CDLIX
Murytub,XXXVI,VII,CLXV,Denarius,VII,XI,DCXCIII
Muniv,XXXV,VIII,XXVI,Denarius,VI,VII,CDXLIV
Munarg,XXXIX,III,CLXIII,Denarius,VI,III,CCCXC
Munarg,XXXV,XII,CXLIV,Quinarius,VI,XVI,CXXXVI
Munarg,XXXV,XI,CXXXI,Denarius,V,XIV,CCCLI
Murytub,XXXVI,VII,CXXXIII,Denarius,V,VIII,DCLXXII
Munarg,XXXIX,V,CLXXX,Aureus,VII,III,II
Suilis,XXXVIII,II,XIX,Aureus,V,VIII,XXXV
Murytub,XL,X,CLXII,Quinarius,VII,XVII,CXII
Suilis,XL,I,XXXVII,Aureus,VII,X,XXXVII
Munarg,XXXVIII,VIII,CXXI,Denarius,VII,XI,CDXLI
Munarg,XXXVIII,IX,CXLII,Denarius,V,XXIX,CDIV
Murytub,XXXVIII,I,CLXXXV,Denarius,VI,XXVI,DCXXVII
Munarg,XXXVI,VII,CLXXXII,Denarius,III,XXIV,CCLXXX
Murytub,XXXV,XII,XCVIII,Quinarius,VII,XIII,CCCIII
Muniv,XXXVI,IV,XXX,Quinarius,III,XXVI,CCXXXI
Murytub,XXXVIII,VI,LX,Denarius,VI,I,DLXXXI
Munarg,XXXVIII,VII,CLXVIII,Denarius,V,XIX,CCCLXII
Muniv,XXXVI,XII,XXIV,Denarius,VIII,XXIII,DXLV
Munarg,XXXVI,VI,CXLV,Denarius,VII,XVI,CCCXXXII
Munarg,XXXVII,VII,CLXI,Aureus,VII,XVIII,III
Munarg,XXXVII,XII,CLXXXVII,Denarius,V,XII,CCXLVIII
Murytub,XXXV,X,CLXXXVII,Denarius,VIII,I,DCLXXII
Murytub,XXXVIII,I,CXL,Denarius,III,XXI,DCXXXII
Muniv,XXXVIII,III,XXII,Quinarius,V,XVII,CXXXVII
Munarg,XXXV,VI,CLXXV,Denarius,IV,XXI,CCCXXXVI
Munarg,XXXVII,IV,CLXXXII,Quinarius,VI,XXV,CXXXIII
Munarg,XXXIX,VI,CXXI,Denarius,III,XXX,CCLXII
Muniv,XXXVI,II,XVIII,Denarius,IV,XXIX,DXVIII
Muniv,XL,V,XIV,Denarius,VII,XI,CDIX
Muniv,XXXVIII,XI,XX,Denarius,II,XXIV,CDLXXIII
Murytub,XXXVI,XI,CXLVII,Quinarius,VIII,XVII,CCLXVI
Munarg,XL,I,CXI,Denarius,VI,XII,CDXX
Munarg,XL,V,CXLV,Denarius,IV,XXII,CXCII
Munarg,XL,X,CLXXVIII,Denarius,VI,II,CCXXI
Munarg,XL,I,CXCIII,Denarius,VI,XXI,CCXIII
Murytub,XXXIX,V,CLXXXI,Denarius,III,XXV,DCXXX
Munarg,XXXVIII,X,CXXIV,Denarius,X,XXI,CCLVIII
Atamora,XXXIX,VI,IV,Aureus,V,XVIII,XXI
Munarg,XL,V,CXCIV,Denarius,IV,XXII,CCIX
Munarg,XXXIX,IV,CLXXXVIII,Aureus,V,I,IV
Muniv,XXXVIII,X,XXIX,Denarius,VII,XI,DVIII
Munarg,XXXVI,VIII,CXLVI,Quinarius,IX,X,CVI
Murytub,XXXVII,IX,CLVI,Denarius,VIII,XV,DCLXVI
Munarg,XL,X,CXCVIII,Quinarius,IV,XIX,XXXVIII
Murytub,XXXV,VIII,CLXXXVI,Denarius,VII,X,DCXXXIV
Murytub,XXXVII,II,CLXVII,Aureus,VI,XIII,VIII
Murytub,XXXVIII,XI,CLXII,Denarius,VI,V,DCLXXX
Muniv,XXXVII,VI,XVII,Denarius,V,XXII,CDXIV
Munarg,XL,V,CXII,Denarius,IX,III,CXCII
Munarg,XXXV,IX,C,Denarius,VII,IX,CCCXXXIV
Murytub,XXXVI,XII,CXXVII,Denarius,VI,X,DCXCV
Muniv,XXXIX,IX,XXIII,Quinarius,VI,V,C
Murytub,XXXVII,IX,CVI,Quinarius,VI,XXII,CCLXIX
Muniv,XXXIX,V,XXVI,Quinarius,VII,XX,CX
Murytub,XXXV,IV,CCV,Denarius,III,XVII,DCLXXXVIII
Munarg,XXXV,VII,CLVIII,Denarius,VI,XIV,CCCXXXI
Suilis,XXXIX,X,XXIV,Denarius,VII,XXI,MMMDCCCLXIV
Murytub,XL,IX,CXLI,Denarius,IV,IV,DLXXIX
Murytub,XL,VII,CXCV,Quinarius,VI,II,CXXXI
Murytub,XL,XII,CLXVII,Denarius,V,XXVI,DLXV
Munarg,XXXVI,VII,CLXXXIV,Denarius,V,I,CCCXXV
Munarg,XXXIX,III,CLII,Denarius,III,VIII,CDXL
Murytub,XXXV,VII,CLVIII,Denarius,IV,XXX,DCCXLII
Murytub,XXXVII,IV,CLXXVII,Denarius,IV,XIX,DCCCXCIII
Muniv,XXXV,VII,XX,Quinarius,VI,XXV,CCLXXXIII
Atamora,XXXV,XII,X,Denarius,V,II,MMDCCLXXIII
Murytub,XXXVI,V,CXVI,Denarius,III,XXII,DCXXIV
Munarg,XXXV,IX,CXCIII,Denarius,VII,XXIV,CCCLXXVII
Munarg,XXXV,XII,CLVI,Aureus,VII,XXVII,IV
Munarg,XXXVI,VII,CXIX,Denarius,IV,XX,CCCXXXVII
Munarg,XXXIX,VI,CXXXIII,Quinarius,VII,XXVII,CVIII
Muniv,XXXVIII,VI,XXIX,Quinarius,IX,VII,CXLVI
Muniv,XXXVIII,I,XXVII,Quinarius,III,XXI,CLVIII
Muniv,XXXVII,II,XXXII,Quinarius,VIII,XIX,CXCII
Munarg,XXXVII,II,CLXX,Denarius,VI,I,CCCXC
Murytub,XXXVII,III,CCXXI,Aureus,IV,XXIII,VII
Murytub,XXXVIII,IX,CLVI,Quinarius,II,XVI,CLIX
Murytub,XXXVI,III,CLXV,Denarius,VI,XXIX,DCLVII
Muniv,XXXIX,XII,XXIII,Denarius,VI,XXV,DIV
Murytub,XXXVII,IX,XCIV,Denarius,IV,XXVII,DCLXXXII
Munarg,XXXVII,VII,CXLIX,Denarius,V,XV,CCCLXXXVIII
Munarg,XXXV,II,CLIX,Denarius,VI,XXI,CCCLXVII
Muniv,XXXVIII,I,XXIII,Denarius,V,XIV,CDLXVI
Murytub,XXXVIII,I,CXXIV,Denarius,V,V,DCXXXVII
Murytub,XXXVII,VI,CII,Denarius,VII,IX,DCCCLXXVII
Munarg,XXXVII,VI,CXIII,Denarius,III,XXV,CCCXXVII
Muniv,XL,III,XXVII,Quinarius,VIII,XVIII,CIII
Murytub,XXXVII,II,CLV,Denarius,V,XVI,DCCXVII
Munarg,XXXVII,IX,CIII,Denarius,VIII,XV,CCLXIV
Munarg,XXXVIII,IV,CLVIII,Denarius,VIII,X,CCCLIV
Muniv,XXXIX,V,XXV,Denarius,VI,XVIII,CDLXVI
Munarg,XXXVI,XII,CXLIX,Quinarius,VI,XXII,CXV
Murytub,XXXV,IX,LXXXII,Denarius,VII,I,DCXLIX
Munarg,XXXVIII,VIII,CLXXXIV,Denarius,IV,XXV,CCLXXXVI
Munarg,XXXVIII,III,CL,Aureus,IX,XV,IV
Munarg,XXXVI,XII,CXLV,Quinarius,IV,XVIII,CLV
Murytub,XXXVII,VIII,XC,Aureus,VII,V,VII
Munarg,XXXIX,VII,CIV,Denarius,VIII,VII,CCXLII
Murytub,XXXV,XII,CLXXXI,Denarius,V,XII,DCLXXVII
Suilis,XXXIX,VI,XIII,Denarius,IV,XXIV,MMMDCLXXXIX
Munarg,XXXVII,XI,CXLIV,Denarius,V,XXIV,CCLXVI
Munarg,XL,I,CLXII,Quinarius,VII,XXXI,XLVII
Munarg,XXXVI,XII,CVII,Denarius,VI,I,CCLX
Murytub,XXXVI,III,CXLVI,Denarius,V,VI,DCLXIX
Murytub,XL,VII,CLXXV,Quinarius,VIII,XXI,CXXX
Murytub,XXXV,II,CLXXXI,Quinarius,X,XVII,CCCXXVIII
Suilis,XXXVIII,XII,XIV,Denarius,IV,IX,MMMDCCLXII
Murytub,XXXV,I,CLX,Aureus,VII,XIII,X
Munarg,XXXVI,VII,CXXVIII,Quinarius,V,III,CLV
Murytub,XXXVI,VII,CLXXXVI,Quinarius,V,XIV,CCXCII
Murytub,XL,I,CLXII,Quinarius,VI,XXIII,CXXXIV
Muniv,XXXVI,VII,XXX,Denarius,VII,XXIX,DLXXIX
Munarg,XXXV,X,CXIX,Denarius,IV,XXVII,CCCX
Muniv,XXXV,V,XXX,Denarius,IX,XXX,CDXCII
Munarg,XL,VIII,CLVIII,Denarius,V,XXVI,CCXXXI
Murytub,XXXVII,I,CXXIII,Quinarius,V,XXV,CCXLV
Murytub,XXXV,V,CLXX,Denarius,VIII,VII,DCLIV
Suilis,XXXIX,VI,XVI,Quinarius,V,XII,DCCCLXXVIII
Munarg,XXXV,IX,CXXIX,Aureus,VII,VIII,IV
Munarg,XXXVII,III,CLXXI,Denarius,VII,XXIV,CDXVI
Munarg,XL,II,CXCIX,Quinarius,V,XXV,XLIII
Muniv,XXXVII,X,XXVI,Denarius,V,XIII,CDLXII
Munarg,XL,XI,CXIX,Denarius,VI,XXVI,CCXXV
Murytub,XL,IX,CXCV,Quinarius,VII,XXV,CXII
Muniv,XL,XI,XXIV,Quinarius,VI,XXVI,XCV
Murytub,XXXVIII,II,CLII,Denarius,IX,XX,DCXVII
Munarg,XXXVII,X,CXVIII,Quinarius,VI,XXVII,XCVII
Murytub,XXXIX,IX,CXLIX,Denarius,IV,XIII,DLXV
Murytub,XXXIX,IX,CXXXVI,Denarius,IV,XIV,DCXXIX
Munarg,XXXV,II,CLXXIX,Denarius,VI,XII,CCCX
Murytub,XXXVIII,VI,CXII,Aureus,IV,IV,VII
Muniv,XXXVII,V,XXVII,Denarius,VII,XXI,DCXXXVI
Murytub,XXXVI,II,CLXXII,Denarius,VII,VI,DCC
Muniv,XXXVII,IX,XXVII,Denarius,VI,IX,DLVII
Murytub,XXXVII,XI,CXCIII,Denarius,V,XII,DCXVI
Munarg,XL,III,CXCIV,Aureus,VI,IX,II
Suilis,XXXVI,IX,XXXVII,Denarius,VI,XIX,MMMDIII
Muniv,XXXV,XII,XXII,Denarius,VII,XIII,CDXXXVII
Munarg,XXXV,VIII,CXXIX,Aureus,V,XXIII,V
Munarg,XL,III,CLVII,Denarius,VI,III,CCCXCVII
Muniv,XXXVI,VII,XXI,Denarius,V,XIV,CDXXXII
Murytub,XXXIX,IV,CX,Denarius,VIII,XIII,DLXXXI
Murytub,XXXIX,V,LXXXIII,Denarius,IX,IX,DCIX
Murytub,XXXV,II,CLVIII,Quinarius,VII,VI,CCCLXXXII
Muniv,XXXVII,III,XXIV,Denarius,VI,XI,DCXLII
Suilis,XXXVIII,IV,LXIV,Denarius,VI,XIII,MMMDXXXI
Munarg,XXXVI,II,CLIV,Quinarius,VI,VII,CXLV
Murytub,XXXV,X,CXXXIX,Quinarius,VII,XXV,CCCXVII
Murytub,XXXVII,VII,CXXVII,Quinarius,VII,XVIII,CCCXLV
Munarg,XXXVIII,IX,CXXXVI,Quinarius,V,XXIX,CVI
Munarg,XXXIX,XII,CLIII,Quinarius,V,XXX,LVIII
Atamora,XXXIX,XI,XIV,Denarius,V,XXIII,MMMCXCI
Munarg,XXXVI,III,CLIV,Denarius,IV,XIII,CCCXLV
Munarg,XXXV,IX,CXXXIII,Denarius,II,XXX,CCCXXX
Murytub,XXXVI,III,CXXII,Denarius,VI,X,DCXXIV
Muniv,XXXV,IV,XXVII,Quinarius,VIII,XXVIII,CCXIV
Munarg,XXXVIII,VI,CLXIX,Denarius,VI,XII,CDXXXII
Munarg,XXXVIII,XI,CLXXX,Quinarius,II,XXIV,CXXIII
Munarg,XL,IV,CLXXXIII,Quinarius,VIII,XIII,XXXIX
Murytub,XL,IV,CXXV,Denarius,V,XXVI,DXCIII
Murytub,XXXVIII,XII,LXXXIII,Aureus,VII,XXXI,V
Muniv,XXXVI,X,XVIII,Quinarius,VII,XXXI,CCXIII
Munarg,XXXVIII,XI,CI,Denarius,VI,XVII,CDLV
Munarg,XXXIX,I,CLIV,Denarius,IV,X,CCXXXV
Munarg,XXXIX,VIII,CLXVII,Aureus,IV,XXV,IV
Muniv,XXXV,III,XXXII,Denarius,VII,VI,CDXC
Muniv,XXXIX,V,XXIII,Aureus,VI,XII,V
Murytub,XXXIX,IX,CCXIV,Denarius,VI,XX,DXLIII
Munarg,XL,XII,CL,Denarius,VII,XIV,CDIV
Munarg,XXXVI,XI,CLXXXVI,Denarius,VIII,XXIX,CCCVIII
Murytub,XXXVIII,III,CXLIII,Denarius,V,I,DCXX
Muniv,XXXV,IV,XXIV,Denarius,IV,XIII,CDXXXV
Suilis,XXXVI,XI,XLV,Denarius,V,II,MMMDXXVIII
Murytub,XXXIX,IX,CXXIII,Quinarius,III,III,CXXX
Munarg,XXXVI,IX,CVII,Denarius,V,V,CCLXXIX
Munarg,XXXVIII,XI,CLXXIV,Denarius,VI,XXII,CDXXII
Murytub,XXXVIII,II,CLVI,Denarius,V,XXVIII,DCX
Murytub,XL,V,CXLII,Aureus,VI,XXXI,V
Murytub,XXXV,III,CLXX,Aureus,IX,II,IX
Munarg,XXXVII,VI,CXXXI,Aureus,IV,VIII,III
Suilis,XXXV,IV,XV,Denarius,VII,XIV,MMMCCCX
Murytub,XL,VI,XCIII,Denarius,V,XVIII,DXLVII
Munarg,XXXV,IX,CLXXXV,Quinarius,V,XVII,CLXIV
Murytub,XXXVIII,XII,CXXII,Aureus,IX,XXIII,V
Munarg,XL,XI,CXXIX,Denarius,IV,XVI,CCXVIII
Murytub,XXXIX,VIII,CLXII,Denarius,IV,XXV,DLXXXIV
Murytub,XXXVII,XI,CXL,Quinarius,IX,XVI,CCX
Atamora,XL,XI,VIII,Aureus,IV,XXIX,XXII
Muniv,XL,VIII,XXXI,Quinarius,IV,XX,CXXI
Munarg,XXXVI,VII,CLVIII,Aureus,VII,VI,IV
Muniv,XXXIX,III,XXV,Denarius,VI,II,CDLXXXI
Munarg,XXXVI,V,CLXXXVI,Quinarius,VI,XIII,CXXXVII
Atamora,XXXVII,III,VIII,Denarius,IV,XXIII,MMDCCCLV
Munarg,XXXVI,XI,C,Quinarius,VII,V,CXXXV
Murytub,XXXVIII,I,CCXXV,Quinarius,VI,VIII,CCVII
Munarg,XL,II,CLXXIII,Aureus,VII,XVIII,II
Murytub,XL,XII,CXXXVIII,Denarius,V,XXVIII,DLII
Munarg,XXXVII,V,CLXXXV,Denarius,VII,XXIX,CCLXVII
Murytub,XL,IV,CXXVIII,Quinarius,VII,VII,CXXIX
Murytub,XXXIX,I,CLXXIV,Denarius,VIII,XXIV,DCXII
Munarg,XXXVII,V,CLXXXI,Denarius,V,XXIV,CDII
Murytub,XXXV,III,CLXXXIX,Denarius,VI,XIV,DCCI
Murytub,XXXIX,I,CVII,Quinarius,VIII,VIII,CXLV
Munarg,XXXVI,V,CX,Aureus,VII,IV,IV
Munarg,XXXVIII,III,CVIII,Quinarius,VI,IX,CV
Muniv,XXXIX,X,XXIX,Denarius,V,I,CDLVI
Suilis,XXXVI,VI,XVIII,Denarius,VIII,XII,MMMDLXX
Murytub,XXXVII,VIII,CXLII,Denarius,VI,X,DCCXXIX
Muniv,XXXVIII,V,XX,Quinarius,IX,VII,CLXXXVI
Munarg,XL,VIII,CXC,Denarius,VII,XVII,CDXLVII
Munarg,XXXV,IV,CLXXXIX,Denarius,III,IX,CCCXXXVI
Murytub,XXXVII,IX,CIV,Quinarius,VII,X,CCLIX
Munarg,XXXV,IV,CLVII,Denarius,VIII,XXII,CCCVI
Murytub,XXXVI,I,CLII,Denarius,VI,XI,DCC
Murytub,XXXVI,VIII,CXXXVII,Denarius,IV,IX,DCLI
Munarg,XXXVI,XI,CIX,Aureus,VII,XIV,IV
Munarg,XL,VIII,CLXXXVIII,Denarius,VIII,XXIV,CLXXXVIII
Murytub,XXXVIII,I,CLXXXIII,Denarius,VI,VIII,DCIV
Murytub,XXXV,I,CXCV,Quinarius,VIII,XXVIII,CCCXCV
Murytub,XXXVII,XI,CXLII,Aureus,IV,II,VII
Munarg,XXXVII,X,CXVII,Quinarius,IX,XIX,CLVI
Munarg,XL,XI,CXXXVI,Denarius,VII,XXII,CCIII
Murytub,XXXVI,XII,CLXXXIV,Denarius,VIII,XII,DCCXIX
Suilis,XL,III,XLIV,Aureus,V,XXV,XXXVII
Munarg,XXXVII,XII,CXXX,Quinarius,VI,XXIV,CIX
Muniv,XXXV,II,XXXIV,Quinarius,VIII,XXV,CCC
Munarg,XXXVI,VI,CXVIII,Denarius,VII,XVI,CCLXXXII
Munarg,XXXVI,I,CXIII,Quinarius,V,IV,CLVI
Muniv,XXXV,VI,XXVII,Denarius,VI,X,CDL
Murytub,XXXVI,III,CLXIII,Quinarius,III,V,CCCVII
Atamora,XXXV,IX,VI,Denarius,VI,XII,MMMCCCL
Munarg,XXXVIII,IV,CXIII,Denarius,IV,XXVII,CCXL
Muniv,XXXV,VIII,XXII,Denarius,VII,XXX,DXXXVIII
Munarg,XXXVI,IX,CLV,Quinarius,VIII,XIII,CXXIX
Murytub,XXXVIII,VI,CLXXI,Denarius,VII,VI,DCIII
Murytub,XXXV,VIII,CXCVIII,Denarius,VII,XXX,DCLXXXIX
Suilis,XL,VI,XIV,Denarius,V,VIII,MMMMCLIV
Munarg,XXXVIII,XI,CLXII,Quinarius,VIII,X,LXII
Murytub,XXXVI,III,CLXX,Denarius,V,XV,DCLXXXI
Munarg,XXXIX,III,CLXXV,Denarius,IV,XXIV,CCX
Suilis,XXXVII,VIII,X,Denarius,VIII,IX,MMMCCC
Suilis,XXXIX,XI,XI,Denarius,VII,XXV,MMMCMXXIII
Munarg,XXXIX,IV,CXXVIII,Quinarius,VIII,X,XLVI
Murytub,XXXVII,VI,CXVI,Aureus,IV,XV,IX
Munarg,XL,III,CLXXI,Denarius,VI,XII,CDIII
Murytub,XXXIX,V,CLXXXVI,Quinarius,IV,XI,CXXX
Munarg,XXXVIII,XII,CXVIII,Denarius,IV,XIX,CCLXXIX
Muniv,XXXV,III,XXXI,Quinarius,IV,XXII,CCXLVII
Suilis,XXXVI,VIII,XLVII,Denarius,VII,III,MMMDLXIX
Murytub,XXXVII,VI,CXXIII,Quinarius,IV,XV,CCCLII
Munarg,XXXVI,IV,CXIII,Quinarius,VIII,XIV,CLX
Murytub,XXXV,I,CL,Quinarius,IV,XXXI,CCCLXVI
Murytub,XXXVIII,VIII,CLXXXV,Denarius,VII,XIX,DLXXVI
Munarg,XXXVI,V,CXXIV,Aureus,VI,XVI,III
Munarg,XXXVI,XII,CXXII,Quinarius,VI,XIX,CXXVI
Muniv,XXXV,V,XXIV,Denarius,V,XIX,CDLXXXIII
Munarg,XXXIX,V,CLXXXIV,Quinarius,VII,V,LXXXVI
Munarg,XXXV,XII,CLXXXIX,Denarius,VI,XVI,CCCXVIII
Murytub,XXXVI,II,CLXXVIII,Denarius,VI,XV,DCLII
Suilis,XXXVII,VII,XXII,Denarius,IV,III,MMMDXI
Murytub,XXXVIII,VII,CLXI,Denarius,V,XII,DCXIX
Munarg,XXXIX,XII,CXVIII,Denarius,VI,XX,CCXLIV
Munarg,XXXVII,II,CXXII,Quinarius,VIII,VII,CLXV
Munarg,XXXVIII,IV,CLXXVIII,Quinarius,V,XXX,CXVI
Murytub,XXXV,III,CXXXVIII,Denarius,IV,XIX,DCLXII
Murytub,XXXVIII,XII,CC,Denarius,VI,II,DLIV
Murytub,XXXVI,VI,CLVIII,Denarius,IV,XXV,DCXXX
Muniv,XXXVII,VIII,XXXIV,Denarius,VII,XI,DXIII
Munarg,XXXVII,V,CII,Denarius,VI,XVI,CCCLXI
Munarg,XL,V,CXCIII,Quinarius,VI,I,XLVI
Munarg,XL,III,CXXXIX,Denarius,VI,IV,CCCLXXVI
Murytub,XXXVI,V,CXLIII,Denarius,VI,XIII,DCLXII
Munarg,XXXIX,V,CXIII,Quinarius,VI,XVIII,XLIX
Munarg,XXXV,II,CVI,Quinarius,VII,V,CCXII
Murytub,XXXV,X,CLXXII,Aureus,VIII,I,IX
Murytub,XXXVII,V,CXLI,Denarius,VII,XXVIII,CMLXIX
Munarg,XXXVIII,III,CLXXXVIII,Denarius,V,VII,CCCXXXIX
Murytub,XXXVI,II,CCXV,Aureus,IV,XIII,VIII
Munarg,XXXIX,XII,CXV,Denarius,IV,IV,CDXXX
Munarg,XXXVI,IX,CLXXIV,Denarius,VI,I,CCLXXXIX
Suilis,XXXIX,III,X,Denarius,VI,XXIX,MMMCMXLVII
Atamora,XL,XII,XI,Quinarius,VII,XIV,DXIV
Munarg,XXXVII,VIII,CI,Aureus,VIII,IX,IV
Munarg,XXXIX,XI,CXXXVII,Quinarius,VI,XXII,LVII
Murytub,XXXV,XI,LXXXI,Denarius,V,XIII,DCLXX
Munarg,XL,VII,CXX,Aureus,VI,XII,IV
Munarg,XXXIX,IX,CLXV,Denarius,III,III,CCXXIV
Munarg,XXXVII,IV,CLXXVII,Denarius,VII,VIII,CCC
Munarg,XXXVII,V,CXLI,Denarius,V,XI,CCCXCVIII
Munarg,XXXVII,I,CLXXV,Denarius,IV,II,CCCII
Murytub,XXXVIII,V,CXXXVI,Denarius,V,XI,DLXXXIV
Munarg,XXXV,VII,CLXXXIII,Denarius,IV,XXIII,CCCLXXX
Munarg,XL,IX,CLXXIV,Aureus,VI,XXI,II
Murytub,XXXVII,XII,CXXXI,Denarius,V,IV,DCVII
Munarg,XXXVII,IX,CVIII,Denarius,VI,XXIX,CDXX
Munarg,XXXIX,III,CXLVII,Denarius,VI,XVI,CCXXXVII
Munarg,XXXVII,III,CXXXVIII,Denarius,V,IX,CCLXX
Muniv,XXXVIII,X,XXV,Denarius,V,XX,DXLVI
Munarg,XXXVI,XI,CXXI,Quinarius,IV,VI,CLXVI
Muniv,XXXVI,IX,XXX,Denarius,VIII,XII,CDLXVIII
Murytub,XXXV,VII,CCXIX,Denarius,IV,XXX,DCCVII
Muniv,XXXV,IX,XXI,Denarius,VII,IX,DVI
Muniv,XXXVI,IX,XXXV,Denarius,X,XVII,CDLXIII
Munarg,XL,III,CXXXVIII,Denarius,VII,XXVII,CXCII
Murytub,XXXV,XII,CVII,Aureus,VII,VII,VIII
Munarg,XXXV,XII,CXXI,Quinarius,VI,XXVI,CLXVII
Munarg,XXXVII,III,CXXIX,Denarius,IX,VI,CCCI
Munarg,XXXVII,VI,CXX,Quinarius,VII,XXVII,CXXVIII
Muniv,XXXIX,III,XXI,Denarius,VI,XV,CDLXVIII
Murytub,XXXIX,X,CLXI,Quinarius,VII,IV,CXXII
Muniv,XXXVII,IV,XXVI,Quinarius,VIII,XVII,CCXXVII
Muniv,XXXVII,V,XXVIII,Aureus,V,XXIV,VI
Muniv,XXXVII,VIII,XXXII,Denarius,VII,XIII,CDLXX
Munarg,XXXIX,VIII,CXLIV,Quinarius,IV,III,LVII
Munarg,XL,III,CXL,Denarius,V,XIV,CDXLI
Murytub,XXXV,I,CLXXIII,Denarius,IV,XVII,DCCXIX
Munarg,XXXVII,XI,CXIII,Denarius,V,XII,CCXLVII
Munarg,XXXVIII,VII,CLXXVIII,Denarius,V,XIX,CCCXCVI
Murytub,XXXIX,VII,CIII,Denarius,VII,II,DCVIII
Murytub,XXXVIII,VII,CLXXV,Aureus,VI,II,VI
Suilis,XXXVII,VII,X,Quinarius,VII,VIII,MCCL
Murytub,XXXV,III,CLXI,Denarius,VII,IV,DCLXXXIX
Murytub,XXXIX,V,CLIX,Denarius,VII,XIX,DLXXXVIII
Murytub,XXXVIII,VII,CXXXV,Denarius,VIII,XXVII,DLIV
Munarg,XL,VIII,CVII,Denarius,V,XXI,CCVIII
Munarg,XXXVII,V,CLXXXIII,Denarius,III,VIII,CCLVII
Munarg,XXXVIII,XI,CLIV,Quinarius,V,XXX,LXIV
Munarg,XXXVIII,XI,CLX,Quinarius,VIII,XIX,LXII
Munarg,XXXVI,IX,CLIII,Denarius,VI,III,CCLXXXIV
Atamora,XXXVII,XI,IX,Denarius,V,IV,MMDCCX
Suilis,XL,IX,XI,Aureus,IV,IV,XXXIII
Munarg,XXXIX,XI,CXIII,Aureus,VI,XII,IV
Munarg,XXXIX,III,CXLI,Quinarius,VI,II,XCII
Muniv,XXXIX,VIII,XXXII,Denarius,V,VIII,CDXCIX
Muniv,XXXVII,IX,XV,Denarius,VI,XXIV,DXXXVIII
Murytub,XL,IX,CXLI,Quinarius,VII,XXII,CXVII
Murytub,XXXV,I,CXLII,Quinarius,V,V,CDIX
Munarg,XXXVII,IX,CLXIV,Denarius,V,IV,CCLXXV
Muniv,XXXVIII,IV,XXVI,Denarius,VI,VI,DL
Murytub,XXXVIII,VIII,CLVII,Quinarius,VIII,X,CLXXXVII
Munarg,XXXIX,IX,CXCI,Denarius,IX,XXIV,CCI
Munarg,XXXVII,VI,CLXXXI,Denarius,VI,I,CCCXX
Murytub,XXXVI,V,CXXXIII,Denarius,III,X,DCLXXIII
Muniv,XXXV,X,XXV,Denarius,V,XIV,CDLXIV
Murytub,XL,IV,CXXXI,Denarius,VII,VII,DL
Atamora,XXXVIII,XI,XIV,Denarius,V,IX,MMCCCLXXXII
Munarg,XXXVII,VII,CXXVIII,Denarius,VII,XXIII,CCLXIX
Murytub,XXXVIII,III,CXXXIV,Denarius,VI,II,DCXXIX
Murytub,XXXVI,VIII,CX,Denarius,V,V,DCLVIII
Munarg,XL,III,CLXXXIII,Aureus,V,XXI,IV
Murytub,XXXV,I,CII,Quinarius,V,XVIII,CCCLXXXIX
Muniv,XXXV,IX,XXVII,Denarius,VII,IX,DLVIII
Murytub,XXXVI,XI,CLII,Quinarius,VII,XXVI,CCLIV
Munarg,XXXV,VI,CXIV,Quinarius,VIII,VII,CLXXIII
Murytub,XXXVII,X,CLII,Quinarius,VII,XXIII,CCXXXIV
Munarg,XXXVI,IX,CXCV,Quinarius,VIII,XVI,CLIX
Murytub,XXXV,IX,CXCI,Denarius,V,V,DCXXI
Murytub,XXXV,I,XCVII,Quinarius,VI,VIII,CCCLXXXVIII
Munarg,XXXVI,XII,CXCVII,Quinarius,VI,I,CXIII
Suilis,XL,IX,XVII,Quinarius,V,X,DCCCXXVII
Munarg,XXXVI,V,CX,Denarius,VII,V,CDIV
Munarg,XXXIX,IV,CXV,Denarius,VII,XIX,CCLXV
Muniv,XXXVIII,X,XXXV,Quinarius,VII,XII,CXL
Munarg,XL,IV,CXI,Denarius,V,XI,CCXV
Murytub,XXXV,I,CXIX,Denarius,IV,XVII,DCCII
Suilis,XXXVII,XI,XI,Denarius,V,VI,MMMDCL
Munarg,XXXVI,VIII,CL,Denarius,IV,II,CCCII
Murytub,XXXIX,V,CII,Denarius,VII,XIV,DLXVI
Muniv,XL,XI,XXV,Quinarius,VII,XIX,CX
Munarg,XL,X,CXI,Aureus,VII,XX,III
Munarg,XL,IV,CLXII,Denarius,VII,VIII,CDXVIII
Muniv,XXXIX,IX,XXXII,Denarius,VI,XXVII,DLVIII
Murytub,XXXV,XII,LXXXII,Aureus,VIII,XVIII,IX
Muniv,XL,VII,XXIII,Quinarius,V,XVII,CXI
Suilis,XXXVI,VII,XV,Quinarius,V,XXV,MCCCLXI
Munarg,XXXV,XII,CLXXIII,Quinarius,VIII,XIX,CLXII
Munarg,XXXVIII,IV,CLXI,Denarius,VII,XI,CCLIII
Munarg,XL,I,CXLII,Denarius,VII,II,CCXLVI
Muniv,XXXVII,IV,XV,Denarius,VII,XXVIII,DLXXX
Suilis,XXXVII,VI,XVI,Denarius,VIII,XI,MMMDCXXI
Suilis,XL,IX,XIX,Denarius,V,XXIII,MMMMXLVI
Muniv,XXXIX,X,XXXVII,Denarius,VI,II,DXVII
Munarg,XXXVI,VI,CXVII,Quinarius,VII,XXIV,CL
Murytub,XL,VI,CLXVIII,Denarius,IV,XXVIII,DLXXIII
Suilis,XXXV,V,XV,Denarius,IX,XXVIII,MMMCX
Muniv,XXXV,III,XXI,Denarius,V,XXX,CDXXVIII
Muniv,XL,III,XXII,Denarius,IX,XIII,CDXI
Munarg,XXXVII,VII,CLXIX,Denarius,V,XV,CCCXLVIII
Munarg,XXXVII,II,CLXIV,Denarius,V,XV,CCCVI
Murytub,XXXVI,III,LXIII,Quinarius,IV,XXI,CCLXXV
Suilis,XL,XI,LV,Denarius,VI,I,MMMMCLIV
Murytub,XXXVII,IX,CLXIV,Quinarius,VIII,XV,CCXLI
Munarg,XXXIX,XI,CXXIV,Denarius,VII,I,CCXXI
Muniv,XXXIX,XI,XXVIII,Quinarius,III,VII,XCVII
Munarg,XXXIX,VIII,CVIII,Denarius,V,I,CDXX
Murytub,XXXV,II,CXXIII,Denarius,V,III,DCXLVIII
Munarg,XL,IX,CXLVIII,Quinarius,VI,XX,L
Murytub,XXXVII,VI,CLXXXVIII,Quinarius,IV,XX,CCCXL
Muniv,XXXVI,XI,XIX,Quinarius,III,XXV,CXCII
Munarg,XXXV,XI,CXCVIII,Denarius,V,XIV,CCCLXXXIII
Murytub,XL,VIII,CXLVI,Quinarius,VI,VII,CXXV
Munarg,XXXVI,III,CLXIX,Quinarius,V,XX,CLXIX
Murytub,XXXV,XII,CLVII,Denarius,VIII,XXIV,DCXXI
Atamora,XXXV,VII,XI,Denarius,VII,III,MMMXCVI
Munarg,XL,VIII,CIII,Denarius,III,XXVII,CDLII
Murytub,XXXIX,IX,CLV,Denarius,V,XXI,DLXXXIX
Murytub,XL,VIII,CLVII,Aureus,IV,XIV,V
Suilis,XXXVI,I,LIV,Denarius,IX,XXXI,MMMCLXXXVII
Murytub,XL,IX,CXLVI,Quinarius,III,XVII,CXIV
Munarg,XXXV,VIII,CXXVII,Denarius,VI,XXXI,CCCLXXVI
Munarg,XXXIX,VI,CXCVI,Denarius,II,X,CDLVII
Murytub,XL,VII,CXX,Denarius,V,XXII,DXXXVI
Munarg,XXXVII,IX,C,Quinarius,VI,XXII,CIX
Munarg,XXXIX,VIII,CLII,Quinarius,VIII,XV,XCV
Munarg,XXXVII,II,CLXI,Quinarius,IV,II,CXXXIII
Murytub,XL,VIII,XCVIII,Denarius,III,X,DLXXXII
Muniv,XL,X,XXI,Denarius,IX,XXIV,CDLXXXII
Murytub,XXXVIII,IX,CXLIII,Denarius,X,XIV,DLXIII
Murytub,XXXIX,VI,CXXVI,Denarius,V,I,DLVII
Murytub,XL,IX,CLXXIV,Quinarius,IV,XXVIII,CXVIII
Muniv,XXXIX,VII,XXIV,Quinarius,VIII,XIX,CV
Murytub,XL,III,CLXXXII,Denarius,VII,II,DLIX
Munarg,XXXVII,X,CXII,Quinarius,VII,XXIII,CXXXIII
Munarg,XXXV,IX,CLXXXV,Aureus,VI,XI,V
Murytub,XL,I,CXLIV,Denarius,V,XVI,DLXXI
Murytub,XXXVIII,III,CLXXIX,Denarius,VI,XX,DCVII
Munarg,XXXVII,VIII,CXXVI,Quinarius,IV,XIX,CLXVI
Munarg,XXXIX,IV,CLXXVI,Denarius,VII,XIX,CCLII
Murytub,XL,V,CLII,Aureus,IX,III,V
Munarg,XXXVI,III,CXCI,Quinarius,IV,XIII,CXXIX
Munarg,XXXVI,IV,CLXXXV,Quinarius,VIII,XIII,CXXXIV
Munarg,XXXVII,VI,CLXXXIII,Quinarius,VII,XVI,CIX
Munarg,XXXVIII,II,CLXXXI,Quinarius,VIII,X,XCIV
Murytub,XXXVI,V,CXLII,Denarius,VI,XIII,DCLXIII
Murytub,XXXVI,VII,CCXI,Denarius,IV,V,DCXLVIII
Murytub,XXXV,V,CLV,Denarius,IV,XVI,DCLXXXIV
Muniv,XXXVIII,II,XXV,Denarius,VII,XXVI,DLXXXVII
Muniv,XXXV,IX,XXXII,Denarius,VI,VII,DXXXVII
Suilis,XXXVII,X,XXII,Quinarius,V,VI,MCCCLXXX
Murytub,XXXVIII,V,CXXVIII,Denarius,VII,II,DCXIII
Murytub,XXXVIII,II,CLIX,Denarius,IV,XVI,DCXXIII
Suilis,XL,IV,XXXVIII,Quinarius,V,XXVI,DCCXCVIII
Suilis,XXXVI,IV,XVIII,Quinarius,IV,XV,MDXCII
Murytub,XXXVII,XII,CLXX,Denarius,III,XVI,DCXLVII
Munarg,XXXVII,V,CLXIX,Denarius,VIII,XXII,CCCXLII
Munarg,XXXIX,VI,CII,Aureus,VIII,XX,IV
Munarg,XXXVII,V,CXXX,Denarius,VII,XXI,CCLIV
Munarg,XXXVI,IX,CXLVIII,Denarius,V,VI,CCCXXXVI
Munarg,XXXV,IV,CLIV,Denarius,IV,III,CCCXXI
Murytub,XL,VIII,CXXXIII,Denarius,VI,XI,DXLI
Murytub,XXXIX,XII,CCI,Quinarius,V,XXI,CXLI
Murytub,XXXIX,X,CXXXVII,Quinarius,VI,III,CXX
Munarg,XXXIX,XII,CXIX,Denarius,IV,VIII,CDXVI
Muniv,XXXIX,I,XXIII,Denarius,VIII,XX,CDLXXVI
Muniv,XXXIX,IX,XVIII,Denarius,V,XXII,DXXXIII
Murytub,XXXVII,XI,CLVIII,Denarius,IX,XXIII,DCXXVIII
Munarg,XXXVIII,XI,CLXXXIII,Denarius,V,I,CCLXXXIII
Munarg,XXXVI,IV,CLVII,Denarius,VI,XXIX,CCCXLIV
Murytub,XXXVIII,VII,CVII,Denarius,VI,XXIII,DCXXVI
Murytub,XXXIX,V,CLXXXII,Denarius,IV,XXI,DLXXV
Murytub,XXXVII,IV,CXLVIII,Aureus,VI,V,IX
Murytub,XXXVI,XII,CXLIII,Denarius,I,II,DCLX
Munarg,XL,I,CXI,Denarius,III,XXVIII,CDLXXII
Murytub,XXXVIII,X,CLXXIII,Denarius,III,XVII,DXCVII
Suilis,XL,XII,XXIX,Denarius,VI,XXV,MMMMCXLIII
Murytub,XXXIX,III,CXCIX,Aureus,VI,XXXI,VI
Munarg,XXXV,IV,CXXVI,Quinarius,VII,XIV,CLXXIII
Muniv,XXXVIII,XII,XXXI,Quinarius,XI,XV,CXXXVIII
Murytub,XXXVII,IX,CXXIV,Denarius,VI,XXIII,DCLXXXIII
Munarg,XXXVII,I,CXXVIII,Quinarius,VI,XI,C
Munarg,XL,VIII,CXXIII,Denarius,IV,XX,CDV
Murytub,XXXV,XI,CLXXII,Quinarius,VII,III,CCCLI
Murytub,XL,VIII,CLIII,Denarius,VIII,XXIII,DLXVIII
Munarg,XXXVII,XII,CLXXXVI,Denarius,VII,IX,CCCLXIV
Murytub,XXXIX,III,CXL,Denarius,VIII,IV,DLXXII
Atamora,XL,IX,XIII,Quinarius,III,XIV,DCXXV
Muniv,XXXVII,XII,XXXII,Aureus,VIII,XIV,V
Muniv,XXXIX,III,XXVI,Aureus,IX,I,V
Murytub,XXXVIII,I,CLXXXVIII,Denarius,VI,IX,DLXXV
Atamora,XXXVII,I,XI,Denarius,IV,XII,MMMCDLIV
Suilis,XL,VI,XII,Quinarius,V,XXV,CMLX
Muniv,XXXIX,III,XXIV,Denarius,VIII,IV,DXCVII
Muniv,XXXVIII,VIII,XXVI,Denarius,VI,XX,CDLVII
Murytub,XL,XI,CXVI,Aureus,IX,XII,IV
Munarg,XXXVII,VIII,CXXVIII,Denarius,IV,VII,CCCLIII
Munarg,XXXVI,XI,CLIV,Denarius,VI,XXX,CDXIV
Munarg,XXXVI,V,CXXXV,Denarius,VI,XV,CCCXXV
Munarg,XXXVIII,V,CLII,Denarius,IX,XXIV,CCXXVIII
Muniv,XXXVI,VII,XXVI,Denarius,V,I,DXXX
Suilis,XXXVI,VIII,XXVII,Denarius,V,XXX,MMMCCCXCIV
Munarg,XXXV,XI,CXII,Quinarius,III,V,CLXXI
Muniv,XXXVII,V,XXXI,Denarius,VI,XIII,DXXIII
Murytub,XL,X,CLXIII,Quinarius,VII,XX,XCVI
Munarg,XXXIX,XII,CLXXXVII,Denarius,V,VI,CC
Munarg,XXXV,VIII,CXLVIII,Denarius,VI,XII,CCCXCIV
Munarg,XXXVIII,XI,CXCII,Denarius,VI,XVII,CCLXXI
Muniv,XL,I,XXII,Aureus,VII,XIX,IV
Munarg,XXXVI,VIII,CLXX,Denarius,VIII,VIII,CCCXXI
Murytub,XL,IV,CLXXVIII,Denarius,IV,IX,DLXIII
Munarg,XXXV,IX,CXXXVII,Aureus,VI,XI,V
Murytub,XXXVII,III,CX,Denarius,VI,I,DCLXXIII
Muniv,XXXVI,X,XXIX,Quinarius,VIII,XIII,CXXXV
Muniv,XXXV,XI,XXIX,Quinarius,VI,XI,CCLXV
Murytub,XXXVI,VIII,CLIII,Denarius,V,XV,DCXL
Murytub,XXXV,V,CXXXVII,Denarius,V,II,DCCXXXIV
Murytub,XXXIX,XI,CXVI,Quinarius,VI,XII,CXXXVIII
Muniv,XXXVIII,VII,XXIX,Denarius,VII,VII,CDLIV
Munarg,XXXVI,VI,CXIV,Denarius,VIII,I,CCCXXIX
Muniv,XXXV,IX,XXVI,Denarius,V,XIX,CDLI
Munarg,XXXVIII,VII,CLXXXIV,Denarius,V,XIX,CCLVI
Murytub,XXXVIII,III,CXXXVII,Denarius,V,X,DLXXVIII
Munarg,XXXVII,V,CLXXV,Denarius,VI,XIII,CDXXIII
Munarg,XXXIX,V,C,Denarius,VI,XXIX,CCXXXVII
Muniv,XXXVIII,VIII,XVII,Denarius,VI,XII,D
Munarg,XXXIX,VII,CIV,Quinarius,VII,XI,XCV
Munarg,XXXV,V,CXLV,Denarius,IX,XXVIII,CCCXXXV
Murytub,XXXIX,VI,XCIII,Denarius,VII,XXVII,DXLI
Munarg,XXXIX,V,CLXXIV,Denarius,VI,II,CCXXI
Munarg,XXXVIII,IX,CXXVIII,Quinarius,VII,XXVII,CXXI
Murytub,XXXV,II,CLIX,Quinarius,IV,X,CCCLXII
Murytub,XXXVI,XI,CLII,Quinarius,VI,XXX,CCLXVIII
Murytub,XXXIX,I,CXXXII,Quinarius,VIII,IV,CXLVIII
Muniv,XXXIX,XI,XXII,Quinarius,VI,XIX,CIX
Munarg,XXXVIII,I,CLX,Aureus,IV,XXXI,IV
Munarg,XXXVII,XI,CXIII,Denarius,VII,XXX,CCC
Munarg,XXXVI,III,CLXXXII,Denarius,IX,XIV,CCCVII
Munarg,XXXVIII,XII,CXXVII,Quinarius,IV,IX,LX
Munarg,XXXVII,I,CIII,Denarius,VII,XX,CCLVII
Munarg,XXXVIII,IX,CXVII,Denarius,V,XXI,CDIII
Murytub,XXXVI,IV,CL,Denarius,IV,X,DCXCVI
Munarg,XXXVI,III,CLXXXVI,Denarius,IV,XIII,CCCI
Munarg,XL,III,CLXIII,Denarius,VI,VIII,CCIII
Munarg,XXXIX,VIII,CLXV,Quinarius,IV,XXV,XCII
Muniv,XXXVI,VII,XXII,Quinarius,V,I,CXCV
Munarg,XL,VIII,CLXXI,Quinarius,VII,XVII,CIII
Muniv,XL,I,XXVI,Aureus,VII,XXX,IV
Murytub,XXXVIII,XI,CLXXXI,Quinarius,IV,XV,CLX
Munarg,XXXVII,II,CLXXXIX,Denarius,VIII,VII,CCLXXIV
Munarg,XL,IV,CXV,Denarius,V,XI,CCCLXVII
Murytub,XL,V,CLXX,Denarius,IV,XIII,DLXXVIII
Munarg,XXXVI,VI,CXIV,Denarius,VIII,III,CCCXXX
Munarg,XXXIX,IV,CXXIII,Denarius,III,IX,CCCLXXXVII
Murytub,XXXVI,I,XCII,Denarius,IV,XXX,DCLXXXI
Munarg,XXXIX,I,CXX,Denarius,VII,XV,CDXIII
Murytub,XXXVII,VI,CLV,Quinarius,V,XXVIII,CCCL
Munarg,XXXVI,IV,CXVI,Quinarius,VII,II,CLVI
Murytub,XXXV,XI,CLXVII,Denarius,VII,XVIII,DCXCIII
Munarg,XXXV,X,CXLIII,Quinarius,III,III,CLXXII
Munarg,XXXVII,I,CXII,Denarius,X,XXIX,CCCLIX
Muniv,XXXVI,VI,XXVII,Denarius,V,II,DLIII
Murytub,XXXVI,IV,CXVIII,Denarius,IV,VI,DCLXV
Muniv,XXXVII,II,XXV,Aureus,IV,XVIII,V
Munarg,XXXVIII,III,CLXVI,Denarius,VI,VIII,CDXXXIV
Muniv,XXXV,III,XXV,Aureus,VII,VI,VI
Murytub,XXXVI,V,CLXII,Denarius,VIII,III,DCLVI
Munarg,XXXVIII,VI,CXLV,Quinarius,V,XXIX,LXXIX
Murytub,XXXVIII,VII,CXXV,Quinarius,VIII,IV,CLXXIII
Munarg,XXXIX,X,CXL,Aureus,VI,XX,IV
Munarg,XXXVIII,XI,CLI,Denarius,VI,V,CCXXV
Murytub,XL,V,CIX,Quinarius,V,XXIV,CXII
Murytub,XXXIX,VII,CLXI,Denarius,VI,XX,DLXII
Murytub,XXXVII,VI,CXLIX,Quinarius,III,XXIV,CCCXXXIV
Muniv,XXXVII,III,XXI,Denarius,VII,VIII,DXXXIV
Murytub,XXXVI,X,CLXIII,Denarius,VII,XVI,DCLXXXI
Murytub,XXXVII,X,CLI,Denarius,VI,XXVI,DCXLIII
Murytub,XXXVI,VII,CLII,Quinarius,V,XXVIII,CCLXXXIV
Murytub,XXXVII,IX,CLXI,Aureus,VII,VIII,VII
Murytub,XXXVI,VIII,CXXIV,Quinarius,II,XXVI,CCXXXIX
Murytub,XXXV,X,CLIX,Denarius,VII,XXV,DCXXXVIII
Munarg,XXXVII,VII,CLVI,Quinarius,IV,II,CI
Murytub,XXXVI,V,CXXXVIII,Denarius,II,XVII,DCXXX
Murytub,XXXVI,V,CXVI,Denarius,VII,V,DCCXV
Munarg,XL,VI,CLXXXIII,Quinarius,VII,VI,CIV
Muniv,XXXIX,I,XXVI,Denarius,VII,VI,CDLXXXIII
Muniv,XXXVII,X,XXX,Quinarius,V,XIII,CXCVI
Munarg,XXXIX,VII,CLX,Quinarius,VIII,XXVI,CX
Suilis,XXXIX,I,XXXII,Quinarius,VII,XXXI,DCCCXXXII
Muniv,XL,XI,XXVI,Denarius,V,XXIII,CDLVII
Munarg,XXXVII,III,CX,Denarius,V,XVIII,CDIII
Muniv,XXXV,X,XXVI,Aureus,IV,XVI,VIII
Muniv,XXXVI,III,XXIV,Denarius,IV,XVI,CDXCI
Murytub,XXXVI,VI,CXXXIX,Quinarius,VIII,XII,CCLXXVI
Munarg,XXXVIII,III,CLVII,Denarius,VII,IV,CCXCII
Suilis,XXXVII,V,XLVII,Quinarius,V,XXIV,MCCCXXV
Munarg,XXXVII,X,CLXXXVIII,Aureus,VII,XXV,II
Murytub,XXXVI,IX,CLV,Denarius,IV,XXVI,DCLXXX
Murytub,XL,I,CLXI,Denarius,III,XXVIII,DL
Muniv,XXXVIII,III,XX,Denarius,V,XXVI,DLXX
Murytub,XXXVI,VIII,CLXVI,Quinarius,VI,XXIV,CCLVI
Muniv,XXXIX,III,XXX,Denarius,VII,XII,DCXVII
Munarg,XXXVIII,VIII,CIV,Quinarius,VI,XX,CXVII
Munarg,XXXVII,XII,CXXXII,Quinarius,VI,XXIV,XC
Muniv,XL,II,XXIX,Denarius,VI,XXVII,DV
Munarg,XXXIX,III,CXCIII,Denarius,IX,XIX,CCXXXII
Muniv,XL,VII,XXIX,Denarius,VI,XI,CDLXXXII
Atamora,XXXVII,X,VIII,Denarius,IX,XX,MMMCCLX
Muniv,XXXVI,IX,XIX,Quinarius,V,VI,CLXXXVIII
Murytub,XXXVIII,IX,LXXXI,Quinarius,VII,XVIII,CXLVIII
Munarg,XXXIX,I,CLXXXVI,Aureus,V,XXX,II
Muniv,XL,IV,XXIX,Denarius,VI,XXII,CDLVII
Murytub,XXXIX,X,CXII,Denarius,VII,XXXI,DCXXXVIII
Atamora,XXXVIII,XII,VIII,Denarius,VII,XXIV,MMCMXLVIII
Suilis,XL,VI,LXXX,Denarius,V,XII,MMMCMIV
Munarg,XXXVIII,III,CXCVII,Denarius,IV,XXIX,CCLXXV
Munarg,XXXVI,V,CLXV,Denarius,VII,VII,CCCXXVI
Muniv,XXXVIII,II,XXIV,Denarius,VIII,VII,DXIX
Munarg,XXXVIII,III,CXXII,Denarius,V,VII,CCLXIV
Muniv,XXXV,IV,XXX,Quinarius,VI,XXVI,CCLXXXII
Murytub,XXXVIII,I,CLXXXVI,Aureus,VIII,XXV,VI
Suilis,XXXVI,VIII,LIX,Denarius,VI,VI,MMMDVII
Muniv,XL,IX,XXVII,Aureus,V,XVI,IV
Munarg,XXXV,III,CXVI,Denarius,V,XXX,CCCLXXIX
Murytub,XL,IX,CXXXVII,Quinarius,VII,XXVI,CXIII
Murytub,XL,VII,CLVII,Quinarius,V,XIII,CXXVIII
Muniv,XL,XII,XXIX,Denarius,VI,XXIX,CDLXXXVIII
Munarg,XXXVII,X,CXCVI,Denarius,VII,XXV,CDXIII
Murytub,XXXVIII,IX,CXLV,Denarius,V,III,DXCIII
Munarg,XXXIX,VII,CXXIX,Aureus,IV,XXI,III
Munarg,XXXVI,XI,CIV,Quinarius,VII,XXIII,CXLIX
Murytub,XXXV,VI,CCVIII,Denarius,VI,IX,DCLXXXVI
Murytub,XLI,I,CXL,Denarius,VI,I,DXXXVI
Munarg,XXXIX,X,CXXII,Denarius,VIII,X,CCIX
Muniv,XXXVI,IX,XXX,Denarius,VIII,XII,DVIII
Muniv,XXXIX,VIII,XXXIII,Aureus,V,VII,V
Muniv,XXXVI,X,XXVII,Denarius,VI,VIII,DLXXVIII
Murytub,XXXVII,IX,CXXIV,Denarius,VI,XIV,DCCXXXI
Munarg,XXXVIII,II,CLVII,Denarius,VIII,VII,CCXCII
Muniv,XL,XI,XXIV,Denarius,V,XV,DXCII
Muniv,XXXVI,VI,XXI,Denarius,VII,XXIV,CDXCIII
Murytub,XXXVI,IX,CLIV,Denarius,X,XVII,DCCVI
Munarg,XXXIX,IX,CLXXV,Aureus,IX,IV,II
Munarg,XXXIX,III,CLXXI,Quinarius,VI,XXXI,LVII
Munarg,XL,IX,CXXVII,Quinarius,IX,XI,XXXIX
Munarg,XXXVIII,XI,CII,Denarius,V,VIII,CCLXX
Muniv,XXXIX,IV,XXVI,Denarius,VII,XIX,CDLXII
Murytub,XXXIX,IV,CXXV,Denarius,V,XXII,DLXXII
Munarg,XXXV,I,CLXXIV,Quinarius,V,XXV,CCIX
Murytub,XXXIX,IV,CX,Denarius,VII,II,DCXI
Murytub,XXXVIII,II,CLXXVII,Aureus,V,XXVII,VI
Murytub,XXXVIII,VIII,CXXXI,Denarius,X,XXIV,DCXIX
Munarg,XXXVIII,X,CXCVII,Quinarius,X,XXI,CXXIV
Muniv,XXXVII,IV,XXIV,Denarius,VIII,III,DLXXI
Muniv,XXXIX,VIII,XX,Quinarius,VII,VI,CXLIV
Murytub,XXXVIII,I,CXXXVI,Denarius,VII,XXII,DCXXIII
Murytub,XL,XII,CXL,Quinarius,VI,XVI,XCVI
Murytub,XXXVII,VI,CXXX,Quinarius,VI,XVII,CCCLXX
Murytub,XXXV,IV,CLXIV,Quinarius,VIII,XXII,CCCLXXXV
Muniv,XXXVIII,VIII,XXI,Quinarius,X,XXIV,CXXVIII
Murytub,XL,III,CLXVIII,Denarius,IV,XX,DLXXV
Suilis,XXXVI,X,XVI,Denarius,VI,II,MMMCCCLXXXIX
Suilis,XXXIX,X,XIV,Denarius,IV,VI,MMMDCCCLXXV
Munarg,XXXIX,XI,CXXXIV,Quinarius,VII,XXX,XLIX
Munarg,XXXVII,IX,CXXXV,Denarius,VII,VIII,CCCXCIX
Suilis,XXXVII,VII,XI,Quinarius,VI,XXVIII,MCCCLXXIII
Atamora,XL,V,VIII,Denarius,V,VII,MMCCCLXXXVI
Munarg,XXXVII,IX,CXCVIII,Quinarius,VIII,XV,CLV
Munarg,XXXIX,XII,CLXVII,Quinarius,V,XXXI,LIX
Muniv,XXXIX,XII,XXXIII,Aureus,V,I,V
Atamora,XXXV,III,X,Denarius,VI,VII,MMMCCCXL
Munarg,XXXVI,V,CV,Denarius,VII,VI,CCCLVII
Murytub,XXXV,IV,CXL,Denarius,VII,XXIII,DCLXIX
Murytub,XXXIX,III,CXLV,Denarius,VI,XIV,DLXIII
Murytub,XXXIX,VII,CLXXXIII,Quinarius,VII,XXII,CXLIV
Munarg,XXXVIII,VII,CXXXIX,Denarius,VIII,XXI,CCLIV
Munarg,XL,XI,CLXXVII,Denarius,VI,X,CDXXXVII
Munarg,XXXVI,V,CXLI,Denarius,IV,XXIX,CCCXXXIV
Murytub,XXXIX,X,CLXXIII,Quinarius,VII,XXI,CXXIX
Munarg,XXXIX,X,CXIV,Denarius,VI,XVII,CCIII
Munarg,XXXIX,IX,CXCIV,Denarius,VI,XXVII,CCCLXXI
Muniv,XXXV,II,XIX,Quinarius,VII,XV,CCLXII
Murytub,XXXVIII,XII,CLXXX,Denarius,V,XXIX,DXCIII
Murytub,XXXV,VI,CXXXIV,Denarius,VI,XXV,DCXCVIII
Munarg,XXXVIII,XI,CLXXVI,Denarius,V,I,CCLXVIII
Muniv,XXXVII,III,XXVI,Denarius,VIII,XXVI,CDLXIII
Munarg,XL,XII,CIII,Quinarius,VI,XXIX,XCV
Munarg,XL,III,CXXII,Denarius,IV,XX,CCXIII
Murytub,XXXVIII,XI,CLXXXI,Denarius,V,XXVII,DLXI
Munarg,XXXVII,IV,CLXXXIII,Aureus,IV,XX,III
Muniv,XL,X,XXVI,Quinarius,VI,XXVII,XCI
Muniv,XL,II,XXVII,Denarius,VI,XXVI,DXXXVIII
Murytub,XL,III,CXXXVI,Aureus,VI,XXVI,V
Munarg,XXXIX,XII,CXLVII,Quinarius,V,XIII,CXIII
Murytub,XXXIX,IV,CXLVI,Denarius,VII,III,DCXXVII
Murytub,XXXV,VII,CLV,Quinarius,IX,X,CCCXLI
Munarg,XXXVIII,IV,CXXXIX,Aureus,VI,XXIII,III
Munarg,XXXVI,XI,CXCVIII,Denarius,III,XI,CCCXCII
Munarg,XXXVII,XII,CLV,Denarius,VI,XXIV,CCLX
Munarg,XXXVI,I,CXLVII,Quinarius,VII,XX,CXLVI
Murytub,XXXVII,XI,CLXXXVII,Denarius,VIII,XXII,DCLVI
Murytub,XXXVII,VII,C,Quinarius,VII,XX,CCCXLVI
Munarg,XXXVII,IX,CXCI,Aureus,VII,VI,IV
Muniv,XXXVIII,IX,XXIX,Denarius,V,XXI,DV
Suilis,XL,II,XIV,Quinarius,II,XVII,DCCCXXI
Murytub,XXXVIII,I,CLXXIV,Denarius,VII,II,DCLV
Murytub,XXXIX,XI,CLXIII,Denarius,V,XVII,DLIV
Murytub,XXXVI,IX,CXI,Quinarius,VIII,XIII,CCLXV
Murytub,XXXVI,VI,CXXIV,Denarius,III,IX,DCXCVIII
Murytub,XXXVIII,II,CXI,Quinarius,VIII,VII,CLXXX
Murytub,XXXVII,VI,CLV,Quinarius,VI,I,CCCLXIX
Muniv,XXXVI,IX,XXV,Denarius,VI,IV,DXXIV
Murytub,XL,VIII,CLXVI,Quinarius,VI,XII,CXIX
Suilis,XXXV,VII,LVIII,Quinarius,II,XXI,MDCLXXVII
Munarg,XXXV,II,CLXXVIII,Denarius,VII,XXIII,CCCXVIII
Munarg,XXXV,V,CLXXXI,Denarius,VIII,XXII,CCCVII
Muniv,XL,III,XXV,Denarius,VII,II,DXXXI
Munarg,XXXVII,IV,CXLIV,Denarius,VIII,XVII,CCCLXVII
Suilis,XXXVII,V,XIV,Quinarius,III,XXIII,MCDLIV
Muniv,XL,XI,XXIV,Denarius,VII,XXVII,CDXCVI
Munarg,XL,II,CL,Denarius,IV,XX,CCXIII
Murytub,XXXVIII,VI,CXCIX,Denarius,VII,XX,DCXLII
Murytub,XXXVI,IV,CLVI,Quinarius,VIII,XIV,CCC
Murytub,XXXVIII,X,CXXXVI,Denarius,V,XIII,DLXXIX
Munarg,XXXVI,I,CXIV,Quinarius,VII,XVI,CLXVIII
Munarg,XXXVI,VII,CXII,Denarius,VI,XXVII,CCLXXXI
Murytub,XXXIX,X,CLX,Quinarius,VI,II,CXXI
Munarg,XXXV,IX,CXIX,Denarius,VII,XIII,CCCXXIX
Munarg,XXXVI,VIII,CXCV,Denarius,IV,IX,CCLXX
Murytub,XL,II,CXLI,Denarius,II,XVII,DLXX
Munarg,XXXVIII,IV,CLIX,Quinarius,VI,VI,LXVIII
Munarg,XL,III,CLIV,Denarius,VI,XXIX,CCXXIII
Suilis,XL,IX,XL,Denarius,IV,IV,MMMCMLXXV
Murytub,XXXVIII,IV,CXLVII,Denarius,V,XIV,DCXII
Murytub,XXXVII,X,CXIV,Denarius,IX,XXIX,DCIX
Murytub,XXXVIII,IX,CLV,Denarius,V,XXIII,DCXLIX
Munarg,XXXVII,IV,CLXXIV,Aureus,VI,XVI,IV
Atamora,XL,VII,VII,Quinarius,VI,XI,DCLXXXV
Murytub,XL,XII,CXXVI,Quinarius,VII,III,CXIV
Munarg,XXXVII,VIII,CXXXIII,Denarius,V,XIV,CCCLXVI
Munarg,XXXVIII,XII,CLXIV,Aureus,VI,II,III
Murytub,XXXIX,VI,CCVII,Aureus,II,XXV,VI
Munarg,XXXVIII,IX,CXLIII,Denarius,III,X,CCLXV
Munarg,XL,III,CIII,Quinarius,IV,XXII,XLVIII
Munarg,XXXVI,IV,CLVII,Quinarius,VIII,XXV,CLXV
Murytub,XL,II,CLIX,Quinarius,V,XV,CXXXVI
Murytub,XXXVII,IX,CXLV,Quinarius,III,V,CCLXXXIII
Murytub,XXXV,IX,CLVIII,Aureus,V,V,IX
Atamora,XL,VIII,XIII,Denarius,V,XXI,MMCMXLII
Munarg,XXXV,VIII,CLXIII,Denarius,V,XXVIII,CCCLIX
Munarg,XXXV,XII,CXCVII,Quinarius,VI,XVI,CLV
Muniv,XXXV,XII,XXIX,Quinarius,VI,V,CCXLVII
Murytub,XXXVI,IV,CXXV,Aureus,V,IV,VIII
Munarg,XXXIX,VI,CLI,Denarius,IX,VI,CCCXLVIII
Murytub,XXXVII,VII,XCVI,Denarius,VIII,VI,DCCCLXXII
Suilis,XXXVI,IV,LXII,Quinarius,IV,XX,MCDXCV
Munarg,XL,XI,CLXVI,Denarius,V,XXVIII,CCXVIII
Munarg,XXXVII,I,CV,Quinarius,VII,XIV,CXXX
Munarg,XXXVII,III,CXXVIII,Denarius,VI,III,CCLXX
Munarg,XXXVIII,VII,CXV,Denarius,II,IX,CCLXXXVI
Murytub,XXXVII,V,CXL,Aureus,VII,XXIX,IX
Muniv,XXXVI,XI,XXIII,Quinarius,VII,XXVI,CXCIX
Munarg,XXXIX,XI,CIX,Denarius,VIII,XIII,CDXLII
Suilis,XXXVII,IX,XXIV,Denarius,V,XXX,MMMCDXC
Muniv,XXXVIII,IX,XXIX,Quinarius,X,XIV,CXXXVII
Murytub,XXXV,III,CLXXIV,Denarius,III,XV,DCCXL
Munarg,XXXV,X,CLXXVIII,Quinarius,VII,XXV,CLXV
Munarg,XXXVIII,IV,CVI,Quinarius,VII,XI,CXI
Murytub,XXXVII,XI,CLXXXV,Denarius,V,XII,DCXXXII
Murytub,XXXIX,X,CCXIX,Denarius,V,XXVI,DXLII
Murytub,XXXVI,III,CXXXII,Aureus,III,V,VIII
Munarg,XXXV,X,CXXXVIII,Quinarius,VIII,XXX,CLXXV
Munarg,XXXIX,VIII,CLXII,Quinarius,VI,XVII,CVII
Munarg,XXXV,IV,CLXXX,Denarius,VII,XXIII,CCCLIII
Munarg,XXXVI,XI,CLV,Denarius,IV,XXII,CCLXXIV
Murytub,XXXV,VII,CXXIV,Denarius,V,XI,DCLXIV
Suilis,XXXVI,XI,XV,Aureus,VI,XIII,XXXVII
Munarg,XXXVII,I,CXII,Denarius,V,VI,CCCXCII
Munarg,XL,IV,CXLVIII,Quinarius,II,XX,LXXXVI
Munarg,XXXVIII,XII,CXCVII,Denarius,VI,II,CCXVIII
Munarg,XXXIX,III,CLXV,Denarius,VIII,XXVII,CCLXX
Murytub,XXXVIII,IV,CCII,Denarius,V,XXVI,DCXXXV
Muniv,XXXVI,V,XXX,Denarius,VII,V,DIII
Munarg,XXXVIII,VI,CXXIX,Denarius,VI,I,CCLXXI
Murytub,XXXVI,VI,CLXVI,Quinarius,V,VIII,CCLXXIX
Murytub,XXXIX,XI,CXL,Quinarius,VII,I,CXIII
Murytub,XXXV,VIII,CLXXXVIII,Denarius,V,XXVIII,DCCXVIII
Munarg,XXXIX,XII,CXXXII,Denarius,V,I,CCVIII
Munarg,XXXV,X,CXVI,Quinarius,V,XIII,CLXIV
Munarg,XXXVI,VII,CLXVIII,Denarius,IV,V,CCLXXXII
Munarg,XXXVII,X,CXLV,Denarius,IX,XXIX,CCCVII
Muniv,XXXVIII,XII,XXVI,Denarius,IX,XVIII,DLVII
Munarg,XXXVI,III,CXXXI,Denarius,VI,VIII,CCCXLII
Munarg,XXXIX,VI,CXLVII,Quinarius,IV,V,LXXXVIII
Atamora,XXXVIII,VI,XI,Quinarius,VI,XII,CMXXVIII
Murytub,XXXV,VIII,CLXXXVII,Denarius,V,XIX,DCXXXVI
Munarg,XL,XII,CXV,Denarius,V,XVIII,CDXV
Munarg,XXXVIII,X,CLVII,Aureus,VII,IX,III
Munarg,XXXVIII,XI,CLXXXV,Quinarius,IV,XV,CII
Murytub,XXXVI,IX,CLXXX,Quinarius,V,V,CCXLIII
Munarg,XXXVII,XII,CXCIV,Denarius,VII,I,CCLXXVII
Munarg,XXXVI,X,CXV,Denarius,V,XXIX,CCLXIV
Munarg,XXXVIII,II,CXXXVI,Denarius,X,XIII,CDXXXV
Munarg,XXXVI,XII,CXVIII,Denarius,VI,VIII,CCCXXIV
Munarg,XXXVIII,V,CVII,Denarius,VII,II,CCLVII
Atamora,XXXVIII,II,IX,Aureus,VIII,XI,XXIV
Murytub,XL,IX,CXXXV,Denarius,I,IX,DLXXXI
Murytub,XL,IX,CXXVI,Denarius,V,XIX,DLXV
Muniv,XXXIX,XI,XXX,Denarius,IV,V,DXLIII
Muniv,XXXVI,IV,XLI,Aureus,III,XII,VI
Munarg,XXXIX,V,CIV,Denarius,VI,XXX,CDXLI
Atamora,XXXVIII,IV,VIII,Denarius,IX,XIX,MMCCCXVII
Murytub,XL,VI,CLXIII,Denarius,VI,XXIX,DL
Munarg,XXXVIII,VI,CXX,Quinarius,VI,XXVIII,LXXV
Muniv,XXXIX,VII,XXII,Denarius,V,XXXI,DXXXV
Murytub,XXXVI,IV,CLXV,Denarius,V,XIX,DCXCIII
Muniv,XXXVIII,IV,XXIX,Denarius,V,XXIX,CCCLXVI
Muniv,XXXVIII,VII,XVII,Quinarius,IV,XXIX,CX
Atamora,XL,X,IX,Quinarius,VII,XX,CDLXXX
Murytub,XXXVIII,III,CXXVI,Aureus,IV,XVIII,V
Murytub,XL,IV,CLV,Denarius,VI,XXV,DLXXXIV
Murytub,XXXV,I,CXXX,Quinarius,IV,X,CCCLXXIX
Murytub,XL,VIII,CLIV,Quinarius,VI,XI,CXIV
Murytub,XXXVIII,XII,CLXIV,Aureus,VI,XI,V
Murytub,XXXVI,XII,CLXII,Quinarius,IV,XXIX,CCXXIX
Munarg,XL,VIII,CLVII,Denarius,IV,VI,CDLVII
Murytub,XXXVII,VII,CLXXIII,Quinarius,VI,IX,CCCLIX
Murytub,XXXVII,V,CXIX,Denarius,III,XXIII,CMX
Murytub,XXXVII,VI,CLXV,Quinarius,IV,XX,CCCLVIII
Murytub,XL,II,CLVII,Denarius,VII,XVIII,DLI
Munarg,XXXV,I,CLXXIX,Aureus,III,XXVI,V
Munarg,XXXV,IV,CLIV,Denarius,VI,XXVI,CCCLI
Munarg,XXXV,VIII,CLXXXVI,Denarius,V,XXVIII,CCCII
Murytub,XXXV,X,CIV,Denarius,VII,XXIII,DCLXIX
Murytub,XXXVIII,III,CXLVIII,Denarius,IV,XXIX,DCXXIX
Murytub,XXXVII,II,CLXV,Aureus,V,XV,VII
Munarg,XL,VII,CXXIV,Denarius,VIII,XXI,CDXXIX
Murytub,XXXVI,II,CLXVII,Denarius,IV,XXVII,DCLII
Muniv,XXXV,II,XXII,Quinarius,VII,V,CCLXVI
Munarg,XXXVIII,II,CXCVIII,Denarius,VI,IX,CCCLXXXI
Murytub,XXXVI,IX,CXXI,Quinarius,VII,XXVII,CCLXXIII
Murytub,XL,III,CXLIII,Denarius,V,XXV,DXXXII
Muniv,XXXVII,VI,XXV,Denarius,VII,XIX,DXVII
Munarg,XXXIX,VIII,CLX,Denarius,IV,XXV,CDLII
Muniv,XXXVIII,III,XXXI,Denarius,VI,IX,DXCVI
Murytub,XXXVI,VIII,CXLI,Denarius,VII,XII,DCLXXXVI
Atamora,XL,XII,X,Quinarius,VI,XXIX,DLX
Munarg,XXXIX,X,CLXVI,Aureus,VI,II,II
Murytub,XXXV,IV,CXXIX,Quinarius,IV,VI,CCCXL
Munarg,XL,VIII,CX,Denarius,IX,VIII,CDLXIV
Murytub,XXXVIII,III,CLXXVIII,Quinarius,V,XIV,CLXXXIII
Murytub,XL,IX,CXCVIII,Denarius,IV,IV,DLXXXIX
Munarg,XXXIX,XII,CLX,Quinarius,VI,III,CX
Munarg,XL,X,CLXV,Denarius,IX,XXV,CXCIX
Murytub,XXXIX,V,CLXXX,Aureus,VIII,VIII,VI
Munarg,XXXVIII,V,CL,Denarius,III,XVIII,CCCLIV
Suilis,XXXVIII,XII,XVII,Denarius,IX,XVIII,MMMDCXXVII
Murytub,XL,XII,CXLVI,Quinarius,VI,XXVII,CIX
Murytub,XXXVII,I,CXXIV,Denarius,VII,XX,DCLXI
Munarg,XXXVIII,X,CLXXII,Quinarius,X,XXI,LXI
Munarg,XXXVII,I,CXLI,Denarius,VII,XIV,CCCXCVIII
Murytub,XXXVII,IX,CCV,Denarius,VI,XXIV,DCLXV
Murytub,XXXV,III,CLVIII,Denarius,IV,XXII,DCCLII
Munarg,XXXV,XII,CXLIX,Quinarius,V,II,CLXIII
Murytub,XXXVI,X,CXXXIV,Quinarius,VIII,XXI,CCLV
Muniv,XL,XII,XXX,Quinarius,VI,XXV,CXIII
Murytub,XXXVII,X,CXXXI,Denarius,VII,VIII,DCXXV
Murytub,XXXV,X,CXXIX,Denarius,IV,XXIV,DCCXLVIII
Muniv,XXXV,III,XXI,Quinarius,VII,XVI,CCXXII
Suilis,XXXVI,VI,XX,Denarius,VII,XXIX,MMMCCCXLV
Muniv,XXXIX,V,XXXIV,Denarius,VII,XX,DXXXI
Muniv,XL,VI,XIX,Denarius,V,XXIII,CDXXXI
Suilis,XXXVII,III,X,Denarius,VII,XXVII,MMMCCCXXXII
Munarg,XXXVIII,VII,CXL,Quinarius,VI,XX,CXXIII
Murytub,XXXV,VI,CXXXII,Denarius,III,XIV,DCCXXVIII
Murytub,XXXV,XI,CLIX,Quinarius,VII,X,CCCLIV
Murytub,XXXVI,I,XCVII,Quinarius,VII,XVII,CCCVIII
Munarg,XXXVI,XII,CXXXI,Denarius,IV,XXIX,CCCLXXXIX
Munarg,XXXIX,III,CVIII,Denarius,VI,III,CCLXIII
Suilis,XXXV,I,LXXXV,Denarius,VI,XXI,MMMCCCXCIX
Suilis,XXXV,IV,XIII,Aureus,III,IX,XL
Munarg,XL,VIII,CLXXXIV,Denarius,V,XIX,CXCIV
Muniv,XXXVIII,VI,XXVIII,Denarius,V,XXIV,DXI
Suilis,XXXVIII,I,XXIV,Denarius,VI,XI,MMMCCCLV
Muniv,XXXVIII,I,XXVII,Denarius,X,XIX,DCII
Murytub,XXXIX,IX,CLXXVI,Quinarius,V,VIII,CXXXIV
Murytub,XXXIX,VIII,CCXV,Denarius,VIII,XIII,DLXV
Murytub,XL,VI,CLXIV,Denarius,III,I,DXXVIII
Munarg,XXXVI,X,CIII,Quinarius,IX,XXV,CLVIII
Munarg,XXXVI,V,CXIII,Quinarius,III,X,CXLVIII
Muniv,XXXVIII,III,XXII,Denarius,VI,V,CDXXXV
Munarg,XXXV,XII,CXXXVII,Quinarius,IV,XV,CLXIV
Munarg,XL,VI,CLXV,Denarius,IV,IX,CCXVI
Murytub,XL,IV,CXII,Denarius,VIII,XIII,DXXXII
Murytub,XXXVII,XI,CLI,Denarius,IX,XXIII,DCXLII
Munarg,XXXVI,X,CXCVII,Quinarius,IV,XX,CLXIV
Munarg,XXXIX,III,CXLI,Quinarius,V,XXII,LX
Muniv,XXXVII,X,XXII,Quinarius,IX,XI,CCII
Murytub,XXXIX,VIII,CXLI,Denarius,IV,III,DCXLIV
Munarg,XXXIX,IX,CLXXI,Denarius,VI,XXIX,CCCLXXXVIII
Murytub,XXXVIII,XI,CXL,Denarius,VI,XI,DCXVIII
Munarg,XXXVI,X,CVII,Quinarius,V,X,CXXXVI
Murytub,XXXIX,XII,CXI,Quinarius,VI,XV,CXLVI
Murytub,XL,XI,CLX,Denarius,V,XXVIII,DXLIV
Murytub,XXXVIII,III,CXIV,Aureus,VI,II,VI
Munarg,XXXVII,VII,CXXVIII,Denarius,V,XV,CCCXIV
Munarg,XXXV,IV,CLXII,Denarius,VIII,XIX,CCCLXIX
Murytub,XXXVIII,I,CLXI,Aureus,VI,VIII,VI
Murytub,XXXVII,III,CXXXII,Quinarius,VI,VII,CCLIX
Murytub,XXXV,X,CLXXVI,Quinarius,VII,II,CCCXLVI
Murytub,XXXVII,III,LXXXV,Denarius,X,IV,DCLXXV
Muniv,XXXVIII,II,XXI,Quinarius,IX,XX,CXLVIII
Munarg,XXXIX,VIII,CXLVI,Quinarius,VII,XIV,CV
Munarg,XXXIX,VI,CVII,Denarius,VI,XIII,CDXLIX
Munarg,XXXVI,IV,CXCI,Denarius,VI,XXIX,CCLXXII
Muniv,XXXVIII,III,XVIII,Denarius,VIII,XXV,DXXXVII
Murytub,XXXVIII,V,CLXXXVIII,Quinarius,VII,XXIX,CCIII
Muniv,XXXV,IX,XXVII,Denarius,V,V,DXXXVI
Atamora,XXXVII,XI,IX,Denarius,V,VI,MMMCX
Murytub,XXXVIII,VI,CLXX,Denarius,VII,VI,DXCIX
Murytub,XXXV,XII,CXLI,Quinarius,VII,VII,CCCXLIII
Suilis,XXXVI,X,XX,Aureus,VI,XIX,XXXVII
Munarg,XL,XII,CXXIV,Denarius,III,XII,CDVII
Atamora,XXXIX,VI,VII,Denarius,III,XXX,MMDCCCXV
Munarg,XXXVII,XI,CLXVIII,Quinarius,IX,XXIX,LXXXV
Murytub,XL,VIII,CXXIV,Denarius,VII,XVII,DXLI
Murytub,XXXV,II,CLXVI,Denarius,IV,XVIII,DCCVII
Munarg,XXXVII,I,CXCVII,Quinarius,V,VII,CLII
Murytub,XL,II,CCXI,Aureus,VII,XXI,V
Murytub,XXXV,IV,CL,Denarius,VII,XXX,DCCXXVI
Munarg,XXXV,II,CLXIII,Aureus,IV,IX,IV
Muniv,XXXVIII,IV,XXV,Quinarius,VIII,XXVIII,CLXV
Muniv,XXXIX,III,XXV,Denarius,V,VII,DXX
Munarg,XXXVI,VI,CLXXIV,Aureus,VI,IV,IV
Munarg,XXXVII,I,CLXX,Denarius,VI,XXVIII,CCCLXVIII
Munarg,XXXVII,VI,CL,Aureus,VII,IX,IV
Murytub,XXXIX,III,CCXXXIII,Denarius,VIII,IV,DXLII
Murytub,XXXV,VI,CXX,Quinarius,VI,XVI,CCCXXXVI
Muniv,XXXVI,IV,XXVII,Denarius,VII,III,DXV
Muniv,XL,IV,XXV,Quinarius,VIII,III,XCIII
Muniv,XXXVIII,III,XXII,Quinarius,IX,XXIII,CLI
Munarg,XL,V,CXXIV,Denarius,VI,XXVI,CCXXXVI
Munarg,XL,V,CLXXVII,Quinarius,VIII,XVII,XCVIII
Munarg,XXXVII,VII,CLII,Denarius,VII,XII,CCCXCI
Munarg,XXXIX,III,CX,Denarius,VIII,XVII,CDLIV
Muniv,XXXVII,VIII,XXV,Denarius,VII,XI,CDLXIX
Munarg,XXXVII,IX,CXLV,Denarius,IV,XXV,CCCL
Munarg,XXXVIII,VII,CXXV,Aureus,VI,XXVI,III
Murytub,XXXV,V,CLXX,Denarius,IX,XXIII,DCCXXII
Suilis,XXXV,XII,XX,Denarius,IV,VIII,MMMCLXXVIII
Munarg,XXXVIII,V,CIV,Denarius,VII,XXIX,CCCXCII
Munarg,XXXIX,III,CLXXIV,Denarius,IX,I,CDLV
Munarg,XXXIX,IV,CLVI,Denarius,III,XXVI,CDXXII
Munarg,XXXVIII,IX,CLXVI,Denarius,VIII,XIII,CCCXCI
Muniv,XXXV,X,XXX,Denarius,IV,XXXI,CDLXVIII
Murytub,XXXV,XI,CXVI,Denarius,VII,III,DCXXX
Munarg,XXXVII,X,CVII,Aureus,VI,XXVI,IV
Munarg,XXXVIII,II,CXXIX,Quinarius,V,VI,CXVII
Murytub,XXXVII,VII,CXXX,Quinarius,V,VII,CCCVI
Muniv,XXXVIII,XII,XXVII,Denarius,V,XXVII,DLXXII
Murytub,XXXVIII,VIII,CXLIX,Denarius,III,XVI,DCXXIV
Muniv,XXXV,XI,XXVII,Denarius,VII,XV,DXXXIII
Munarg,XXXV,XII,CVI,Denarius,VI,V,CCCLXX
Murytub,XXXVIII,X,CXLII,Aureus,VIII,II,V
Murytub,XXXIX,VIII,CVII,Quinarius,IV,XXVI,CXXIX
Murytub,XXXVII,VI,CLV,Quinarius,V,XXII,CCCXXIX
Murytub,XXXVII,X,CLXVI,Quinarius,VI,VII,CCXXIX
Murytub,XL,X,CXLVII,Denarius,VII,XVI,DXI
Munarg,XXXVII,I,CXXX,Quinarius,IV,II,CXXVI
Murytub,XXXVII,III,CXXIII,Denarius,III,XII,DCXCVI
Munarg,XXXIX,III,CXXXVIII,Denarius,III,XI,CDL
Munarg,XXXV,V,CXXII,Denarius,VI,XXV,CCCLXX
Muniv,XXXVIII,XI,XXXI,Quinarius,III,XXV,CXXIV
Murytub,XLI,I,CLXXIII,Denarius,VI,I,DLXVIII
Murytub,XXXVIII,V,CLXXXVI,Quinarius,VI,XII,CCVII
Muniv,XXXVII,II,XX,Denarius,VIII,VII,DLIV
Murytub,XL,X,CLXII,Denarius,VIII,XIII,DXXXVII
Murytub,XXXVIII,VIII,CCXXXVIII,Quinarius,III,XVI,CLX
Muniv,XXXVIII,XI,XXXV,Denarius,VI,XX,DVI
Munarg,XXXVIII,II,CII,Denarius,IV,XVI,CCLXXX
Murytub,XXXV,V,CLV,Quinarius,IX,XXX,CCCXXX
Munarg,XXXVIII,VII,CLXXXI,Quinarius,VIII,XXI,C
Atamora,XXXVIII,II,XII,Aureus,VI,XV,XXXIV
Munarg,XXXVIII,X,CLXXV,Denarius,IV,XXX,CCCXCIV
Munarg,XXXIX,VII,CXIV,Denarius,VI,XX,CCLVIII
Muniv,XXXVI,XII,XXI,Denarius,VII,IV,DCVII
Munarg,XXXV,II,CLXXII,Denarius,VII,XXIII,CCCLXXXVIII
Murytub,XXXVI,I,CLXVII,Quinarius,VII,XVII,CCCXVII
Murytub,XL,III,CXLIV,Quinarius,V,XIV,CXXIX
Murytub,XL,VII,CX,Aureus,VII,X,IV
Murytub,XXXVII,IX,CXCVII,Quinarius,III,V,CCLXXVIII
Muniv,XXXIX,VIII,XXV,Denarius,VI,V,DXIV
Murytub,XXXVI,VI,CLXXVI,Denarius,VIII,I,DCXXXVI
Suilis,XXXV,VII,XI,Denarius,IV,VII,MMMCCXLVII
Munarg,XXXV,XII,CXVI,Denarius,V,II,CCCLXVIII
Munarg,XL,XII,CXXXIII,Denarius,III,XII,CLXXIII
Munarg,XXXVII,XI,CXI,Quinarius,V,VII,XC
Muniv,XXXIX,III,XXII,Denarius,V,XXIII,CDXX
Muniv,XXXV,IV,XXII,Denarius,VI,XXI,CDLXXII
Munarg,XXXIX,IX,CXLIII,Denarius,V,XXII,CCCLXX
Munarg,XL,XII,CLXXXII,Quinarius,VI,XXVII,XXXIX
Munarg,XXXVIII,IV,CXLII,Denarius,VI,XXIII,CDVI
Munarg,XXXVIII,IX,CXLVI,Denarius,IV,XVII,CCLI
Muniv,XXXVIII,I,XXV,Quinarius,IV,XXIV,CXXXIX
Muniv,XXXIX,V,XXVIII,Denarius,VII,XXXI,CDXC
Murytub,XXXIX,VII,CLXXXIV,Denarius,VII,II,DCX
Munarg,XL,X,CXXIV,Denarius,V,X,CXCVI
Munarg,XXXVI,V,CXVI,Denarius,III,XII,CCXCIV
Murytub,XXXVIII,VI,CLXXI,Quinarius,VI,XXVII,CLXXXVII
Suilis,XXXVIII,II,XXI,Aureus,VII,III,XXXIV
Munarg,XXXVIII,VII,CLXXXVI,Quinarius,VI,XV,C
Munarg,XXXVI,II,CII,Denarius,III,III,CD
Murytub,XXXVII,III,CXXXII,Denarius,V,XVIII,DCCXXIII
Murytub,XXXV,III,CLIX,Quinarius,IV,VIII,CCCXX
Murytub,XXXVII,I,CXXXIV,Quinarius,VII,XVII,CCLVII
Murytub,XL,VII,CLV,Denarius,VII,X,DLVIII
Muniv,XL,V,XXIII,Denarius,VII,IV,CDLXV
Munarg,XL,XI,CLXXXVII,Aureus,V,V,III
Munarg,XXXVII,V,CXXXI,Denarius,VI,XIV,CCXC
Murytub,XXXIX,X,CLXVI,Aureus,VI,XXVIII,VI
Munarg,XXXVI,X,CXXVII,Quinarius,VII,XXII,CXXIII
Munarg,XXXV,II,CXXII,Quinarius,IV,XVIII,CLIV
Munarg,XL,IV,CXXXII,Denarius,IV,XV,CDIII
Munarg,XXXIX,VII,CLXIX,Denarius,IV,VIII,CCII
Murytub,XXXV,VIII,CXLVII,Quinarius,VII,X,CCCXXVIII
Muniv,XXXV,X,XXVII,Denarius,IV,XXVII,DXXV
Atamora,XXXVIII,VI,X,Denarius,VII,XXX,MMCCCXLII
Muniv,XXXVII,XI,XXXIV,Aureus,VI,V,VI
Suilis,XXXVIII,VIII,LIX,Denarius,VII,XXI,MMMDV
Munarg,XXXV,VIII,CLXIX,Denarius,VII,VIII,CCCXXXII
Muniv,XXXVI,XII,XXX,Denarius,VI,I,CDLXXXIII
Munarg,XXXIX,IV,CIX,Aureus,VIII,XXX,IV
Munarg,XXXVII,II,CXIII,Aureus,VIII,IX,III
Munarg,XXXVIII,VI,CLXXXV,Quinarius,VI,IX,XCI
Munarg,XXXVIII,IX,CLXXIX,Quinarius,VI,II,LXX
Munarg,XXXVII,XI,CLXXV,Quinarius,VII,XVIII,C
Murytub,XXXV,VI,CCXV,Denarius,VI,XIII,DCXCIV
Munarg,XXXV,XII,CXXV,Denarius,IX,IX,CCCLXIII
Munarg,XXXIX,I,CLXXVIII,Quinarius,IV,XVI,LXXXVII
Munarg,XXXIX,II,CLXIX,Denarius,VII,I,CDXLIII
Murytub,XXXVII,VIII,CXXI,Quinarius,VI,XV,CCXCIII
Munarg,XL,II,CLXXI,Denarius,VIII,XVI,CCXLII
Murytub,XXXVIII,V,CXLVI,Quinarius,VI,XXVIII,CXCI
Munarg,XXXV,V,CLVIII,Denarius,VI,XXV,CCCXXIV
Munarg,XXXIX,X,CIX,Denarius,VI,XVII,CCCLXXVII
Muniv,XL,VII,XXX,Quinarius,VII,I,CXXVI
Muniv,XL,X,XXVI,Quinarius,VIII,XV,XCVII
Munarg,XL,VI,CXCVI,Denarius,VII,XVII,CDXVIII
Muniv,XXXVIII,IX,XVIII,Denarius,VI,XIX,DXXII
Murytub,XXXVIII,VI,CXIV,Denarius,IV,XIV,DCX
Munarg,XXXIX,XII,CLXXXVII,Denarius,X,XII,CDLXV
Atamora,XXXVII,X,VI,Denarius,VII,IX,MMMCDLXXV
Murytub,XL,VII,CLXIV,Denarius,V,XVIII,DLV
Suilis,XXXVI,VII,XXVIII,Denarius,VI,XII,MMMCCLXXXII
Muniv,XXXIX,IV,XXVII,Denarius,V,XXIX,DCXXI
Atamora,XXXV,IX,VIII,Denarius,V,V,MMMDLXXXII
Muniv,XXXVIII,I,XXV,Denarius,X,XIX,DXXIX
Murytub,XL,VII,CXXXV,Aureus,V,XXII,V
Munarg,XXXVIII,IV,CXC,Denarius,VI,XXIII,CCCLXVI
Murytub,XL,VII,CLIII,Denarius,VIII,V,DXLIII
Muniv,XXXVII,VIII,XXVIII,Quinarius,VIII,I,CLXXXV
Muniv,XXXV,I,XXXI,Quinarius,III,XXVI,CCLXXVIII
Muniv,XXXVI,X,XVIII,Quinarius,IX,XVIII,CLXXXII
Murytub,XL,IX,CLXXVI,Denarius,III,XVII,DL
Munarg,XXXVII,VII,CLXIII,Denarius,IV,XVII,CCLVI
Munarg,XXXV,III,CLXXXVI,Aureus,VI,XVIII,IV
Murytub,XXXVII,VIII,CXXVII,Denarius,V,XXI,DCXCV
Murytub,XXXV,XI,CCXXXVIII,Denarius,IV,XXI,DCXLIV
Muniv,XXXV,III,XXIX,Aureus,IV,XXV,VI
Munarg,XL,XII,CXCV,Denarius,III,XII,CDXVII
Murytub,XXXV,XI,CXXXVIII,Denarius,VII,XVIII,DCCII
Muniv,XXXVII,III,XXIX,Aureus,V,IX,V
Munarg,XXXIX,VII,CXXXIV,Denarius,VIII,VII,CCXLVIII
Munarg,XXXVI,VIII,CLXXIV,Denarius,IX,X,CCXC
Atamora,XXXIX,IV,IX,Quinarius,VII,II,DCLXXIII
Munarg,XXXVI,VII,CXXXII,Quinarius,VI,XXII,CXXV
Munarg,XXXVIII,VII,CV,Quinarius,VI,XXII,CXX
Murytub,XXXIX,III,CXIV,Denarius,VI,III,DCXLVI
Munarg,XXXIX,XII,CLI,Denarius,V,XXXI,CCVII
Murytub,XXXVI,IX,CLXXVI,Denarius,VIII,XII,DCLXII
Munarg,XXXVIII,V,CXXVI,Quinarius,IV,XIII,LXXXIV
Murytub,XL,VIII,CXLVIII,Quinarius,II,IX,CXVII
Munarg,XXXVII,IV,CX,Denarius,VIII,IV,CCCXLVI
Munarg,XXXVI,III,CXVI,Aureus,VI,XXIX,III
Munarg,XL,V,CLXXVIII,Denarius,VII,IX,CCXXIV
Suilis,XXXV,IV,XXII,Denarius,VI,XVI,MMMCLXX
Munarg,XXXIX,XII,CLXVII,Denarius,V,VI,CCXXV
Murytub,XXXIX,IX,CX,Denarius,VII,XXVI,DLXXIII
Muniv,XXXVIII,VI,XXIII,Denarius,VI,XII,DXL
Murytub,XXXVIII,I,CLXVI,Quinarius,VI,XI,CCI
Murytub,XXXVI,IX,CLXXXIII,Aureus,IV,XVIII,VII
Murytub,XXXIX,IV,CXXVII,Quinarius,V,XXVIII,CXXX
Muniv,XXXIX,IV,XXVII,Denarius,IV,XXIII,CDLXXI
Murytub,XXXV,VI,CCI,Quinarius,IV,XV,CCCLVI
Murytub,XXXVII,VI,CLXIX,Quinarius,VII,VII,CCCXLIV
Munarg,XL,V,CVIII,Denarius,VII,XII,CCCLXXIV
Murytub,XXXV,IX,CLXIII,Denarius,VI,XI,DCCXXXI
Munarg,XXXVI,III,CLIV,Denarius,VII,II,CCLXXV
Murytub,XXXVIII,IV,CXCIX,Quinarius,VIII,XV,CLXXVI
Murytub,XXXVI,X,CLXX,Denarius,VII,XXVI,DCLVII
Munarg,XXXV,VI,CXXXVII,Quinarius,I,III,CLXI
Muniv,XXXV,IV,XXIII,Aureus,VIII,XXII,VII
Murytub,XXXV,II,CXXXIV,Denarius,V,XVI,DCCXXIII
Munarg,XXXIX,VIII,CLXXI,Aureus,XI,II,IV
Murytub,XXXV,VII,CLX,Aureus,VII,XXIX,IX
Munarg,XXXV,V,CLXXIII,Denarius,VI,VIII,CCCLXXVI
Muniv,XXXV,IV,XXXII,Quinarius,III,IX,CCLXII
Murytub,XXXVIII,VII,CLVIII,Denarius,VI,XXVI,DXCVI
Munarg,XXXVI,IV,CXCII,Aureus,IV,X,IV
Muniv,XXXVI,I,XX,Denarius,X,XXVIII,DLXXIX
Muniv,XXXIX,VII,XXVI,Denarius,VII,XXVII,DXXXIX
Murytub,XXXIX,I,CLXXXIV,Denarius,VIII,VIII,DXCI
Murytub,XXXV,IX,CXLIV,Quinarius,VII,II,CCCLV
Munarg,XXXV,V,CLXXIII,Denarius,VII,III,CCCLXV
Murytub,XL,X,CLXVII,Denarius,VIII,XIII,DC
Suilis,XXXVII,VI,XXIII,Denarius,VIII,XXVI,MMMCDLXXXII
Murytub,XXXIX,XII,CLXXV,Denarius,V,XXI,DLXXVII
Murytub,XXXVI,II,CXXIV,Aureus,VII,VI,VIII
Munarg,XL,XII,CXLIII,Denarius,VI,VI,CDXXXIV
Munarg,XXXVII,VIII,CXLIX,Denarius,IV,XVIII,CCCXXXV
Munarg,XXXVI,IX,CLXXVIII,Denarius,VI,XI,CDV
Murytub,XXXIX,IV,CLXI,Denarius,VII,VI,DLXXIII
Murytub,XXXV,VIII,CLXIV,Quinarius,VIII,XXIX,CCCXXXIX
Muniv,XXXVI,V,XXII,Quinarius,V,XXIII,CCXX
Munarg,XXXIX,I,CXLV,Denarius,VIII,IV,CCLXV
Muniv,XL,VIII,XXVII,Quinarius,III,XXVII,CXXXV
Murytub,XXXIX,III,CXCVII,Denarius,VII,XII,DCXXIX
Murytub,XXXVII,VI,CLXXI,Denarius,VII,IX,CMXCVIII
Munarg,XL,VII,CIX,Quinarius,VI,II,L
Munarg,XL,IX,CLXXII,Quinarius,V,XVI,XLV
Murytub,XXXVI,III,CXLI,Denarius,V,III,DCLXXII
Munarg,XL,V,CXLIX,Denarius,VII,XX,CDII
Muniv,XXXVII,VIII,XI,Quinarius,IV,XIX,CCI
Munarg,XXXV,XI,CXXXII,Denarius,VII,XV,CCCXXIX
Muniv,XXXIX,II,XX,Denarius,IX,XI,DVII
Munarg,XXXVII,III,CLXXXVI,Denarius,V,XVI,CDXXVII
Muniv,XXXVII,XI,XXXIV,Denarius,VII,XIII,CDLXXVI
Munarg,XXXIX,X,CLXXIV,Denarius,VI,XVIII,CDXXXIX
Murytub,XXXVII,VI,CLIX,Denarius,VIII,XII,CML
Munarg,XXXV,VII,CXXXVII,Denarius,VII,II,CCCLXXI
Muniv,XXXVII,II,XXIII,Denarius,VI,IV,CDLXIV
Murytub,XXXVII,IV,CXXXVII,Denarius,VII,VI,CMXXVI
Munarg,XXXVII,VIII,CXVIII,Denarius,VI,XXII,CCCLXXXVIII
Munarg,XL,XII,CLX,Quinarius,VII,IV,LXXX
Munarg,XXXV,I,CLXXV,Denarius,VI,VII,CCCVII
Muniv,XXXVII,VIII,XXXII,Denarius,IV,XIX,DXXXIV
Muniv,XXXIX,VII,XXVIII,Denarius,VI,XII,CDLXXIX
Murytub,XXXVIII,XI,CLXVIII,Denarius,VI,IV,DLXXXIV
Suilis,XXXV,V,XXVII,Denarius,V,VI,MMMCXXX
Murytub,XL,III,CXXXIV,Denarius,VI,XXX,DCI
Muniv,XXXVII,X,XXII,Denarius,IX,XX,DIV
Muniv,XL,VII,XXVII,Quinarius,VI,XXVII,CXVI
Murytub,XXXVI,VIII,CLXXIII,Denarius,II,XXVI,DCLV
Munarg,XXXVIII,I,CXCIX,Denarius,X,XIX,CCCVII
Murytub,XL,VII,CCIII,Denarius,VI,IV,DLXV
Munarg,XL,X,CXLI,Quinarius,VIII,XIII,XLI
Munarg,XXXVI,VII,CXLVIII,Denarius,IV,II,CCCXXXVII
Murytub,XXXVIII,V,CXX,Denarius,V,VI,DXLIV
Muniv,XXXV,VIII,XXIII,Quinarius,IV,XXIV,CCLXX
Muniv,XXXVII,IV,XX,Denarius,VI,V,DXXXII
Atamora,XXXV,II,XII,Quinarius,VIII,VIII,MDCCLXXVI
Murytub,XXXVIII,X,CXXIX,Denarius,V,XXII,DCXXX
Munarg,XXXIX,IV,CV,Denarius,V,XXII,CDXL
Munarg,XXXVIII,V,CLXXX,Quinarius,IV,XXX,CXX
Muniv,XXXVII,II,XXII,Quinarius,V,XV,CLXXXIV
Muniv,XXXVI,X,XXVIII,Denarius,IX,III,DLXXVI
Munarg,XXXVIII,IV,CLIII,Quinarius,IV,VIII,CXXVIII
Muniv,XXXVI,VI,XVIII,Quinarius,IV,XI,CCXIX
Munarg,XL,IX,CXV,Quinarius,V,X,LXXVII
Suilis,XXXIX,VIII,XXVIII,Denarius,IV,XIX,MMMDCCCXV
Murytub,XL,II,CXXXII,Quinarius,VII,XXI,CXLI
Munarg,XXXVI,II,C,Denarius,III,III,CD
Murytub,XXXVIII,I,CLXVIII,Denarius,V,V,DCXVII
Munarg,XXXIX,IX,CLXII,Denarius,VI,XI,CCXLVII
Munarg,XXXIX,VI,CLXXXVIII,Denarius,IV,II,CCLXI
Murytub,XXXVIII,XI,CCVII,Denarius,IV,XVIII,DLVIII
Munarg,XXXIX,IV,CLVIII,Denarius,VII,III,CDLVII
Munarg,XXXVI,X,CXXXVII,Aureus,IX,XXVII,IV
Murytub,XXXVII,III,CLII,Denarius,VI,I,DCLVII
Murytub,XXXV,IV,CLXXVI,Denarius,VI,XXVI,DCXCI
Munarg,XXXVII,II,CL,Denarius,VI,XVII,CCCXXX
Munarg,XXXVI,III,CX,Denarius,IV,XIII,CCLXXXIII
Muniv,XXXVI,XII,XXVI,Denarius,V,XVI,CDXVII
Murytub,XXXVI,XII,CLXXX,Denarius,VI,XIX,DCLXXII
Munarg,XXXVI,VII,CLVI,Denarius,V,VIII,CCCXXXVIII
Munarg,XL,VIII,CLV,Denarius,III,X,CLXXXIV
Munarg,XXXVI,I,CXXXIV,Quinarius,VI,XI,CLIII
Munarg,XXXVII,IX,CXCIII,Quinarius,V,XIII,CXIII
Murytub,XXXVII,V,CLXXVIII,Denarius,VI,XIV,CMXCVI
Muniv,XXXVI,VII,XXIV,Quinarius,V,XXV,CCXII
Munarg,XXXVII,X,CXXIII,Quinarius,IX,XXIX,XCIV
Munarg,XL,IX,CLXXXVI,Quinarius,VII,XVIII,XLVI
Muniv,XXXV,III,XXI,Quinarius,VII,I,CCXLIV
Munarg,XXXVI,XII,CLXXI,Quinarius,VIII,XII,CXV
Murytub,XXXIX,V,CXXIV,Quinarius,VI,II,CXXX
Munarg,XXXIX,VII,CLXIX,Denarius,VIII,VII,CCXXVII
Muniv,XXXIX,XII,XX,Quinarius,VI,XV,CXIX
Munarg,XL,III,CXCIII,Quinarius,VIII,XVIII,XLVI
Muniv,XXXVI,VI,XXIX,Denarius,VIII,VI,DLXXVI
Murytub,XXXVI,IV,CXLIV,Quinarius,V,IV,CCCXXXI
Munarg,XXXVII,I,CLXXVII,Denarius,V,VI,CCCXVIII
Murytub,XXXV,IV,CXXXVI,Aureus,IV,XII,VIII
Murytub,XXXIX,I,CXXX,Denarius,IV,XIII,DCXXIV
Muniv,XXXV,II,XXVII,Denarius,VIII,VIII,DLXXIV
Munarg,XXXIX,X,CXXI,Quinarius,VIII,XXIX,LXXXI
Murytub,XXXIX,VI,CLXXIV,Denarius,IV,XXIV,DLXXXIV
Suilis,XXXVII,II,XIX,Denarius,VI,XIII,MMMDLXXXVIII
Murytub,XL,IX,CLXXXVI,Quinarius,V,XXIII,CXIII
Munarg,XXXV,XI,CLVIII,Quinarius,VII,XII,CLXIII
Murytub,XL,XI,CLXXIX,Quinarius,IX,XXIV,CXIII
Munarg,XXXVII,IV,CLXXXIX,Denarius,VII,XXVI,CCCLIV
Muniv,XXXVIII,I,XXIX,Denarius,VII,XXII,DXXX
Munarg,XXXIX,I,CIV,Denarius,VII,XXXI,CCXLVI
Murytub,XXXVI,VII,CXXXII,Denarius,VI,XXVII,DCLXXXVIII
Murytub,XXXVII,III,CLXX,Denarius,VI,XXI,DCCXI
Munarg,XXXVIII,XII,CXXXIII,Denarius,III,VII,CDXLIX
Suilis,XXXIX,I,XXIII,Denarius,VIII,XXIV,MMMDLII
Muniv,XXXVIII,VII,XVII,Denarius,VI,XXII,DXLVIII
Munarg,XL,IX,CIX,Denarius,IX,XV,CCXXI
Murytub,XXXVI,VIII,CXXIII,Aureus,VII,III,VII
Muniv,XXXVIII,V,XXVIII,Aureus,V,XV,VI
Munarg,XXXVII,V,CLXIX,Denarius,VIII,III,CCXCVII
Muniv,XXXVIII,I,XXIV,Quinarius,VI,XXVII,CLXXIV
Murytub,XXXVIII,XI,CCXI,Denarius,VIII,VII,DCXVI
Munarg,XL,VI,CXCIX,Denarius,VI,XXIX,CXCII
Munarg,XXXVI,VII,CLXXXII,Denarius,IV,II,CDIII
Muniv,XXXIX,I,XIV,Quinarius,VIII,XVIII,CXXII
Muniv,XXXVI,XII,XXX,Denarius,VIII,XX,CDLXXI
Murytub,XXXIX,VI,CXXXVII,Denarius,VII,IV,DLXXXII
Muniv,XXXVII,X,XIX,Quinarius,IX,XIX,CLXXXVIII
Murytub,XXXVII,X,CLXV,Denarius,VII,XXV,DCXX
Murytub,XXXVII,IV,CXV,Denarius,VIII,X,MXIV
Murytub,XL,V,CXV,Denarius,VIII,VIII,DLXXVIII
Munarg,XXXVI,VII,CXCIII,Quinarius,VII,XI,CXLIV
Murytub,XXXIX,XI,CLXXIX,Denarius,IV,V,DLXVI
Muniv,XXXVI,VI,XXXI,Quinarius,V,XIX,CCXXXVIII
Murytub,XXXIX,II,CLV,Aureus,VI,XXIV,VI
Munarg,XXXVI,VII,CXI,Denarius,III,XXIV,CCCXXV
Muniv,XXXVIII,VIII,XIII,Denarius,III,XVI,CDLIV
Munarg,XXXIX,III,CLVI,Quinarius,III,XI,XLIX
Munarg,XXXIX,VII,CXXXII,Denarius,V,I,CCXLVIII
Munarg,XXXVII,III,CLXXXVI,Quinarius,IV,XXV,CLXIV
Murytub,XXXVI,III,CLXXVIII,Denarius,VI,X,DCCVI
Suilis,XXXVII,III,XXVI,Denarius,VI,XIV,MMMCDLXXXVI
Munarg,XXXVI,IX,CLIII,Denarius,IV,XVIII,CCCXXXIX
Murytub,XXXVIII,IV,CC,Quinarius,IX,XIX,CXCVI
Muniv,XXXVI,IV,XXV,Denarius,V,XXVIII,CDLVII
Munarg,XXXV,VIII,CLXXXVI,Quinarius,V,XXII,CLXX
Murytub,XXXV,XI,CLVIII,Quinarius,IX,VI,CCCLXI
Munarg,XXXVIII,VII,CLI,Quinarius,IV,XVII,CI
Suilis,XL,V,LIX,Denarius,VIII,X,MMMDCCLXVII
Munarg,XXXV,VI,CXXXIX,Denarius,IV,XX,CCCLXIX
Munarg,XXXIX,I,CXXI,Denarius,VII,XV,CCCLVI
Muniv,XXXV,I,XVII,Denarius,V,XVIII,CDLXV
Muniv,XL,III,XX,Denarius,VI,III,DLXXXI
Murytub,XXXV,VII,CXXVI,Denarius,III,XVIII,DCC
Munarg,XXXVI,II,CXII,Quinarius,VII,XXIV,CLXXII
Munarg,XXXVII,VII,CLIV,Denarius,IX,XIX,CDXXX
Munarg,XXXVI,XI,CXXXVII,Quinarius,VII,I,CXXXIX
Suilis,XXXV,IX,XXXV,Denarius,V,V,MMMCDLXXV
Munarg,XXXIX,VII,CXXV,Quinarius,VI,XIII,LXII
Murytub,XXXVII,I,CLXXXIII,Quinarius,VI,XXVIII,CCLXV
Munarg,XXXVII,IX,CXCVII,Denarius,V,II,CCCLIV
Murytub,XXXVII,I,CLXXVII,Aureus,VII,XIV,VI
Suilis,XXXVI,XII,XXVII,Denarius,VIII,XI,MMMCDI
Munarg,XXXIX,I,CLXXXV,Denarius,IV,XVI,CCXXVII
Murytub,XXXVII,VII,CLV,Denarius,V,XVI,DCCCXXXVI
Suilis,XL,IV,XXVIII,Denarius,VI,XXII,MMMCMLXIII
Murytub,XL,IV,CLXVIII,Denarius,VII,XVII,DXCIII
Murytub,XXXVIII,V,CLXXXVIII,Denarius,V,XXVII,DCXXVIII
Munarg,XXXVIII,VIII,CXCII,Quinarius,VI,XXVIII,XCVII
Muniv,XXXV,V,XXII,Quinarius,VII,X,CCLXXIII
Murytub,XXXV,VIII,LXXXIV,Aureus,VII,XVI,VIII
Munarg,XXXVI,V,CIX,Quinarius,IV,XXX,CXLVII
Murytub,XXXV,I,CXXXVI,Denarius,V,XX,DCCXVI
Munarg,XXXVIII,I,CLXXIX,Denarius,VII,XX,CCCXXXIII
Munarg,XXXVI,IV,CXXIX,Denarius,IV,XV,CCCLIV
Muniv,XXXV,I,XXVI,Aureus,VII,XI,VII
Murytub,XXXIX,VI,CLVI,Quinarius,IV,V,CXXXV
Atamora,XXXVIII,VIII,XI,Denarius,VIII,XXX,MMDCCLII
Murytub,XXXV,VIII,CLXXXIV,Denarius,VII,V,DCXXXVIII
Suilis,XXXV,X,XVI,Aureus,IV,XVI,XLVI
Murytub,XXXVIII,IX,CXXXVII,Aureus,IX,XXIV,VI
Murytub,XXXV,VIII,CXLVII,Denarius,V,XV,DCLXXIII
Munarg,XXXV,I,CXCI,Quinarius,VII,XI,CCII
Munarg,XXXIX,I,CLXVII,Quinarius,V,XI,LXXXVI
Muniv,XL,III,XXIII,Denarius,VI,III,CDXXXII
Murytub,XL,I,CLXXVIII,Denarius,VI,V,DLII
Suilis,XL,IV,XIV,Denarius,VII,XXIV,MMMCMXCI
Munarg,XL,I,CLXVIII,Denarius,VI,V,CDXXXIV
Muniv,XXXVIII,II,XXVIII,Quinarius,V,VI,CL
Muniv,XXXVIII,III,XXIII,Denarius,V,X,CDXCII
Atamora,XXXIX,VII,IX,Quinarius,VI,XIII,DCCLXIX
Murytub,XL,II,CCI,Denarius,VII,IV,DLXXI
Muniv,XL,XII,XXXIV,Denarius,VIII,V,CDXXXI
Suilis,XXXIX,IV,XIII,Quinarius,II,IV,DCCCLXX
Muniv,XXXV,VII,XXIX,Denarius,IV,XXX,CDLXXXIX
Murytub,XL,VI,CLXI,Aureus,III,XIII,V
Suilis,XXXV,I,XL,Denarius,V,XVIII,MMMCDXC
Murytub,XXXVIII,VI,CXXXV,Denarius,VI,XXV,DLXXI
Atamora,XXXVI,X,X,Aureus,IV,XX,XXXIX
Murytub,XL,VII,CXXIX,Denarius,VII,VIII,DLXVI
Munarg,XXXIX,X,CXXXIII,Denarius,IV,VI,CCLII
Munarg,XXXVIII,I,CXLVIII,Quinarius,VI,XI,XCVIII
Suilis,XL,VII,XI,Quinarius,V,XVII,DCCCLV
Murytub,XXXVIII,II,CXVIII,Quinarius,V,IV,CLXXXIV
Munarg,XXXVII,II,CXII,Aureus,VI,V,IV
Murytub,XXXIX,VII,CXXV,Denarius,VII,X,DCV
Murytub,XXXVI,II,CLXXV,Aureus,VI,XV,VIII
Munarg,XXXVI,XII,CLXXVII,Denarius,IV,XXIV,CCCXCVI
Munarg,XXXVIII,XI,CXXI,Denarius,VII,XII,CDVIII
Munarg,XXXVI,XI,CXLIX,Quinarius,VI,XXX,CV
Munarg,XXXVII,IX,CXXXIII,Denarius,IX,VII,CDXXXVI
Murytub,XXXVII,III,CLXXX,Denarius,V,II,DCXLII
Muniv,XXXV,III,XXVIII,Denarius,VII,XVI,DXXXV
Munarg,XXXV,IV,CLXXX,Quinarius,III,XVII,CLV
Munarg,XXXIX,V,CXIV,Denarius,VI,XXII,CCLV
Munarg,XL,IV,CXCV,Denarius,IV,IV,CDVI
Munarg,XXXV,VIII,CXXI,Denarius,IV,IX,CCCXLIV
Murytub,XXXVIII,VII,CXXVIII,Denarius,VI,II,DCXXVIII
Murytub,XXXVIII,VIII,CXXXVIII,Denarius,VI,XXVI,DLXXXVI
Muniv,XXXVIII,IV,XXXI,Quinarius,VII,XVI,CXXXII
Munarg,XXXVIII,I,CLI,Denarius,V,VI,CCCLXVIII
Munarg,XL,I,CLXII,Denarius,V,XXIV,CDLXIV
Munarg,XXXV,XI,CLXVI,Quinarius,III,I,CCV
Munarg,XXXVI,XII,CLXIX,Aureus,VII,IX,III
Murytub,XXXIX,I,CXXVII,Denarius,VII,XXVI,DCXII
Atamora,XXXVIII,V,IX,Denarius,V,XVI,MMDCCCLXXXVII
Murytub,XXXIX,X,CLX,Denarius,VII,XXVII,DLXXVII
Munarg,XXXVIII,VIII,CXXIV,Quinarius,IV,IX,CXV
Munarg,XXXVII,X,CLVI,Quinarius,VII,VIII,CXXXI
Suilis,XL,I,XXXIV,Denarius,VII,II,MMMDCLV
Murytub,XXXVIII,IX,CXXI,Quinarius,V,XII,CLXIV
Muniv,XXXVII,VII,XVIII,Denarius,VI,IX,DIX
Murytub,XXXV,II,CLXV,Quinarius,VII,XXIII,CCCXL
Murytub,XXXIX,VI,CLXXXIX,Denarius,V,VIII,DLXXI
Munarg,XXXVIII,II,CXCI,Aureus,V,VI,II
Munarg,XXXVI,V,CLXXIII,Quinarius,VIII,III,CXVI
Munarg,XXXV,XI,CLVIII,Quinarius,VI,XVI,CLXXXVII
Murytub,XL,VI,CXIX,Quinarius,IX,XIX,CXXXII
Murytub,XXXVII,IX,CLXIII,Denarius,VI,XXIX,DCLXXVI
Munarg,XXXVIII,III,CXVIII,Denarius,VI,IX,CCCLXXXIX
Murytub,XXXVI,III,CXLIX,Denarius,VII,XXVIII,DCXXIX
Munarg,XXXV,X,CXL,Quinarius,V,XIV,CLXXXVII
Munarg,XL,V,CLV,Aureus,VI,XXXI,II
Murytub,XXXVIII,II,CLVII,Denarius,V,IV,DLXXIII
Murytub,XL,II,XCIX,Quinarius,VI,XII,CXLII
Muniv,XXXVII,IV,XXXIII,Quinarius,VI,XIV,CLXXXVI
Munarg,XXXVIII,XII,CXXXI,Quinarius,XI,XV,XC
Munarg,XXXV,IV,CLVII,Denarius,III,IX,CCCLXI
Murytub,XXXVI,III,CXXV,Quinarius,VI,VIII,CCCIII
Murytub,XXXVI,VIII,XCII,Quinarius,IV,IX,CCLXII
Murytub,XXXVI,I,CXIV,Denarius,IV,VII,DCXXIX
Murytub,XXXVII,III,CLXXVI,Denarius,IV,XXV,DCLXXV
Muniv,XXXIX,XII,XIX,Denarius,VI,XXV,CDXCIX
Murytub,XL,X,CLVII,Quinarius,VI,XII,CXVIII
Muniv,XXXIX,II,XXIII,Denarius,V,XXV,DXX
Atamora,XXXVI,VIII,XII,Denarius,IX,X,MMCDII
Muniv,XXXV,XI,XXVI,Denarius,IV,XXI,CDL
Suilis,XXXVI,XI,XXXVI,Denarius,VIII,XVII,MMMCDXXXIX
Munarg,XXXVIII,VI,CLXXXVII,Denarius,V,XXIX,CDXLIV
Murytub,XXXVII,III,CXLI,Quinarius,X,IV,CCCXIV
Muniv,XXXVIII,I,XXIII,Denarius,V,V,DXVII
Munarg,XXXV,VIII,CLX,Quinarius,IV,IX,CLX
Murytub,XL,IX,CLXXX,Denarius,V,VI,DC
Munarg,XXXV,VIII,CLXII,Denarius,V,I,CCCLXI
Murytub,XXXVII,XI,CXCVI,Denarius,VII,XVIII,DCXIX
Murytub,XXXIX,V,XCVIII,Denarius,VI,XXVII,DXC
Muniv,XXXVI,II,XXXII,Aureus,V,XVIII,VI
Munarg,XL,III,CLX,Denarius,VI,XXIX,CDXIV
Murytub,XXXVIII,VI,CIII,Denarius,VI,X,DCXVII
Suilis,XXXV,V,LXXVIII,Denarius,V,II,MMMCCCXLVI
Munarg,XXXV,I,CLVII,Denarius,VII,VI,CCCLII
Murytub,XXXIX,V,CLXII,Denarius,IX,IX,DCII
Munarg,XXXIX,VIII,CIV,Denarius,IV,III,CCXXXIX
Munarg,XXXIX,III,CI,Quinarius,VIII,IV,XCIV
Muniv,XXXVII,IV,XXIX,Quinarius,VI,XXV,CCXX
Munarg,XXXV,IX,CXL,Denarius,VII,I,CCCXXVII
Atamora,XXXV,XI,IX,Denarius,VII,XXII,MMMCCCXVIII
Munarg,XXXVI,III,CII,Denarius,IX,XIV,CCCXCIII
Muniv,XXXVI,X,XXXII,Denarius,IX,XV,DLXVIII
Munarg,XXXVI,VIII,CLXII,Denarius,V,XXX,CCLXXVII
Muniv,XXXVII,X,XV,Denarius,VII,IX,CDXCI
Muniv,XXXVI,VIII,XXX,Denarius,VI,XXIX,DIV
Murytub,XXXV,VII,CVIII,Denarius,VI,XVII,DCLXXXVIII
Murytub,XL,X,CXXXIX,Denarius,II,III,DLXIX
Muniv,XL,V,XXX,Quinarius,VI,XVI,CXI
Munarg,XXXV,III,CLII,Quinarius,VI,XIV,CLVI
Muniv,XXXVI,XI,XXIV,Denarius,III,XXV,CDXCVII
Muniv,XXXIX,VII,XXIII,Quinarius,VII,II,CXVII
Suilis,XXXVI,II,XV,Denarius,V,VIII,MMMCCCXXXIX
Munarg,XXXIX,II,CVI,Quinarius,VI,XV,LV
Muniv,XXXVIII,IX,XXVI,Denarius,VII,XX,CDXXXVII
Munarg,XXXV,I,CII,Denarius,VI,XXI,CCCLXXIX
Suilis,XXXIX,IV,XXVII,Denarius,V,XIV,MMMCMXXIV
Munarg,XXXV,VIII,CL,Denarius,IV,IX,CCCXLI
Murytub,XXXVIII,VIII,CXLIX,Denarius,VII,XXI,DLXXXIX
Munarg,XXXVII,II,CLXV,Denarius,VI,XI,CDXI
Suilis,XL,V,XI,Denarius,IX,III,MMMMLVIII
Muniv,XL,IV,XXXII,Denarius,VI,XXI,CCCXCIV
Atamora,XXXVI,IV,X,Denarius,VII,XVI,MMMCCCLXXVIII
Atamora,XXXIX,X,X,Denarius,VII,XV,MMCDXVII
Murytub,XXXVI,VIII,CXLVIII,Denarius,VI,XIII,DCCX
Munarg,XXXV,III,CXVI,Denarius,VI,XII,CCCLXX
Atamora,XXXV,VI,IX,Quinarius,VIII,XXIX,MDCCCXCV
Munarg,XL,I,CXC,Quinarius,VII,XIX,LVII
Atamora,XL,XII,X,Denarius,III,XVII,MMLXIII
Murytub,XXXV,IV,CX,Quinarius,VI,XXI,CCCLXII
Munarg,XXXV,III,CXVI,Denarius,IV,XXV,CCCXII
Atamora,XXXVII,VII,VI,Quinarius,VIII,XXXI,DCCXCIII
Murytub,XXXVI,VIII,CLII,Denarius,III,XXVII,DCXCIV
Murytub,XXXIX,I,CLXXVIII,Quinarius,VIII,XVIII,CXLVII
Murytub,XXXVI,II,CXXX,Quinarius,V,I,CCLXXXI
Murytub,XXXVII,XII,CLXXXII,Denarius,VII,XI,DCXXXIII
Munarg,XXXVIII,II,CXLIX,Denarius,V,XXIII,CCLXIV
Suilis,XL,IX,XL,Denarius,V,II,MMMCMXI
Murytub,XXXV,I,CLXXVII,Denarius,VII,XIII,DCCXIII
Murytub,XXXIX,VII,CLXXVI,Quinarius,VIII,XXVI,CXXXV
Muniv,XL,XI,XXVI,Denarius,V,XXVIII,CDLXIX
Munarg,XXXVII,IX,CLXXXIX,Denarius,VI,XXII,CCC
Muniv,XL,VIII,XIX,Denarius,V,XIII,DIV
Muniv,XXXVIII,IV,XV,Quinarius,VI,XIII,CLXVI
Muniv,XXXVIII,XII,XXV,Aureus,IV,VIII,V
Murytub,XL,V,CXVI,Quinarius,VI,XV,CXX
Suilis,XL,VII,XXXV,Denarius,VIII,V,MMMMCXXIX
Murytub,XXXVIII,III,CLXXXVIII,Denarius,VIII,XXXI,DCXIX
Murytub,XXXIX,X,CXXIII,Denarius,V,XVI,DCXI
Munarg,XXXV,IX,CV,Quinarius,V,XXV,CCVI
Murytub,XXXIX,II,CXVII,Denarius,VI,XX,DCXVIII
Muniv,XXXVI,III,XXII,Denarius,VIII,VII,CDXLIV
Murytub,XXXVIII,VII,CV,Denarius,V,X,DCXXXIX
Munarg,XXXVI,III,CXXXIV,Quinarius,VI,VIII,CLXIX
Murytub,XXXIX,II,CLXII,Aureus,VI,XX,V
Munarg,XL,VII,CXXXVII,Denarius,VIII,XXI,CCXVIII
Munarg,XXXVI,X,CXL,Quinarius,VI,XXVIII,CLIX
Suilis,XXXV,XI,XII,Quinarius,IV,VII,MDCCLXXXII
Murytub,XXXIX,I,CLXXII,Denarius,VI,XIX,DCXXV
Muniv,XXXIX,VI,XIX,Denarius,VII,XXII,DLXXXVIII
Murytub,XXXV,I,CXXX,Denarius,VI,XXIII,DCCXX
Munarg,XXXV,I,CLXV,Quinarius,VI,XXI,CLXXX
Murytub,XXXIX,XI,CLXXV,Denarius,III,VII,DCIV
Muniv,XXXV,V,XXVII,Aureus,VIII,XVII,VI
Munarg,XXXVII,IV,C,Denarius,VIII,XII,CCCXXXIV
Murytub,XXXV,I,CXCVI,Quinarius,VIII,XXVIII,CDIII
Suilis,XXXIX,IV,XIV,Quinarius,III,IX,DCCLXXVII
Murytub,XXXVI,VIII,CLXIV,Denarius,VII,I,DXCVIII
Muniv,XXXVIII,XI,XVIII,Quinarius,IV,XXI,CXXI
Atamora,XXXVI,IX,XIII,Denarius,VII,X,MMCMLXVII
Muniv,XXXIX,II,XXII,Denarius,III,IV,CDXVI
Munarg,XL,III,CLXXV,Denarius,V,XXVIII,CCCLXXIV
Munarg,XXXVIII,X,CXCVI,Quinarius,VII,XII,XCV
Atamora,XXXVIII,V,VII,Denarius,VI,X,MMMCCXC
Munarg,XXXVI,VII,CLXXV,Denarius,V,III,CCLXXXVI
Murytub,XXXV,I,CLVII,Denarius,III,III,DCXLII
Muniv,XXXVI,VI,XXX,Denarius,VIII,XXI,CDLXXV
Murytub,XXXVIII,IV,CLVI,Quinarius,VIII,XII,CCI
Murytub,XXXVI,II,CLXXV,Denarius,IX,IX,DCXI
Munarg,XXXVII,X,CXCV,Denarius,IV,XXIV,CCCLXXII
Muniv,XL,IV,XX,Quinarius,VI,XXI,CXIII
Muniv,XL,X,XXIII,Denarius,VII,XX,CDXLIII
Munarg,XXXIX,VI,CXXXII,Denarius,V,VIII,CDXLIII
Muniv,XXXVII,V,XIX,Denarius,III,VI,CDXLII
Munarg,XXXVII,XII,CLXXIV,Denarius,V,IV,CCXLI
Munarg,XXXV,VII,CLIII,Quinarius,II,XXI,CLVIII
Munarg,XXXVIII,II,CXXIV,Denarius,VI,IX,CDVI
Murytub,XXXIX,IV,CLXXVIII,Quinarius,VIII,XVI,CXXV
Murytub,XXXVII,VII,CLXIII,Quinarius,V,XXX,CCCLXV
Murytub,XL,III,C,Quinarius,VI,XXVI,CXVIII
Muniv,XXXVIII,XII,XXXII,Quinarius,VI,XXI,CXXVII
Munarg,XXXV,XII,CIII,Denarius,VIII,XVIII,CCCXXXIV
Munarg,XXXIX,VIII,CXCV,Denarius,V,I,CCXL
Muniv,XXXVIII,V,XXI,Denarius,III,XXV,DXIV
Munarg,XXXVIII,IX,CLXIV,Quinarius,X,XIV,CVII
Murytub,XXXVIII,X,CLXXVI,Denarius,VIII,II,DCII
Murytub,XL,X,CXIII,Denarius,VII,XVI,DLXXXV
Atamora,XXXVI,V,VIII,Quinarius,VII,VII,MCCCXI
Munarg,XXXVIII,I,CLX,Denarius,VI,XXVI,CCLX
Murytub,XXXVIII,II,CLXVI,Denarius,V,VI,DCXXIII
Muniv,XXXVI,III,XVII,Quinarius,IV,XXI,CCXIV
Murytub,XXXIX,IX,CLIV,Quinarius,VI,XI,CXXXIV
Suilis,XXXVIII,X,XI,Denarius,III,XXV,MMMDXVII
Munarg,XXXIX,VII,CXL,Aureus,VIII,XXV,II
Murytub,XXXVII,IV,CXLIII,Denarius,V,XVIII,CMXXXIII
Munarg,XXXVII,XII,CLXIII,Quinarius,III,XV,XCIII
Munarg,XXXVI,I,CLI,Quinarius,VI,XXVII,CLXXII
Munarg,XXXV,VII,CXX,Denarius,VI,XXXI,CCCXLIV
Murytub,XXXV,X,CLXIX,Quinarius,VII,XXIII,CCCLVI
Muniv,XXXVII,VI,XVI,Denarius,XII,XVIII,DXXXVIII
Murytub,XXXV,VI,CXLIII,Denarius,V,XVII,DCXCIX
Munarg,XXXV,VI,CLXXVII,Denarius,VI,IX,CCCLXXIV
Munarg,XXXV,V,CXCIV,Denarius,I,IV,CCCLXIII
Munarg,XL,V,CIII,Quinarius,VI,XXVI,L
Murytub,XL,VIII,CLIII,Quinarius,V,XXX,CXXXIX
Atamora,XXXVIII,IX,X,Quinarius,V,III,DCLXXXVII
Murytub,XXXVII,X,CLXV,Denarius,VI,VII,DCX
Munarg,XXXV,X,CLXXXIV,Quinarius,VII,XXV,CCX
Munarg,XXXIX,XII,CVIII,Denarius,III,IX,CDXXXIII
Munarg,XXXVIII,II,CXC,Denarius,V,XII,CCCII
Munarg,XXXV,VII,CIII,Quinarius,V,XXII,CXCV
Suilis,XXXVI,V,XX,Denarius,VI,XVI,MMMCCCLXXXIII
Muniv,XL,I,XXV,Denarius,VI,XII,CDLIII
Murytub,XXXIX,XI,CLVI,Quinarius,VII,I,CXIV
Munarg,XXXVI,III,CXXXVI,Quinarius,IV,XXX,CLXIII
Murytub,XXXVIII,IX,CXL,Denarius,II,XVI,DXCII
Atamora,XXXVIII,XI,XIII,Quinarius,V,I,DCCCXXVI
Muniv,XXXVII,VI,XXIV,Denarius,VII,VII,CDLIX
Munarg,XXXV,XI,CLXVI,Denarius,IX,XXVI,CCCLXII
Munarg,XL,XI,CXVIII,Denarius,IV,XXIX,CLXXVIII
Muniv,XXXIX,IV,XXI,Denarius,VII,II,DXLVI
Murytub,XXXIX,VII,CXXXIII,Denarius,V,IX,DXLV
Munarg,XXXIX,II,CLXVII,Denarius,VI,XXIII,CCXLIV
Murytub,XXXVI,III,CXLV,Denarius,VI,XXIX,DCLXXXVI
Suilis,XXXIX,XII,XII,Denarius,V,XXX,MMMDLXXI
Murytub,XL,I,CXLVIII,Denarius,V,IV,DLIII
Murytub,XXXVIII,IX,CXLI,Denarius,V,XXI,DXCII
Munarg,XXXV,XII,CXXXVII,Quinarius,VIII,XXIV,CLXVI
Muniv,XXXV,X,XXXII,Denarius,VII,XXV,CDLVII
Munarg,XXXVI,XII,CLXIII,Quinarius,V,VII,CLXVIII
Murytub,XXXV,XI,CLXXIII,Denarius,VII,XXVIII,DCXCIII
Suilis,XXXV,XI,XII,Aureus,VII,XXVIII,XL
Atamora,XL,VIII,XI,Denarius,III,III,MMCLXXXIII
Muniv,XXXVIII,VI,XXVI,Quinarius,IX,XV,CLXXVIII
Muniv,XXXVII,VI,XXIV,Denarius,IV,III,DXVII
Muniv,XXXV,X,XXIV,Denarius,VIII,I,DXLVI
Murytub,XXXVIII,X,CLXXI,Denarius,V,XVIII,DCXXIX
Murytub,XXXVI,I,CLVIII,Denarius,VI,XI,DCXXXVIII
Murytub,XXXIX,IX,CLXXVII,Denarius,VI,II,DLVIII
Murytub,XXXVII,II,CXXVIII,Aureus,IV,II,VI
Murytub,XXXV,IX,CXV,Quinarius,V,XXV,CCCLXXXVIII
Murytub,XXXVII,VI,CXIX,Quinarius,VI,V,CCCXXXIV
Murytub,XXXIX,VII,CCIV,Denarius,IV,VIII,DCV
Murytub,XXXIX,V,CXLVII,Denarius,VI,XXIX,DCXXII
Murytub,XXXIX,IV,CXLVI,Quinarius,VII,VI,CXXX
Murytub,XXXVIII,IV,CXLIX,Denarius,VI,XIII,DCXXIX
Suilis,XXXVI,VII,XIX,Denarius,VI,XVIII,MMMCXCV
Suilis,XXXVIII,VII,XXX,Denarius,VIII,IV,MMMDXCV
Munarg,XXXIX,II,CV,Denarius,VII,XVIII,CDXLIX
Munarg,XXXVII,X,CXLIV,Quinarius,VII,IX,CLVI
Munarg,XXXV,XII,CLXXVIII,Denarius,VI,III,CCCLXXX
Murytub,XXXVII,III,CXLI,Quinarius,VI,XI,CCCI
Murytub,XXXVIII,VIII,CLI,Quinarius,IV,IX,CLXVI
Murytub,XXXIX,X,CLXI,Denarius,VII,VII,DCXVI
Munarg,XL,I,CLXII,Denarius,II,XVIII,CCXII
Suilis,XXXVI,XI,XII,Quinarius,VII,XIV,MD
Munarg,XXXVII,I,CLXXIII,Quinarius,IX,XVI,CXXVIII
Munarg,XL,I,CXX,Denarius,VII,XXXI,CCCLXVIII
Munarg,XXXV,I,CXVI,Denarius,V,XVI,CCCLXXXIX
Atamora,XXXVI,I,VIII,Quinarius,X,XXVIII,MCXLIV
Murytub,XL,VI,CLXXXIII,Aureus,VIII,XXI,V
Munarg,XXXVIII,V,CII,Quinarius,III,XXII,CXXIII
Murytub,XXXVI,IV,CXXXVI,Denarius,V,I,DCLXXXI
Murytub,XXXIX,III,CLXXXIV,Denarius,III,XI,DLXIX
Munarg,XXXVII,VII,CLIII,Quinarius,VIII,V,CXVII
Munarg,XXXVI,I,CXIII,Denarius,V,XXIX,CCLXXVI
Murytub,XXXIX,VIII,CXII,Denarius,VII,VI,DLXV
Munarg,XXXVI,X,CLXXXVI,Denarius,IX,XVIII,CCCXXXVIII
Muniv,XXXVIII,V,XXIII,Denarius,VI,I,CDLXXIX
Munarg,XXXIX,VIII,CXCIII,Quinarius,IV,XXVI,XLVII
Atamora,XXXV,VI,XII,Denarius,VI,XII,MMCMLXXXIV
Munarg,XXXVII,IX,CLXXV,Quinarius,VII,XVII,CXXIII
Suilis,XXXVIII,XII,LVI,Denarius,VI,II,MMMDCCX
Murytub,XXXVIII,X,CLVII,Denarius,IV,X,DCI
Munarg,XXXVI,II,CLIV,Quinarius,V,VIII,CLV
Murytub,XXXVI,IX,CLXXVII,Denarius,VI,XXII,DCXXVII
Murytub,XXXV,IV,CXXV,Denarius,IV,XIII,DCCXXVII
Muniv,XXXVI,IX,XV,Denarius,IV,XXIII,DXXXI
Munarg,XXXVIII,VIII,CXLIV,Denarius,V,XXIII,CDVII
Murytub,XXXVII,XI,CLXXII,Quinarius,VI,XXV,CCV
Muniv,XXXVI,VI,XXII,Denarius,VI,XXII,DCXXXIX
Munarg,XL,II,CXI,Denarius,IX,XXVIII,CCXXXII
Munarg,XXXVIII,IX,CXXII,Quinarius,V,XXI,LXXV
Suilis,XXXVII,VIII,LVII,Denarius,IX,XXV,MMMCDLXXXIV
Munarg,XXXV,V,CLIV,Denarius,VII,V,CCCLXXIV
Munarg,XXXVI,VI,CXCIV,Denarius,VIII,XXI,CCCLXX
Munarg,XXXV,V,CXVII,Denarius,V,I,CCCXXVIII
Muniv,XXXVIII,VII,XXXIII,Denarius,VII,XVI,DXXIX
Murytub,XXXIX,IX,CLXXXIV,Quinarius,VI,II,CXXVIII
Muniv,XXXIX,XI,XX,Denarius,V,II,DLXXXII
Munarg,XXXVIII,XI,CXC,Quinarius,VII,VI,CXIX
Suilis,XXXVI,IX,XIX,Quinarius,IX,XX,MCCCLXVI
Murytub,XXXIX,VI,CLXII,Quinarius,V,VIII,CXXXVIII
Munarg,XL,II,CXX,Quinarius,VII,XVIII,XCI
Munarg,XXXVI,X,CXXX,Quinarius,IX,XVIII,CXIX
Muniv,XXXIX,X,XXVII,Denarius,V,XIX,CDLXVI
Munarg,XXXIX,IX,CLXIX,Quinarius,VI,V,LXXXII
Suilis,XXXVI,I,X,Denarius,IV,VII,MMMDXLIX
Munarg,XXXVI,VII,CXXVII,Quinarius,VII,VI,CXXXIX
Murytub,XXXV,V,CCXXXIV,Denarius,V,XXIV,DCXCII
Munarg,XXXVI,X,CLVI,Denarius,VII,XXVI,CCCLV
Muniv,XXXV,V,XXVI,Denarius,IX,IX,DXXXIV
Suilis,XXXVII,III,XVIII,Quinarius,V,XVI,MCDXCVIII
Muniv,XXXVIII,III,XXV,Denarius,III,VI,CDXCIV
Murytub,XXXIX,IX,CXC,Aureus,III,III,VI
Munarg,XXXVII,X,CXLI,Denarius,IX,XIX,CCCLXXI
Muniv,XXXIX,III,XVII,Quinarius,VI,II,CXVII
Murytub,XXXVI,II,CLIII,Denarius,V,XVIII,DCXLV
Murytub,XXXV,VII,CXXXII,Denarius,VI,XII,DCXCIII
Murytub,XXXVI,VII,CXXXIX,Quinarius,VI,XVIII,CCCIII
Munarg,XXXVIII,VII,CXVIII,Quinarius,VI,II,LXX
Munarg,XXXVII,VI,CXL,Quinarius,III,XXIV,CLIV
Atamora,XXXVII,VI,VIII,Denarius,XII,XVIII,MCMXLIII
Murytub,XL,VI,CXXIII,Aureus,IX,XIX,V
Muniv,XL,VI,XXXIV,Aureus,IX,VII,IV
Suilis,XXXVIII,VI,XXXI,Denarius,V,XXIV,MMMDCCCXIX
Munarg,XXXVIII,XII,CLXI,Aureus,VI,X,III
Murytub,XXXVIII,IX,CXXXIX,Denarius,VI,II,DCXX
Munarg,XXXIX,XI,CXI,Quinarius,VI,XIX,XCV
Murytub,XXXIX,V,CXXIX,Quinarius,VI,I,CXXV
Munarg,XXXVIII,XI,CXVII,Quinarius,IV,XXIX,CXIII
Muniv,XXXVII,VI,XIV,Denarius,IV,VI,DI
Munarg,XL,X,CXLIV,Denarius,VIII,V,CXCV
Suilis,XL,V,XVI,Quinarius,VIII,VIII,DCCCLI
Murytub,XXXV,VIII,CXXXV,Quinarius,VI,VII,CCCXLIII
Munarg,XXXIX,III,CIII,Denarius,V,XXII,CDLIX
Murytub,XL,XII,CXCII,Denarius,VI,XVI,DXIV
Munarg,XL,IX,CLIX,Denarius,VII,XXV,CCXXII
Murytub,XXXVIII,III,CCII,Quinarius,V,XXI,CCII
Murytub,XXXVII,VII,CXI,Denarius,V,XXX,DCCCLXI
Munarg,XXXIX,XII,CLXXV,Denarius,IV,XIV,CDLX
Suilis,XL,XI,L,Aureus,V,XIV,XXXIII
Munarg,XXXVII,I,CXC,Denarius,VIII,XXI,CCCVIII
Munarg,XXXVI,I,CLXV,Denarius,V,XXIX,CCCLXII
Munarg,XXXVII,XI,CXLIII,Denarius,VI,I,CCLVI
Atamora,XXXIX,XII,IX,Denarius,III,IX,MMCDLXXIX
Atamora,XXXVIII,VII,VIII,Denarius,IV,XIV,MMDCXLV
Munarg,XXXIX,IX,CI,Denarius,V,XVII,CCVIII
Suilis,XXXVI,II,XIII,Aureus,V,XVIII,XLII
Munarg,XXXVIII,I,CII,Quinarius,VII,XX,LXXXV
Suilis,XL,VII,XX,Denarius,VIII,XXIII,MMMDCCCXXI
Murytub,XXXV,I,CXL,Denarius,III,XXII,DCXCI
Muniv,XXXVII,I,XXI,Aureus,X,XXIX,IV
Murytub,XXXIX,XII,CXXIII,Denarius,IX,XXVI,DLXXVII
Munarg,XXXIX,VIII,CXV,Quinarius,IX,XI,XCVI
Murytub,XXXV,IX,CXCVI,Quinarius,V,XIX,CCCLIX
Suilis,XXXV,XI,XXXI,Denarius,VII,X,MMMDXXXVII
Atamora,XXXVIII,XII,IX,Quinarius,V,XX,DCCXCVII
Munarg,XL,I,CLXV,Denarius,V,XXIX,CCXV
Munarg,XXXVII,VII,CLXV,Quinarius,V,XV,CLXV
Munarg,XXXV,VII,CVIII,Quinarius,VI,XXV,CLX
Munarg,XXXIX,XI,CXLII,Quinarius,VII,IV,LXXXII
Munarg,XL,IX,CX,Quinarius,VI,XX,XXXVIII
Munarg,XXXVIII,III,CIII,Denarius,V,I,CCLXXIX
Murytub,XXXIX,IX,CXLIV,Denarius,VI,II,DLXXXV
Murytub,XXXVI,VII,CXVI,Denarius,VI,XXII,DCLI
Suilis,XXXVII,VII,XI,Denarius,VII,IV,MMMCCXC
Munarg,XL,XII,CVII,Quinarius,III,XII,XL
Murytub,XL,V,CLXX,Denarius,VII,XII,DLXI
Muniv,XXXVI,XII,XXVII,Denarius,IX,XXXI,DXLIII
Murytub,XXXV,V,CXXIII,Denarius,VII,III,DCLXIII
Munarg,XXXVII,XII,CXXII,Denarius,VI,XXII,CCXCVII
Munarg,XXXV,VII,CLV,Quinarius,V,XXII,CLVI
Muniv,XXXV,I,XXXII,Denarius,VIII,XXVIII,DCVII
Munarg,XXXV,II,CLXIX,Denarius,V,XVI,CCCXXVIII
Murytub,XXXVII,VI,CXXXI,Aureus,VII,XIX,IX
Suilis,XXXV,IX,XX,Quinarius,VII,II,MDCCXCIV
Murytub,XXXVIII,X,CLXXI,Denarius,VII,XII,DCXLII
Muniv,XXXVIII,XI,XXII,Denarius,III,XXV,CDXCIX
Munarg,XXXVII,XII,CLXXX,Denarius,VIII,X,CCCLI
Munarg,XXXIX,III,CXLIV,Denarius,VIII,IV,CCCLI
Murytub,XXXVI,VI,CLIX,Denarius,VI,XXII,DCC
Murytub,XXXIX,VI,CC,Denarius,VI,XI,DLXXXIV
Muniv,XXXVII,II,XXVIII,Aureus,VIII,XIX,IV
Murytub,XXXVIII,V,CXLIII,Denarius,IV,XXIII,DLI
Murytub,XL,VIII,CLI,Denarius,II,XV,DXXV
Murytub,XXXVIII,I,CXXVIII,Quinarius,VI,X,CCI
Munarg,XXXVIII,II,CLXXXIX,Quinarius,V,VIII,LXXXVI
Munarg,XXXVIII,IV,CXXIX,Quinarius,V,IV,LXXIX
Munarg,XL,IV,CLXXXIII,Denarius,V,XXVI,CCXXXII
Munarg,XXXVI,X,CXXVIII,Quinarius,VIII,XXI,CLX
Muniv,XXXIX,VI,XXIII,Quinarius,V,XXVIII,CXVII
Murytub,XXXV,IV,CXXXI,Denarius,VIII,XXII,DCCXX
Murytub,XXXVIII,I,CCXLIII,Denarius,VIII,XVI,DXCVIII
Murytub,XL,XI,CXXXIII,Quinarius,VII,XXVII,CXX
Suilis,XXXVI,V,XIII,Denarius,III,XII,MMMCCLXXXVI
Suilis,XXXVI,I,XII,Denarius,VII,XXII,MMMCXXX
Murytub,XXXIX,IV,CCV,Quinarius,X,XX,CXXXII
Munarg,XXXVI,VIII,CXXII,Denarius,VI,XXI,CCCLXV
Munarg,XXXIX,V,CLI,Aureus,VI,II,II
Munarg,XXXV,V,CLXIII,Quinarius,VIII,XXII,CLXXII
Murytub,XL,VII,CXXIV,Denarius,IX,XIX,DCX
Murytub,XXXVIII,VIII,CLXXXV,Quinarius,IV,XXIX,CLIX
Suilis,XXXVI,III,XI,Denarius,V,VI,MMMCDLXV
Munarg,XXXVI,III,CXXXVIII,Denarius,IV,XVI,CCXCVIII
Murytub,XXXV,V,CLXXI,Denarius,IX,XXIII,DCXC
Muniv,XXXVIII,III,XXIV,Denarius,IX,XV,DXXIX
Murytub,XXXVII,XI,CLXXV,Quinarius,VIII,XIX,CCXII
Munarg,XXXIX,III,CLXII,Denarius,VI,XXIX,CDLIX
Munarg,XXXV,VII,CLXXXII,Quinarius,VII,VIII,CLXXXVII
Murytub,XXXVIII,I,CLIII,Quinarius,V,I,CCXVII
Murytub,XXXVI,IV,CXLVIII,Denarius,V,XIX,DCLXXVIII
Murytub,XXXVIII,IX,CXX,Denarius,VI,IX,DLXII
Munarg,XXXVII,VII,CX,Denarius,V,X,CCCXCVII
Suilis,XXXIX,XII,XVI,Aureus,VI,X,XXXV
Suilis,XXXV,X,XX,Denarius,VII,XXIII,MMMCXXX
Munarg,XXXIX,IV,CXI,Denarius,V,XXII,CCLXII
Munarg,XXXV,VI,CXXVII,Quinarius,X,V,CLVI
Murytub,XXXVI,IX,C,Denarius,IV,XXIII,DCIX
Suilis,XXXV,VIII,XXII,Denarius,VII,XVI,MMMCXLVI
Munarg,XXXVII,X,CXXXVII,Denarius,IV,XXVIII,CDXXV
Atamora,XXXV,VI,IX,Denarius,VI,XIII,MMMDCCCX
Murytub,XXXVI,III,CXXIII,Denarius,IV,XXX,DCLX
Murytub,XXXVII,XII,CXXIV,Quinarius,V,XIX,CCI
Murytub,XXXVIII,X,CXV,Denarius,VI,I,DXXXIX
Munarg,XL,X,CII,Denarius,II,III,CXC
Munarg,XXXV,II,CLXXXVI,Denarius,VII,V,CCCXXXIX
Murytub,XXXV,XI,CLXXXVIII,Denarius,V,IX,DCLXXXIX
Munarg,XL,VII,CLIV,Denarius,V,XVI,CCXXXV
Munarg,XXXIX,IX,CVI,Denarius,IX,XXIV,CDXLII
Munarg,XL,VIII,CLXVII,Denarius,VI,II,CLXXXIII
Munarg,XXXVII,II,CL,Denarius,IV,XVIII,CCCLXX
Munarg,XXXVII,IX,CXLVIII,Denarius,VII,VIII,CCCLXVIII
Munarg,XXXVII,XI,CL,Denarius,V,XXI,CCLII
Murytub,XL,IV,CII,Aureus,III,XII,IV
Munarg,XL,I,CLXII,Denarius,VI,XIV,CCXLII
Munarg,XXXVII,VI,CXCVII,Denarius,VII,VII,CCCXXIV
Murytub,XL,X,CXVIII,Denarius,VIII,XVIII,DLXII
Munarg,XXXIX,X,CLXXVIII,Denarius,V,XIII,CCXXIII
Munarg,XXXVIII,XII,CXCVIII,Denarius,III,VII,CDXLV
Murytub,XXXIX,XII,CL,Denarius,VI,VII,DLXXXIV
Munarg,XL,VI,CXLIV,Denarius,V,XVIII,CCCLXX
Muniv,XXXVII,IX,XIX,Denarius,III,V,CDXLVI
Muniv,XXXVII,I,XX,Denarius,VII,XX,DX
Murytub,XXXVII,II,CXXXIX,Denarius,VIII,VII,DCLVII
Muniv,XXXV,VIII,XXIX,Denarius,VI,XXI,CDXXXIX
Munarg,XXXVI,V,CXCVI,Denarius,VII,V,CCCXLIX
Munarg,XXXVIII,VIII,CXLII,Quinarius,IV,IX,CI
Suilis,XL,II,XIX,Denarius,V,XIX,MMMMXCI
Murytub,XXXIX,I,CCXIII,Denarius,V,XXIII,DCXXXVI
Muniv,XXXVIII,XII,XVI,Quinarius,VII,XXXI,CXIII
Murytub,XXXV,VI,CXLIII,Denarius,IV,XX,DCXLVI
Murytub,XXXIX,VII,CXX,Denarius,V,XIV,DXLVI
Muniv,XXXV,XII,XXVI,Quinarius,VI,XVI,CCXVIII
Munarg,XXXV,VIII,CLXIV,Aureus,VI,XXXI,V
Murytub,XXXVIII,X,CLXIV,Denarius,VI,V,DCXLIX
Murytub,XXXIX,III,CLXXI,Denarius,VIII,IV,DLXXXIII
Munarg,XL,III,CXXV,Quinarius,VII,XVII,XLIX
Munarg,XL,III,CLXXXIX,Quinarius,IV,VII,XCIII
Munarg,XXXVII,VII,CXLIII,Quinarius,IX,XIX,CXII
Murytub,XXXVI,X,CXXVIII,Quinarius,VI,XXIV,CCXXXIV
Munarg,XXXVII,VI,CLXX,Denarius,VI,V,CCLXVII
Murytub,XXXVIII,IX,CX,Denarius,VIII,XIII,DLXXIV
Murytub,XXXV,IX,CLXV,Denarius,V,XIX,DCLX
Murytub,XL,IX,CLVII,Quinarius,V,XXIII,CXIV
Munarg,XXXVII,IV,CLXXI,Denarius,VIII,IX,CDXIV
Murytub,XL,VIII,CXXII,Denarius,VIII,XXIV,DLXXVII
Murytub,XXXIX,XI,CXXXV,Denarius,VII,IX,DXLVII
Munarg,XXXV,VI,CLXXVIII,Quinarius,I,III,CLXXI
Munarg,XXXVII,V,CXXIII,Denarius,VII,XXVIII,CCCLXXV
Munarg,XXXV,X,CXCI,Aureus,V,XIV,IV
Murytub,XXXVII,XI,CLXX,Denarius,V,VI,DCXXXII
Muniv,XXXV,IX,XXVIII,Denarius,IV,VI,CDL
Suilis,XXXVIII,VII,XVIII,Denarius,VII,XVI,MMMCDXXX
Murytub,XXXVII,V,CXXVIII,Quinarius,VII,IV,CCCLXVIII
Suilis,XXXVII,VII,XLVIII,Quinarius,VI,IX,MCDXXVIII
Murytub,XXXVI,III,CLXVIII,Aureus,V,XX,VIII
Muniv,XL,VI,XI,Aureus,VI,X,IV
Munarg,XXXV,VI,CXXIV,Denarius,X,XXVI,CCCXL
Munarg,XXXIX,V,CLXV,Denarius,IV,XXI,CCLVII
Munarg,XL,IV,CXCIX,Denarius,VI,XVIII,CDIII
Muniv,XL,III,XXV,Denarius,VI,XXXI,DXXVII
Murytub,XXXVI,XI,CXCI,Denarius,III,VII,DCXCI
Murytub,XXXVI,IV,CLXVI,Denarius,V,XXVIII,DCCXXV
Munarg,XXXVII,VI,CIII,Denarius,VII,IX,CCCL
Munarg,XXXVIII,III,CXCIV,Aureus,X,XXVII,IV
Murytub,XXXVII,VI,CXLVIII,Denarius,VI,XIV,CMXXII
Munarg,XXXV,III,CLXXX,Denarius,VI,VII,CCCLXIV
Murytub,XL,XI,CLXVIII,Aureus,VI,XI,IV
Suilis,XL,VIII,XXVI,Aureus,VIII,XXIV,XXXV
Munarg,XXXVII,III,CLVIII,Denarius,V,V,CCCXIX
Murytub,XXXVII,IX,CXXVI,Denarius,IV,III,DCLXXXVI
Munarg,XXXVIII,VII,CXI,Quinarius,VI,XV,CXXVII
Munarg,XXXVI,II,CXXXI,Quinarius,VII,V,CLVII
Munarg,XXXVIII,IV,CXLIV,Denarius,V,XXIX,CCLIX
Munarg,XXXIX,XII,CLXXXVI,Quinarius,IV,IV,LXXXVIII
Munarg,XL,XI,CXXXI,Denarius,IV,VIII,CCXVIII
Muniv,XL,VII,XXVII,Denarius,VII,VIII,DLVIII
Muniv,XXXVIII,XII,XXVII,Denarius,VII,XIII,CDI
Murytub,XXXVI,V,CCXVIII,Denarius,IV,XI,DCLX
Munarg,XXXIX,XI,CXXX,Denarius,VI,XVIII,CCCLXXXV
Muniv,XXXIX,XII,XXVI,Denarius,IV,XIV,DIII
Murytub,XXXVII,VII,CXCVI,Quinarius,VII,XXIII,CCCXIX
Munarg,XXXVI,II,CXCVI,Quinarius,IV,XXVII,CLXXXVII
Munarg,XXXVI,VI,CXXXIII,Denarius,VIII,III,CCCLXII
Munarg,XL,VIII,CLXVII,Denarius,III,XVIII,CD
Munarg,XXXVI,X,CLXVI,Aureus,II,IX,III
Murytub,XXXVI,VII,CLXXXII,Denarius,VI,IX,DCXCIII
Munarg,XXXVI,VI,CXLVI,Quinarius,III,XXVIII,CLXVIII
Murytub,XL,I,CXLII,Denarius,VIII,III,DLXXV
Munarg,XL,X,CLXXVII,Denarius,VIII,XVIII,CDLXXXII
Muniv,XL,XII,XXI,Quinarius,IV,XXX,C
Munarg,XXXIX,XII,CI,Quinarius,V,XIII,XLVIII
Munarg,XXXVII,IV,CII,Denarius,IX,XIII,CCCXCVII
Murytub,XXXVII,IV,CCIX,Denarius,V,II,CMLXXXIX
Muniv,XL,V,XXVII,Quinarius,VII,V,XC
Munarg,XXXVIII,IV,CXV,Quinarius,VIII,XX,XCIV
Munarg,XXXVI,VII,CLIX,Denarius,VII,XXX,CCXC
Munarg,XXXIX,VI,CXXX,Denarius,VII,XIX,CCCLVII
Murytub,XL,I,CCXVIII,Quinarius,VII,XI,CXLIV
Murytub,XXXVIII,IX,CLXXXIII,Quinarius,VII,XX,CLXXVII
Muniv,XXXIX,X,XXIX,Denarius,III,XII,CDXLVIII
Murytub,XXXV,IX,CLXXVII,Denarius,VI,XI,DCLXIII
Murytub,XL,II,CLXXXIX,Denarius,VIII,XVI,DLXXXII
Murytub,XXXVI,VII,CXII,Quinarius,IV,XX,CCXCIX
Muniv,XXXVIII,VI,XXVI,Denarius,IX,XXVI,CDLX
Murytub,XXXIX,VII,CXCVII,Quinarius,VII,III,CXLII
Munarg,XL,XII,CXXXI,Aureus,VII,XXXI,IV
Munarg,XL,IX,CXXXV,Denarius,V,XXIII,CDLXXVIII
Muniv,XL,I,XXXIII,Denarius,III,XXVIII,DXXX
Muniv,XXXIX,X,XX,Denarius,VII,XXI,DXLIX
Munarg,XXXVI,XI,CLXIV,Denarius,V,XXIV,CCCXLII
Munarg,XXXVIII,VII,CLXXXIX,Quinarius,IV,XIV,CXIX
Atamora,XXXV,IX,XII,Denarius,VII,XIII,MMDXVIII
Munarg,XL,VII,CV,Denarius,VI,II,CCXXXV
Murytub,XL,III,CXXXV,Quinarius,VI,III,CXIX
Munarg,XXXVII,VII,CXXI,Denarius,VI,IX,CCCIX
Murytub,XXXV,XII,CLXXI,Denarius,IV,IV,DCXCI
Murytub,XXXVIII,V,CLXXIV,Denarius,VI,XXVIII,DCVII
Murytub,XXXVI,X,CLX,Quinarius,VII,XVII,CCXLIV
Munarg,XXXVII,X,CLXXII,Quinarius,V,VI,CXXX
Muniv,XL,VI,XXVI,Denarius,VIII,XXIV,DLI
Munarg,XXXVIII,XII,CLIX,Denarius,IV,V,CCCLXXIII
Murytub,XXXIX,III,CXXIII,Denarius,V,IX,DLXXIV
Munarg,XL,VIII,CLXXXVIII,Aureus,V,XIII,IV
Muniv,XXXVIII,III,XXXII,Denarius,VII,XXX,DXLIV
Munarg,XXXV,II,CXII,Aureus,VII,V,IV
Munarg,XL,VI,CLIV,Quinarius,VIII,XXIV,LIII
Munarg,XXXIX,III,CLXII,Quinarius,V,IX,LX
Munarg,XXXVII,XII,CLVI,Denarius,IX,XXVI,CCCLXII
Murytub,XXXIX,IV,CLXIV,Denarius,V,XII,DCXIII
Muniv,XL,IX,XXIV,Aureus,VI,XX,IV
Munarg,XXXVIII,VI,CXVI,Quinarius,V,XXIV,CIX
Munarg,XL,VIII,CXVII,Denarius,V,XXI,CCXXVIII
Muniv,XXXVI,IX,XXVI,Denarius,X,XVII,CDLXXIX
Murytub,XXXVIII,X,CCXV,Denarius,VII,XV,DCXV
Munarg,XXXVII,I,CXCVI,Denarius,III,XIX,CCLXXVI
Munarg,XXXV,I,CLXXVII,Quinarius,VII,XXVII,CCII
Munarg,XL,III,CXX,Quinarius,VI,III,XLIV
Suilis,XXXVI,XII,XV,Denarius,VI,XXX,MMMCDLII
Munarg,XL,XI,CXV,Denarius,V,XIV,CXCIV
Atamora,XL,VIII,IX,Denarius,II,XV,MMMXXV
Muniv,XXXVI,XI,XXII,Denarius,III,XXV,DXLIV
Munarg,XXXV,IV,CXXXVIII,Aureus,VI,XXVI,IV
Muniv,XXXV,XI,XXI,Aureus,VI,XVI,VII
Suilis,XL,VII,XXII,Denarius,VI,XI,MMMCMLXVI
Muniv,XL,XII,XX,Quinarius,VIII,XXIII,CXIV
Murytub,XXXV,VI,CXLI,Denarius,VIII,XXIV,DCLXXV
Murytub,XXXIX,IV,CCXXXII,Quinarius,IV,XXV,CXXIX
Munarg,XXXVI,VII,CIV,Denarius,V,III,CCCI
Munarg,XXXVI,IV,CLVIII,Denarius,V,V,CCCXXV
Munarg,XXXV,XII,CXLIII,Quinarius,VIII,XVIII,CLXIII
Murytub,XXXVI,VI,CCV,Denarius,IV,V,DCXLVIII
Muniv,XL,VI,XXVII,Denarius,III,I,DVII
Munarg,XL,VII,CXCVI,Quinarius,VI,XXX,CVI
Munarg,XXXVII,VI,CLIX,Quinarius,V,XXX,CX
Munarg,XL,III,CLXX,Denarius,VII,XXIV,CCII
Munarg,XXXV,XII,C,Denarius,VII,XVII,CDV
Munarg,XXXVII,IX,CLIV,Quinarius,VI,XXIII,XCVI
Murytub,XXXVII,XII,CLX,Denarius,VII,I,DCXX
Munarg,XXXVIII,X,CXXXIV,Quinarius,X,XXI,CXVII
Suilis,XXXVI,XII,XLVI,Denarius,V,VII,MMMDCXXIV
Munarg,XL,III,C,Quinarius,VII,XV,LIII
Munarg,XXXV,X,CXXIII,Denarius,VI,XXVI,CCCL
Munarg,XXXV,XII,CXXXIII,Denarius,VIII,XIX,CCLXXXV
Suilis,XXXVI,II,XV,Denarius,VII,XXIII,MMMCDXXXII
Murytub,XXXV,X,CXL,Quinarius,VIII,XXX,CCCXXXV
Munarg,XXXVIII,III,CLXXII,Quinarius,V,XXI,CXXII
Munarg,XXXV,VII,CVII,Denarius,VI,XIII,CCXCVIII
Munarg,XXXIX,IV,CXCVI,Denarius,V,XXIX,CCLXIV
Munarg,XXXV,IX,CXXIV,Denarius,V,XIX,CCCLIX
Murytub,XXXVII,IV,CLXVII,Denarius,VI,XI,DCCCXC
Muniv,XL,X,XXIV,Denarius,VI,XII,DLIX
Munarg,XXXVIII,XI,CLXX,Aureus,VII,XVI,II
Murytub,XXXVIII,X,CXXI,Denarius,VIII,II,DCXVII
Murytub,XL,I,CXCVI,Denarius,VI,XXI,DLII
Muniv,XXXVIII,V,XXV,Quinarius,VI,X,CLIV
Muniv,XL,XI,XL,Denarius,III,III,CDLXXXI
Munarg,XXXVI,X,CL,Denarius,IX,III,CCCXXXVI
Murytub,XXXV,IX,CLX,Quinarius,VIII,XV,CCCLVI
Munarg,XXXIX,III,CXC,Denarius,V,XXII,CCCLXXXVII
Murytub,XXXV,VI,CV,Quinarius,III,I,CCCXXXIII
Munarg,XXXVI,XI,CXXXVII,Quinarius,IV,VI,CXXVII
Muniv,XL,VI,XXVII,Quinarius,VI,X,CVII
Murytub,XXXVIII,IX,CXLVII,Denarius,III,XI,DLXXVII
Murytub,XXXVI,V,CXIX,Denarius,III,XXVI,DCXLVI
Munarg,XL,V,CLXXVI,Aureus,VII,XXI,II
Munarg,XXXIX,II,CI,Denarius,VI,XIII,CCLXXIV
Munarg,XL,XI,CXCVII,Quinarius,VI,XI,LXXXVIII
Murytub,XXXV,VII,CXXII,Aureus,II,XXI,IX
Murytub,XXXIX,I,CXCII,Denarius,VIII,XXIX,DLXXVI
Munarg,XXXVII,XI,CVIII,Denarius,V,VIII,CCCXCI
Munarg,XL,IX,CLXXXVI,Aureus,IV,III,II
Muniv,XXXVII,III,XX,Quinarius,VI,XIV,CCXXX
Munarg,XXXIX,VII,CXVII,Denarius,IV,XXI,CCCLXI
Munarg,XXXV,IX,CLVIII,Quinarius,VI,VII,CCIV
Munarg,XXXIX,IV,CLVIII,Denarius,V,XXII,CCXXIV
Munarg,XXXVII,II,CXXV,Denarius,V,XVI,CCLXXIX
Murytub,XXXVII,XII,CXXVI,Denarius,VIII,III,DCXLI
Murytub,XXXV,VIII,CLXXXVIII,Denarius,VII,XI,DCXXIII
Munarg,XXXVI,XI,CLXXV,Denarius,VII,V,CCXCIX
Murytub,XXXVI,V,CXVIII,Quinarius,V,XIX,CCXCI
Muniv,XXXVIII,XI,XXVIII,Denarius,VI,III,CDLXXI
Munarg,XXXVII,VII,CLXXX,Denarius,III,XIII,CDXXXI
Munarg,XXXVII,II,CLXVIII,Denarius,VI,XXIV,CCCX
Munarg,XXXV,IV,CX,Quinarius,IV,XIII,CLXXVI
Munarg,XXXV,XII,CLVII,Quinarius,VIII,XXIV,CLV
Murytub,XXXVII,III,CVI,Denarius,IV,XXV,DCXCII
Munarg,XXXVII,IV,CXXXVII,Quinarius,VI,XXIII,CX
Suilis,XXXVI,V,XXXIV,Quinarius,IV,XXX,MDXIV
Munarg,XXXVI,IV,CXXVII,Denarius,VIII,XXX,CCCXLI
Munarg,XXXVII,XII,CLVIII,Denarius,VIII,III,CCLXX
Munarg,XXXVIII,II,CXXVIII,Denarius,VI,XXI,CCLXXIX
Murytub,XXXVII,III,CLXXIV,Quinarius,V,XVI,CCLXVII
Muniv,XXXVI,XI,XXV,Denarius,VI,IX,DXLI
Muniv,XXXVI,II,XX,Quinarius,VII,V,CCXII
Murytub,XXXIX,XI,CXCIV,Quinarius,IV,V,CXXX
Munarg,XL,VIII,CII,Quinarius,VI,XVI,XCV
Murytub,XXXV,VI,CXLVIII,Quinarius,VIII,IV,CCCLVI
Munarg,XXXVIII,I,CXXXIX,Denarius,IV,XXIX,CCLV
Munarg,XXXVII,VI,CLXXXII,Denarius,VI,XIV,CCCXXXIV
Suilis,XXXIX,IX,XII,Quinarius,IV,XIV,DCCCLXXX
Murytub,XXXVII,V,CLXXI,Denarius,VI,VII,CMXIII
Murytub,XXXVII,X,CXXXVI,Denarius,VI,XVI,DCXXIX
Munarg,XXXVI,VII,CIII,Denarius,V,XXI,CCCXXXVII
Murytub,XXXVII,VII,CXLVI,Denarius,VII,XXI,MXVI
Murytub,XXXIX,VI,CXX,Aureus,IV,XXI,V
Murytub,XXXVII,V,CLXXVII,Quinarius,VII,XXI,CCCLXIV
Munarg,XXXVII,X,CI,Denarius,IX,XI,CCCXCVIII
Munarg,XXXIX,IV,CXXIV,Denarius,VIII,XI,CCLXXI
Murytub,XXXVII,VII,CXXXVII,Denarius,V,XV,CMXXXVII
Munarg,XXXIX,IV,CLXX,Quinarius,VII,II,LXXXIII
Munarg,XXXVII,X,CLXXXVII,Quinarius,VI,VII,CXLIV
Murytub,XXXIX,II,CLXIV,Denarius,VIII,XIX,DLXXVII
Murytub,XXXVII,VII,CLIX,Quinarius,VI,I,CCCXXIII
Munarg,XXXIX,II,CL,Quinarius,VI,X,LI
Murytub,XXXVII,XI,CXV,Quinarius,VII,III,CCXX
Munarg,XXXVIII,II,CXVI,Denarius,VI,I,CCLVIII
Munarg,XXXIX,IX,CXXIV,Quinarius,IX,XXIV,XCVII
Munarg,XXXV,VII,CLXXIV,Quinarius,V,XXVII,CLXXXII
Munarg,XXXVI,III,CLXII,Quinarius,III,XVIII,CXXII
Munarg,XXXIX,XI,CXCVIII,Denarius,V,XVII,CCCXCIII
Munarg,XXXV,X,CXX,Quinarius,IV,VIII,CLXV
Munarg,XXXVII,XII,CXCVI,Aureus,IV,XX,IV
Munarg,XL,XI,CXXII,Denarius,IX,XII,CCCXC
Muniv,XXXV,VII,XXXIV,Denarius,VI,XIII,DLII
Muniv,XXXVII,VIII,XX,Quinarius,V,III,CCXVIII
Murytub,XL,X,CXV,Aureus,VII,XVI,IV
Atamora,XXXIX,IV,X,Denarius,III,IX,MMMCLXVIII
Muniv,XL,I,XXX,Denarius,VII,X,DVII
Munarg,XXXIX,XII,CXLI,Quinarius,V,XXI,LII
Muniv,XXXV,VI,XXV,Quinarius,VIII,XXIV,CCLXXXII
Munarg,XXXVI,X,CIX,Denarius,VI,VIII,CCCXL
Munarg,XXXVI,IV,CLVII,Quinarius,VI,XXIX,CLXXVII
Munarg,XXXIX,I,CLXXVIII,Denarius,VII,VI,CCXXXII
Murytub,XXXVI,XII,CXXVII,Aureus,IV,XXIX,VII
Murytub,XXXVII,X,CXXXII,Denarius,VII,XXIII,DCXXXIV
Murytub,XXXVI,III,CLVI,Quinarius,VI,X,CCCII
Munarg,XL,V,CXXXII,Denarius,VII,XII,CCCLXII
Suilis,XXXV,VI,XXVI,Denarius,VI,XII,MMMCCXLV
Murytub,XL,XI,CVI,Denarius,V,XXV,DLXIV
Murytub,XXXV,III,LXXXIV,Denarius,VII,I,DCLXXXVIII
Murytub,XXXIX,I,CLXVI,Quinarius,IV,XIII,CXLIV
Murytub,XL,VIII,CLXXX,Denarius,VI,XXVIII,DXXXIX
Murytub,XL,I,CLVII,Denarius,VII,XXV,DLIII
Munarg,XXXVI,IV,CXCIX,Denarius,VI,VII,CCCXX
Suilis,XXXVII,XII,XXII,Denarius,VI,XIII,MMMCCCXLVI
Munarg,XXXVIII,II,CLXXI,Quinarius,V,VI,XCI
Suilis,XXXIX,VII,XVIII,Aureus,VII,XI,XXXVIII
Munarg,XXXVI,IV,CXXX,Denarius,III,XXVI,CD
Murytub,XL,VII,CLV,Denarius,V,XVII,DLIX
Murytub,XXXV,III,CXCIII,Denarius,IV,VIII,DCXC
Murytub,XXXVII,II,CCXVI,Quinarius,VII,XXVII,CCLXXIII
Munarg,XXXVIII,I,CXLV,Denarius,V,XXIII,CCCLXVI
Muniv,XL,XII,XXII,Denarius,IV,XI,CDLXX
Munarg,XL,VIII,CIX,Denarius,V,XXI,CDXLIX
Murytub,XXXVIII,VIII,CLI,Denarius,VI,XX,DCLII
Murytub,XXXVII,VIII,CXIX,Denarius,VII,XIII,DCXXXVI
Munarg,XXXVII,II,CXXV,Denarius,V,XVI,CCLXXXV
Murytub,XXXV,VI,CLXXXVIII,Denarius,VIII,XVIII,DCCVI
Suilis,XXXVII,III,XVII,Denarius,VI,XXI,MMMCCLXXV
Munarg,XXXIX,VII,CIX,Denarius,V,XXXI,CCLX
Munarg,XXXVI,IV,CXXXII,Quinarius,VIII,XIII,CLXXXIX
Murytub,XXXVII,VI,CCVI,Quinarius,VII,IX,CCCLXXIV
Murytub,XXXV,III,CCVIII,Denarius,VI,XXVIII,DCLXXXII
Murytub,XXXIX,IV,CXVIII,Quinarius,V,XXVII,CXXIII
Munarg,XXXVIII,X,CXXXIII,Quinarius,IV,XXIII,CXXVI
Muniv,XL,II,XVIII,Quinarius,VI,XXVI,CXI
Munarg,XXXVIII,I,CXIII,Denarius,VI,XXVI,CCXLI
Munarg,XXXVII,XII,CX,Denarius,V,IV,CCCXLI
Murytub,XXXV,I,CXXXV,Denarius,VI,VIII,DCXCII
Suilis,XXXIX,XII,XIV,Quinarius,VI,XXIV,CMXXXVII
Murytub,XXXVI,II,CLIII,Quinarius,V,XXV,CCCIX
Muniv,XXXVI,VI,XXIX,Quinarius,V,VIII,CCXI
Munarg,XXXIX,IX,CXVI,Quinarius,VI,XI,XLVI
Munarg,XXXVII,VII,CX,Aureus,VII,XX,IV
Muniv,XXXVIII,VIII,XXXII,Aureus,V,IV,V
Murytub,XXXV,IV,CLXXII,Quinarius,VI,XXIX,CCCLXIII
Munarg,XXXVIII,II,CLXXXIX,Quinarius,IX,XX,XCI
Munarg,XXXV,II,CLXIX,Denarius,IV,II,CCCLXXV
Muniv,XXXVII,X,XXII,Denarius,VIII,V,CCCLXXVII
Munarg,XXXVII,VI,CIX,Denarius,VI,XIV,CCCLXXIX
Murytub,XXXVIII,III,CLVI,Denarius,V,XXI,DCXL
Munarg,XXXVI,II,CXVI,Denarius,V,XXII,CCCXXXVIII
Munarg,XXXVIII,II,CXIV,Denarius,VI,I,CCXCIII
Muniv,XXXVI,XI,XXIX,Denarius,VI,XXVIII,CDLXXXVIII
Munarg,XXXVI,VI,CLXI,Quinarius,III,IX,CXIV
Murytub,XXXVII,VI,CL,Denarius,IV,VI,CMXVII
Murytub,XXXVI,X,CXL,Denarius,VI,VI,DCXLVI
Suilis,XXXVIII,XII,XXXII,Denarius,VI,II,MMMDCCCLXXXI
Murytub,XXXVII,IX,CXXIV,Denarius,IV,XXV,DCXLVIII
Muniv,XXXVII,III,XXV,Denarius,VII,XXX,DXXXVII
Suilis,XXXVII,X,XXVIII,Quinarius,IX,XXIX,MCCCII
Muniv,XXXIX,VIII,XXIII,Quinarius,VIII,XXIX,CXVI
Munarg,XXXVII,XI,CXCV,Denarius,VI,I,CCXCVIII
Murytub,XXXV,III,CXXXV,Quinarius,IX,II,CCCXLVII
Murytub,XXXVI,XI,CXLVII,Denarius,V,XXI,DCLXIII
Murytub,XXXIX,IX,CXVII,Denarius,VI,II,DLVII
Munarg,XXXVIII,X,CLXXXIX,Denarius,IV,XXVIII,CCCXLII
Munarg,XXXVIII,IX,CXLVI,Denarius,IX,XXIV,CCXLI
Munarg,XXXVI,IV,CXXVI,Denarius,III,XXIV,CCCLXXXV
Murytub,XXXVI,VI,CXVIII,Quinarius,V,XXIII,CCLXXXVIII
Munarg,XXXVIII,V,CXXVIII,Denarius,VI,XII,CCCLXIII
Murytub,XXXV,II,CLXXI,Quinarius,VI,XII,CCCLXXXV
Murytub,XXXVIII,III,CLXXV,Denarius,III,VI,DCXXXII
Munarg,XXXV,I,CLVII,Denarius,III,XXII,CCCLVII
Murytub,XXXVI,XII,CXLVIII,Denarius,IV,XXIV,DCXLIX
Muniv,XXXVII,IV,XXII,Denarius,VII,VI,DLVIII
Munarg,XXXIX,IV,CIX,Quinarius,V,XXVII,XLV
Munarg,XXXVIII,VIII,CLXXIX,Denarius,VII,XV,CCCXCVI
Muniv,XXXIX,VII,XXI,Denarius,VIII,XIX,CDXXXVIII
Munarg,XXXIX,V,CLXXXVII,Aureus,VI,XXII,III
Muniv,XL,III,XXX,Denarius,IV,XX,CDV
Munarg,XXXVIII,VII,CLXXXVI,Denarius,VI,VI,CDVIII
Munarg,XL,XII,CL,Aureus,VII,IV,II
Murytub,XXXVII,VI,CLXIX,Denarius,VII,XIX,CMLXXVIII
Murytub,XXXIX,I,CXLIX,Denarius,V,XVII,DCXVII
Murytub,XXXV,VIII,CXLV,Denarius,VI,XXXI,DCXCI
Muniv,XXXVIII,III,XXI,Denarius,VII,XXVIII,DXXXI
Munarg,XXXVIII,III,CX,Quinarius,VI,VIII,LXXX
Muniv,XXXIX,X,XXIII,Denarius,V,XVI,DIV
Murytub,XXXVII,IV,CLXXVIII,Denarius,VI,V,CML
Munarg,XXXVII,VII,CXXVI,Quinarius,V,XXV,C
Munarg,XXXV,I,CXVIII,Quinarius,VIII,XXIV,CLXXX
Munarg,XXXVIII,XII,CXXIII,Denarius,IV,IX,CCLXXIV
Murytub,XXXIX,I,CXXXV,Quinarius,VI,XIX,CLIV
Munarg,XL,VIII,CLXIII,Aureus,VI,XXVIII,II
Munarg,XXXVIII,III,CXXI,Denarius,VIII,XXV,CDXXXIX
Murytub,XXXIX,VI,CLXX,Denarius,III,XXX,DLXIII
Suilis,XXXVII,XI,XII,Denarius,VII,XIII,MMMDXIV
Murytub,XL,VIII,CLXXIV,Denarius,IV,VI,DLXI
Munarg,XXXIX,IX,CXLII,Denarius,VI,XXVIII,CCXLIX
Murytub,XXXVI,IX,CLXXII,Denarius,VIII,XII,DCXL
Munarg,XXXVII,X,CXL,Denarius,IX,II,CCCXLVII
Murytub,XXXIX,II,CXVI,Denarius,VII,II,DXCVII
Munarg,XXXIX,X,CXVI,Aureus,VI,III,IV
Munarg,XXXVII,III,CLXXXIV,Denarius,IX,XX,CCCLXXXIX
Munarg,XXXVIII,VI,CXXXI,Quinarius,VII,XX,CXV
Murytub,XXXIX,VI,CLXXII,Denarius,VI,XIII,DXCV
Murytub,XXXVII,VI,CXXIX,Denarius,V,XXX,CMXXV
Munarg,XXXVII,II,CXVI,Denarius,VI,XVII,CCXCI
Munarg,XXXIX,X,CLXXXIII,Quinarius,IV,V,LXXXV
Muniv,XL,III,XVII,Denarius,IV,XXIII,CDLXXXII
Suilis,XXXVIII,X,XIII,Quinarius,VII,IX,CMLXXVIII
Munarg,XXXV,XI,CXV,Denarius,VI,XVI,CCCXXIX
Munarg,XXXIX,II,CXCIII,Denarius,IV,XII,CCCLXXVIII
Munarg,XXXV,IX,CXCII,Denarius,IV,VI,CCXCIV
Munarg,XXXV,VII,CIII,Denarius,V,XXVII,CCCLXXV
Munarg,XL,VIII,CLIX,Denarius,VIII,XXIII,CCXXI
Munarg,XXXVI,I,CLXXIII,Quinarius,VI,XI,CLVI
Murytub,XXXVII,I,CXXXIII,Denarius,VI,XVIII,DCL
Murytub,XL,XII,CXXVIII,Quinarius,VIII,XXIII,CVIII
Murytub,XXXVII,VIII,CLVIII,Quinarius,VI,XXIX,CCLV
Murytub,XL,IV,CXXII,Denarius,VII,VIII,DLXXXV
Munarg,XXXVII,XI,CXXIX,Denarius,IV,II,CCCXLV
Murytub,XXXV,XII,CIX,Denarius,VII,XXVII,DCCIX
Muniv,XXXVII,IV,XXV,Denarius,VI,XI,CDLXXXII
Munarg,XXXIX,XII,CLXXVIII,Quinarius,III,IX,LVII
Munarg,XXXIX,IV,CLXXII,Quinarius,IV,XXV,LVIII
Murytub,XL,VI,CLXXVI,Quinarius,IX,VII,CXXI
Murytub,XL,IX,CLXXVIII,Quinarius,V,II,CXXII
Munarg,XXXVIII,X,CLXIX,Denarius,VIII,II,CCLX
Munarg,XXXVIII,III,CIII,Quinarius,V,XXI,LXXXV
Murytub,XL,VI,CXLII,Denarius,IV,IX,DLXXVIII
Munarg,XXXVII,IV,CXXI,Denarius,VI,XXV,CDXXVIII
Murytub,XL,VII,CLXII,Quinarius,VI,II,CXXIV
Murytub,XXXV,X,CXXXVII,Denarius,III,XIX,DCCXI
Munarg,XXXIX,V,CXXIII,Denarius,VII,XIX,CCXL
Murytub,XXXVI,VIII,CXXXIII,Aureus,V,XX,VI
Munarg,XXXVII,II,CXCI,Quinarius,VI,XII,CLXXIII
Muniv,XXXV,IX,XXII,Denarius,VIII,XXVIII,DXLIV
Murytub,XXXVIII,III,CLVII,Denarius,IV,III,DLXXXIX
Munarg,XXXV,V,CXCI,Denarius,V,VI,CCCXLV
Muniv,XL,IV,XXXIV,Denarius,VII,XXIV,DIX
Muniv,XL,III,XXX,Quinarius,VII,XVII,CXXII
Muniv,XXXVII,III,XXIX,Denarius,V,II,CDLXXXIX
Munarg,XXXV,VIII,CLXXVI,Aureus,VI,XIII,V
Munarg,XXXVII,VI,CXCVII,Denarius,VII,VII,CCCLXXIV
Murytub,XXXVI,II,CXLIII,Denarius,VII,VI,DCLXXXIII
Atamora,XL,XI,X,Denarius,IV,XVI,MMDVIII
Munarg,XXXVII,XI,CXVIII,Denarius,V,VI,CCCLXIII
Munarg,XXXVII,II,CXXVII,Aureus,VI,IV,IV
Muniv,XL,IV,XXIX,Quinarius,VII,VI,CXXIV
Murytub,XXXIX,IV,CLXIV,Denarius,VII,XXI,DLXIII
Murytub,XXXVIII,VIII,CXVIII,Aureus,IV,IX,VI
Atamora,XXXVIII,V,XI,Denarius,V,XIV,MMCDLXIII
Murytub,XXXVI,VII,CXLII,Denarius,VII,XXXI,DCXLI
Munarg,XXXV,VI,CXLIII,Quinarius,VI,XXVIII,CXCVI
Munarg,XXXIX,VI,CXCVII,Aureus,V,XXVIII,III
Atamora,XXXVIII,I,X,Denarius,VIII,XXV,MMMCDXVI
Munarg,XL,VII,CLII,Denarius,VII,VIII,CDXII
Murytub,XXXVI,IV,CLXXXVI,Aureus,VII,XVI,VIII
Munarg,XL,VIII,CXXX,Quinarius,VII,XXV,XLIX
Murytub,XXXVIII,I,CXXIII,Denarius,V,I,DCXLV
Munarg,XXXV,IV,CLXXVII,Denarius,IV,IV,CCCV
Murytub,XXXVIII,VI,CLXIII,Quinarius,VI,XII,CLXXXIX
Murytub,XXXVI,IX,CLVII,Denarius,VI,XIX,DCLXVII
Munarg,XL,X,CXXXIX,Denarius,V,X,CDLXVI
Munarg,XXXVI,X,CX,Denarius,II,IX,CCLXVII
Munarg,XL,IV,CLIX,Quinarius,VII,XXIX,XLIII
Muniv,XXXVIII,IX,XXI,Denarius,II,XVI,DXXXIX
Munarg,XXXV,V,CXXXIX,Denarius,VIII,XVII,CCCLXXVIII
Munarg,XXXVIII,XI,CLXX,Denarius,V,XXVII,CCXL
Murytub,XXXIX,I,XCVII,Aureus,IX,XXVIII,VI
Munarg,XXXVII,XI,CXLVII,Denarius,V,VIII,CCXXXVII
Munarg,XL,V,CXXXVIII,Quinarius,V,VII,LXXXVIII
Munarg,XL,VII,CLXVII,Denarius,VI,XXVII,CCXXIV
Munarg,XXXV,VII,CXCIV,Denarius,IV,VII,CCCXXII
Murytub,XXXVII,I,CCXI,Denarius,III,XIX,DCXXII
Atamora,XXXV,II,IX,Quinarius,V,XIX,MDCCC
Munarg,XXXV,VIII,CXLIII,Denarius,V,XIX,CCCLXXIX
Murytub,XXXVIII,VII,CXXXVII,Denarius,IV,XVII,DCXLV
Munarg,XXXVI,XII,CXXI,Denarius,VIII,XI,CCCV
Murytub,XXXVII,X,CXXXVI,Aureus,VII,VIII,VII
Munarg,XXXVIII,XII,CXXII,Denarius,VI,X,CDXXX
Munarg,XXXV,VII,CLXIX,Quinarius,IV,V,CXCVI
Munarg,XXXV,XI,CXXXIV,Denarius,VII,XII,CCCXXII
Munarg,XXXVIII,XII,CXXXV,Aureus,VII,XXII,IV
Munarg,XXXVII,IX,CXXII,Denarius,III,V,CDXIII
Murytub,XXXVII,XI,CIX,Denarius,VII,XIII,DCLXI
Murytub,XXXVII,I,CLVIII,Aureus,IX,XXX,VII
Atamora,XXXVII,II,XIII,Aureus,VI,XXIV,XXXII
Munarg,XXXV,I,CXCIII,Denarius,IV,X,CCCXXXIV
Munarg,XXXIX,III,CLXVII,Denarius,V,VI,CCLXXV
Atamora,XL,VI,X,Denarius,IV,XXVIII,MMCLXXXIX
Munarg,XL,VII,CI,Aureus,VI,IX,IV
Munarg,XXXVII,VI,CLIV,Quinarius,V,XXVIII,CXIV
Suilis,XXXVI,VI,XVI,Quinarius,VIII,XXI,MCDLXII
Murytub,XL,II,CCXXV,Denarius,VII,XXI,DXLI
Munarg,XXXVII,II,CXCVII,Quinarius,VI,I,CLI
Munarg,XXXIX,II,CXI,Denarius,VII,II,CDXLIX
Munarg,XXXV,XII,CXCIV,Denarius,IV,XXIII,CCXC
Munarg,XXXVI,VII,CLVI,Quinarius,III,XXIV,CXLVIII
Munarg,XXXVIII,VII,CLXXXVI,Quinarius,VIII,IV,CVI
Munarg,XXXVIII,XI,CXXVIII,Quinarius,VI,III,LXIV
Munarg,XXXVI,X,CXIX,Denarius,IV,XXIII,CCCLXIV
Murytub,XL,III,CXXVIII,Denarius,VI,XXVI,DXXXIV
Munarg,XXXVI,I,CXLI,Quinarius,VII,XX,CLVIII
Munarg,XXXIX,V,CXIX,Quinarius,VI,XXIII,LXXXVIII
Munarg,XXXVIII,III,CLXXVI,Aureus,VI,IX,IV
Murytub,XXXVI,XII,CL,Denarius,VI,I,DCLXVIII
Munarg,XXXVII,VII,CLXX,Quinarius,IV,II,CXII
Murytub,XXXV,VI,CXLII,Denarius,II,XXIII,DCLXXXV
Muniv,XXXVIII,XII,XVIII,Quinarius,VI,XI,CXXXII
Muniv,XXXV,VI,XXVII,Denarius,VI,X,DIII
Suilis,XXXVIII,VIII,XII,Quinarius,VI,XXVIII,MLI
Munarg,XXXV,XI,CLXXXVI,Denarius,V,XXVII,CCCXXXII
Muniv,XXXIX,XII,XXIV,Denarius,V,XXI,CDL
Munarg,XXXVII,XI,CXI,Quinarius,V,XXI,CXVII
Suilis,XXXVII,I,LII,Denarius,VI,I,MMMDLXXXVII
Murytub,XXXVIII,IX,CXXXVII,Denarius,III,X,DCXXII
Murytub,XL,X,CLXVII,Denarius,IV,XXI,DXLVI
Munarg,XXXV,IX,CLXXIX,Denarius,VII,XXIX,CCCXXXIII
Munarg,XXXVII,VIII,CLXXI,Quinarius,VII,V,CXV
Muniv,XL,III,XXIV,Denarius,IX,XVI,DLXII
Munarg,XXXV,II,CLXXI,Quinarius,VI,XI,CXCV
Munarg,XL,III,CXCVI,Quinarius,VI,XXX,XLVII
Murytub,XXXVIII,VIII,CVIII,Quinarius,III,XVI,CLXV
Murytub,XXXIX,XII,CXCVIII,Denarius,VI,XXIV,DLXVI
Murytub,XXXVIII,I,CXXXVIII,Aureus,VIII,XVI,V
Murytub,XXXV,III,CXXXIII,Quinarius,VII,IV,CCCXXXI
Muniv,XXXVIII,XII,XXXII,Denarius,VII,XII,DXLV
Murytub,XXXVI,XII,CXLII,Aureus,IV,XXIV,VI
Munarg,XXXVII,XII,CXXIX,Denarius,IX,XXVI,CCLVIII
Murytub,XXXVIII,X,CLVII,Denarius,VIII,II,DCXXVI
Murytub,XXXVIII,X,CLVI,Denarius,VI,V,DCVI
Murytub,XXXV,I,CLXXXV,Quinarius,III,III,CCCLXII
Munarg,XL,XI,CXXXII,Denarius,III,IV,CDLXIV
Murytub,XXXVIII,X,CXLVII,Denarius,IV,XXX,DLXVI
Suilis,XXXVII,IV,CII,Quinarius,V,XVIII,MDLI
Muniv,XXXIX,XII,XXVIII,Denarius,IV,XVIII,DXI
Murytub,XXXVII,V,CXXXII,Denarius,VI,VII,DCCCXCV
Munarg,XXXVI,I,CVII,Denarius,V,XXIX,CCCXXII
Muniv,XXXIX,IV,XX,Denarius,VII,XXI,DCXII
Munarg,XXXVI,IV,CXVII,Denarius,V,V,CCCXXV
Muniv,XXXV,IX,XLIII,Denarius,VI,VII,DLXXIV
Munarg,XXXV,IX,CLXXXII,Quinarius,IV,VI,CLXIX
Muniv,XXXIX,I,XXXVII,Aureus,VII,VI,V
Suilis,XXXVIII,V,XXIX,Denarius,VI,I,MMMDLXIX
Munarg,XXXVI,VI,CLIV,Denarius,VII,XXIX,CCCLXXVIII
Murytub,XXXIX,VII,XCIX,Denarius,VIII,XIX,DLXXXII
Murytub,XXXV,IV,CLV,Denarius,V,I,DCLXVI
Muniv,XXXIX,XII,XXI,Denarius,VI,XI,CDXLIX
Munarg,XL,II,CXV,Quinarius,IV,XI,XCII
Murytub,XXXIX,VII,CVII,Aureus,VII,II,VI
Munarg,XL,I,CXXXVII,Denarius,II,XVIII,CCV
Murytub,XXXVIII,II,CII,Denarius,V,VIII,DXCIII
Munarg,XXXVI,X,CLXIX,Quinarius,II,V,CLVIII
Murytub,XL,III,CLXIX,Denarius,VI,XXVI,DCX
Munarg,XXXVII,II,CXLIX,Denarius,VIII,XXIII,CCLXIII
Munarg,XXXVI,IV,CLXXXVIII,Quinarius,VIII,XIV,CLXXXII
Munarg,XXXVI,XI,CXVII,Quinarius,VII,XXVI,CLX
Murytub,XXXVIII,II,LXXV,Denarius,V,XXVII,DXCII
Murytub,XXXVI,VIII,CLXXX,Denarius,III,IV,DCLIV
Murytub,XXXV,I,CIII,Denarius,III,XXII,DCCXVIII
Murytub,XXXVIII,XI,XCVII,Quinarius,VI,XVII,CLVI
Muniv,XXXV,VI,XXXV,Denarius,VIII,IV,CDXLIII
Munarg,XXXIX,XII,CXCIV,Denarius,VI,XI,CCCLXXVIII
Munarg,XXXVII,XII,CXCVIII,Quinarius,IV,XXX,CXIX
Murytub,XXXV,VII,CXVII,Denarius,VI,XV,DCCVII
Munarg,XXXV,VI,CXLVI,Quinarius,III,I,CXCIV
Munarg,XXXVII,VI,CLXXVI,Denarius,V,XXX,CCXCIII
Munarg,XXXIX,IV,CXXIV,Quinarius,III,XV,LXXXIX
Munarg,XXXVII,IX,CIX,Denarius,V,XXVIII,CCLXVIII
Munarg,XXXVIII,VI,CXX,Aureus,VII,VIII,II
Munarg,XXXV,XII,CV,Denarius,VI,XXI,CCCXXXII
Munarg,XXXIX,IV,CLXXVI,Denarius,VIII,XXX,CDLXII
Munarg,XL,I,CXII,Denarius,IV,XXVII,CCXXX
Murytub,XXXIX,VII,CXLI,Denarius,VI,XIII,DCXI
Suilis,XXXVIII,III,XXI,Denarius,V,VII,MMMCCCLXII
Munarg,XXXVIII,V,CLX,Quinarius,VI,IX,CXXXI
Muniv,XXXVI,XI,XXXIII,Quinarius,V,II,CCXX
Munarg,XL,III,CL,Denarius,VII,XXVII,CDLXIX
Murytub,XXXV,VIII,CXLII,Denarius,VII,VIII,DCLI
Muniv,XXXIX,I,XXIV,Denarius,VIII,IV,DXXXI
Suilis,XXXVII,I,XI,Denarius,IX,X,MMMCDXLV
Murytub,XXXVII,XII,C,Denarius,VII,IX,DCXXX
Muniv,XXXV,III,XXX,Denarius,VII,XX,CDLXXXI
Munarg,XXXV,VI,CXXX,Denarius,VI,II,CCCLXXV
Murytub,XXXV,III,CLXXV,Quinarius,IV,XXV,CCCXV
Munarg,XXXV,I,CLXVI,Denarius,V,XXV,CCCXXXIX
Munarg,XXXVI,IV,CXII,Quinarius,III,XII,CLXXXII
Muniv,XXXV,VIII,XXX,Quinarius,IX,XVIII,CCLXV
Munarg,XXXVIII,XII,CIX,Denarius,IV,IV,CDXXVII
Murytub,XXXIX,VIII,CXLVIII,Denarius,V,I,DLIII
Murytub,XXXVIII,XI,CLXXXIII,Denarius,V,VIII,DLXXI
Suilis,XXXVI,VIII,XIII,Denarius,IX,X,MMMCDLXIX
Murytub,XXXVII,I,CLXXX,Denarius,V,VII,DCIII
Munarg,XXXVIII,III,CLXXII,Quinarius,VII,XXX,LXXX
Muniv,XXXVIII,IV,XXII,Quinarius,V,XXII,CLI
Murytub,XXXVII,V,CXI,Quinarius,VIII,XXV,CCCXXXV
Munarg,XXXVIII,VI,CXIII,Denarius,VI,X,CCCXLVIII
Atamora,XXXV,XII,VIII,Denarius,V,XII,MMDLII
Atamora,XXXVI,XI,XVI,Aureus,VI,XXVIII,XXV
Murytub,XL,IX,CXLIV,Denarius,IV,III,DLXXXI
Munarg,XXXVII,X,CLXXIV,Quinarius,VI,XXVII,XCII
Munarg,XXXVI,XII,CXXXI,Denarius,VIII,V,CCCXXXIII
Muniv,XL,IX,XXVIII,Denarius,V,X,CDXCII
Munarg,XXXIX,XI,CXXXI,Quinarius,X,VI,XLVIII
Murytub,XXXVIII,VII,CIX,Denarius,II,IX,DXCIII
Munarg,XXXIX,VIII,CXXII,Denarius,VI,XXX,CDXVI
Murytub,XXXVI,VII,CXVIII,Denarius,VII,XXVI,DCXL
Murytub,XXXIX,III,XXXIV,Denarius,VIII,XXV,DCXIV
Murytub,XXXIX,V,CXCI,Denarius,VII,XIX,DCIX
Munarg,XXXVIII,VI,CLXXII,Denarius,IX,XXVI,CCCLXXVI
Munarg,XXXVII,XI,CLXXXII,Denarius,V,IV,CCLIV
Murytub,XXXVIII,V,CLXXVII,Denarius,IV,IV,DCXVIII
Murytub,XXXVIII,VII,CLXV,Denarius,VII,XVI,DCXIII
Munarg,XXXVIII,V,CLVII,Denarius,IV,IV,CCCLXXVI
Munarg,XXXV,III,CXIV,Denarius,IV,VIII,CCCXXV
Muniv,XXXVII,XII,XXXIV,Quinarius,VI,XXIII,CLV
Muniv,XL,X,XXXII,Denarius,IV,XIX,DXLIX
Atamora,XXXVII,XI,VIII,Denarius,V,VIII,MMDCCLXI
Munarg,XL,XII,CLXXXVII,Quinarius,VI,II,LXXXIII
Murytub,XXXV,IV,CLXXIV,Quinarius,VI,XXIX,CCCXXXIII
Munarg,XXXIX,X,CLXX,Denarius,VI,XXX,CDX
Munarg,XL,I,CXXXVIII,Denarius,VI,XXIII,CCCLVI
Muniv,XL,II,XXII,Denarius,II,XVII,DCXXIII
Munarg,XXXVII,XI,CXLI,Quinarius,V,VII,CXLIX
Suilis,XXXIX,III,XXXIX,Denarius,V,VII,MMMDLXXXVII
Munarg,XXXIX,IV,CII,Denarius,VI,XVIII,CCCXC
Murytub,XL,V,CLVIII,Denarius,VI,VI,DLXXII
Suilis,XL,III,XXIII,Denarius,IV,XX,MMMDCCXXIII
Munarg,XXXIX,V,CLXXX,Denarius,IV,XVI,CCXLV
Munarg,XXXVI,XII,CLXXXIX,Aureus,VII,XIV,III
Murytub,XXXVI,XII,CXXV,Quinarius,VIII,XV,CCLX
Munarg,XXXVIII,VIII,CLIX,Quinarius,IV,XXV,LXXVI
Munarg,XXXVII,II,CLI,Denarius,IV,XX,CCLIV
Muniv,XXXVI,II,XXV,Denarius,IV,XXVII,CDLXIII
Murytub,XL,XII,CXLV,Denarius,VII,IV,DLXI
Murytub,XL,I,CXXVIII,Quinarius,VII,I,CXXXIII
Munarg,XXXVI,III,CXXI,Denarius,IV,XVI,CCCLIX
Muniv,XL,III,XXII,Denarius,VI,XII,CDLXXVII
Munarg,XXXVIII,I,CXVII,Denarius,VI,XV,CDXXXIII
Murytub,XL,V,CXLIII,Denarius,VII,XVIII,DLXXVII
Murytub,XXXVIII,VIII,CXXXII,Denarius,VII,XVIII,DCXVI
Murytub,XXXIX,I,CXLII,Denarius,VI,XIX,DLIV
Suilis,XXXVII,VIII,XLIV,Denarius,IV,XVIII,MMMDCCCXXIX
Munarg,XL,VI,CLIV,Denarius,IV,XIV,CCXII
Murytub,XL,II,CLXXVIII,Denarius,VII,V,DLXXI
Munarg,XL,VI,CLXXXIV,Denarius,V,XXIII,CLXXXV
Muniv,XXXVIII,X,XXVI,Quinarius,III,XXV,CXXIV
Muniv,XXXVIII,V,XVIII,Denarius,VI,XII,CDLXXXII
Murytub,XL,V,XCI,Aureus,IV,XXII,IV
Munarg,XXXIX,VII,CLXXX,Aureus,IV,VIII,II
Muniv,XXXVI,VI,XXV,Denarius,V,II,CDXLVII
Muniv,XXXIX,I,XXVII,Denarius,VIII,XXIX,CDLXIV
Munarg,XL,XI,CLXXVII,Denarius,IV,XXIX,CDXXXII
Muniv,XXXIX,II,XXVI,Denarius,VII,VI,DVIII
Murytub,XXXVI,XI,CXXIX,Denarius,VII,XVIII,DCXCII
Munarg,XXXVIII,V,CXLVI,Denarius,VI,XXVI,CCXCVII
Munarg,XXXVII,I,CXCVIII,Denarius,VIII,VIII,CCLXXV
Suilis,XXXVII,III,XXIII,Denarius,IV,XXIX,MMMDI
Murytub,XXXVI,XI,CLXX,Quinarius,II,III,CCXLIX
Munarg,XXXV,II,C,Denarius,VII,VI,CCCXCV
Suilis,XXXV,VIII,XXV,Denarius,IX,XVIII,MMMCCXXXIV
Munarg,XXXVII,IV,CXCII,Quinarius,VI,XXIII,CXLVIII
Muniv,XXXVII,III,XXXVII,Denarius,VI,I,DLXXVII
Muniv,XXXIX,IX,XIX,Aureus,VII,XXVI,IV
Murytub,XXXVII,XII,CL,Quinarius,VI,XXI,CCXXV
Munarg,XXXV,III,CXL,Denarius,VI,XIV,CCCLXXI
Munarg,XXXVII,VI,CLVIII,Denarius,VII,VII,CDXX
Munarg,XL,X,CXXX,Denarius,VI,XIV,CCCLXXXVIII
Munarg,XXXV,VII,CLXXV,Aureus,VI,XXVI,V
Murytub,XXXVII,III,CXXIII,Quinarius,IX,VI,CCLXXXVII
Muniv,XXXV,IX,XXIV,Quinarius,VI,XX,CCXCV
Munarg,XXXVIII,III,CXCI,Quinarius,VII,IV,LXXIII
Murytub,XL,III,CXLI,Quinarius,IV,XX,CXXII
Murytub,XXXVII,III,CXLIX,Quinarius,VI,III,CCLXXV
Murytub,XL,V,CXXXIII,Quinarius,VI,XIV,CXXXIII
Munarg,XXXIX,IX,CLXXXV,Quinarius,VI,IX,XLVIII
Murytub,XXXV,IX,CXCVI,Quinarius,VII,III,CCCXLVIII
Muniv,XXXV,I,XXI,Denarius,IV,XXXI,DLXV
Munarg,XXXIX,V,CXXII,Quinarius,VI,XVIII,XLV
Muniv,XXXVIII,V,XXX,Denarius,VI,I,DII
Murytub,XXXVIII,IX,CLXIII,Denarius,IX,XXIV,DCXXVII
Murytub,XL,II,CXVI,Denarius,VIII,II,DLXVII
Atamora,XL,III,IX,Denarius,VI,XI,MMMXI
Muniv,XXXVI,VIII,XXVI,Denarius,VII,III,CDXXI
Muniv,XL,V,XXVII,Denarius,IX,III,CDLVII
Munarg,XXXIX,XII,CXXX,Quinarius,VI,VII,LV
Muniv,XXXV,VIII,XXVII,Aureus,VI,XIII,VII
Munarg,XXXIX,II,CLXXVIII,Denarius,VI,XXIII,CDXXXIX
Murytub,XXXV,V,CLXI,Denarius,IX,IX,DCLXXXVI
Munarg,XXXV,VI,CLXXVIII,Quinarius,VIII,VII,CLXXXII
Murytub,XXXIX,VIII,CLVIII,Denarius,V,VIII,DXLV
Murytub,XXXVI,IX,CVI,Quinarius,VI,XXIV,CCLVI
Munarg,XXXVI,IV,CXXV,Denarius,III,XII,CCCLVI
Murytub,XXXVIII,II,CLXIII,Denarius,VII,XVIII,DXCIV
Munarg,XXXVI,I,CXXXI,Denarius,IV,XXX,CCCXVI
Muniv,XXXVIII,V,XXIX,Aureus,V,XVI,IV
Munarg,XXXV,IV,CLXXXII,Denarius,IV,XII,CCXCIX
Murytub,XL,I,CLXX,Denarius,V,IV,DLXXXI
Murytub,XXXVIII,X,CXX,Denarius,VII,XII,DL
Munarg,XXXVIII,II,CLIV,Denarius,V,VI,CCLXI
Munarg,XXXIX,VI,CLXXXIV,Quinarius,IV,II,LXI
Murytub,XXXV,IV,CXLV,Quinarius,V,XX,CCCXL
Muniv,XXXVII,III,XXXIV,Denarius,III,XXXI,DLXXIX
Munarg,XXXVII,VIII,CIV,Quinarius,IV,XIX,CLXVIII
Munarg,XXXVIII,X,CXV,Quinarius,VI,XXIX,CXVI
Munarg,XXXV,V,CLVII,Quinarius,IV,XVI,CLXVIII
Atamora,XL,XI,XII,Quinarius,III,III,CCCXCII
Munarg,XXXIX,XII,CLXVI,Denarius,VI,XXIV,CDLX
Atamora,XXXVII,X,IX,Quinarius,VII,VIII,MLXXII
Munarg,XL,I,CXC,Denarius,IV,XX,CCCXCVI
Murytub,XXXVI,XI,CLXXXIX,Denarius,VII,I,DCLIII
Munarg,XXXV,II,CXXXVI,Denarius,X,XVII,CCCIV
Munarg,XXXVI,III,CXCI,Denarius,VI,X,CCCXXV
Muniv,XXXVIII,I,XXIV,Denarius,VII,XVII,CDXXXVII
Murytub,XXXVII,XI,CXLIV,Denarius,V,VII,DCL
Munarg,XXXV,V,CLX,Quinarius,IX,XXX,CXCIII
Muniv,XL,V,XVIII,Denarius,VI,VI,DLXXXII
Munarg,XXXVI,VII,CLVIII,Denarius,III,XIX,CCCXXXVI
Atamora,XL,III,VII,Denarius,VI,XXVI,MMDCCCXXIV
Muniv,XXXVIII,IV,XXVIII,Quinarius,IV,XXVII,CLXVII
Munarg,XXXV,XI,C,Denarius,VII,XII,CCCXLVIII
Munarg,XXXV,VII,CLVIII,Quinarius,II,IX,CLXXXIV
Murytub,XXXV,X,CXLI,Denarius,VI,IV,DCLXI
Murytub,XXXVII,XII,CLXIII,Denarius,VI,XXV,DCX
Munarg,XXXV,VIII,CLXXIX,Aureus,VI,XIII,V
Murytub,XXXVII,III,CXXVII,Denarius,X,IV,DCCXXVII
Muniv,XXXIX,IV,XXXVIII,Denarius,VIII,XXX,CDLXXII
Suilis,XXXVI,III,XVI,Denarius,VI,VIII,MMMCDLXX
Munarg,XXXVII,VI,CXXIX,Denarius,IV,IV,CCCXCVII
Munarg,XXXV,XII,CXCIX,Denarius,IV,XV,CCCXXVII
Muniv,XXXVII,XII,XXV,Quinarius,V,XIX,CLXXII
Muniv,XXXVIII,VIII,XXIII,Denarius,VI,XXII,DXX
Munarg,XXXVI,X,CXVI,Denarius,VI,VI,CCLXVIII
Murytub,XXXVI,V,CXXIX,Denarius,VII,VII,DCCVI
Murytub,XXXIX,XI,CLIV,Quinarius,VI,XXVII,CXL
Munarg,XXXVIII,VII,CLXVII,Denarius,VI,VI,CCLIII
Munarg,XXXV,XII,CXLVII,Denarius,VI,V,CCCLXXI
Murytub,XXXVIII,VIII,CXXVII,Denarius,V,XXIII,DCXXVI
Murytub,XL,XII,XC,Quinarius,III,XVII,CVII
Munarg,XXXVII,VII,CLXXXI,Quinarius,VIII,VI,CLII
Muniv,XXXV,IX,XXVII,Denarius,VI,XXVI,CDXLI
Munarg,XXXIX,III,CXVI,Denarius,IV,XXIV,CDXIII
Munarg,XL,XI,CLXXX,Denarius,VI,XVIII,CDVIII
Atamora,XXXIX,I,IX,Quinarius,VIII,XXII,DCXVII
Muniv,XXXV,V,XIX,Denarius,IX,XXIII,CDLXXXIV
Muniv,XXXV,X,XVIII,Denarius,V,XIII,DLXX
Munarg,XXXVI,VII,CXXVII,Quinarius,IV,V,CXLVI
Murytub,XXXVIII,I,CLXV,Denarius,VI,IX,DLXXVIII
Murytub,XXXIX,IV,CLIV,Denarius,VIII,XIII,DCV
Muniv,XXXV,XII,XXX,Denarius,VI,XXX,DLXIV
Suilis,XXXVIII,I,XXIV,Denarius,VII,XX,MMMDCLXXX
Murytub,XXXIX,X,CLXVIII,Denarius,VII,XXI,DLXXIII
Muniv,XXXVIII,XII,XXIV,Quinarius,V,I,CXLI
Munarg,XXXIX,II,CLXI,Denarius,V,XXV,CCCLXXXI
Muniv,XXXV,IX,XXIII,Quinarius,IX,XXIII,CCXIII
Munarg,XL,XII,CLXX,Aureus,VI,XXV,II
Munarg,XXXVIII,IV,CXXIX,Denarius,IV,XXI,CCXXVII
Murytub,XXXVI,III,CXXXIII,Denarius,V,III,DCLXXII
Munarg,XXXVII,V,CXXIX,Quinarius,VI,XVIII,CXXXVI
Murytub,XXXV,V,CLXXX,Denarius,VI,XIII,DCXCI
Murytub,XXXVII,V,CXLII,Denarius,VIII,XXII,CMXCVI
Munarg,XXXIX,VIII,CLXIV,Denarius,VIII,XIII,CCCLIV
Muniv,XXXVIII,X,XIX,Quinarius,VI,XXIX,CXXXIX
Murytub,XXXVII,VII,CLXIV,Denarius,VII,VIII,CMXXXV
Murytub,XXXV,VIII,CLXXII,Denarius,IX,II,DCCXXV
Muniv,XL,V,XVII,Denarius,VII,XXIII,DCLVI
Murytub,XXXVII,X,CXXVIII,Quinarius,VI,XXVII,CCXL
Murytub,XL,II,CLXXV,Denarius,VII,XVIII,DLXXVII
Atamora,XXXVI,I,XII,Denarius,IV,XIV,MMMCCCLXXVI
Munarg,XXXIX,X,CIII,Denarius,VII,VII,CCXXXVIII
Munarg,XXXV,VIII,CXIX,Quinarius,V,I,CXC
Murytub,XXXVI,X,CX,Denarius,IX,XXVII,DXCVI
Suilis,XXXVIII,VII,XI,Denarius,VIII,XXVII,MMMCDLV
Munarg,XL,VIII,CXLVI,Denarius,VI,II,CLXXXVII
Munarg,XXXVI,X,CXXXVI,Denarius,VI,VI,CCCL
Munarg,XXXV,XII,CLXV,Quinarius,IV,XXII,CXXXI
Munarg,XXXIX,VI,CXIII,Aureus,VI,XV,IV
Murytub,XXXV,III,CCIX,Denarius,VI,VII,DCIV
Munarg,XXXVIII,IV,CXXXIV,Denarius,VI,VII,CCLXXXVI
Murytub,XL,VII,CXXIII,Quinarius,III,XV,CXXXII
Munarg,XXXV,II,CLXXXVII,Denarius,VII,XXIV,CCCXCVIII
Muniv,XXXVII,XI,XIX,Quinarius,VI,XIV,CLXXIV
Murytub,XL,X,CXXIX,Denarius,VIII,V,DXXXIV
Murytub,XXXVIII,III,CXLVIII,Quinarius,VII,XXVIII,CLXXXIII
Munarg,XXXVII,V,CXCVII,Denarius,VI,XIII,CCCXCI
Atamora,XXXVIII,IX,XI,Denarius,V,VII,MMDCCCXIV
Suilis,XXXIX,XI,XXI,Quinarius,V,XXIII,DCCCXLVII
Murytub,XXXVIII,VIII,CXXI,Denarius,V,III,DXCII
Muniv,XXXVII,XII,XXIX,Quinarius,VI,XXVII,CLXXIII
Muniv,XXXVI,II,XXV,Denarius,V,X,DXXIX
Suilis,XXXIX,XI,XIX,Denarius,VIII,VIII,MMMMX
Munarg,XXXV,VI,CLXI,Denarius,VI,IX,CCCLXVII
Munarg,XL,XII,CXCVIII,Denarius,V,XXVI,CDLII
Muniv,XXXVII,II,XV,Denarius,V,XXVIII,DXIV
Muniv,XXXIX,VIII,XLIV,Denarius,VI,XXX,CDLXXV
Munarg,XXXVI,VI,CLVI,Denarius,VI,XXII,CCLXXI
Muniv,XXXVIII,VII,XXII,Denarius,VI,XV,DLXIV
Murytub,XXXV,IX,CLXVI,Denarius,VI,XII,DCLXXIX
Murytub,XXXV,VI,CXXXIX,Denarius,VI,XIX,DCLXXII
Murytub,XL,I,CLXXIV,Denarius,IV,XXVII,DL
Munarg,XXXVII,XI,CXII,Denarius,VI,XXVI,CCXC
Murytub,XXXV,I,CXLII,Quinarius,IV,XVII,CCCLXXVIII
Murytub,XXXVIII,XII,CCXXIII,Denarius,V,XXVII,DCXX
Muniv,XXXIX,VII,XXXIII,Quinarius,IV,XXI,CXIV
Munarg,XXXVIII,X,CLXVII,Denarius,IV,XXX,CCCXCV
Muniv,XL,VIII,XXIX,Quinarius,V,XXI,CXVI
Suilis,XXXVI,V,X,Denarius,VI,XIII,MMMCDLIII
Munarg,XL,XII,CXXIII,Denarius,VI,VII,CXCII
Murytub,XXXVIII,II,CLXXX,Denarius,V,XII,DLXXXII
Munarg,XXXIX,VI,CLXV,Denarius,IV,V,CCCLXI
Munarg,XXXV,VI,CI,Denarius,VI,IX,CCCLXVII
Munarg,XXXV,III,CXLIX,Quinarius,VII,XXXI,CLXVIII
Munarg,XXXV,VII,CXXXIX,Aureus,II,XXI,V
Munarg,XXXVII,IX,CXXII,Denarius,V,XIII,CDXVIII
Munarg,XXXVI,V,CLXXI,Denarius,V,XVIII,CCCLIV
Suilis,XL,VIII,XIII,Denarius,VII,I,MMMDCXLI
Murytub,XXXVIII,IV,CXXXI,Denarius,V,XXX,DCXXVII
Suilis,XXXIX,X,XXII,Quinarius,V,XXVI,DCCXCVI
Munarg,XXXVIII,VIII,CV,Quinarius,VI,XXXI,CIV
Muniv,XXXVII,VII,XVII,Aureus,VI,XXVI,V
Munarg,XXXV,I,CXXXVIII,Denarius,VI,XXIII,CCCXXV
Muniv,XXXVII,X,XXV,Denarius,VI,XXII,CDLV
Murytub,XXXVI,X,XCIV,Denarius,VIII,XIV,DCXLII
Atamora,XXXV,IV,IX,Quinarius,VII,VII,MDCLXXIV
Atamora,XXXVI,VII,XIII,Denarius,VI,XV,MMMDCCVII
Munarg,XXXIX,X,CXIV,Denarius,VI,XX,CCXLVI
Murytub,XXXVI,XI,LXXXII,Quinarius,VIII,XXIX,CCLVIII
Munarg,XXXVII,II,CXXXI,Denarius,VII,VIII,CCCLXXIII
Murytub,XL,IX,CLXV,Denarius,V,II,DLI
Murytub,XXXIX,X,CXLV,Denarius,VII,VII,DLXXXIV
Munarg,XXXV,V,CLIV,Denarius,VII,XV,CCCXXV
Murytub,XXXV,IX,CL,Quinarius,VII,III,CCCXLV
Munarg,XXXVII,XII,CXXIII,Quinarius,VII,I,CXX
Muniv,XL,XII,XXVIII,Quinarius,VI,VI,CIV
Suilis,XXXIX,I,XI,Quinarius,IV,I,DCCCXXX
Munarg,XXXV,V,CLXXIV,Denarius,V,I,CCCLXIV
Murytub,XXXVI,VIII,CLVII,Quinarius,IV,IX,CCLXIX
Muniv,XXXV,VI,XXVI,Denarius,IV,XXI,DV
Suilis,XXXV,I,X,Quinarius,IV,XXXI,MDCCCXLIV
Murytub,XL,XI,CXLI,Denarius,VI,XI,DXXVIII
Munarg,XXXV,XI,CLXXI,Denarius,V,IV,CCLXXXV
Muniv,XXXVI,XII,XXIV,Quinarius,VIII,V,CCXIII
Munarg,XXXIX,XII,CLXV,Quinarius,VI,X,CX
Munarg,XXXIX,III,CLXX,Denarius,VIII,XX,CDLVIII
Suilis,XXXV,X,CI,Denarius,VI,XXII,MMMDXVI
Munarg,XXXV,X,CXLVIII,Denarius,IV,XVI,CCCLXXXVI
Munarg,XXXVII,VII,CXCIX,Aureus,V,XV,III
Muniv,XXXVI,VIII,XXV,Denarius,VIII,XVI,CDLVIII
Munarg,XXXVII,I,CXLI,Denarius,VI,XXVIII,CCCVII
Munarg,XXXV,I,CXLVIII,Denarius,VII,XXX,CCCV
Muniv,XXXIX,II,XXXIII,Quinarius,V,XIV,CX
Munarg,XXXV,II,CLXIX,Denarius,V,XX,CCCXII
Munarg,XXXVI,V,CLXXV,Denarius,II,XVII,CCCLV
Munarg,XXXVII,X,CX,Aureus,IV,XXVIII,III
Munarg,XXXIX,V,CXI,Denarius,VII,XIX,CCXXVII
Muniv,XXXVII,VI,XVI,Denarius,VII,XVI,CDLXXVII
Munarg,XXXV,X,CLXXIV,Denarius,VII,XVII,CCCIII
Murytub,XL,V,CLVII,Denarius,VII,IV,DLXXXII
Murytub,XXXVI,IV,CLXXX,Denarius,II,VIII,DCLXXVII
Murytub,XXXVIII,V,CXXXV,Quinarius,VI,XXVIII,CCIII
Munarg,XXXVI,II,CXX,Denarius,IV,XXIX,CCCLVIII
Murytub,XXXVIII,IV,XCVI,Denarius,IV,VIII,DCXIII
Munarg,XXXIX,VII,CV,Denarius,V,IX,CDXLIX
Munarg,XXXVIII,VI,CLXIV,Denarius,VII,XXX,CCCLXXVII
Murytub,XXXV,V,CLVIII,Quinarius,VII,V,CCCXLII
Munarg,XXXVI,XI,CXXIII,Denarius,VIII,VIII,CCCXXXI
Murytub,XXXVII,VII,CXXII,Denarius,IX,XXIV,CMLXXXVIII
Muniv,XXXVII,IX,XXXVIII,Denarius,IV,XXV,DXXXIV
Murytub,XXXVIII,II,CLIX,Quinarius,V,XXIII,CLXXIV
Muniv,XXXVIII,X,XXVI,Quinarius,VI,XXIX,CXXVIII
Munarg,XXXV,I,CXVI,Quinarius,IV,XVII,CXCV
Murytub,XXXVI,II,CXCI,Quinarius,VII,XVI,CCCLV
Murytub,XXXVI,VI,CLXV,Aureus,V,XXIII,VII
Munarg,XXXVIII,VI,CXCVI,Quinarius,V,XXIX,CXX
Muniv,XXXVII,XII,XIX,Aureus,IV,XX,V
Muniv,XXXV,IV,XXIV,Denarius,VI,XXIX,CDXIX
Munarg,XXXVII,I,CLXVII,Denarius,VIII,XXI,CCCLXIX
Muniv,XXXV,VIII,XVI,Aureus,VI,XVII,VII
Murytub,XXXVI,VII,CXL,Denarius,VII,XXXI,DCXXII
Muniv,XXXIX,XII,XXII,Denarius,VIII,II,DII
Murytub,XXXVIII,XI,CXX,Denarius,VI,V,DXCII
Murytub,XXXV,X,CLXXII,Denarius,VII,II,DCCII
Munarg,XXXVI,VIII,CVII,Denarius,VI,XXXI,CCCXLII
Munarg,XXXIX,III,CXCIX,Denarius,VI,III,CCXXXIX
Munarg,XXXVI,V,CXVI,Denarius,VI,XV,CCLXXXI
Munarg,XXXVII,XII,CXXXVI,Denarius,VII,XI,CCCVIII
Muniv,XXXVII,II,XXIV,Denarius,VI,XVII,DXLI
Munarg,XXXIX,XI,CXCIII,Quinarius,IV,V,LVI
Muniv,XXXVI,VI,XXIII,Quinarius,VIII,III,CCXXII
Muniv,XXXVIII,III,XX,Aureus,VI,IX,V
Munarg,XXXV,VI,CLXXII,Denarius,VI,XVI,CCCXLIII
Munarg,XXXVIII,VII,CLXIII,Quinarius,VIII,XXI,LXXXVI
Munarg,XXXV,IX,CLI,Denarius,VII,II,CCCXXXIII
Murytub,XXXVIII,VII,XCII,Denarius,VI,XX,DXCVII
Suilis,XL,VII,XVIII,Quinarius,VIII,XXI,DCCCLVII
Muniv,XL,V,XXVI,Aureus,IV,XXV,IV
Munarg,XXXIX,III,CXXI,Denarius,IX,I,CCXXXIII
Murytub,XL,VIII,CLXVIII,Denarius,VIII,XXIII,DLI
Munarg,XXXVI,XI,CVIII,Quinarius,VI,XXX,CXLII
Munarg,XXXVIII,XII,CXCII,Aureus,VI,XVII,II
Munarg,XL,XI,CXL,Denarius,V,VII,CCCLXIV
Munarg,XXXVII,X,CLIV,Quinarius,IV,XVII,CXXI
Murytub,XL,I,CCXIX,Quinarius,VII,II,CXXIX
Munarg,XXXVI,V,CXLVI,Denarius,IV,XXIX,CCCLIV
Muniv,XL,V,XXX,Quinarius,III,II,CVII
Muniv,XXXIX,I,XVIII,Denarius,V,XII,DLXXX
Munarg,XXXVIII,VI,CXCIX,Denarius,VII,XXX,CCXCIII
Munarg,XL,X,CXCIX,Denarius,VI,VII,CLXXVII
Muniv,XXXV,XII,XX,Denarius,IV,XIV,CDXLII
Munarg,XXXVIII,IV,CLXXVII,Quinarius,VI,V,CXIV
Munarg,XXXVII,XII,CLXV,Denarius,VIII,XIV,CCXLIV
Murytub,XL,XI,CCIII,Quinarius,III,XXI,CVII
Murytub,XXXVI,II,CLXXIII,Quinarius,V,VIII,CCCXII
Muniv,XXXVII,IX,XXVI,Denarius,V,XXVIII,DXX
Muniv,XXXVII,XI,XVII,Denarius,VI,I,CCCLXXVIII
Munarg,XXXV,IV,CXLVII,Quinarius,V,X,CLXXI
Murytub,XXXIX,IX,CXXXIV,Denarius,V,XV,DCXI
Murytub,XXXV,II,CXLI,Denarius,V,XVI,DCCIII
Munarg,XL,VII,CLVIII,Denarius,VI,VI,CDLIV
Muniv,XXXVII,IV,XXX,Quinarius,VII,VI,CCXXVII
Muniv,XL,VI,XXX,Denarius,VI,XXIX,DCX
Muniv,XXXIX,XI,XXII,Denarius,VI,XXVII,CDXCVI
Munarg,XXXVIII,I,CLXIII,Denarius,VI,IX,CCCVIII
Munarg,XXXVI,VII,CXXXIX,Quinarius,VIII,XVI,CXLVII
Munarg,XXXVII,XII,CXV,Denarius,VI,XXI,CCCLI
Munarg,XXXV,XI,CXCV,Quinarius,IV,XXI,CLXVIII
Munarg,XL,VI,CLVIII,Denarius,V,VIII,CCXXXV
Muniv,XXXV,XI,XXVII,Denarius,V,XIV,CDLXXVIII
Munarg,XXXVI,XI,CXX,Aureus,VI,XIII,IV
Munarg,XXXVII,IV,CLXXIX,Quinarius,I,XXIV,CXLIX
Atamora,XXXIX,V,X,Quinarius,IV,XI,DLIV
Atamora,XXXIX,III,XIII,Denarius,VII,XII,MMMCCXXXVIII
Munarg,XXXVI,VI,CXXVIII,Denarius,VII,XXIX,CCCLXXIII
Murytub,XXXVIII,III,CLXXV,Denarius,VI,II,DCLXXXII
Munarg,XL,X,CLXXX,Denarius,VI,XXVII,CDXX
Murytub,XXXVII,XII,CL,Aureus,VI,XXVIII,VI
Munarg,XXXVI,VII,CXL,Quinarius,VI,XXII,CLXI
Murytub,XXXV,I,CLXXXIV,Denarius,IV,XXXI,DCCXLII
Munarg,XXXV,XII,CXLV,Denarius,VI,XXX,CCLXXXI
Murytub,XXXVIII,X,CXXV,Denarius,IV,XXXI,DXLIX
Munarg,XXXIX,VIII,CLXXIV,Denarius,VIII,XXIX,CDXV
Munarg,XXXV,VI,CXCVIII,Quinarius,VI,XXVII,CLXV
Muniv,XXXVI,III,XXVIII,Quinarius,VIII,XXVII,CCXXXVII
Murytub,XL,III,XCV,Denarius,VI,XXX,DLV
Muniv,XXXV,VII,XXI,Quinarius,V,IV,CCLXXXV
Munarg,XXXIX,V,CLXXX,Quinarius,VI,XXX,LXXXIII
Murytub,XXXIX,VIII,CXXXV,Denarius,VII,VI,DLXX
Muniv,XXXVI,VI,XXXI,Quinarius,VIII,XXX,CCXXII
Munarg,XXXVII,XI,CLXXIX,Aureus,VI,V,IV
Murytub,XXXVI,XI,CXXXVIII,Quinarius,VIII,XVII,CCLXXXIV
Muniv,XXXVI,XI,XXVI,Quinarius,III,VII,CCXVII
Muniv,XXXV,IV,XXIII,Denarius,III,XVII,CDXCV
Murytub,XXXVI,XII,CLIII,Denarius,VIII,V,DCXCI
Murytub,XL,X,LXIX,Denarius,VI,VII,DLII
Muniv,XXXIX,VI,XXV,Denarius,IX,VI,DXXIII
Muniv,XXXVIII,II,XX,Denarius,VII,III,DLXXVII
Munarg,XL,XII,CXIII,Denarius,III,XII,CLXXI
Munarg,XXXVII,V,CII,Denarius,VI,XIII,CCXCVIII
Muniv,XL,VI,XX,Quinarius,V,XXIII,CXXIX
Munarg,XXXVI,V,CXXIV,Quinarius,VII,XIV,CXXIV
Murytub,XL,IX,CLXX,Denarius,V,XVI,DXXXVI
Muniv,XL,III,XIX,Denarius,V,VI,DXXII
Suilis,XXXVI,V,XXXVIII,Denarius,VII,XIV,MMMCCCLVII
Murytub,XXXVII,II,CLI,Denarius,VI,I,DCCVII
Munarg,XXXVII,VIII,CXIV,Denarius,V,XXVIII,CCLXI
Munarg,XXXVIII,IX,CI,Denarius,II,VIII,CDXXXVI
Munarg,XXXIX,III,CXXVI,Denarius,VI,II,CCXIV
Munarg,XL,IV,CXIX,Quinarius,III,XIX,XLII
Munarg,XL,XII,CLXIX,Quinarius,VII,XXI,LXXV
Munarg,XXXV,IV,CXII,Aureus,V,X,V
Murytub,XXXIX,V,CLVIII,Quinarius,IV,XXI,CXXXVI
Murytub,XXXV,XII,CLXVII,Denarius,IV,XXII,DCLXXXI
Suilis,XXXVI,III,XVI,Denarius,V,XX,MMMCCLXXXV
Murytub,XXXVI,IV,CXLII,Denarius,VII,XVI,DCXCIX
Munarg,XXXVIII,III,CIX,Quinarius,V,XVII,XC
Murytub,XXXV,V,CXXIX,Denarius,V,I,DCCXXXVII
Munarg,XXXV,VI,CLXXV,Denarius,IV,XX,CCCLI
Murytub,XXXVI,X,CLIV,Denarius,IX,XXVII,DCXLVI
Munarg,XXXVII,VII,CII,Quinarius,VII,XXII,XCVIII
Munarg,XL,XI,CLXXXIII,Quinarius,VI,XXX,LXXXIV
Munarg,XXXVIII,IX,CXXXII,Quinarius,VII,I,CIX
Muniv,XXXV,XI,XXV,Denarius,IX,XXVI,CDLXI
Munarg,XXXV,I,CXLIV,Denarius,VII,XXVII,CCCII
Suilis,XXXIX,I,XXIX,Denarius,VI,XXI,MMMDCCXXI
Murytub,XXXVI,V,CXLV,Denarius,IV,XXIX,DCCXVI
Murytub,XL,VI,CXX,Denarius,IV,IX,DLXXVII
Murytub,XXXVII,VIII,CCXVIII,Aureus,VII,XIII,VII
Murytub,XXXVI,XI,CXLVI,Denarius,VI,XIII,DCXX
Suilis,XXXVII,I,XXII,Quinarius,VI,XI,MCDXVIII
Murytub,XXXVI,III,CLXXXI,Denarius,VI,I,DCXLVI
Muniv,XXXVIII,VII,XXXVI,Denarius,VIII,IV,CDXCI
Murytub,XXXVI,II,CCX,Aureus,VI,XV,VIII
Muniv,XXXV,IX,XXV,Aureus,V,XVII,VII
Muniv,XXXVIII,XI,XXVI,Quinarius,VI,XX,CXLVIII
Munarg,XXXV,VIII,CVIII,Denarius,IV,IX,CCXCIV
Munarg,XL,IX,CLX,Denarius,I,IX,CDXLIX
Munarg,XXXVI,XII,CLXXI,Quinarius,VII,IX,CXLIX
Muniv,XL,III,XXII,Quinarius,V,XIV,CXX
Murytub,XL,VIII,CXXI,Quinarius,III,XVIII,CXX
Munarg,XXXVII,XII,CLXXXVII,Denarius,VI,XXVIII,CDXLII
Murytub,XXXVII,V,CXXIX,Denarius,VI,XXVII,CMLXXIII
Muniv,XXXVI,XII,XXV,Denarius,VII,IX,DXXI
Munarg,XXXVII,V,CXVI,Denarius,VI,XVII,CCCXXVII
Murytub,XXXIX,I,CXXXIV,Denarius,VI,XXI,DCXIX
Munarg,XXXVIII,VII,CLXVII,Aureus,II,VIII,III
Atamora,XXXIX,X,XII,Denarius,VI,XVIII,MMCMXXX
Murytub,XXXV,VIII,CXVIII,Denarius,VII,VIII,DCCXXV
Munarg,XXXV,V,CXCIV,Quinarius,VIII,XXII,CLVI
Murytub,XXXVII,XII,CLX,Quinarius,VI,XXVIII,CLXXXV
Muniv,XL,IX,XIX,Denarius,IV,XXVIII,DXXXII
Muniv,XXXIX,VII,XVIII,Denarius,V,XIV,CDLXXI
Munarg,XXXIX,V,CLVII,Denarius,VII,XX,CCXXVIII
Muniv,XXXIX,XII,XXV,Denarius,VIII,II,DXLII
Munarg,XXXVIII,XII,CXCV,Quinarius,V,XXVII,LXV
Munarg,XXXV,IV,CXCIX,Quinarius,VII,XV,CLXIX
Muniv,XXXVI,IV,XX,Quinarius,VII,III,CCLXIV
Muniv,XXXVI,II,XLIII,Quinarius,VII,XXIII,CCLIV
Munarg,XXXIX,XII,CLXX,Denarius,VIII,XXIX,CCXI
Munarg,XL,III,CXXIII,Denarius,VI,XI,CCXXIV
Munarg,XXXV,II,CXLIII,Denarius,IV,II,CCCXXV
Munarg,XXXVI,III,CLXVIII,Denarius,V,IX,CCCLVIII
Munarg,XXXVII,XII,CLI,Denarius,V,XII,CCXL
Suilis,XL,IV,X,Denarius,VII,XXIX,MMMMLXIX
Munarg,XXXIX,V,CVI,Quinarius,V,XXVI,LXXIX
Murytub,XXXIX,XI,CXXXIV,Quinarius,V,XVII,CXXXIV
Munarg,XXXVIII,XII,CLXXXII,Denarius,IV,IX,CCLXI
Muniv,XL,V,XXIII,Denarius,V,VII,CDLXXIV
Muniv,XXXVIII,VIII,XXXVI,Quinarius,VIII,VI,CLVII
Murytub,XXXVI,VI,CIII,Denarius,VI,XIII,DCLXXXIV
Munarg,XXXIX,IX,CLXXIX,Aureus,IV,XXX,II
Murytub,XXXVI,XII,CLI,Quinarius,VI,X,CCLXXVIII
Munarg,XXXIX,IV,CXC,Aureus,VIII,XXX,IV
Munarg,XXXVI,IV,CXXIV,Quinarius,V,V,CXLIX
Munarg,XL,III,CLIX,Quinarius,VI,IV,CIV
Suilis,XXXVIII,VIII,XXXII,Aureus,IV,I,XXXIV
Munarg,XXXVIII,XI,CLXIX,Denarius,VI,III,CDXXV
Munarg,XXXV,III,CLXXXIX,Denarius,IX,V,CCCXLVIII
Munarg,XXXVII,I,CXCII,Denarius,IX,X,CCCLXXVI
Murytub,XXXVII,VII,CXVI,Quinarius,VI,XXVIII,CCCLXXVIII
Munarg,XXXVII,I,CXLIII,Denarius,VIII,IX,CCCLII
Murytub,XXXVIII,I,LXXXIII,Denarius,VII,XX,DCVI
Munarg,XXXV,VII,CLXXIII,Aureus,V,IV,V
Munarg,XXXIX,X,CXXVII,Quinarius,III,XII,LXXVII
Munarg,XL,VI,CLXXXVI,Denarius,VI,X,CCXXIV
Murytub,XXXV,X,CXXXVIII,Denarius,VI,XXVI,DCCXXII
Munarg,XXXVIII,III,CLVII,Denarius,VII,XXVIII,CDXXIV
Munarg,XXXVII,VII,CXXXVIII,Denarius,VII,XI,CDXXX
Munarg,XXXVIII,V,CVII,Denarius,VI,V,CDXXXIII
Murytub,XXXVIII,V,CL,Denarius,IV,XIII,DCXXXVI
Munarg,XXXVI,VII,CXXII,Quinarius,VII,XI,CXLV
Munarg,XXXVII,IX,CLXXIII,Quinarius,VI,XXIII,CXXXIV
Munarg,XXXV,VI,CLVII,Denarius,VIII,VIII,CCCXXXVIII
Munarg,XXXIX,VI,CXLIV,Denarius,IX,VI,CCCLXXXVI
Munarg,XXXVII,III,CXXVII,Denarius,VI,VII,CCLIX
Murytub,XXXVI,XII,CCVII,Quinarius,VIII,XI,CCLII
Munarg,XL,XII,CLXVI,Denarius,IV,XXX,CXCVIII
Suilis,XL,IV,XII,Quinarius,VII,VII,DCCCLXX
Munarg,XXXV,IX,CLXXXII,Denarius,V,XXV,CCCLX
Munarg,XXXVII,VIII,CXXII,Quinarius,VI,XXXI,CLX
Munarg,XXXV,VII,CLXXII,Quinarius,IV,VII,CLXXXVII
Munarg,XXXVII,I,CXLIV,Quinarius,VI,XIII,CVI
Munarg,XXXVI,IV,CLXX,Denarius,IV,X,CCCXII
Suilis,XXXIX,IV,XI,Quinarius,V,XXII,DCCCXVII
Murytub,XXXVII,III,CLIII,Quinarius,VI,VII,CCCIV
Murytub,XXXIX,VIII,CXLVI,Denarius,VIII,XX,DLXIII
Muniv,XL,IV,XVIII,Quinarius,IV,IV,CXXII
Murytub,XXXVIII,VIII,CXXXIII,Denarius,VII,XI,DLXXIII
Munarg,XL,X,CXLIV,Denarius,V,XXVIII,CDLXXXI
Munarg,XXXVI,X,CXXIII,Aureus,VI,VI,IV
Munarg,XXXIX,X,CLXIII,Aureus,VI,II,IV
Muniv,XL,VIII,XXVIII,Aureus,III,XVIII,IV
Munarg,XXXVII,I,CXXIII,Denarius,V,VI,CCLXXXIII
Murytub,XXXVI,IX,CXXIX,Quinarius,VI,VIII,CCLVIII
Murytub,XXXVII,X,CCXIV,Quinarius,IX,XX,CCXXXV
Atamora,XXXV,IV,IX,Quinarius,VII,XXIII,MDCCCLXXV
Murytub,XL,XII,CXXIV,Aureus,VI,II,IV
Muniv,XXXVI,V,XXIII,Denarius,VI,XX,DVIII
Munarg,XXXVIII,III,CLXXX,Quinarius,VII,XXVIII,LXXXV
Murytub,XXXV,VII,CXXXIX,Quinarius,V,IV,CCCXLVII
Murytub,XL,XII,CXXX,Denarius,VI,VIII,CDLXVI
Munarg,XXXIX,VIII,CLXXXI,Quinarius,V,XXII,LXXXIX
Muniv,XXXV,V,XXVII,Denarius,V,XIX,DII
Muniv,XXXVI,XI,XXVIII,Denarius,II,III,DLXVII
Munarg,XXXVI,I,CXLVIII,Aureus,V,XV,IV
Murytub,XXXVI,IX,CXLIV,Denarius,VI,III,DCCVIII
Murytub,XXXIX,IX,CCXIV,Denarius,V,XXIII,DLXXII
Munarg,XXXVI,VII,CLII,Denarius,VIII,VII,CCCXVII
Atamora,XL,VIII,VIII,Denarius,III,XXVII,MMCCCXVI
Murytub,XXXIX,XII,CLII,Denarius,V,VI,DLIV
Murytub,XXXVII,IX,CXLIX,Quinarius,VI,XXIV,CCLVI
Munarg,XXXVII,IV,CLIX,Denarius,IX,XIII,CCCXXXII
Muniv,XXXVII,II,XXIX,Denarius,VII,VIII,DXXXVI
Murytub,XXXVIII,VI,CLXXXIV,Aureus,IV,XIX,VI
Munarg,XL,VIII,CXLI,Quinarius,VI,XXXI,XCI
Munarg,XXXVI,VIII,CXVI,Aureus,V,XV,IV
Munarg,XXXVIII,III,CXXXII,Quinarius,VII,XXX,LXXIX
Munarg,XXXVI,XI,CIV,Denarius,VI,XXX,CCCXXXVI
Murytub,XL,VI,CXII,Denarius,VII,XVII,DXXVII
Munarg,XXXVII,XII,CXVI,Quinarius,VII,XI,XC
Muniv,XXXV,VII,XXV,Quinarius,VI,XVII,CCXVI
Munarg,XXXVII,IV,CXVI,Quinarius,VIII,IV,CXX
Muniv,XXXIX,I,XXIV,Denarius,VII,XXV,DXXXIX
Atamora,XXXIX,III,IX,Quinarius,VI,III,DCLVI
Munarg,XXXVII,I,CXL,Quinarius,VI,I,CXLIV
Munarg,XXXV,XI,CXCVII,Denarius,V,IV,CCCLVI
Atamora,XXXVIII,I,XIII,Quinarius,III,XXI,DCCCXXIII
Muniv,XXXIX,V,XXIII,Aureus,VI,I,IV
Murytub,XL,IV,CLXVIII,Quinarius,VII,XVII,CXXII
Murytub,XXXV,VIII,CLX,Denarius,VI,XXI,DCLXXXIX
Suilis,XXXVIII,V,XL,Quinarius,IV,XXIII,MCXC
Munarg,XXXV,XI,CLXXX,Quinarius,V,XXIII,CLXXXIV
Munarg,XXXV,VII,CLI,Denarius,VI,XIV,CCCLXXVIII
Murytub,XXXVII,V,CXXIX,Denarius,IV,XII,CMXI
Murytub,XXXVIII,II,CXIV,Quinarius,VIII,X,CLXXIX
Murytub,XXXIX,XI,CXCIII,Denarius,VI,XXVIII,DXXXVI
Munarg,XXXV,VII,CXLII,Quinarius,IV,V,CLXXVI
Munarg,XXXV,VI,CXLI,Denarius,VIII,XXIV,CCCXXXII
Munarg,XXXVIII,VI,CXLI,Aureus,VII,XXII,V
Munarg,XXXIX,II,CXLVI,Denarius,VI,X,CCXIV
Munarg,XXXV,VI,CLXXVI,Denarius,VI,XI,CCCXXXVIII
Murytub,XXXVII,X,CCIV,Quinarius,VI,XXVI,CCXXVII
Munarg,XXXIX,I,C,Aureus,VII,XXVI,IV
Murytub,XXXVII,VIII,CXLVII,Denarius,VII,XXIV,DCXXI
Murytub,XXXIX,X,CLXVIII,Denarius,VI,XXVIII,DLXXXI
Murytub,XL,III,CXLIII,Denarius,VII,II,DLXXVI
Murytub,XL,II,CXXX,Quinarius,V,XXV,CXXIV
Muniv,XL,III,XXII,Denarius,IV,VII,CCCXCIX
Murytub,XXXVIII,VIII,CXIX,Denarius,VI,XX,DLI
Munarg,XXXVIII,II,CLXXVI,Quinarius,X,XIII,CXXIV
Muniv,XXXV,XII,XXIX,Denarius,VI,III,CDXCI
Munarg,XXXVIII,VII,CLI,Quinarius,VI,II,LXXXIX
Munarg,XXXVI,VIII,CXXV,Denarius,VIII,XVI,CCLXXXIV
Murytub,XXXV,III,CXCIII,Quinarius,VI,XIII,CCCXXXIII
Muniv,XL,IV,XVII,Quinarius,IV,IV,CIII
Munarg,XXXIX,V,CLXXVIII,Denarius,VII,XX,CDLXI
Suilis,XXXVII,XI,XVII,Quinarius,V,XXI,MCLXIX
Munarg,XXXVI,VII,CXCVI,Denarius,VI,XV,CCCXXX
Murytub,XL,IX,CX,Denarius,VIII,XIII,DXLIII
Munarg,XXXVI,II,CLXXV,Denarius,V,XVIII,CCCXIX
Munarg,XXXVI,I,CLXXXV,Quinarius,IV,XXX,CXXXIX
Munarg,XL,VII,CIII,Denarius,VI,XI,CDXLII
Munarg,XXXVIII,XI,CLII,Denarius,VI,XI,CDXXXV
Munarg,XXXIX,X,CXCII,Quinarius,VI,II,LIII
Munarg,XXXV,II,CLXV,Quinarius,VII,VI,CLXXXVI
Munarg,XL,IV,CXXXVIII,Denarius,VII,VIII,CCCLXXIV
Murytub,XXXVIII,VII,CLXXV,Denarius,VI,XXX,DLXXXIV
Munarg,XL,IV,CLXXXVI,Denarius,VIII,V,CDLXVI
Munarg,XXXVI,VI,CXCIV,Denarius,VI,XXII,CCCXLIV
Munarg,XXXV,X,CLXVIII,Denarius,VII,XI,CCCLIV
Murytub,XL,VI,CXLV,Denarius,VII,VI,DLXII
Munarg,XXXV,IV,CXCIX,Denarius,VII,VII,CCCXXII
Murytub,XXXVIII,X,CLXXV,Denarius,VI,V,DLXXXIV
Munarg,XXXIX,VI,CXXXVIII,Quinarius,IV,XXI,LXVI
Murytub,XXXVII,I,CLXVIII,Quinarius,V,XXV,CCLXI
Murytub,XXXVII,X,CLI,Aureus,VI,XVI,VII
Muniv,XXXVII,I,XXI,Denarius,VII,XV,CDXXXIX
Munarg,XXXVI,III,CXLI,Quinarius,X,XII,CXXXVII
Murytub,XL,XII,CLXXI,Quinarius,IX,X,CXIII
Munarg,XXXVII,II,CX,Quinarius,IV,II,CLVIII
Muniv,XXXVIII,VII,XV,Quinarius,VII,XVI,CLIX
Munarg,XXXV,IV,CXXI,Denarius,VII,XXX,CCCLI
Murytub,XXXVIII,VIII,CXXVIII,Denarius,VIII,X,DCIII
Muniv,XXXV,IX,XXI,Denarius,IV,XXVII,CDXL
Muniv,XXXIX,XI,XXVI,Quinarius,V,II,CXI
Munarg,XL,VI,CXXXV,Denarius,VI,II,CCXLI
Murytub,XXXIX,VI,CXCVIII,Denarius,VI,XI,DCII
Muniv,XL,XI,XXVII,Quinarius,VI,XI,XCIX
Murytub,XL,VII,CLI,Quinarius,V,XIII,CXXXV
Suilis,XXXV,I,XXXV,Denarius,VIII,II,MMMCCCLXXXVI
Murytub,XXXVI,IV,CL,Denarius,VIII,XXX,DCLIV
Murytub,XXXVIII,V,CCXIV,Quinarius,V,VI,CXCV
Murytub,XXXVII,IV,CXLIII,Denarius,VI,XXX,CMXXXV
Munarg,XXXVI,XII,CXXI,Quinarius,IX,XXXI,CXXXV
Muniv,XXXIX,VI,XXVI,Aureus,III,XXX,IV
Muniv,XXXIX,XI,XXVI,Denarius,VII,IV,CDLXXXIII
Murytub,XXXV,XI,CXVII,Aureus,III,I,VIII
Muniv,XXXVII,III,XXVI,Denarius,VIII,XXVI,DLXXV
Munarg,XXXVIII,X,CLXXXII,Quinarius,IV,XXIV,LXXV
Muniv,XXXIX,IV,XXVI,Denarius,V,XII,DLXVII
Munarg,XXXVI,V,CLIX,Denarius,VII,VII,CCCLI
Suilis,XXXIX,IV,XI,Denarius,VIII,XXIV,MMMMXXIX
Murytub,XXXVI,VI,CLXXIII,Denarius,VIII,I,DCXXXIII
Muniv,XXXIX,VIII,XXVII,Quinarius,VII,XII,CLVIII
Murytub,XL,VIII,CLXXXIII,Denarius,VI,VII,DXXVIII
Munarg,XXXV,X,CLXXVIII,Aureus,IV,VIII,V
Munarg,XXXVII,IV,CLXVI,Quinarius,IV,XXIX,CXI
Munarg,XXXV,XII,CXXX,Aureus,VI,I,V
Munarg,XXXIX,VIII,CXII,Denarius,VI,XVII,CCCLXXXIX
Muniv,XXXIX,V,XXV,Quinarius,VII,XIV,CXXV
Munarg,XXXVI,V,CLXVII,Denarius,V,VIII,CCCXL
Munarg,XXXIX,I,CLV,Quinarius,IV,X,LXIII
Murytub,XXXVII,VI,CLVI,Quinarius,VI,I,CCCLXI
Munarg,XXXIX,IV,CXCV,Quinarius,II,IV,XCIV
Murytub,XXXV,III,CLVI,Denarius,VII,XXXI,DCCX
Murytub,XL,VIII,CXXXII,Denarius,VI,XII,DL
Murytub,XXXIX,VIII,CLXXI,Denarius,V,XVI,DCIV
Munarg,XXXVI,IX,CLXXXIX,Quinarius,IV,XXIX,CXXXI
Murytub,XXXVII,XII,CXCIII,Denarius,VIII,X,DCXXXVI
Munarg,XL,I,CLV,Aureus,VIII,III,IV
Murytub,XXXV,II,CL,Quinarius,VII,VII,CCCLXXXV
Muniv,XXXVI,II,XXII,Quinarius,IX,IX,CCXXXII
Murytub,XXXIX,VII,XCIII,Denarius,VIII,XIX,DLX
Muniv,XXXV,XI,XLI,Denarius,VII,XXVIII,DLXII
Munarg,XXXV,XI,CXII,Quinarius,VI,II,CLXV
Atamora,XXXVIII,XI,XI,Aureus,III,XIV,XXIX
Suilis,XXXIX,VIII,XXIII,Denarius,IX,XXI,MMMDXXXIX
Suilis,XXXVII,VII,XIX,Aureus,IX,XIX,XXXIX
Atamora,XXXIX,V,IX,Denarius,VI,XVIII,MMDCCCLXXX
Munarg,XXXIX,III,CI,Denarius,III,XI,CDLVIII
Murytub,XL,VIII,CLXXVIII,Denarius,III,XXIX,DXIV
Murytub,XXXVI,III,CLXXXIV,Aureus,III,IV,VIII
Murytub,XXXVIII,VIII,CL,Aureus,VIII,XXX,VI
Munarg,XL,VII,CLXIII,Denarius,VI,VI,CDXXXVI
Murytub,XXXVII,II,CXL,Denarius,VI,XXIV,DCCXLIII
Murytub,XXXV,IV,CLXXXIII,Denarius,VI,XXIX,DCCIX
Murytub,XXXIX,X,CLXXXII,Quinarius,VI,II,CXXIV
Suilis,XL,VIII,XXXI,Denarius,VI,II,MMMDCCXXXVI
Murytub,XXXVI,IX,CXXIX,Denarius,VI,IX,DCLXXIII
Murytub,XXXV,VI,CXCIII,Quinarius,VI,X,CCCXXIII
Munarg,XXXV,VI,CXCIII,Quinarius,VII,VI,CXLI
Murytub,XXXVII,VIII,CCXXXI,Aureus,V,XXVIII,VII
Murytub,XXXVI,XI,LXXXVI,Denarius,IV,VI,DCXLVI
Munarg,XXXVI,X,CXXXV,Denarius,VIII,XIV,CCLXXIV
Muniv,XXXIX,VI,XX,Denarius,IV,XXI,CDXXIX
Murytub,XXXV,II,CCXIV,Denarius,V,XVI,DCCXXXIV
Murytub,XL,VII,CXIV,Denarius,VI,VI,DXXXIX
Munarg,XXXVII,III,CLIV,Denarius,VI,XXI,CCCLXXX
Munarg,XXXIX,XI,CXXXIX,Denarius,VI,XXVIII,CCXXXIX
Muniv,XXXVIII,XI,XIX,Denarius,VI,V,CDLXXXV
Murytub,XXXVI,I,CLVIII,Aureus,IX,XXXI,IX
Murytub,XXXVIII,VII,CLXX,Denarius,V,III,DLXXXV
Murytub,XL,XII,CLXIV,Aureus,IV,XXX,V
Munarg,XXXVI,III,CXCV,Denarius,VII,XI,CCLXXXVIII
Muniv,XXXIX,VI,XIV,Denarius,IV,XXIV,DXXXIII
Murytub,XXXVI,XI,CLXX,Denarius,V,II,DCCXXIV
Muniv,XXXVIII,VII,XXVIII,Denarius,IV,XXIX,DXXVII
Munarg,XL,III,CVII,Quinarius,III,I,XCI
Muniv,XXXVII,VI,XXIII,Aureus,VII,VII,V
Munarg,XXXVIII,XII,CL,Denarius,XI,XV,CCCLXV
Munarg,XXXVI,VIII,CV,Quinarius,V,XV,CXXXIII
Suilis,XXXV,I,XVI,Denarius,VII,XII,MMMCCLXXXVIII
Murytub,XL,VII,CXVII,Quinarius,VI,XXV,CXXVI
Munarg,XXXVI,IX,CLXXVI,Aureus,VI,XIX,IV
Muniv,XXXVII,X,XVI,Denarius,VI,VII,DXXXVIII
Muniv,XXXVIII,II,XXIX,Denarius,VI,IX,DXIX
Muniv,XXXVIII,VII,XXVIII,Denarius,V,X,DXXIV
Munarg,XXXVII,V,CXCVI,Denarius,IV,XIX,CCCXXIV
Munarg,XXXVII,VII,CLXXVII,Denarius,IV,II,CCCXXIII
Munarg,XXXV,VIII,CVIII,Quinarius,VII,XVI,CLXXXV
Muniv,XXXVII,III,XVII,Denarius,V,XXII,CDXC
Munarg,XXXVIII,XI,CXXX,Quinarius,VII,XIII,LXXVI
Munarg,XL,XI,CXCIX,Denarius,VI,VI,CDXVI
Murytub,XXXVI,VII,CLXI,Denarius,IV,II,DCXLII
Muniv,XXXVI,VIII,XXVII,Quinarius,IV,IX,CLXXXVII
Muniv,XXXIX,III,XXVII,Denarius,VIII,XXX,CDXXXVII
Munarg,XL,I,CIX,Quinarius,V,XVI,CXIII
Murytub,XL,I,CXLIV,Denarius,VII,XXX,DXXXIII
Murytub,XL,XII,CLXXXVIII,Quinarius,VI,VII,CVIII
Murytub,XXXVII,XII,XCVIII,Denarius,VI,XXIV,DCXLIII
Murytub,XXXIX,IX,CLXIX,Quinarius,IV,XIII,CXXXII
Munarg,XXXV,XI,CI,Quinarius,VI,XXX,CXCV
Munarg,XXXVIII,VII,CLII,Denarius,VIII,XXVII,CDX
Munarg,XXXVII,XII,CLXIII,Denarius,IV,II,CCXCVII
Muniv,XXXVII,VIII,XXVI,Denarius,VII,XXIV,CDXCVI
Munarg,XXXIX,IV,CXC,Denarius,VIII,XIII,CCCLXXXI
Munarg,XXXIX,XII,CLV,Denarius,III,IX,CCXLII
Murytub,XXXV,XII,CLXXXIV,Quinarius,V,II,CCCXVII
Muniv,XL,VI,XXVI,Denarius,VI,XVI,DIII
Muniv,XXXV,V,XXV,Quinarius,VII,III,CCLV
Murytub,XL,III,CXCII,Quinarius,IV,VII,CXVI
Munarg,XXXVIII,IX,CXCVIII,Denarius,VII,XXVI,CCXXI
Murytub,XXXVI,VI,CLXI,Denarius,VI,XXII,DCLXIX
Munarg,XXXVI,XII,CLXXXVIII,Denarius,VI,I,CCLXIV
Suilis,XXXVII,XII,XLV,Denarius,VIII,XIV,MMMCDLXVII
Murytub,XXXVI,II,CXLVIII,Denarius,V,XXVIII,DCCVIII
Munarg,XXXVI,VI,CXX,Denarius,V,II,CDXV
Muniv,XXXVII,XI,XXV,Quinarius,IV,XVII,CXXXI
Murytub,XXXVII,II,CV,Quinarius,V,III,CCLXXXVI
Muniv,XXXV,XI,XXX,Denarius,VII,XII,CDXLII
Murytub,XXXV,VII,CLXX,Quinarius,II,XXI,CCCXL
Munarg,XXXVII,II,CXII,Quinarius,VII,XXV,CLXVIII
Munarg,XXXVI,IX,CX,Denarius,V,XXVIII,CCCXCVIII
Murytub,XL,III,CLIV,Denarius,VII,XXVII,DXVI
Atamora,XXXVI,VI,IX,Denarius,IV,XXV,MMDCCVII
Munarg,XXXIX,XII,CXXXIX,Denarius,VI,XXIV,CCCLX
Murytub,XXXV,III,CXVIII,Quinarius,VII,III,CCCXLVII
Murytub,XXXVII,V,CXCVIII,Denarius,VI,XIII,DCCCLVII
Munarg,XXXVII,X,CXLIX,Quinarius,IX,II,CVIII
Muniv,XXXVIII,XI,XXVI,Denarius,VII,XVI,CDXCVI
Munarg,XXXVII,II,CXL,Denarius,IV,XX,CCXCI
Munarg,XXXVI,I,CLXIV,Quinarius,V,XVIII,CLXVI
Muniv,XXXIX,V,XVIII,Denarius,IV,XIII,DCXXX
Muniv,XXXV,VIII,XXXV,Denarius,V,XXVI,CDXIII
Munarg,XL,V,CXX,Denarius,VI,VI,CCXXXIX
Murytub,XXXVII,VI,CCIII,Quinarius,VII,XIX,CCCLIX
Muniv,XXXV,IX,XXVI,Quinarius,VI,XI,CCLI
Munarg,XXXIX,IX,CXXII,Denarius,III,X,CDLXII
Murytub,XXXVII,VIII,CLIV,Quinarius,IV,XVIII,CCXLIII
Murytub,XXXVII,III,CLXXI,Denarius,IX,VI,DCXCI
Munarg,XXXVII,X,CLXXXV,Denarius,VII,IX,CCLIX
Muniv,XXXV,X,XXVIII,Quinarius,VII,II,CCLIX
Suilis,XL,III,XXXI,Denarius,III,I,MMMDCCCVII
Munarg,XXXVII,VII,CLIX,Denarius,VIII,V,CDXXXV
Muniv,XXXIX,XII,XXXVI,Denarius,IV,IV,DXVIII
Murytub,XXXV,VIII,CLXV,Denarius,V,XV,DCCIII
Murytub,XXXVIII,III,CLXII,Denarius,VI,XX,DLXXXIX
Murytub,XXXVI,XII,CXLII,Quinarius,VI,XIX,CCXLIV
Munarg,XL,I,CV,Denarius,IV,XX,CXCVI
Muniv,XXXVI,VI,XXVI,Denarius,VIII,I,CDLXXXVIII
Munarg,XXXIX,VI,CXXXVII,Denarius,VIII,XX,CCXV
Munarg,XL,II,CXLI,Denarius,II,XVII,CCXXVII
Murytub,XXXV,IX,CLXIX,Aureus,IX,XVI,IX
Muniv,XL,III,XXXIII,Quinarius,VI,XXIX,LXXXVIII
Murytub,XXXIX,VI,CLXII,Aureus,IX,VI,V
Murytub,XL,III,CCXI,Quinarius,IV,XX,CXXV
Munarg,XXXVI,VIII,CLXXV,Quinarius,IV,II,CXXXVIII
Atamora,XXXIX,I,X,Quinarius,VII,XXXI,DCCXCIII
Munarg,XXXVIII,XI,CXIX,Aureus,VI,III,IV
Muniv,XXXVI,VIII,XXIX,Quinarius,IX,X,CLXVII
Murytub,XXXV,V,CLIX,Quinarius,V,II,CCCLXVI
Munarg,XXXV,X,CLXXIV,Denarius,VII,II,CCCXLV
Muniv,XXXV,III,XXI,Denarius,IX,XXIV,DXXV
Murytub,XXXIX,V,CXLVII,Aureus,VII,XX,V
Munarg,XXXV,X,CLXXXIV,Denarius,VII,II,CCLXXXVIII
Munarg,XXXVI,IX,CV,Denarius,VI,XXII,CCCVIII
Murytub,XXXV,II,CLV,Quinarius,VIII,XXV,CCCXLVI
Munarg,XXXVI,X,CXLV,Denarius,V,XII,CCCLXIX
Murytub,XXXV,VI,CLXIX,Quinarius,VI,XI,CCCXXIV
Munarg,XXXVII,XII,CLXXXIX,Aureus,IV,VII,IV
Muniv,XXXVIII,VIII,XXII,Denarius,X,XXIV,CDLXXXIV
Murytub,XL,I,CXIX,Denarius,VI,XIV,DLXXXVI
Murytub,XXXV,II,CLX,Denarius,VII,VII,DCCXIII
Muniv,XXXVI,V,XXV,Quinarius,VII,VI,CCXVII
Muniv,XXXVII,X,XXIX,Denarius,VI,III,CDLXXXVI
Munarg,XXXV,II,CXI,Denarius,V,XIII,CCCXXIII
Munarg,XL,IV,CXIII,Denarius,VI,I,CCVI
Atamora,XXXVI,XI,X,Denarius,VII,V,MMMDCLXXVIII
Murytub,XL,IV,CLXII,Denarius,VI,X,DXVI
Murytub,XL,XI,CXXIV,Quinarius,VII,XIX,CVII
Munarg,XXXVII,III,CLXIII,Quinarius,X,IV,CXVIII
Muniv,XL,II,XXI,Denarius,IV,IX,DCXXXVI
Muniv,XXXIX,VII,XXII,Denarius,VIII,XXVI,DLXI
Munarg,XXXV,V,CXCVII,Denarius,V,XXXI,CCCXXXVI
Suilis,XL,II,XXXIV,Denarius,VI,XXVI,MMMDXCVIII
Munarg,XXXVIII,VII,CLXX,Denarius,VI,VI,CDXXXVII
Munarg,XXXIX,XI,CXXVII,Quinarius,X,VI,XCII
Munarg,XXXIX,X,C,Denarius,VIII,X,CCXLII
Murytub,XXXVII,VIII,CXXXVIII,Aureus,VIII,IX,VII
Munarg,XXXVII,X,CXVI,Quinarius,VII,I,CXXXV
Muniv,XXXVIII,IV,XXIII,Denarius,VII,XI,DXIII
Munarg,XL,VIII,CLXXXIII,Quinarius,VI,XXXI,CIII
Munarg,XXXVII,IV,CVII,Aureus,VII,XXVI,III
Murytub,XXXV,X,CXXIII,Denarius,V,XIII,DCLX
Munarg,XXXV,I,CXLVI,Denarius,VI,XXIII,CCCIII
Murytub,XXXVI,IV,CXLI,Aureus,V,XIX,VIII
Munarg,XXXVIII,I,CXCVII,Denarius,VI,XXVI,CCLXIII
Murytub,XXXVII,VIII,CLXVIII,Quinarius,V,VI,CCLXI
Munarg,XXXVII,XII,CLXVIII,Denarius,V,IV,CCXLIX
Munarg,XXXV,VI,CLXXVIII,Denarius,VI,XI,CCCXLII
Munarg,XL,XII,CLXXIX,Aureus,VII,XIX,IV
Murytub,XXXV,IV,CXXXVI,Quinarius,V,XXVII,CCCXXXI
Suilis,XXXIX,XI,XXIV,Quinarius,VII,I,DCCLXI
Munarg,XXXVII,V,CXXXIX,Denarius,VI,XVII,CDXXXI
Muniv,XXXVI,III,XIV,Denarius,III,XVIII,DXXXIV
Murytub,XL,III,CLII,Denarius,VI,IV,DLVIII
Munarg,XL,II,CLXXI,Denarius,V,XXIII,CDLXIX
Muniv,XXXVIII,V,XXXII,Denarius,V,XV,DXVII
Murytub,XXXVI,VII,CXXIII,Denarius,IV,II,DCXXXVIII
Muniv,XXXVII,III,XXVII,Denarius,X,IV,DXV
Muniv,XXXVIII,I,XXX,Denarius,VI,VIII,CDLV
Suilis,XXXIX,VIII,XI,Aureus,VIII,XV,XLI
Atamora,XL,IV,XI,Denarius,VI,XXVII,MMMXVIII
Munarg,XL,VII,CLXIX,Denarius,VIII,XXIV,CCXI
Murytub,XXXIX,X,CXLIV,Quinarius,IV,VI,CXXVI
Murytub,XXXVI,I,CLXVII,Quinarius,VII,XVI,CCCX
Muniv,XXXIX,III,XXXV,Quinarius,VIII,IV,CIII
Munarg,XL,VII,CLXXV,Denarius,VI,XXV,CDXLVII
Suilis,XL,X,XXI,Aureus,IV,XXI,XXXIII
Munarg,XXXIX,I,CII,Denarius,V,VII,CCCLXXI
Murytub,XXXVI,I,CC,Denarius,III,XXI,DCLXXXIV
Murytub,XXXVIII,III,CXXVIII,Denarius,IX,XIII,DCV
Murytub,XXXVIII,IX,LXXXIX,Denarius,VII,XXX,DLXXXIX
Atamora,XXXV,IV,XIII,Aureus,IV,VI,XXXIV
Muniv,XXXVIII,XII,XXXVI,Denarius,V,XXIX,DL
Munarg,XXXV,III,CLXXXIV,Quinarius,VI,VII,CXLIX
Murytub,XXXVI,V,CLXVI,Quinarius,VI,II,CCXCV
Muniv,XXXVIII,VII,XXIV,Denarius,II,IX,DXXXIV
Murytub,XXXVIII,IV,CXL,Quinarius,VI,XXIII,CCVII
Atamora,XL,VI,XIV,Denarius,IX,VII,MMDCCCXXXIV
Muniv,XXXV,I,XXIX,Quinarius,VI,XV,CCCXLI
Murytub,XXXVII,II,CXXXVII,Quinarius,II,XXII,CCLXXXII
Munarg,XXXVI,V,CLXXVI,Denarius,III,XII,CCCLXXXVI
Munarg,XXXVIII,VI,CLXXXVII,Quinarius,VI,I,CXXIII
Atamora,XXXVI,VII,VII,Denarius,VI,XVIII,MMCDLV
Murytub,XL,VII,CXLVII,Quinarius,VI,IV,CXXXV
Suilis,XXXVIII,XI,XIII,Aureus,VI,XX,XXXIII
Munarg,XL,VI,CIX,Aureus,V,XVIII,IV
Munarg,XXXVI,III,CXVII,Denarius,VII,II,CCCLXXXI
Murytub,XL,I,CLIV,Denarius,VI,XIV,DLXIII
Munarg,XXXVI,VII,CXVI,Denarius,VII,XXIX,CCCLXXXII
Murytub,XXXIX,IX,CIII,Aureus,VI,XXVIII,VI
Murytub,XXXVI,IV,XCIV,Quinarius,IV,XX,CCCX
Murytub,XXXIX,IV,CLXX,Denarius,III,XXVI,DLXXXVIII
Murytub,XL,II,XCVI,Denarius,VII,III,DLVII
Murytub,XXXVI,IX,LXVI,Denarius,V,XV,DCXXX
Murytub,XXXV,XI,CXCV,Quinarius,V,XXV,CCCXXXV
Munarg,XXXV,VI,CXXIV,Denarius,III,XIV,CCCXLI
Murytub,XXXVIII,X,CLXIII,Denarius,V,VII,DLXXI
Suilis,XXXIX,I,XXV,Denarius,VII,XXV,MMMDCCCLVIII
Murytub,XXXVI,IV,CLVI,Aureus,VIII,XIV,VIII
Murytub,XXXIX,I,CLV,Denarius,IV,XVI,DLXIX
Munarg,XXXIX,II,CXCI,Aureus,VI,VII,IV
Muniv,XXXVIII,VII,XXVII,Quinarius,VI,XXVI,CXLII
Murytub,XXXIX,V,CXLIII,Denarius,IV,XVI,DXCIX
Murytub,XXXV,VI,CLXII,Denarius,X,V,DCCLIII
Murytub,XXXVII,X,CXIX,Denarius,VII,X,DCXXX
Munarg,XXXVII,V,CLXXXI,Quinarius,VI,XXVII,CXII
Murytub,XXXVI,II,CLXIV,Denarius,V,XXV,DCLXXIII
Murytub,XXXIX,XII,CLV,Denarius,IV,XIV,DXCVI
Munarg,XXXV,V,CLXXIX,Quinarius,VII,III,CLXII
Muniv,XXXVII,IX,XVIII,Quinarius,VI,XVI,CCXXVI
Munarg,XXXVII,X,CIX,Denarius,VI,XXXI,CCCLXXI
Munarg,XXXVI,XI,CXXXVII,Denarius,VIII,VIII,CCCXXII
Murytub,XXXVIII,III,CLX,Denarius,IV,XVIII,DCXLVIII
Munarg,XL,VI,CXLVI,Quinarius,VII,XVII,C
Munarg,XXXVI,XII,CLVIII,Quinarius,V,VII,CXXXI
Muniv,XXXVII,V,XXXIII,Quinarius,VIII,XXV,CCIII
Munarg,XXXV,V,CLXXIII,Aureus,VII,XXVI,V
Muniv,XXXV,IV,XXX,Denarius,VIII,XIX,CDLXXXIII
Suilis,XXXVI,XII,XXI,Denarius,VI,XIX,MMMCDXI
Murytub,XXXV,IX,CLXIII,Denarius,VII,VIII,DCCXXX
Murytub,XL,III,CXXXIV,Denarius,VI,IX,DLXI
Murytub,XXXVI,III,XCIII,Denarius,VII,XXXI,DCLXXI
Munarg,XXXV,II,CLXXII,Denarius,V,XIX,CCCXXVIII
Munarg,XXXVII,VIII,CLI,Aureus,VIII,XVI,III
Munarg,XXXV,II,CVI,Quinarius,V,XVI,CXCII
Munarg,XXXVII,XI,CXC,Denarius,VII,XV,CCCLX
Murytub,XXXVI,III,CLXXIV,Denarius,III,V,DCLV
Muniv,XXXV,XII,XXX,Denarius,V,II,DIV
Munarg,XL,VII,CXXII,Denarius,VIII,XXIII,CCXV
Muniv,XXXVIII,VI,XXXIII,Aureus,VII,VI,VI
Murytub,XL,V,CXXXVII,Quinarius,VIII,XVII,CXVI
Murytub,XXXIX,VII,CXV,Aureus,VI,XII,VI
Murytub,XXXVIII,VI,CLX,Quinarius,VII,VI,CXCI
Murytub,XXXIX,IV,CXXXIII,Denarius,VII,VI,DCXIII
Atamora,XXXV,III,XI,Denarius,VI,XXVIII,MMDXCII
Murytub,XXXVIII,XI,CXLVIII,Aureus,V,XXX,V
Murytub,XXXV,X,CLXXIII,Denarius,IV,IX,DCLXXXI
Murytub,XXXVIII,IV,CLXIX,Denarius,VI,VII,DCXLVII
Munarg,XXXVIII,I,CXCIX,Denarius,VI,VIII,CDV
Murytub,XXXVIII,V,CX,Denarius,IX,XXIV,DCXXXIV
Munarg,XXXV,VIII,CXCVII,Denarius,V,IV,CCCXI
Murytub,XXXVIII,VIII,C,Quinarius,VII,XXVII,CLXII
Muniv,XXXVII,XII,XXIV,Denarius,V,XII,CDLXXXIX
Munarg,XL,XII,CLXIII,Quinarius,III,XX,LXXIX
Murytub,XXXVI,VII,CLX,Denarius,VIII,XVI,DCLXXVI
Murytub,XXXVI,XII,CVIII,Denarius,I,II,DCLV
Murytub,XXXVI,IV,CCVIII,Aureus,IX,XI,VIII
Murytub,XXXVIII,III,CXXX,Aureus,IV,III,VI
Murytub,XXXV,XII,CXLIV,Denarius,VII,VII,DCXC
Munarg,XXXVII,I,CLI,Quinarius,VI,XXVIII,CLXXV
Murytub,XXXVII,X,CLIX,Aureus,VI,XXXI,VI
Muniv,XXXV,III,XXXII,Quinarius,VII,I,CLXXXIII
Muniv,XXXIX,VIII,XXIV,Denarius,VII,VI,DXIV
Murytub,XXXIX,IV,CXXI,Quinarius,V,XXVIII,CXXVII
Muniv,XL,III,XXII,Aureus,IX,XVI,V
Murytub,XL,X,CXXVIII,Quinarius,V,XI,CXVIII
Munarg,XXXVII,XI,CIII,Denarius,VII,XXX,CCLXXXVIII
Atamora,XXXVI,I,IX,Quinarius,VII,XXIV,MDCCXXIV
Muniv,XXXVIII,VII,XXIII,Denarius,IV,XI,CDLXXIII
Murytub,XL,I,CLXXX,Quinarius,VII,II,CXXV
Munarg,XXXVII,III,C,Denarius,V,II,CCCXXXVII
Murytub,XXXVI,II,CLXVIII,Quinarius,IV,XXVII,CCCXXX
Muniv,XXXVI,XI,XXIX,Denarius,IV,VI,CDLXXII
Murytub,XL,XI,CXXXII,Quinarius,VI,XI,CIX
Murytub,XXXV,XII,CLXVII,Quinarius,VI,I,CCCVII
Murytub,XXXV,I,CXXXIX,Aureus,VII,XIII,XI
Munarg,XXXV,IX,CLVII,Denarius,VII,XIII,CCCII
Murytub,XXXIX,X,CL,Quinarius,V,I,CXX
Suilis,XXXVIII,V,XXVIII,Denarius,IV,XIII,MMMDCCCLXXVI
Munarg,XXXVIII,X,CXII,Denarius,IV,XXIV,CCXXXI
Munarg,XXXIX,IV,CXIV,Denarius,X,XX,CDXXIV
Murytub,XXXVI,VII,CLXXIII,Quinarius,VI,XV,CCLXXIII
Munarg,XXXVI,I,CXXXI,Denarius,V,XIII,CCCIII
Murytub,XXXIX,VII,CLXV,Denarius,VII,XXIV,DCIX
Munarg,XL,VIII,CLXXXVIII,Denarius,VIII,XXIV,CXCIII
Munarg,XL,XII,CLXXXII,Denarius,V,XVIII,CCIV
Suilis,XXXVII,X,XLI,Denarius,VIII,IV,MMMDCCCXXX
Muniv,XXXV,IV,XXVII,Quinarius,VII,VII,CCLII
Suilis,XXXV,I,LXVI,Denarius,VII,XXX,MMMDV
Munarg,XXXV,II,CLVI,Quinarius,X,XVII,CLXV
Murytub,XXXVII,XII,CLXXX,Denarius,VI,XXI,DCXIII
Suilis,XXXIX,VII,XIV,Denarius,VII,V,MMMDCCCXXVI
Murytub,XL,VII,CXLIX,Quinarius,VI,XXVII,CXVII
Muniv,XXXVI,II,XX,Quinarius,VI,XXVI,CCXXXIV
Muniv,XXXVII,II,XXVII,Denarius,II,XXII,DI
Murytub,XL,II,CLXXXVII,Quinarius,IX,XXVIII,CXXIX
Muniv,XL,V,XXVII,Denarius,VIII,XVII,CDXXXV
Murytub,XXXVIII,VII,CC,Denarius,VI,XV,DCVIII
Munarg,XXXVIII,I,CLXXXII,Denarius,IV,XXIV,CCCLXX
Murytub,XXXIX,VIII,CXXXII,Denarius,VI,IV,DLXXIX
Murytub,XXXV,V,CVI,Quinarius,VII,XXI,CCCXXXV
Munarg,XXXVIII,IX,CXXIV,Denarius,VII,XXX,CCLXI
Munarg,XXXVIII,V,CLXXVII,Quinarius,VII,XXIX,LXXXVI
Munarg,XXXIX,XII,CXV,Quinarius,VIII,II,LIX
Munarg,XL,V,CXXXII,Denarius,VII,XVIII,CCCXCV
Murytub,XXXVII,XII,CLXXXIV,Aureus,IV,VIII,VI
Murytub,XXXV,VI,CCIII,Quinarius,VIII,XXIX,CCCXLII
Munarg,XXXV,VII,CXVI,Quinarius,IV,XXIV,CLIII
Muniv,XXXV,III,XXVI,Quinarius,IV,VIII,CCLVII
Munarg,XXXIX,VII,CLI,Denarius,V,XXXI,CDXVI
Munarg,XXXV,II,CLXIV,Denarius,VI,XXI,CCCII
Murytub,XL,VII,CLXXXIV,Denarius,VI,XII,DXLIX
Munarg,XXXVIII,III,CXV,Quinarius,VII,XXVIII,LXX
Murytub,XXXV,VI,CXXIX,Denarius,VI,XI,DCLXXVI
Munarg,XXXVII,X,CXCIX,Quinarius,VI,VII,CXIII
Murytub,XXXVII,X,CLXVIII,Denarius,IX,II,DLVIII
Munarg,XXXVI,VI,CLX,Denarius,V,XIX,CCCXLII
Murytub,XXXIX,XII,CXC,Aureus,IV,VIII,V
Murytub,XXXVII,V,CLVII,Quinarius,V,XI,CCCLV
Murytub,XXXVI,XI,CLXIII,Denarius,V,II,DCXLIII
Murytub,XL,VII,CLXXXVIII,Denarius,VIII,XXVIII,DLXXX
Munarg,XXXVII,VII,CLXIX,Aureus,VIII,V,III
Murytub,XXXIX,XII,CXLIX,Quinarius,III,IX,CXXXVIII
Muniv,XXXIX,III,XXXVII,Denarius,VI,XXIX,DXVIII
Muniv,XXXIX,VII,XXIII,Quinarius,VII,II,CXIII
Muniv,XXXVII,III,XXVII,Denarius,VIII,XV,CDXCVI
Munarg,XXXIX,VII,CXC,Quinarius,V,XXIX,LVII
Murytub,XXXIX,IX,CLXXXI,Quinarius,VII,VII,CXXIII
Munarg,XXXVII,III,CLXII,Quinarius,VI,III,CXLV
Murytub,XL,III,CLXXIV,Quinarius,VI,III,CXXVIII
Munarg,XXXVII,IV,CLX,Denarius,IV,XIX,CCLXXXI
Munarg,XL,VII,CXVII,Aureus,V,XIII,IV
Muniv,XXXVI,VII,XXIV,Quinarius,VII,XXX,CCXLVIII
Munarg,XXXV,XI,CLXV,Quinarius,V,XVII,CLXXI
Muniv,XXXV,IX,XXI,Denarius,V,XXV,DXXXVI
Suilis,XXXV,I,XLIII,Quinarius,III,XXII,MDCCCLXIX
Murytub,XXXIX,IX,CCI,Denarius,V,XVII,DXCIV
Munarg,XXXVII,II,CLVI,Denarius,V,XV,CCXCIV
Murytub,XXXV,V,CXXV,Denarius,V,XXIV,DCCXXXII
Murytub,XL,V,CCXIX,Denarius,IV,XXVIII,DXXXV
Muniv,XXXVII,XII,XXIII,Quinarius,VI,XXII,CLXXXV
Murytub,XXXV,VIII,CCIV,Denarius,V,XV,DCCXXXVII
Munarg,XXXV,VIII,CLXXIV,Denarius,V,XXVI,CCCXIX
Murytub,XXXVI,V,CLXII,Quinarius,III,X,CCCVII
Murytub,XXXVI,X,CLIX,Denarius,VII,XVII,DCXXIII
Muniv,XXXV,III,XXII,Denarius,IX,V,CDLXXXI
Muniv,XL,XII,XXVII,Denarius,VI,VIII,DXLV
Munarg,XXXVI,VII,CLXXII,Denarius,V,VIII,CCCXLIII
Murytub,XXXIX,VIII,CXIV,Denarius,V,XXII,DLXIV
Murytub,XXXVIII,V,CLVIII,Quinarius,VII,XXIX,CCIV
Murytub,XXXVII,VII,CXLIV,Denarius,V,X,MIII
Suilis,XXXVIII,VI,XV,Denarius,IV,IV,MMMCDII
Murytub,XXXVI,IX,CXIX,Quinarius,V,XXVIII,CCLXXIII
Suilis,XXXV,IV,X,Denarius,III,XVII,MMMCCCLXXX
Munarg,XXXVIII,XII,CXXIII,Denarius,VI,II,CCCLXXVIII
Muniv,XXXIX,IX,XXIX,Denarius,VI,II,DCIV
Murytub,XXXVIII,II,CVI,Aureus,V,XXVII,VI
Muniv,XXXVI,XII,XXVII,Denarius,V,VII,DXV
Munarg,XXXVI,VI,CI,Denarius,IV,V,CCLXXIII
Murytub,XXXVI,VI,CLXIII,Denarius,VI,XXVI,DCLIII
Muniv,XXXVII,III,XXIII,Aureus,VI,XI,VI
Munarg,XXXVI,VII,CXLV,Denarius,V,XXI,CCCXLIV
Murytub,XXXVI,V,CLX,Quinarius,VI,XX,CCLXXVI
Murytub,XXXVIII,VIII,CXCVII,Denarius,V,XXIII,DCVI
Suilis,XXXVIII,X,XXXI,Denarius,VII,XV,MMMDCCCL
Munarg,XXXVII,VI,CXLVII,Denarius,VII,XIX,CCCXIII
Murytub,XL,I,CXLV,Quinarius,VI,XIII,CXXXII
Murytub,XXXVIII,IX,CLXXIV,Quinarius,VIII,XIII,CLIV
Murytub,XXXIX,IX,CLXIII,Denarius,VI,XXIX,DCXI
Atamora,XXXVIII,IX,X,Denarius,VII,XVIII,MMMCCXXI
Munarg,XXXIX,IV,CLXXIX,Aureus,VIII,XXIV,II
Munarg,XXXVI,III,CXXVIII,Denarius,VI,XXVI,CCCLIII
Munarg,XXXVIII,XII,CXXXIII,Aureus,VII,XXIV,II
Murytub,XXXIX,XI,CLXXIV,Denarius,VI,III,DLXVIII
Murytub,XL,VIII,CXXXVII,Denarius,IV,XIV,DLXXXII
Suilis,XXXIX,III,XXXIV,Denarius,IX,XIX,MMMDCCXXVII
Munarg,XXXVII,VII,CLXXII,Quinarius,IV,XXVII,CLIV
Murytub,XXXVIII,III,CLXXVIII,Quinarius,V,XXVI,CLXXV
Murytub,XXXVIII,XI,CXXXIII,Quinarius,VII,XII,CLXVIII
Murytub,XXXV,VIII,CLXXV,Denarius,VII,XXX,DCLXVIII
Muniv,XXXVII,VI,XXVII,Denarius,VII,VII,CDLVII
Suilis,XXXVII,IX,XXIX,Denarius,VIII,XX,MMMCDXXXIII
Munarg,XL,III,CLXXII,Denarius,VII,II,CXCV
Munarg,XXXVII,I,CLXI,Denarius,IX,XXX,CCCLXX
Munarg,XL,X,CLXXXII,Quinarius,VI,XIV,XXXVIII
Murytub,XL,X,CXLV,Denarius,IX,XXIV,DXLVIII
Murytub,XL,V,CV,Denarius,VI,XIV,DLXXXV
Muniv,XXXVIII,X,XXVII,Quinarius,IV,XXIV,CLIII
Murytub,XL,IV,CCVII,Denarius,IV,IX,DLXX
Munarg,XL,V,CLXVI,Quinarius,VIII,XVII,XLVI
Munarg,XXXVI,VI,CLXIX,Denarius,IV,XI,CCCXXXIX
Murytub,XXXV,III,CXLVI,Quinarius,VI,XIII,CCCXII
Murytub,XXXVI,II,CLIX,Quinarius,V,XXV,CCCXLIX
Murytub,XXXVI,VIII,CLX,Quinarius,VI,XXIV,CCLXXVI
Atamora,XL,IV,IX,Denarius,VIII,XIV,MMMCVIII
Atamora,XXXVI,XII,XII,Denarius,VI,III,MMDCLXXXVIII
Muniv,XXXIX,IV,XXIX,Quinarius,V,XVII,XCIX
Murytub,XL,I,CCX,Denarius,VI,XIV,DLXVIII
Muniv,XL,VII,XXVI,Denarius,III,XV,DXLVI
Murytub,XL,VII,CLII,Denarius,IV,XXXI,DLXII
Murytub,XXXVI,VI,CLXXVIII,Denarius,VIII,XXI,DCXXXVI
Murytub,XXXIX,X,XCVII,Denarius,VIII,XXIX,DXLII
Atamora,XXXVIII,IX,IX,Denarius,V,XXI,MMCMLXXXV
Murytub,XXXIX,X,CIX,Denarius,VI,XXVIII,DXXXIX
Murytub,XL,II,CLV,Denarius,IV,IX,DLXVIII
Muniv,XXXVI,VII,XIX,Quinarius,VI,XV,CCXI
Munarg,XL,VI,CXLV,Aureus,VIII,XXX,III
Murytub,XXXVII,IV,CLVIII,Denarius,I,XXIV,CMLIX
Atamora,XXXIX,III,VIII,Denarius,VIII,X,MMMCLXXVIII
Murytub,XXXVI,IV,CLIII,Aureus,V,XXVII,VII
Muniv,XXXVI,XI,XXIX,Quinarius,VI,XXX,CLXIX
Murytub,XXXVI,V,CLXXXI,Quinarius,VI,II,CCCXX
Munarg,XL,I,CLXIV,Denarius,VI,XXVI,CDXXIV
Murytub,XXXVI,III,CXLVIII,Denarius,III,XVIII,DCLXXI
Munarg,XL,VI,CXLII,Denarius,VII,XV,CXCVII
Muniv,XXXVIII,IX,XXI,Aureus,V,XXIII,V
Muniv,XL,VII,XXIV,Denarius,IV,VII,DXVII
Murytub,XXXVIII,IX,CXVII,Quinarius,V,XXI,CLXXII
Munarg,XXXVI,IV,CXCVII,Denarius,IX,XI,CCCXXXIII
Murytub,XXXIX,III,CL,Quinarius,VII,XIII,CXXXVI
Suilis,XXXVI,VII,XXII,Denarius,V,XXV,MMMCDV
Munarg,XXXVI,XII,CLVIII,Quinarius,VII,XIV,CLXVI
Murytub,XXXVI,XII,CXLVII,Denarius,VIII,XV,DCXLVI
Murytub,XXXV,XI,CLXXXVI,Denarius,VI,XI,DCXCII
Murytub,XL,VI,CLXXVIII,Denarius,V,XII,DXLVII
Muniv,XL,VII,XXXII,Denarius,VI,IV,DCX
Muniv,XXXVI,XII,XVIII,Denarius,VI,XXII,CDXXI
Muniv,XXXIX,I,XXII,Denarius,IX,XXVIII,CCCXXXI
Muniv,XXXV,I,XX,Denarius,VII,XIII,DLXX
Muniv,XXXV,XII,XXIX,Quinarius,VI,III,CCX
Munarg,XL,II,CLXXXII,Quinarius,V,XIX,LIV
Munarg,XL,X,CLXXV,Quinarius,VI,VII,LXXXVI
Munarg,XXXIX,XII,CXIV,Quinarius,VII,XXII,LI
Murytub,XXXVIII,III,CLXXXI,Denarius,IX,XI,DCXVII
Murytub,XXXVII,XI,CXLV,Denarius,V,IX,DCLXXIX
Murytub,XXXVI,I,CLV,Quinarius,VII,XXIII,CCCIX
Suilis,XXXIX,II,XVII,Denarius,VII,XVIII,MMMDCCLI
Muniv,XXXVII,I,XXXIII,Quinarius,VI,XXVIII,CXCVI
Suilis,XL,VI,XXVIII,Denarius,VIII,XXI,MMMDCCIII
Murytub,XXXV,V,CCVII,Denarius,V,VI,DCLXXXVII
Munarg,XXXVIII,I,CLXXX,Denarius,III,XXI,CCXXXVII
Munarg,XXXVIII,XII,CLVI,Denarius,IX,XVIII,CCCLXIII
Munarg,XXXVII,VI,CXXV,Quinarius,VII,IX,CXXXV
Murytub,XXXVI,I,CLXXVI,Aureus,IV,XIV,VII
Muniv,XXXIX,III,XXIV,Quinarius,II,XXI,XCVIII
Murytub,XXXV,XI,CXXVII,Denarius,V,XIV,DCLXXII
Muniv,XXXIX,III,XIX,Quinarius,VIII,XXV,CVIII
Murytub,XXXV,IX,CXXX,Denarius,VI,XXVI,DCCXXIX
Munarg,XXXVIII,XII,CLVII,Denarius,VI,XXI,CDLI
Munarg,XXXVI,VIII,CLXIV,Denarius,VI,XVII,CCCLXVI
Munarg,XXXVII,VIII,CXXII,Denarius,IV,VIII,CCCVI
Munarg,XXXVI,IV,CXCV,Quinarius,VIII,XXII,CL
Murytub,XXXIX,XII,CLIX,Denarius,IX,XXVI,DXCV
Munarg,XXXVII,III,CVIII,Quinarius,V,IX,CXXXVIII
Murytub,XXXVIII,VI,CLII,Denarius,VI,X,DCXV
Munarg,XXXIX,III,CLIII,Quinarius,V,XXII,LXXIX
Muniv,XXXIX,I,XXVI,Denarius,IV,X,DLXXVIII
Muniv,XL,III,XX,Quinarius,VIII,XVIII,CXXIV
Murytub,XXXV,X,CXI,Denarius,V,XIV,DCLXI
Murytub,XXXVI,XI,CXI,Denarius,VII,V,DCLXIX
Munarg,XXXVI,IV,CLXX,Denarius,VIII,XVIII,CCCLIX
Murytub,XXXVII,IV,CLXXIX,Quinarius,VI,XXIII,CCCLXXXVI
Muniv,XXXVII,VI,XXXI,Quinarius,IV,VI,CLXXXVIII
Munarg,XXXIX,XI,CXXXI,Quinarius,VI,XXVIII,XCI
Murytub,XXXVII,IV,CXXXVI,Quinarius,IX,XIII,CCCLXXII
Muniv,XXXVIII,VIII,XXXV,Quinarius,VIII,X,CLXXX
Munarg,XL,V,CXLV,Quinarius,VIII,VIII,LI
Suilis,XXXVI,XII,XXXVII,Quinarius,IV,XXI,MCDXXIV
Munarg,XL,V,CXXVIII,Denarius,VIII,XXVII,CDLXII
Munarg,XXXV,IX,CXLIV,Denarius,VI,XXI,CCCXX
Muniv,XXXVII,II,XXXIII,Quinarius,VI,X,CXCVII
Muniv,XXXIX,XII,XXVI,Denarius,IX,XXVI,DXXXVIII
Murytub,XXXVIII,XI,CLXXIII,Quinarius,VI,IV,CLXXVI
Munarg,XXXVII,IV,CXCII,Denarius,VI,XVI,CCLII
Muniv,XL,VIII,XIX,Denarius,VII,XVII,DCIII
Murytub,XXXIX,VI,CLXXXI,Denarius,VII,IV,DLXVIII
Murytub,XXXVII,IX,CXLVIII,Quinarius,VI,XXIV,CCLIX
Muniv,XXXVI,X,XXXIII,Denarius,IV,VII,CDXXVIII
Murytub,XXXV,III,CLXIX,Denarius,IV,XIX,DCLXVIII
Munarg,XXXIX,IX,CV,Quinarius,VI,XX,LXXXVIII
Atamora,XXXIX,VI,XII,Aureus,VI,XI,XXIII
Murytub,XXXIX,XII,CLXXX,Aureus,IV,XVIII,VI
Muniv,XXXVIII,III,XXXV,Denarius,V,I,DXL
Munarg,XXXVIII,III,CV,Denarius,VII,XII,CDIII
Muniv,XXXIX,III,XXVI,Quinarius,V,XXIII,CXXI
Murytub,XXXIX,VII,CLVIII,Quinarius,VI,XII,CXLIII
Murytub,XXXIX,X,CXLVI,Denarius,VI,XX,DCXVI
Munarg,XL,IX,CLXXXVII,Denarius,VI,XXI,CCVIII
Murytub,XXXV,I,CLXXXVI,Denarius,V,XVIII,DCXCII
Muniv,XXXVI,VI,XXVI,Quinarius,VIII,I,CXCIX
Munarg,XXXIX,II,CXVII,Denarius,VI,XXII,CDLV
Munarg,XXXV,II,CVI,Quinarius,V,XIII,CLXIII
Munarg,XXXVI,II,CLXXXV,Denarius,V,XXII,CCCXCV
Munarg,XXXIX,III,CLXX,Quinarius,VII,XII,XLIX
Muniv,XXXVIII,IX,XXVII,Aureus,V,XXIII,VI
Murytub,XL,V,CXLIV,Denarius,VIII,XXVII,DXLVI
Murytub,XXXIX,V,CLXVI,Quinarius,VII,XIX,CXXV
Murytub,XXXV,IX,CXLVII,Aureus,IV,XXVII,VIII
Murytub,XXXIX,IV,CLIX,Quinarius,VIII,XXIV,CXXIII
Suilis,XXXVI,III,XVII,Denarius,IV,XVI,MMMCCLXXIV
Muniv,XXXVI,X,XXV,Quinarius,VIII,XXI,CXCII
Muniv,XXXVII,II,XVIII,Denarius,VIII,IX,CDXLI
Munarg,XXXVIII,X,CLXII,Denarius,VII,IX,CCLXVI
Muniv,XXXV,VIII,XXX,Denarius,VIII,XIV,CDXXV
Muniv,XXXIX,VIII,XXVI,Denarius,VIII,XV,DLII
Murytub,XXXV,XII,CXXXIX,Denarius,VI,X,DCLXXIII
Muniv,XXXVII,VII,XXVI,Quinarius,V,X,CLIX
Munarg,XXXIX,VIII,CXXIX,Denarius,VII,XIV,CCLXI
Muniv,XXXV,II,XXIII,Denarius,X,XVII,DXLVII
Murytub,XXXVI,VIII,CVII,Denarius,VI,XXI,DCXCIV
Murytub,XXXVII,II,CLXXXIII,Denarius,IV,XX,DCLIII
Munarg,XL,IV,CXVII,Denarius,VIII,XIII,CXCI
Munarg,XXXVII,XI,CLXXVII,Denarius,V,VIII,CCLXXXVII
Suilis,XXXIX,II,XV,Denarius,VI,X,MMMDCLXXXV
Munarg,XXXVIII,IV,CXXVI,Quinarius,VII,XVIII,LXXVII
Munarg,XXXVI,V,CI,Quinarius,VII,V,CXLII
Munarg,XXXVII,V,CLXV,Quinarius,IV,XIX,CXLIV
Munarg,XL,II,CXXXII,Denarius,VI,XII,CCXLIII
Muniv,XXXVI,IV,XXV,Denarius,III,XXVI,DXCI
Munarg,XL,I,CXXX,Denarius,VI,XXI,CCXVII
Munarg,XXXIX,XI,CXXV,Aureus,VII,IV,IV
Muniv,XXXVII,XII,XX,Denarius,VII,XI,CDXII
Munarg,XXXVI,VIII,CXIX,Aureus,VII,XII,III
Murytub,XL,II,CXXXVI,Quinarius,V,I,CXL
Murytub,XXXIX,IV,CXLVIII,Denarius,III,XXVI,DLXXIX
Murytub,XXXVII,IX,CLXXII,Quinarius,VII,XII,CCXLVIII
Muniv,XXXIX,IV,XXI,Aureus,V,XXIX,VI
Murytub,XXXV,II,CXLI,Denarius,IV,II,DCLXXXII
Munarg,XXXV,IX,CXXX,Aureus,VII,XVIII,V
Murytub,XXXVII,VI,CXXVIII,Aureus,VIII,XII,IX
Munarg,XXXVI,X,CLXXXVII,Denarius,VI,II,CCCXLII
Muniv,XXXVII,I,XXV,Quinarius,V,XXV,CCI
Murytub,XXXVI,VI,CLXXVIII,Denarius,VIII,XII,DCLIX
Munarg,XXXIX,VII,CXLII,Denarius,V,XXVIII,CDLIII
Murytub,XXXVI,IX,CXVI,Denarius,VI,III,DCXXIX
Murytub,XL,VIII,CLXI,Denarius,II,IX,DLXVI
Murytub,XXXIX,II,CLXXVIII,Denarius,IV,XII,DLXXIV
Munarg,XXXIX,XI,CVI,Quinarius,VI,XXVIII,XCVII
Murytub,XXXVII,I,CXLIII,Denarius,VI,XI,DCXCV
Murytub,XXXVIII,VI,CXLVI,Quinarius,IX,VII,CXCII
Munarg,XXXV,VI,CXXXV,Denarius,VIII,XXIX,CCCXLIX
Muniv,XXXIX,X,XXIV,Quinarius,VIII,IX,LXXXIV
Munarg,XXXIX,XII,CVI,Aureus,VII,XXII,II
Munarg,XXXVII,VIII,CXCII,Denarius,IV,VII,CDXIX
Munarg,XXXV,XII,CLXXXV,Denarius,VI,XXVI,CCCLXIX
Munarg,XXXVIII,VIII,CXCV,Denarius,IV,XXIX,CCCLXXVI
Muniv,XL,X,XXXII,Quinarius,VII,XX,CXI
Muniv,XXXVII,VIII,XXI,Denarius,VI,XV,CDLXXXV
Murytub,XL,IX,CLIX,Aureus,IV,IV,IV
Munarg,XXXVII,XI,CXL,Denarius,IV,II,CCXXXVII
Murytub,XXXVI,I,CXXXIX,Quinarius,III,V,CCXCVII
Murytub,XXXIX,VIII,CXXXII,Denarius,IV,XXVI,DLXVII
Muniv,XXXVI,I,XXIII,Denarius,IV,XXX,DLIX
Suilis,XL,III,XII,Aureus,VI,XII,XXXVIII
Murytub,XXXV,III,CLXVI,Quinarius,VII,IV,CCCLXI
Murytub,XXXIX,II,CLXXI,Denarius,IX,XXI,DLXXVI
Muniv,XXXVIII,VII,XXV,Denarius,IV,XI,CDXLVIII
Munarg,XXXVII,X,CLVI,Quinarius,VI,XXII,XCI
Muniv,XXXVIII,I,XXV,Denarius,VI,IX,CDXLVI
Munarg,XXXVII,X,CXII,Quinarius,VI,XXVII,CLV
Munarg,XL,XI,CII,Quinarius,VI,XXVI,LXXX
Munarg,XXXVII,V,CLXXVIII,Quinarius,VIII,III,CXLI
Murytub,XL,II,CXLV,Denarius,IV,XXII,DLXXV
Munarg,XXXVIII,IV,CXIII,Denarius,IX,XIX,CCCLX
Munarg,XXXVI,XII,CXXVI,Denarius,VI,X,CCCXXVI
Munarg,XXXVII,V,CVI,Denarius,VII,XXIX,CCCIV
Munarg,XL,VII,CLXXVIII,Denarius,VI,IX,CXCIV
Munarg,XXXVIII,III,CLXXIV,Quinarius,V,X,CII
Muniv,XXXV,V,XVIII,Quinarius,V,II,CCXXXII
Atamora,XXXVI,X,VII,Denarius,V,X,MMDCCCL
Muniv,XXXVII,II,XXXI,Denarius,IV,II,CDXXXV
Murytub,XXXIX,I,CXV,Aureus,VI,XXI,V
Munarg,XXXIX,VII,CXXXVI,Denarius,V,XVII,CCIX
Munarg,XXXVIII,VIII,CLIX,Quinarius,VI,XX,XCVII
Muniv,XXXVII,IX,XXVI,Quinarius,VII,X,CLXXVIII
Munarg,XXXVII,V,CLXXVIII,Denarius,III,XXIII,CCCI
Muniv,XXXV,XII,XXIII,Denarius,IV,XV,DLXXV
Murytub,XXXVII,IV,CXXIX,Quinarius,IV,XIX,CCCLXXXVIII
Muniv,XL,VI,XXXI,Denarius,IV,XX,CDXLIX
Atamora,XXXV,III,XII,Denarius,V,IX,MMDCCXXXIV
Suilis,XXXIX,XII,XL,Aureus,V,XXI,XXXVI
Murytub,XXXIX,X,CXCIII,Quinarius,VII,VII,CXXI
Munarg,XL,XII,CLIV,Denarius,VII,XXXI,CDXVIII
Atamora,XL,IX,XI,Denarius,VII,V,MMCXXVIII
Murytub,XL,XI,CLXIII,Denarius,IX,XII,DXXII
Munarg,XXXIX,XII,CLXXXI,Quinarius,IV,XVII,XLVII
Murytub,XXXVI,III,CXXXI,Denarius,IV,XXI,DCX
Muniv,XXXVIII,XI,XXIII,Quinarius,V,IX,CLXII
Suilis,XXXVII,X,XXIX,Quinarius,IV,XVII,MCDLXVIII
Murytub,XXXIX,II,CLXXXIX,Quinarius,VII,II,CXLVI
Suilis,XL,I,XX,Denarius,VII,X,MMMDCLXIX
Murytub,XXXV,VIII,CXXXVI,Quinarius,VI,XXVII,CCCXXVIII
Murytub,XXXIX,XI,CXLII,Quinarius,IV,XV,CXXIII
Murytub,XXXVIII,III,CXCVIII,Aureus,V,I,VI
Muniv,XXXIX,VIII,XXIX,Quinarius,VIII,XV,CXXVIII
Murytub,XXXVI,III,CXCV,Denarius,IV,XIX,DCXLII
Murytub,XXXVI,IV,CXLIV,Denarius,IX,XI,DCCIV
Suilis,XXXV,VI,XV,Denarius,VI,XIX,MMMCCCXLVII
Murytub,XXXV,VIII,XCIII,Denarius,VI,VI,DCXXVI
Atamora,XL,VII,X,Denarius,VI,VI,MMDCLXII
Munarg,XXXVIII,VIII,CLIX,Denarius,IV,VIII,CCXXVIII
Munarg,XXXV,III,CLV,Quinarius,VI,XIV,CLIII
Muniv,XXXIX,X,XXVII,Denarius,V,XXVI,DLVII
Munarg,XXXVI,I,CLXXXIX,Denarius,IV,VII,CCCL
Munarg,XXXVII,XI,CLVII,Denarius,V,XXIV,CDVI
Murytub,XXXV,X,CCIII,Quinarius,III,XIX,CCCLX
Muniv,XXXVI,XI,XXVII,Quinarius,VI,XII,CCXIX
Munarg,XL,X,CXXII,Quinarius,IV,XXI,XXXVII
Murytub,XXXIX,IV,CLXXIV,Denarius,VII,II,DCX
Murytub,XXXV,VI,CXXXII,Denarius,VI,X,DCXLII
Suilis,XXXVI,VIII,XI,Denarius,V,XV,MMMCCLXXXVIII
Murytub,XXXVII,XI,CXXIX,Quinarius,VIII,XXII,CCXIX
Murytub,XXXVI,IV,CLXVI,Quinarius,IV,XX,CCLXXIX
Murytub,XL,VII,CLXXVIII,Quinarius,VI,III,CXLIII
Muniv,XL,VIII,XXII,Denarius,IV,XX,DVII
Munarg,XXXVIII,IV,CLX,Denarius,VIII,X,CDXLIV
Murytub,XXXVII,XI,CLVII,Aureus,IX,XXIII,VI
Munarg,XXXIX,V,CIII,Denarius,V,XXIV,CCCXCII
Suilis,XXXV,VI,LVIII,Aureus,VI,XII,XLI
Muniv,XL,IV,XXXI,Quinarius,IX,XXIII,CX
Munarg,XXXVI,X,CXVIII,Quinarius,IX,XXVII,CLXVII
Munarg,XXXVII,IV,CLXX,Denarius,VI,XXX,CD
Munarg,XXXV,XII,CXLVIII,Aureus,VII,VII,V
Munarg,XXXVIII,I,CXXIII,Quinarius,V,V,LXXXVI
Munarg,XXXV,III,CXCIII,Denarius,VII,III,CCCLXXX
Murytub,XXXVII,V,CL,Denarius,VI,XVI,CMXXXI
Murytub,XXXVI,III,CX,Aureus,VII,XXVIII,VIII
Munarg,XXXVIII,I,CXXXVII,Denarius,VIII,IV,CCLV
Suilis,XXXVII,I,XLI,Quinarius,VI,I,MCDXXI
Suilis,XXXVIII,I,XXVI,Denarius,VII,XVII,MMMDLXXXVI
Munarg,XL,X,CXXXIV,Denarius,VIII,IX,CCCLXV
Murytub,XXXVI,VII,CLXV,Denarius,VIII,VII,DCLXXXV
Munarg,XXXVI,VIII,CLIII,Denarius,VII,XII,CCLXX
Murytub,XXXV,XII,CXLVII,Denarius,VIII,XVIII,DCXCI
Murytub,XXXIX,III,CXLVI,Denarius,IX,XIX,DLXXVI
Muniv,XXXIX,VII,XXV,Denarius,VII,II,DLXXVI
Munarg,XXXV,X,CXLII,Quinarius,VI,X,CLXXVIII
Munarg,XXXVIII,IV,CXC,Aureus,V,XXX,II
Munarg,XXXV,VIII,CLVIII,Quinarius,VIII,III,CLXV
Murytub,XXXVII,I,CXXXIII,Quinarius,VI,I,CCXXXII
Munarg,XXXVI,VIII,CXLII,Aureus,VI,XXIX,III
Munarg,XXXIX,V,CXLVII,Aureus,VI,I,IV
Murytub,XXXVIII,III,CXXXIV,Aureus,VII,IV,VI
Munarg,XXXVIII,IV,CI,Denarius,VI,VI,CCXLV
Murytub,XL,X,LXVI,Quinarius,VI,II,CIV
Munarg,XXXVII,XII,CXXIV,Quinarius,III,XXXI,CXXXVI
Murytub,XXXVI,III,CLXI,Denarius,IX,XIV,DCXLIX
Munarg,XL,II,CXCII,Denarius,VI,XXVII,CCXLI
Munarg,XXXVII,XII,CLXXI,Quinarius,V,V,CXXXVIII
Murytub,XXXVIII,VII,CLIV,Quinarius,VII,XVI,CLXVIII
Munarg,XXXV,X,CLXXIX,Denarius,VI,XXVI,CCCLXIV
Murytub,XXXIX,II,CXXXIX,Denarius,V,XXVI,DC
Murytub,XXXV,VIII,CLVII,Denarius,VII,XI,DCLXX
Munarg,XL,I,CXX,Denarius,VI,XXI,CCCLXXV
Murytub,XXXIX,III,CXXXIX,Denarius,VIII,XX,DXC
Munarg,XXXVIII,X,CXXV,Denarius,IV,XXXI,CCXLVI
Munarg,XXXIX,VIII,CXV,Denarius,IV,III,CCCXCV
Muniv,XXXV,IX,XXIX,Aureus,VII,XVIII,VII
Murytub,XL,V,CXX,Denarius,VII,XII,DXX
Munarg,XXXIX,VII,CXXXIV,Quinarius,VII,II,LX
Munarg,XL,X,CXLIX,Denarius,IX,XXXI,CCCXCVI
Munarg,XXXV,I,CXVI,Quinarius,VII,XXX,CLXXV
Murytub,XXXIX,IX,XCII,Denarius,VIII,I,DLXIV
Munarg,XXXVII,III,CVIII,Denarius,V,XVIII,CDXVI
Munarg,XXXVIII,IV,CLXXVI,Denarius,VIII,XXVIII,CDXXXVI
Muniv,XXXVIII,X,XXVII,Denarius,VI,XXVI,DLXXXII
Murytub,XXXVII,VIII,CXLIX,Denarius,V,XIV,DCLX
Munarg,XXXVII,XI,CLXXIX,Aureus,IX,XVI,IV
Munarg,XL,IV,CXLIV,Denarius,VI,XXVII,CLXXXIII
Murytub,XXXVIII,II,CCXV,Denarius,VI,XV,DLIX
Munarg,XXXV,VIII,CIV,Denarius,IV,IX,CCXCVII
Muniv,XXXVII,V,XXII,Denarius,III,VI,CDLXXI
Munarg,XXXVII,III,CLIII,Aureus,VI,III,IV
Munarg,XXXIX,VI,CXV,Aureus,VIII,VII,IV
Munarg,XXXVII,IX,CLXXXVIII,Quinarius,VI,XXIX,XCVIII
Munarg,XXXVI,III,CXXXI,Quinarius,VII,XXVIII,CXXII
Murytub,XXXIX,VIII,CLII,Denarius,V,XVI,DLXVIII
Murytub,XXXVI,VII,CXIII,Denarius,VII,XXXI,DCLXVI
Munarg,XXXVI,XII,CLXVII,Aureus,IV,XXVII,III
Murytub,XXXVIII,V,CXI,Denarius,IV,III,DCLXXXII
Munarg,XL,XII,CXLIV,Quinarius,VI,XXIX,XCIV
Muniv,XL,XII,XXVII,Denarius,VI,VII,CDXCVI
Munarg,XXXV,VII,CIII,Denarius,IV,V,CCXCV
Muniv,XXXVIII,V,XXV,Quinarius,IX,XXIV,CLXVI
Atamora,XXXV,XII,XI,Quinarius,V,XII,MCLXXX
Munarg,XL,VIII,CXCV,Denarius,III,XXIX,CCXXXII
Munarg,XXXVI,I,CXIX,Quinarius,VIII,XXV,CLIII
Munarg,XXXIX,III,CXLIV,Denarius,VIII,XXV,CCLXVI
Munarg,XL,V,CXX,Denarius,VIII,XXIX,CCXXIX
Muniv,XXXV,XII,XXVII,Denarius,VI,XXVI,CDLXXXI
Muniv,XXXVIII,II,XXX,Quinarius,VIII,XI,CLX
Muniv,XXXV,I,XXXIV,Denarius,V,XXV,DLVII
Murytub,XXXVII,VII,CLIV,Quinarius,V,XV,CCCLXVIII
Atamora,XXXIX,VII,XI,Denarius,VI,XX,MMCLIV
Suilis,XL,VII,XXV,Denarius,VIII,XIV,MMMMCXLV
Muniv,XL,VI,XXI,Denarius,IX,XIX,CDLXXVI
Murytub,XXXVI,VII,CLXX,Quinarius,VI,IX,CCLXXXIII
Murytub,XXXIX,V,CXLVII,Quinarius,IX,IX,CXXVII
Munarg,XXXVI,IV,CXXIX,Denarius,VIII,XIV,CCCXXXIX
Munarg,XL,I,CVII,Denarius,VI,XXI,CCXLVIII
Munarg,XL,VIII,CLXXXV,Quinarius,VII,I,XLI
Muniv,XXXVIII,III,XXVII,Quinarius,IV,III,CLI
Murytub,XXXV,IX,CXLV,Denarius,VI,XI,DCLXXV
Munarg,XXXIX,XII,CXXIII,Denarius,VII,XIX,CDXXXVIII
Munarg,XL,VII,CLXXI,Denarius,V,XIII,CCII
Munarg,XXXVIII,VI,CXCIV,Denarius,IV,XIX,CCLXXXV
Atamora,XXXVIII,II,XIII,Denarius,VII,XXIV,MMMXXXVII
Muniv,XXXIX,X,XIX,Denarius,VIII,XXIX,DLVII
Muniv,XXXVII,VII,XXIV,Denarius,VII,XX,DVII
Munarg,XXXVII,IV,CLXXXIII,Quinarius,VII,XXVI,CXXXI
Munarg,XXXVII,IX,CXCIV,Quinarius,V,XVIII,CXLVII
Murytub,XXXV,IX,CC,Denarius,VII,XVIII,DCLXXIX
Munarg,XXXVIII,I,CXCIV,Quinarius,III,XXI,LXXXVI
Murytub,XXXVIII,III,CXXII,Denarius,V,I,DCXVIII
Munarg,XXXVIII,XI,CIX,Denarius,IV,XV,CDXXXIV
Murytub,XL,IX,CXLVII,Denarius,VII,XVIII,DLII
Munarg,XXXVIII,IX,CLXXV,Quinarius,II,XVI,CXIX
Murytub,XL,II,CLXX,Denarius,V,XXIX,DLXVIII
Murytub,XXXVIII,I,CXVII,Denarius,IV,XXIV,DCXIX
Munarg,XXXV,III,CLXXXVI,Denarius,VI,XXVIII,CCCXXXV
Munarg,XXXIX,X,CXXX,Denarius,VII,XXI,CCIX
Munarg,XXXVII,IX,CLXIV,Aureus,V,I,IV
Murytub,XXXVI,IV,CXLIV,Quinarius,VIII,XVIII,CCLXXXIII
Munarg,XXXIX,IV,CXCIV,Aureus,III,XXVI,III
Munarg,XXXIX,XI,CLXVII,Quinarius,VIII,XXIV,XLVI
Munarg,XXXVI,VI,CLIII,Denarius,VI,IV,CCCXXXV
Muniv,XXXIX,X,XXXI,Denarius,VI,XXIII,DC
Munarg,XL,X,CLXXI,Denarius,VIII,V,CLXXX
Atamora,XXXVIII,VIII,VIII,Denarius,VI,XXVIII,MMCCCXII
Murytub,XXXVII,XI,CLXXV,Denarius,VII,XIII,DCXVI
Murytub,XXXIX,X,CLXXV,Denarius,VI,II,DLXII
Munarg,XL,I,CXXX,Aureus,VIII,XVII,II
Suilis,XXXVIII,XI,XVI,Quinarius,VI,XXVI,MIX
Munarg,XXXIX,V,CXXIX,Denarius,V,XXVI,CCLX
Murytub,XL,III,CXXIV,Denarius,V,XXV,DCI
Murytub,XXXVIII,V,XCVI,Quinarius,V,VI,CCII
Munarg,XL,V,CXXIII,Quinarius,VIII,XXVII,XLVIII
Atamora,XXXVII,I,XIII,Denarius,VII,XV,MMMCIII
Murytub,XXXIX,XII,CXXI,Denarius,V,XXVIII,DXXVII
Murytub,XXXVI,VI,CCXXXII,Quinarius,VIII,XXX,CCXCVIII
Suilis,XXXIX,VIII,X,Denarius,IV,XIX,MMMDCXLIV
Muniv,XL,IX,XX,Quinarius,V,XVI,CXL
Munarg,XXXV,III,CLXXXVIII,Denarius,IV,XXII,CCCLIX
Munarg,XL,VIII,CXCIII,Denarius,III,X,CDXLV
Suilis,XXXIX,II,XXXI,Denarius,VI,XXIV,MMMDCCLIX
Munarg,XXXVI,VIII,CXI,Quinarius,VI,XIII,CXXXIX
Murytub,XL,VII,CLII,Quinarius,V,XVI,CXXX
Munarg,XXXVIII,XII,CLXII,Denarius,V,XXIX,CCCLXIV
Murytub,XXXV,VIII,CXV,Denarius,IV,XXIV,DCCXXXVII
Munarg,XXXIX,II,CLXXXIV,Denarius,IV,XII,CDXII
Murytub,XXXVII,I,CLXVI,Aureus,VI,XI,VI
Munarg,XXXVII,X,CIX,Denarius,IX,II,CCLXXVI
Muniv,XXXVIII,XII,XXVII,Quinarius,III,VI,CXXVII
Murytub,XXXVIII,I,CXLIII,Denarius,VIII,IV,DLXXVII
Suilis,XXXVI,II,XXVIII,Denarius,VII,VI,MMMDCIX
Murytub,XXXVI,III,CXXXVI,Quinarius,III,XXII,CCCXII
Munarg,XXXVIII,IV,CXVI,Denarius,III,XVII,CCCXXXVI
Murytub,XXXVI,III,CLI,Quinarius,VIII,XXIV,CCLIX
Munarg,XXXIX,VI,CXVIII,Quinarius,IV,III,LXXXII
Murytub,XXXV,V,CLXXXIII,Denarius,VII,III,DCVI
Murytub,XXXVIII,IV,CLXIV,Quinarius,V,XIV,CLXXVIII
Munarg,XXXVIII,IV,CXCIV,Denarius,VIII,XX,CCLIV
Munarg,XXXV,IX,CXC,Quinarius,VI,XI,CLXI
Munarg,XXXIX,IX,CLIII,Denarius,III,X,CCXVIII
Munarg,XXXVI,XII,CL,Quinarius,IV,XXVII,CXIII
Munarg,XXXV,XII,CLXXII,Quinarius,VI,I,CLXXXIX
Muniv,XL,VIII,XXXIII,Denarius,II,IX,DXLIV
Muniv,XXXVII,II,XIX,Aureus,V,XXVIII,VI
Murytub,XXXV,V,CLVII,Denarius,VIII,VII,DCXLIV
Suilis,XXXVI,VIII,LXV,Denarius,III,IV,MMMCCCL
Murytub,XXXIX,XI,CLXXXII,Denarius,V,XXIII,DXCVII
Munarg,XXXVII,XI,CXLII,Quinarius,IX,XXIX,XCV
Murytub,XXXVI,I,CLXX,Quinarius,VII,VIII,CCCII
Munarg,XXXVI,I,CXXXIV,Quinarius,X,III,CLXXXIII
Muniv,XXXVII,VII,XXVIII,Denarius,IV,III,DXXVIII
Munarg,XXXIX,V,CXXXV,Denarius,IV,XVI,CCXXVI
Suilis,XXXIX,IV,XXX,Quinarius,V,XVII,DCCLXII
Murytub,XXXVII,IX,CLXXX,Denarius,V,IV,DCXIV
Munarg,XXXVI,IX,CXXXIX,Quinarius,VI,I,CXXVII
Murytub,XXXVI,IV,CLXXIII,Quinarius,IV,XX,CCLXXXIX
Murytub,XL,V,XCVII,Denarius,VIII,VIII,DLXXVIII
Munarg,XXXVII,IX,CVI,Quinarius,VII,XVII,CXV
Munarg,XXXVI,IV,CXXIV,Quinarius,VI,VII,CLVI
Murytub,XXXV,VIII,CLI,Quinarius,VI,XXXI,CCCLI
Murytub,XL,V,CXCV,Denarius,VI,XXVI,DXCII
Suilis,XXXVI,II,XLVIII,Denarius,V,VIII,MMMCCXCII
Muniv,XXXVII,VI,XX,Denarius,VI,XIV,CDLXXXVIII
Munarg,XXXVI,VII,CXL,Aureus,V,XXVIII,IV
Murytub,XXXVII,III,CXLI,Denarius,VI,XXI,DCXXVII
Murytub,XXXV,IX,CXXIII,Aureus,VIII,XXVIII,VIII
Murytub,XL,III,CXLVIII,Denarius,VI,III,DLXXI
Murytub,XXXVI,IX,CLVIII,Quinarius,V,XXI,CCLXIII
Munarg,XL,I,CXLII,Denarius,VII,XIX,CCVI
Murytub,XXXIX,V,CXXXIV,Denarius,VII,XIX,DXCIII
Muniv,XL,VIII,XXX,Denarius,VI,VII,DXXIII
Atamora,XXXV,VI,VII,Quinarius,VIII,XVIII,MCDI
Munarg,XXXV,V,CXXVIII,Quinarius,V,XI,CLXIX
Murytub,XXXVI,VI,CXXXI,Denarius,VIII,III,DCLXXV
Munarg,XL,IV,CLXXVI,Quinarius,VI,XXI,CII
Murytub,XXXVI,IV,CXXXIV,Denarius,VII,III,DCXCVIII
Munarg,XXXV,VI,CLXXV,Quinarius,VI,II,CLXXXII
Munarg,XXXVII,V,CLXXX,Aureus,VII,XXVIII,III
Atamora,XXXV,X,XI,Denarius,VI,IV,MMDCCLXIII
Murytub,XXXV,I,CIII,Quinarius,IV,XVII,CCCLXVII
Suilis,XXXVII,VIII,XX,Denarius,VI,X,MMMCCCXLIII
Munarg,XXXVIII,VII,CLVII,Denarius,V,XII,CCCLXXXIX
Murytub,XXXIX,XII,CXLIX,Quinarius,VIII,XXVII,CXXXV
Murytub,XXXVIII,XI,CXLVIII,Denarius,VI,XVII,DCII
Muniv,XXXVIII,VII,XXIV,Denarius,VII,XXVIII,DLVII
Atamora,XXXVII,VII,VIII,Quinarius,V,VII,DCCCLXV
Muniv,XXXIX,III,XXIV,Denarius,VI,XIV,DXXVII
Murytub,XXXVI,I,CXXXV,Denarius,V,XVIII,DCLXXIII
Muniv,XXXVIII,III,XXI,Denarius,IX,XI,DIV
Murytub,XXXVIII,I,CVIII,Quinarius,III,XXI,CLXXXVII
Muniv,XXXVIII,XI,XXVIII,Aureus,V,XXVII,V
Munarg,XXXVII,X,CLIV,Quinarius,VI,XXVII,CX
Munarg,XXXIX,III,CLXI,Denarius,II,XXI,CDXLIII
Suilis,XXXIX,XII,XIII,Denarius,VI,III,MMMMXLIV
Muniv,XXXVIII,II,XVIII,Quinarius,V,XII,CLXIX
Muniv,XXXIX,VI,XVII,Denarius,VII,XXII,DXX
Muniv,XXXVII,V,XXXI,Quinarius,IV,XII,CXCI
Murytub,XL,III,CLXVII,Denarius,IV,XXII,DXCVIII
Munarg,XXXVI,V,CXXXII,Denarius,IV,XI,CCCXX
Atamora,XXXV,IV,VIII,Denarius,V,VIII,MMDLXXXVII
Muniv,XXXVI,VI,XXXV,Denarius,V,XIX,DXXXIII
Muniv,XXXVIII,I,XVII,Quinarius,IV,XXXI,CLXV
Munarg,XXXVI,IV,CLX,Denarius,V,XXVIII,CCCXV
Munarg,XXXVII,VI,CXXII,Denarius,III,XXV,CCLXXVI
Murytub,XL,VI,CXLV,Denarius,II,XI,DLXVII
Murytub,XXXVIII,XII,CXXI,Quinarius,VI,XXV,CXLIV
Suilis,XXXVII,XI,XXXVI,Denarius,IX,XVI,MMMDCXC
Muniv,XXXVII,VII,XIX,Quinarius,VIII,V,CLXXXVIII
Munarg,XXXVIII,IX,CXXXIII,Denarius,VI,II,CCXXIX
Murytub,XXXVI,I,CLV,Denarius,III,V,DCXCVI
Murytub,XL,I,CLXXV,Denarius,VII,VI,DLXVIII
Murytub,XXXV,VIII,CXXXVIII,Quinarius,V,XXVI,CCCXXVI
Murytub,XXXV,VI,CLI,Quinarius,III,XIV,CCCLIII
Murytub,XL,VIII,CXLIII,Quinarius,IV,XX,CXVI
Murytub,XXXVIII,II,CLIV,Aureus,IV,XXV,VI
Munarg,XXXVII,IX,CIX,Denarius,VI,XIV,CCLXXI
Murytub,XL,I,CLXXII,Denarius,VI,V,DXLIX
Murytub,XXXVII,VI,CX,Denarius,VII,XXVII,CMXXI
Murytub,XL,VII,CXXXV,Denarius,V,XXIX,DLIII
Munarg,XXXV,VIII,CLXXXIV,Quinarius,VII,XVI,CXCIV
Muniv,XXXVIII,III,XVIII,Denarius,VI,XX,DVIII
Munarg,XXXVII,XI,CXXXVI,Aureus,VIII,XI,IV
Muniv,XXXV,II,XXI,Denarius,V,III,CDLXVII
Munarg,XXXIX,XII,CXVII,Denarius,IV,IV,CCXXVIII
Munarg,XL,III,CXLIII,Quinarius,VII,XXIV,LXXX
Muniv,XXXV,XI,XV,Denarius,V,XIII,D
Munarg,XXXVIII,VIII,CXXXVI,Denarius,IV,I,CCLXXVI
Munarg,XXXVII,VII,CXXVI,Denarius,VIII,VI,CCCLVI
Munarg,XXXIX,V,CXCIV,Denarius,VI,XXII,CDXL
Murytub,XL,II,CX,Denarius,VII,XXI,DLVIII
Munarg,XXXV,I,CLXX,Quinarius,VI,VII,CCXX
Munarg,XXXVII,XI,CLXVI,Denarius,V,IX,CCCLVI
Munarg,XXXVII,VI,CLXXXII,Denarius,III,XXIV,CCCLXIII
Munarg,XXXVI,II,CXVII,Denarius,V,XXVIII,CCCLX
Murytub,XXXVI,II,CXXXV,Quinarius,V,II,CCCXXXII
Murytub,XXXVIII,III,CXXIII,Quinarius,VI,VIII,CLXXXV
Murytub,XXXVIII,I,CXVI,Denarius,V,VI,DCXL
Murytub,XXXIX,II,CXXXVI,Denarius,VI,XVI,DCXIV
Muniv,XXXVI,X,XXXIII,Denarius,VI,II,CDLXIX
Munarg,XXXVI,VIII,CXLIII,Denarius,V,V,CCLXXX
Muniv,XXXVI,XI,XXVI,Quinarius,VI,IX,CCXXV
Munarg,XXXV,V,CLXXXIV,Quinarius,I,IV,CLXXXIV
Munarg,XXXVI,III,CLVI,Denarius,IV,XXI,CCCXXXVI
Suilis,XXXVI,III,XXIII,Denarius,VII,II,MMMCCCV
Munarg,XXXVI,IX,CXXX,Quinarius,IV,XXIII,CXXXV
Munarg,XXXVI,IX,CXXXVIII,Denarius,V,XV,CDXVIII
Munarg,XL,VIII,CLXXI,Denarius,V,XXI,CDXLVI
Murytub,XXXVII,V,CXXVI,Denarius,VII,XXI,CMXLV
Suilis,XXXV,X,XIV,Denarius,VI,XXVI,MMMCXXXV
Murytub,XXXVIII,I,CLXXV,Denarius,VI,III,DCXLI
Munarg,XXXVII,VII,CXXXVIII,Denarius,V,XXV,CCXCIV
Munarg,XXXV,II,CLXII,Quinarius,VI,XXI,CXC
Muniv,XXXVII,III,XXXVI,Denarius,V,IX,CDXIII
Murytub,XXXVIII,II,CXLI,Quinarius,V,XXVII,CXC
Munarg,XXXVIII,VIII,CLIV,Denarius,IV,VIII,CCLII
Suilis,XXXIX,V,XLVII,Denarius,IX,IX,MMMDCCCLIX
Murytub,XXXVIII,I,CXXXVII,Denarius,III,XXI,DCXXII
Murytub,XXXVI,X,CLVIII,Denarius,V,X,DCXIX
Muniv,XXXIX,X,XXVIII,Quinarius,VI,III,XCI
Murytub,XXXV,II,CLXXXVIII,Denarius,X,XVII,DCXCVI
Munarg,XXXIX,I,CXCVII,Quinarius,IV,I,LVII
Muniv,XXXVII,VI,XXI,Denarius,V,X,DXIII
Murytub,XXXVI,VI,CXXXVII,Quinarius,III,IX,CCXC
Murytub,XXXVII,II,CXCV,Quinarius,VI,XII,CCXCV
Murytub,XXXV,XII,CXXX,Denarius,V,XXXI,DCLXXXII
Suilis,XXXVI,VI,XI,Denarius,V,XXIII,MMMDCV
Muniv,XL,XII,XXVIII,Denarius,VI,VII,DLXV
Murytub,XXXIX,V,CXCI,Denarius,IV,XVI,DCXXXIX
Muniv,XXXVIII,V,XXX,Denarius,V,XXVII,CDXLVI
Munarg,XXXVIII,II,CIX,Aureus,VII,XIX,IV
Munarg,XXXVIII,XI,CLVII,Denarius,VII,XVI,CDXXV
Munarg,XXXVI,VII,CLXXI,Quinarius,IV,IV,CLI
Muniv,XXXVIII,X,XXII,Denarius,IV,XXIII,CDLXXIII
Murytub,XXXV,III,CCXVIII,Quinarius,VIII,XI,CCCXXII
Murytub,XXXVII,VIII,CXXXVII,Denarius,V,XXVII,DCCXVIII
Munarg,XXXIX,I,CXV,Denarius,VIII,XXIX,CCLVII
Murytub,XXXV,I,CLXXXIV,Denarius,VI,VIII,DCCXVII
Munarg,XXXVIII,X,CXIII,Quinarius,VII,IV,CXVII
Atamora,XL,IX,X,Denarius,IX,XXIV,MMCCXXX
Munarg,XXXVIII,X,CLXXIX,Denarius,VIII,II,CCXXVIII
Murytub,XXXIX,VIII,CLVII,Quinarius,IV,XXV,CXXXVI
Munarg,XXXVIII,XI,CXC,Quinarius,VI,III,CXVIII
Muniv,XXXVII,VIII,XXVIII,Aureus,V,XXVII,V
Munarg,XXXVIII,I,CIV,Quinarius,V,I,XCIII
Murytub,XXXIX,IV,CXCVIII,Quinarius,V,XXVII,CXXXI
Muniv,XXXVII,I,XXXII,Quinarius,VI,XI,CCXX
Muniv,XXXV,I,XXI,Quinarius,VII,XII,CCCXXVII
Suilis,XXXIX,VIII,XXXVIII,Quinarius,V,XXIII,CMXXVIII
Munarg,XXXIX,IV,CLXXIII,Denarius,VII,XXI,CCCLXXXV
Murytub,XXXVIII,II,CXXVII,Denarius,VIII,XI,DCXXIX
Munarg,XXXIX,III,CXCV,Quinarius,IV,XXIV,LVIII
Suilis,XL,VIII,LXVII,Denarius,VI,XXXI,MMMCMXLVI
Munarg,XXXV,IX,CXXVII,Denarius,IX,X,CCCLXXVIII
Murytub,XXXIX,X,CLXXII,Quinarius,IV,VI,CXXIII
Munarg,XL,VIII,CXX,Denarius,VII,IV,CDXXXI
Atamora,XL,IX,XI,Denarius,III,XVII,MMCMLXXXIII
Muniv,XL,IV,XXVII,Quinarius,VI,XXV,CI
Munarg,XXXVII,X,CXXV,Aureus,IX,II,IV
Atamora,XXXIX,XI,IX,Denarius,V,II,MMCCLXVI
Murytub,XXXVIII,VII,CLXXVI,Denarius,VI,XXV,DCXIV
Muniv,XXXVII,X,XXXIX,Denarius,IX,II,DLIV
Murytub,XXXIX,XII,CXCII,Denarius,VI,X,DLVI
Murytub,XXXV,VII,CXXXIX,Quinarius,II,IX,CCCLXXIII
Murytub,XXXVIII,VIII,CL,Denarius,VIII,VI,DCXXIX
Muniv,XXXVII,III,XXIII,Denarius,V,II,DXCI
Munarg,XXXVII,V,CI,Quinarius,IV,XXX,CII
Murytub,XXXIX,VIII,CLXX,Quinarius,VIII,XX,CXLIII
Murytub,XXXVI,II,CXXXII,Denarius,VI,VII,DCXC
Murytub,XXXIX,XII,CXXXVIII,Quinarius,V,XXX,CXLII
Munarg,XL,V,CLV,Denarius,VII,IV,CCXIV
Muniv,XXXIX,VIII,XIX,Quinarius,VI,XVII,CXI
Muniv,XL,V,XXV,Denarius,IV,XXII,CDLXXXVIII
Murytub,XXXVII,IX,CXCIII,Aureus,V,XI,VII
Murytub,XXXV,XII,CXIX,Aureus,IV,XXIII,VIII
Muniv,XXXVIII,III,XXXII,Denarius,VIII,XXXI,CDLX
Murytub,XXXVII,X,CLXVI,Quinarius,VIII,IV,CCXXX
Munarg,XXXVIII,VIII,CXXIV,Quinarius,V,IV,LXVIII
Murytub,XL,II,CXVI,Aureus,VII,IV,V
Munarg,XL,VI,CIX,Aureus,V,XXIII,II
Suilis,XXXV,V,XII,Denarius,V,XXXI,MMMLXXII
Murytub,XXXVII,II,CXXXVIII,Denarius,VI,XII,DCCLXVII
Muniv,XXXV,IV,XXI,Denarius,IV,XIII,DII
Suilis,XXXIX,X,X,Quinarius,VII,XXXI,DCCLXXXVI
Murytub,XXXVI,XII,CXXVI,Denarius,VII,XXV,DCLXXIV
Murytub,XXXIX,VIII,CXLV,Denarius,IX,XXXI,DCXXI
Munarg,XXXIX,I,CLV,Denarius,VI,IX,CCLII
Munarg,XXXVII,XII,CLXI,Denarius,VI,XIII,CCCVII
Suilis,XXXVII,X,XXVII,Quinarius,VI,VII,MCCCLXXVI
Atamora,XL,IX,X,Denarius,IX,XXIV,MCMXCII
Muniv,XXXVII,V,XXVI,Denarius,VI,XIII,DX
Munarg,XXXV,IX,CXII,Quinarius,VII,I,CLXIV
Murytub,XXXIX,V,CLVIII,Denarius,VII,XXXI,DLXVII
Munarg,XL,XII,CLI,Denarius,VII,IV,CCCLXIV
Murytub,XXXIX,III,CLXIX,Denarius,IV,V,DLXXVI
Muniv,XXXV,VI,XXX,Denarius,X,V,DLXIX
Muniv,XXXVII,III,XXVII,Denarius,VI,XI,DLXXIII
Munarg,XXXVII,II,CXX,Aureus,VIII,XXIII,IV
Muniv,XXXVII,VI,XXVII,Denarius,VII,IX,DVI
Munarg,XXXVIII,VI,CIX,Denarius,VIII,XXIII,CCXLVIII
Muniv,XXXIX,II,XXIV,Denarius,VI,V,CDXCIV
Murytub,XXXVII,III,CIX,Denarius,X,IV,DCLXIII
Muniv,XXXV,IV,XXIII,Quinarius,VII,XIV,CCLXI
Munarg,XXXIX,IX,CXXXI,Denarius,VI,XI,CCLIV
Munarg,XXXV,XII,CXVI,Denarius,VI,V,CCCXXXII
Murytub,XXXV,XII,CXLIX,Denarius,VI,XXX,DCCXVIII
Murytub,XL,II,CLXXIX,Denarius,IV,XI,DLVII
Munarg,XXXV,VI,CXXV,Denarius,VI,XXVII,CCCXXVIII
Muniv,XXXVI,VI,XX,Denarius,IV,XXV,CDLXII
Murytub,XXXV,X,CXXV,Aureus,VII,XVII,VIII
Munarg,XXXVI,VI,CXI,Quinarius,III,XXVIII,CLVI
Muniv,XXXVIII,VI,XXIV,Denarius,VI,X,DCXXII
Muniv,XL,IX,XXVI,Denarius,IX,XV,CDLXXVI
Murytub,XXXVII,IX,CLXVII,Denarius,VI,XXIV,DCLXXXVI
Munarg,XXXV,XII,CXXXVII,Denarius,VI,XI,CCCXXXVII
Munarg,XXXV,VIII,CLXIV,Denarius,VI,XII,CDII
Munarg,XL,IX,CXLIII,Denarius,I,IX,CXCII
Suilis,XXXVIII,XI,XI,Denarius,VI,XVII,MMMDCCXXXIX
Munarg,XL,VII,CXXXVIII,Quinarius,VI,XII,XLVIII
Munarg,XXXVIII,II,CIX,Denarius,V,XXVII,CDXXXIX
Muniv,XXXVIII,XI,XXXII,Denarius,IV,XVIII,CDLXXXIX
Murytub,XXXV,II,CXLVI,Denarius,VII,XXIV,DCXCII
Munarg,XXXIX,X,CXCIV,Denarius,VII,VII,CDXLIX
Murytub,XXXVIII,VIII,CLXVIII,Denarius,IV,VIII,DCX
Murytub,XXXIX,III,CXXIV,Quinarius,II,XXI,CXXX
Murytub,XL,III,CXLII,Denarius,VI,III,DXLI
Murytub,XXXVI,VIII,CLXXVIII,Quinarius,VI,XXIV,CCLXXII
Muniv,XXXV,VIII,XXVII,Denarius,VII,VIII,CDXXXIV
Munarg,XL,XI,CXLIV,Denarius,IX,XII,CLXXXIX
Murytub,XXXV,VII,CXL,Denarius,VI,I,DCCVI
Munarg,XXXVIII,IV,CXVII,Denarius,VIII,XXVIII,CCCLXIX
Munarg,XXXVIII,XI,CXX,Denarius,IV,XXVIII,CCLVIII
Murytub,XXXV,X,CLXXXI,Denarius,VI,XXII,DCXCIII
Murytub,XXXV,IX,CXCII,Denarius,VII,II,DCCXX
Suilis,XXXVII,XI,XLIV,Quinarius,VIII,XXII,MCXLVII
Murytub,XXXVI,III,XCVII,Denarius,V,XXIII,DCLXXVII
Munarg,XXXVII,IV,CXCVI,Denarius,VIII,XV,CDXIX
Munarg,XL,VIII,CXLI,Denarius,III,XXIX,CCXXII
Murytub,XXXIX,IV,CLXI,Aureus,V,I,VI
Munarg,XXXVI,IV,CXXVII,Denarius,VI,VII,CCCXXXV
Munarg,XXXVI,X,CL,Quinarius,VII,XXVI,CLII
Munarg,XXXIX,VII,CLXXXVI,Denarius,VIII,XXVI,CCXXVII
Munarg,XL,II,CXI,Quinarius,IV,XXII,LV
Murytub,XXXVIII,III,CLXVI,Denarius,V,X,DXCVIII
Suilis,XXXIX,X,XXIV,Quinarius,V,VIII,DCCLXXIII
Murytub,XL,IV,CXXIV,Denarius,V,XXVIII,DXXXIX
Murytub,XXXVII,III,CCII,Quinarius,VII,XXIV,CCLXXV
Murytub,XXXVII,X,CLVI,Quinarius,VIII,V,CCLVI
Muniv,XL,VII,XXI,Denarius,V,XVIII,DXX
Murytub,XXXVII,II,CLI,Denarius,VI,I,DCCXIII
Murytub,XXXVI,IV,CLIV,Denarius,VIII,XXV,DCLXXXI
Muniv,XXXIX,II,XX,Quinarius,V,XIV,XCVIII
Munarg,XXXV,IV,CLII,Quinarius,V,XXV,CLXXXVIII
Suilis,XL,XI,XI,Quinarius,IX,XXIV,DCCCIV
Murytub,XXXVII,VI,CCIII,Denarius,III,XXIV,CMXXIII
Murytub,XXXVIII,VII,CLV,Quinarius,II,IX,CLXXX
Murytub,XXXVIII,IV,CCXXXV,Denarius,VIII,XV,DCI
Munarg,XXXVI,XII,CLXXXIV,Denarius,VIII,XX,CCXCI
Munarg,XXXVI,V,CLXXXVIII,Quinarius,VIII,III,CXXXVI
Munarg,XXXVIII,X,CLXV,Denarius,IV,XXIV,CCLI
Munarg,XXXVIII,XII,CLXXV,Quinarius,V,XXIX,LXVIII
Muniv,XXXVII,VI,XVII,Denarius,VI,XIV,CDXLIII
Muniv,XXXV,II,XXIX,Denarius,VII,XV,DLI
Muniv,XXXV,VI,XXX,Aureus,X,V,V
Murytub,XXXIX,X,CLI,Denarius,V,VIII,DCVIII
Munarg,XXXV,I,CXXXI,Denarius,V,XXV,CCCXIX
Suilis,XXXVI,VII,XI,Quinarius,V,I,MCDXCVI
Muniv,XXXVIII,II,XVIII,Denarius,V,VI,CDLXVI
Murytub,XL,VII,CLXXXIV,Quinarius,VIII,XXVIII,CXXVI
Munarg,XXXVIII,VII,CLII,Denarius,II,IX,CCCLXXV
Murytub,XXXV,V,CLIII,Aureus,VII,XV,IX
Murytub,XXXVIII,VII,CLII,Aureus,VI,XXIV,VI
Murytub,XXXVI,II,CXVI,Denarius,V,I,DCLXXXIII
Munarg,XXXVII,VI,CXLII,Denarius,VII,XXI,CCCLIX
Munarg,XXXVI,V,CLXXVIII,Denarius,V,XIX,CCCXXXI
Munarg,XXXIX,VII,CXXIII,Quinarius,VI,XIII,LXIII
Atamora,XXXV,II,XII,Denarius,V,XX,MMDCCCIX
Murytub,XXXIX,IX,CLIX,Denarius,VII,VII,DXCII
Munarg,XXXVIII,III,CLXIX,Aureus,IX,XI,III
Murytub,XXXVIII,I,XCII,Denarius,III,XXI,DLXXXVIII
Murytub,XXXV,IV,CCIV,Denarius,IV,XII,DCLXXVIII
Murytub,XXXV,IV,CXLVI,Denarius,III,IX,DCLXXIX
Munarg,XXXV,X,CXCIII,Denarius,VII,XXV,CDV
Munarg,XL,VIII,CLXXV,Aureus,VI,XVI,III
Munarg,XXXV,II,CXCIX,Denarius,VI,XXVI,CCCXXXIV
Murytub,XL,III,CLXXXVI,Denarius,IX,XIII,DLVII
Munarg,XXXVI,V,CXXX,Quinarius,III,XII,CXL
Murytub,XXXVI,I,CXXVIII,Quinarius,VII,XXIV,CCCXIV
Munarg,XXXVIII,XII,CXCVII,Denarius,VI,XXV,CCCLXXXIII
Muniv,XXXVIII,I,XXVII,Denarius,VII,II,DXXVIII
Munarg,XL,VI,CXLVIII,Denarius,VI,XXIX,CCVI
Munarg,XXXIX,V,CXIII,Quinarius,VII,XX,XLIX
Munarg,XL,XII,CIX,Quinarius,VII,III,LXXVI
Murytub,XXXVII,XII,LXXII,Denarius,III,XVI,DCXVI
Munarg,XXXIX,IX,CLV,Aureus,IX,IV,V
Muniv,XL,XII,XXV,Denarius,VIII,XXIII,DXV
Murytub,XXXVII,IV,LXV,Quinarius,VI,XIV,CCCLXXII
Munarg,XL,I,CXVI,Quinarius,VI,XII,LIV
Murytub,XXXV,IV,CLXXXI,Denarius,V,XXV,DCLXXXI
Muniv,XXXIX,IV,XX,Denarius,V,XXIX,CDXCVIII
Murytub,XXXIX,I,CX,Denarius,VII,XXXI,DCIV
Murytub,XXXIX,III,CXXXVI,Denarius,IX,XIX,DCIII
Murytub,XXXVI,IV,CLVI,Denarius,IV,X,DCLXXXIV
Munarg,XXXVII,V,CXLIX,Denarius,VI,XXVII,CCXCI
Munarg,XXXVI,XI,CLXXXI,Denarius,II,III,CCCXXXII
Murytub,XXXV,IV,CXXXII,Aureus,IV,XII,IX
Munarg,XL,XII,CXIV,Denarius,IV,I,CCXIV
Munarg,XXXVI,V,CXXXII,Denarius,VI,XXV,CCCXLVIII
Munarg,XXXVIII,VII,CXLV,Aureus,VII,VII,IV
Munarg,XXXVII,X,CLXXXV,Denarius,IV,XVII,CCCXLIX
Murytub,XXXVI,II,CLVI,Denarius,VI,XIV,DCCXI
Murytub,XXXVIII,XII,CXXIV,Denarius,IV,VIII,DCII
Munarg,XXXVI,IV,CXIV,Quinarius,VIII,XVIII,CLXXIX
Munarg,XXXVII,XI,CL,Quinarius,IX,XXIII,CIII
Munarg,XXXVII,IV,CXLIX,Quinarius,VI,VII,CXXXVI
Murytub,XXXVII,XI,CLIII,Quinarius,IX,XXIX,CCVIII
Munarg,XL,IV,CXLIII,Denarius,III,XIX,CCXIV
Suilis,XXXVIII,V,XVI,Denarius,VI,XII,MMMDCCXX
Muniv,XXXV,VI,XIX,Denarius,VI,XXX,DXLVII
Murytub,XXXIX,X,CLVI,Denarius,VI,XVII,DLXXIV
Murytub,XXXVII,III,CXCIII,Denarius,IV,XXV,DCXXXIV
Murytub,XXXIX,I,CXLV,Denarius,VIII,XXII,DLXXXVI
Suilis,XL,XI,X,Aureus,XI,XVII,XXXIII
Muniv,XL,VII,XXXII,Aureus,VI,XII,V
Munarg,XXXVIII,IV,CLXII,Denarius,IX,XIX,CCCXLVI
Murytub,XXXIX,XI,CXXVII,Quinarius,IV,V,CXXXVII
Munarg,XXXIX,II,CI,Quinarius,VI,XVI,LXXXVI
Murytub,XXXVIII,X,CXLV,Quinarius,X,XXI,CLXIV
Murytub,XXXVIII,X,CLVII,Denarius,IV,XXIII,DCLXI
Muniv,XXXVIII,VII,XXVII,Denarius,II,VIII,DCXXXIV
Muniv,XL,XII,XXXVIII,Aureus,VI,XVI,IV
Murytub,XXXVII,IV,CXVI,Quinarius,VI,XVI,CCCLXXIV
Murytub,XXXIX,VII,CXLV,Quinarius,VII,V,CXXXV
Munarg,XXXVIII,VIII,CLXXVII,Quinarius,VII,XVIII,LXXVIII
Munarg,XXXVIII,XI,CXXXVI,Quinarius,VI,XXIII,LXXI
Munarg,XXXV,VII,CL,Denarius,IV,V,CCCLXVI
Muniv,XL,VIII,XXV,Denarius,V,XIX,CDXLVII
Murytub,XXXVII,IX,CLXVII,Denarius,V,XIII,DCXLIII
Atamora,XL,XI,IX,Quinarius,VI,XXVI,DLXXX
Murytub,XL,I,CCVII,Quinarius,III,XXVIII,CXXIX
Muniv,XXXVIII,IX,XXVI,Quinarius,V,XXI,CXXXIII
Muniv,XXXV,III,XXI,Quinarius,IX,II,CCLIII
Muniv,XXXVI,VI,XXII,Aureus,V,XXVII,V
Munarg,XXXVIII,I,CLXVIII,Quinarius,VI,VIII,CXXXV
Munarg,XXXIX,XII,CLXXXI,Denarius,IX,XXVI,CCXXV
Murytub,XXXIX,X,CLVIII,Denarius,VI,XXX,DXVIII
Murytub,XXXVII,I,CXLIX,Aureus,VII,XXXI,VII
Atamora,XXXVIII,IX,XII,Denarius,II,XVI,MMDLVI
Munarg,XL,III,CXIX,Aureus,V,XXV,III
Munarg,XXXVII,III,CXIV,Quinarius,V,II,CLXXIV
Murytub,XXXVII,III,CXI,Denarius,VII,VIII,DCLIX
Munarg,XXXIX,IV,CIV,Quinarius,V,XXVIII,LIV
Murytub,XXXIX,IX,CXX,Quinarius,VI,V,CXVI
Murytub,XL,VIII,CLXXXVII,Denarius,VIII,XXIV,DLXXI
Murytub,XXXVI,X,CLII,Quinarius,VI,II,CCLXI
Munarg,XXXIX,VIII,CV,Quinarius,XI,II,CXV
Murytub,XXXIX,X,CXCVII,Quinarius,V,VIII,CXXIV
Suilis,XXXVII,III,XV,Denarius,VII,XXVII,MMMCCLXI
Murytub,XXXIX,X,CXXV,Quinarius,VI,III,CXXII
Murytub,XXXIX,VIII,CXXX,Quinarius,VIII,XXIX,CXXXVIII
Atamora,XXXVII,I,XI,Denarius,VI,III,MMDLIII
Murytub,XL,XII,CLXVII,Denarius,IV,XXX,DXXII
Murytub,XXXVI,V,CCLX,Denarius,V,XXIII,DC
Suilis,XXXIX,V,XV,Denarius,IX,IX,MMMCMXCV
Munarg,XL,XI,CLXVI,Denarius,VI,XXVI,CDXXI
Murytub,XXXV,II,CXXVI,Quinarius,VI,XIV,CCCL
Murytub,XL,IV,CXXXII,Denarius,III,XIX,DLXXXI
Muniv,XL,X,XX,Denarius,IX,XXXI,DXI
Suilis,XXXVIII,IV,LXXV,Denarius,III,XVII,MMMDCXVII
Munarg,XXXIX,I,CXV,Denarius,IV,V,CCCLXIX
Suilis,XXXVI,IV,XXIII,Denarius,IV,XX,MMMDCVII
Murytub,XXXVIII,I,CXXXII,Quinarius,V,I,CCVII
Murytub,XXXVII,VIII,CLXXIX,Aureus,V,XXVI,VII
Munarg,XL,VIII,CXCVI,Denarius,VI,VII,CDXXII
Munarg,XXXV,VIII,CLXXXIV,Quinarius,V,XXVIII,CLVI
Muniv,XXXVII,VII,XXII,Quinarius,IV,II,CCXI
Munarg,XL,X,CXLV,Aureus,VIII,XVIII,III
Muniv,XL,XI,XXXI,Denarius,IV,XXIX,CDLXXXII
Murytub,XXXVI,IV,CLV,Denarius,III,XII,DCLIV
Munarg,XXXVII,IX,CXXV,Quinarius,VI,XXIV,CVII
Muniv,XL,IV,XXXIII,Denarius,VII,XVII,DIV
Muniv,XXXV,XII,XIX,Aureus,VI,XVI,VII
Murytub,XXXV,IV,CLXXXIV,Aureus,VI,XXIX,IX
Suilis,XXXIX,VIII,XVII,Denarius,IX,XXI,MMMDXLVIII
Murytub,XXXVIII,X,CXXXIV,Denarius,V,III,DLXXXI
Murytub,XXXV,VIII,CLXIV,Denarius,VIII,III,DCXCIII
Munarg,XXXVIII,VII,CX,Quinarius,VII,VII,CIX
Murytub,XXXVII,III,CXXXIV,Quinarius,X,IV,CCCXV
Atamora,XXXVII,XII,XIII,Denarius,VI,XXVII,MMMCDXIII
Muniv,XXXIX,XI,XXVI,Denarius,VI,XIV,CDLXIV
Murytub,XXXVII,VI,CLII,Denarius,IV,XV,CMXI
Munarg,XL,V,CXLIII,Denarius,IV,XXV,CCXXVII
Murytub,XXXVI,XII,CXCVIII,Denarius,VIII,XI,DCLXXIII
Munarg,XXXVI,X,CXXV,Denarius,IV,VII,CCCXI
Murytub,XXXVIII,VI,CLXXIII,Denarius,IV,XVII,DCL
Muniv,XXXVIII,IX,XIV,Denarius,X,XIV,DXXXIV
Munarg,XXXV,X,CXIII,Quinarius,VIII,I,CCX
Murytub,XXXVIII,V,CXXVIII,Denarius,VI,XXVIII,DXCI
Murytub,XL,III,CI,Denarius,VI,XIX,DLVI
Muniv,XXXVI,I,XXII,Denarius,VII,XXIV,DVII
Murytub,XXXVI,IX,CXXII,Denarius,V,VI,DCXLVI
Muniv,XXXVII,VIII,XXI,Quinarius,IV,XIX,CCXXVI
Munarg,XXXVI,XII,CXCIV,Denarius,IV,XXIV,CCCXIX
Munarg,XXXVII,II,CXCVIII,Quinarius,IV,XX,CL
Munarg,XXXVI,III,CXLII,Denarius,VII,XI,CDIII
Muniv,XXXIX,XI,XX,Aureus,VIII,XIII,V
Murytub,XXXVI,VI,CLII,Quinarius,V,XXVII,CCXCVII
Munarg,XXXV,XI,CXCIX,Aureus,IV,XXIV,IV
Munarg,XXXVIII,IV,CXI,Denarius,VI,V,CCLIII
Munarg,XXXVI,X,CXLVII,Denarius,VIII,XI,CCCLXXVIII
Munarg,XXXIX,V,CLV,Denarius,VI,IV,CDXXXV
Murytub,XXXV,V,CCI,Aureus,V,II,IX
Muniv,XXXV,III,XVIII,Quinarius,IX,V,CCCI
Muniv,XXXVII,IV,XXVII,Denarius,V,I,CDXLVI
Munarg,XXXV,VIII,CXCV,Denarius,V,I,CCCXL
Murytub,XXXVI,IX,CLIV,Quinarius,V,XXV,CCLXIX
Muniv,XL,XI,XXI,Denarius,VI,XVIII,DLII
Munarg,XXXV,VIII,CX,Quinarius,V,XV,CLI
Murytub,XXXVII,IV,CXXV,Denarius,V,XVIII,MIV
Munarg,XXXVII,VIII,CXXX,Denarius,IV,XVIII,CCCXXIX
Munarg,XXXV,X,CXCII,Quinarius,VIII,XXIX,CLXVI
Munarg,XL,III,CXCII,Denarius,IX,XIII,CXCI
Muniv,XXXVI,X,XXII,Denarius,V,X,DXXVII
Munarg,XL,V,CI,Denarius,VII,IV,CDXLIV
Murytub,XXXVI,VII,CLXXXVI,Quinarius,VI,XV,CCLXXXIII
Munarg,XXXVI,V,CLXXX,Denarius,III,XXVI,CCCLVIII
Muniv,XXXIX,XII,XXVIII,Denarius,IV,XVIII,CDLXXXVIII
Munarg,XXXIX,VIII,CLVI,Quinarius,VI,XXX,XLVIII
Murytub,XXXIX,X,CXXVI,Quinarius,VIII,XXIX,CXVII
Murytub,XL,IX,CII,Aureus,VII,XXII,IV
Munarg,XXXVI,XII,CLXXVI,Quinarius,IX,XXVI,CLVII
Murytub,XXXIX,II,CXLV,Denarius,VI,XXII,DCXII
Murytub,XXXVIII,XI,CXXVII,Denarius,VII,XVI,DLXXXIX
Munarg,XXXVII,V,CXXXIII,Quinarius,V,XV,CLXI
Munarg,XXXVIII,X,CXC,Denarius,IV,XXXI,CCXVI
Munarg,XXXVII,X,CXIV,Denarius,IV,XVII,CCLXIII
Munarg,XL,XII,CLXIV,Quinarius,V,XVIII,XXXIX
Muniv,XL,XII,XXVII,Denarius,VI,XVI,DLVI
Muniv,XXXVII,VI,XXVII,Denarius,IV,XX,CDLXXIX
Munarg,XXXVII,IV,CLXXXI,Denarius,VI,XXV,CCCLXVI
Munarg,XXXVII,V,CXXXIX,Denarius,VI,XIV,CCCLVIII
Munarg,XXXIX,IX,CXV,Denarius,V,XXI,CDXXXII
Atamora,XL,V,X,Denarius,VI,XVI,MMDCCCXLIX
Muniv,XL,X,XXVI,Quinarius,VIII,XVIII,LXXXIV
Munarg,XXXVIII,VI,CXIV,Denarius,VI,IX,CCCLII
Murytub,XXXIX,X,CXLVI,Quinarius,III,XII,CXXVI
Munarg,XL,VI,CXCVI,Denarius,VIII,XXI,CDXXVIII
Murytub,XXXIX,VI,CVIII,Denarius,VI,XV,DLXIX
Munarg,XXXVIII,I,CXCIV,Denarius,VI,VII,CCCLXV
Munarg,XL,I,CXXXV,Denarius,VI,XII,CDXLV
Murytub,XXXVI,VIII,CLXVI,Denarius,IV,XI,DCLXXVI
Murytub,XL,V,CXLVII,Denarius,V,XXIV,DLXXVIII
Munarg,XXXV,VIII,CIV,Denarius,VI,XXI,CDVI
Muniv,XL,III,XXVII,Aureus,IV,XXIII,V
Murytub,XL,I,CLXIV,Denarius,VII,XV,DXX
Munarg,XXXVII,IX,CXXXIX,Aureus,VI,XVI,IV
Munarg,XXXVII,VIII,CXXXIII,Aureus,VI,XXXI,III
Murytub,XXXVI,IV,CXXV,Aureus,III,XII,VIII
Munarg,XXXIX,X,CXCII,Denarius,VII,IV,CCCXCIX
Murytub,XXXVI,IX,CXLVI,Denarius,VI,III,DCXVIII
Munarg,XXXVIII,IV,CXXXIX,Denarius,VI,XXIII,CCCLX
Munarg,XXXVIII,IV,CL,Denarius,VI,III,CDXXXIX
Muniv,XXXVI,V,XXII,Quinarius,IV,XXX,CCXXI
Munarg,XXXVIII,VI,CLXIV,Quinarius,V,XXIX,LXXV
Murytub,XXXVI,VIII,CXXXVI,Denarius,V,XV,DCLX
Munarg,XXXVII,IV,CXXXVII,Denarius,VIII,X,CCXCIII
Munarg,XXXVIII,I,CXCVI,Quinarius,VIII,IV,CXX
Muniv,XXXIX,V,XVIII,Quinarius,IV,XI,CXII
Murytub,XXXV,I,CLXII,Denarius,V,XXV,DCCXXIII
Murytub,XXXVII,III,CXXXIX,Denarius,VI,III,DCLXXXVIII
Munarg,XXXIX,V,CXXX,Quinarius,VI,VI,LXXXII
Murytub,XL,V,CXXVI,Denarius,VI,XXXI,DLXVII
Munarg,XXXVII,XII,CXXVII,Denarius,III,XVI,CCXLIX
Murytub,XL,X,CLXIII,Quinarius,IV,VIII,CX
Murytub,XL,X,CXXI,Denarius,V,XXIII,DXXXI
Murytub,XXXV,XII,CLXXXIII,Quinarius,VI,XI,CCCXXVI
Munarg,XXXVIII,X,CLXVI,Quinarius,IV,XVI,LXIII
Atamora,XXXVIII,X,XI,Aureus,II,VI,XXXI
Munarg,XXXV,II,CXXIII,Quinarius,VI,XI,CLXXVI
Munarg,XXXVII,VII,CXXVII,Denarius,IV,II,CCCLXXXVII
Murytub,XXXIX,V,CLI,Denarius,VI,XXIX,DCV
Murytub,XL,III,CXXIX,Denarius,VI,XXXI,DCII
Muniv,XXXVIII,VIII,XXIV,Aureus,VI,XX,IV
Suilis,XL,VII,XIII,Denarius,VIII,XXIII,MMMCMXVI
Muniv,XXXVI,VII,XXII,Denarius,IV,II,CDLXII
Munarg,XXXIX,XII,CXVIII,Denarius,VI,X,CXCV
Munarg,XXXVII,II,CXXVIII,Denarius,VI,XVII,CCCXX
Murytub,XXXV,XI,CLXVI,Aureus,VI,VIII,VIII
Munarg,XXXV,VII,CXCI,Denarius,IV,V,CCCLXI
Munarg,XL,XII,CXIII,Denarius,IX,XIII,CDLXXXV
Munarg,XXXVI,IV,CXLIV,Aureus,VIII,XIV,III
Muniv,XXXIX,V,XXV,Denarius,VII,XX,DXXIV
Murytub,XXXVI,VIII,CLV,Quinarius,VI,XXI,CCXLVI
Munarg,XXXIX,V,CLXXX,Denarius,VII,XIV,CDXXXIV
Munarg,XXXVII,VI,CLXIV,Quinarius,VIII,XII,CLXXI
Murytub,XXXVI,V,CLXVI,Quinarius,III,XXII,CCXCI
Munarg,XL,II,CLXXIII,Denarius,VII,V,CCXXX
Murytub,XXXVIII,IV,CLXXXIII,Denarius,V,XXII,DCXLIII
Murytub,XXXIX,X,CXXVI,Quinarius,III,XII,CXIX
Murytub,XL,X,CLIX,Aureus,VII,XX,IV
Munarg,XL,VII,CLXIII,Denarius,VIII,V,CXC
Muniv,XL,IX,XXIV,Denarius,IX,XV,DLI
Murytub,XXXIX,II,CXXX,Denarius,V,XIV,DCXXI
Murytub,XL,II,CLX,Denarius,IV,XX,DL
Muniv,XL,X,XXII,Denarius,IV,VIII,CDLXXV
Murytub,XXXIX,VI,CLXVI,Denarius,VII,XXVII,DLXXXIV
Munarg,XXXIX,VIII,CXCVIII,Denarius,IX,XXXI,CCLV
Murytub,XXXVIII,II,CLXVIII,Quinarius,IX,II,CCII
Muniv,XXXVII,XII,XXI,Denarius,VII,I,CDLXXXIX
Murytub,XXXVI,I,CX,Denarius,X,III,DCLIII
Murytub,XXXIX,VI,CLV,Quinarius,IV,XIV,CXXXIII
Munarg,XXXVIII,VI,CLXXXIII,Quinarius,VII,XXX,CXVII
Murytub,XXXVI,XII,CL,Denarius,VI,XXX,DCXLVII
Murytub,XXXVIII,I,CLXXV,Denarius,VIII,XXV,DLXXXVII
Munarg,XXXVI,III,CVII,Denarius,V,XX,CCCXLII
Suilis,XXXIX,V,XXI,Denarius,VIII,VIII,MMMMXXXVIII
Munarg,XXXVIII,I,CLXV,Quinarius,VI,XI,CXXXVII
Murytub,XXXIX,X,CXLV,Denarius,VII,VII,DLXXIX
Muniv,XXXVIII,VII,XXII,Quinarius,VI,XXX,CXIX
Munarg,XXXVI,IV,CVIII,Aureus,VIII,XXII,III
Munarg,XXXVI,I,CLII,Denarius,IV,VII,CCCXXXIII
Murytub,XXXV,XI,CVI,Quinarius,V,XIV,CCCXXXIX
Murytub,XXXVI,IV,CXLVII,Aureus,V,XVII,VIII
Murytub,XXXVII,IX,CLXXXVI,Denarius,III,V,DCLXXIX
Murytub,XXXVIII,IV,CXCI,Denarius,V,XXII,DCXXXI
Atamora,XL,XII,IX,Denarius,V,XXVIII,MMCXX
Suilis,XXXV,I,LXXX,Quinarius,VII,XI,MDCCCLXXI
Murytub,XL,III,CLXII,Quinarius,V,XXVIII,CXVII
Munarg,XXXVIII,X,CLXXIX,Denarius,VI,I,CDXLVI
Munarg,XXXVII,III,CXXXIX,Denarius,VI,XVII,CCCIV
Muniv,XXXVI,V,XXV,Denarius,III,XXII,CDXCV
Murytub,XXXVIII,X,CLXXI,Quinarius,IV,XXXI,CLXXIV
Murytub,XXXV,IX,CXI,Denarius,IV,VI,DCL
Murytub,XXXVI,XII,CXLI,Quinarius,VII,XIV,CCLXX
Suilis,XXXVI,X,LII,Quinarius,VI,IV,MCDXIX
Munarg,XL,I,CLXX,Denarius,VII,I,CCXLIV
Munarg,XXXVII,V,CXCIX,Aureus,VI,XVII,IV
Munarg,XXXVIII,III,CLXXXI,Denarius,VI,IX,CDXXVI
Munarg,XXXIX,V,CLXXXVII,Quinarius,IV,XIII,XCVI
Murytub,XXXVII,VIII,CXXIX,Quinarius,IV,XIX,CCLIV
Murytub,XXXIX,V,CXXV,Quinarius,V,XXVI,CXVIII
Munarg,XXXVI,III,CLXIV,Denarius,IV,XVI,CCCXIII
Muniv,XXXV,XII,XXII,Denarius,IV,XX,DXCIII
Murytub,XXXVI,IX,CXX,Quinarius,VI,VIII,CCLXXIII
Murytub,XXXIX,XI,CLVII,Denarius,VII,XXIX,DCXII
Murytub,XXXVII,II,CXXXIII,Denarius,IV,XX,DCXXX
Munarg,XXXVIII,III,CIII,Aureus,VIII,XVI,III
Murytub,XL,VI,CXXXVI,Aureus,V,VIII,V
Munarg,XXXVII,III,CLXXXIX,Quinarius,IV,XXIII,CXLII
Munarg,XXXVII,IX,CLXXXVIII,Denarius,VII,XIX,CCCLXXIX
Muniv,XXXIX,XI,XVI,Denarius,VI,XXVIII,CDXL
Murytub,XXXVII,III,CXXIV,Denarius,IV,XXIII,DCLXXVIII
Atamora,XXXVII,II,XII,Denarius,VI,X,MMDLXXV
Suilis,XXXVI,I,XVI,Denarius,V,XIX,MMMCCXC
Munarg,XXXVIII,IV,CXI,Denarius,IV,XXI,CDII
Munarg,XXXVIII,VII,CLXXIX,Denarius,IV,XI,CCXLII
Murytub,XXXVIII,IX,CLX,Quinarius,V,XXI,CLXII
Munarg,XXXVIII,XII,CLXXIX,Quinarius,III,VI,LXI
Munarg,XXXVII,IX,CXCII,Quinarius,VIII,XV,CXXXV
Munarg,XXXVII,II,CXXX,Denarius,VIII,XXI,CCCLVI
Munarg,XL,XII,CXII,Denarius,V,XXIV,CDLV
Murytub,XXXVI,V,CXC,Denarius,IV,XXX,DCLXIV
Atamora,XXXVIII,III,X,Denarius,IX,XIII,MMDCL
Atamora,XL,VIII,VII,Quinarius,V,XXI,DXXIV
Muniv,XXXIX,V,XXIII,Quinarius,V,XXVI,CXII
Murytub,XL,III,CLI,Denarius,VIII,XVIII,DLXXVIII
Munarg,XXXV,XII,CXIV,Aureus,IV,VIII,IV
Munarg,XXXVIII,I,CLIV,Denarius,VI,IX,CDIV
Munarg,XXXVI,VI,CXLVI,Aureus,VII,XXIX,III
Munarg,XL,XI,CXXII,Denarius,VI,XI,CCXVII
Munarg,XXXVII,XII,CL,Denarius,IV,XX,CCXCV
Muniv,XXXVI,X,XXIV,Quinarius,VI,XXVIII,CLVIII
Murytub,XXXIX,IV,CXX,Quinarius,VII,II,CXXXVII
Suilis,XXXVII,V,XII,Aureus,III,VI,XXXV
Muniv,XL,XI,XXX,Denarius,IV,VIII,CDXC
Muniv,XXXIX,VIII,XVIII,Denarius,VIII,XIII,CDXLIX
Muniv,XXXVIII,I,XIX,Denarius,VIII,XVI,CDLXXIII
Muniv,XXXVII,IX,XXI,Denarius,III,V,DCXV
Atamora,XL,III,VIII,Denarius,V,VI,MMCXCII
Munarg,XXXVI,VII,CLXX,Denarius,VI,XII,CCXCVI
Murytub,XXXVII,III,CXCVI,Denarius,V,IX,DCLXXI
Murytub,XXXVI,VIII,CXXVII,Denarius,VIII,VIII,DCXCVIII
Munarg,XXXV,X,CIV,Denarius,VIII,I,CCCXXIV
Muniv,XL,II,XIX,Quinarius,VII,XVIII,CXXII
Muniv,XXXIX,XII,XXIV,Denarius,V,XXXI,DLXXII
Munarg,XXXVI,III,CXXXV,Quinarius,III,XXII,CLXXXII
Murytub,XL,III,CV,Denarius,VII,XXVII,DXLVIII
Murytub,XXXIX,II,CXLIX,Quinarius,VI,XX,CXXXVI
Murytub,XXXVII,VIII,CXLIII,Quinarius,IV,VII,CCLIX
Muniv,XXXVIII,X,XII,Quinarius,VI,XXVI,CLIX
Muniv,XL,I,XX,Denarius,VII,VI,DXX
Munarg,XL,X,CXLI,Denarius,IX,VI,CCXXIII
Muniv,XL,XI,XXV,Denarius,XI,XVII,DXXV
Munarg,XXXV,IV,CX,Quinarius,VI,XI,CXCI
Muniv,XXXVI,VII,XXVIII,Denarius,V,XIV,DXLVII
Munarg,XXXIX,V,CXLI,Denarius,VI,XXIII,CDXLVIII
Murytub,XXXVI,V,CLXII,Denarius,V,XVIII,DCLXXVI
Suilis,XXXIX,III,XIV,Denarius,VIII,X,MMMDCCCLXXXII
Munarg,XXXVIII,XII,CXLV,Denarius,IV,XIV,CCXXVIII
Suilis,XXXV,VIII,XXIII,Quinarius,VII,X,MDCCLI
Murytub,XXXVIII,I,CLXX,Denarius,V,XXX,DCXXII
Murytub,XXXV,II,CXXIII,Quinarius,VI,XXI,CCCLIII
Munarg,XXXV,IV,CXX,Denarius,VI,XI,CCCXXX
Murytub,XXXVI,V,CLXV,Denarius,IV,XXVIII,DCLXXXVI
Murytub,XXXIX,VIII,CLXXXVII,Denarius,VI,XVII,DXXXVI
Suilis,XXXIX,XII,XCI,Quinarius,V,VI,CMLVIII
Munarg,XL,IV,CXXXVII,Denarius,II,XX,CXCVI
Suilis,XXXVII,III,XXVIII,Aureus,VII,XXVII,XXXIX
Murytub,XXXVIII,XI,CLIX,Quinarius,VIII,XIX,CLV
Muniv,XXXVI,V,XX,Denarius,VI,XX,CDLXXXI
Murytub,XXXVI,III,CLX,Quinarius,IV,XIX,CCCIII
Munarg,XXXVIII,VI,CLXX,Denarius,VI,I,CCCLXXX
Munarg,XXXIX,V,CLXVII,Quinarius,VI,XXX,XLVIII
Murytub,XXXV,VIII,CXLVII,Quinarius,IV,IX,CCCXLV
Munarg,XXXIX,VII,CLXXXIII,Denarius,V,XXX,CDIV
Munarg,XL,IX,CLXII,Denarius,VII,V,CCCLXXXI
Munarg,XXXVIII,X,CXIV,Denarius,V,XXII,CCXX
Munarg,XXXIX,IV,CXLIV,Denarius,II,IV,CCVII
Muniv,XXXV,I,XXIII,Quinarius,VI,VII,CCXLIX
Munarg,XXXV,X,CXXIX,Denarius,VII,XXIII,CCLXXXVI
Muniv,XL,I,XXI,Denarius,VII,VII,DLIII
Munarg,XXXVII,XII,CLX,Denarius,IV,II,CDII
Munarg,XXXVIII,X,CLXXI,Quinarius,V,VII,LXVIII
Murytub,XXXV,VIII,CXV,Denarius,VI,VI,DCCXXXII
Murytub,XXXV,X,CXXXVII,Aureus,VI,IV,IX
Murytub,XXXIX,VII,CXIX,Denarius,VII,XI,DLI
Munarg,XL,I,CLXIX,Quinarius,VII,VII,CVIII
Munarg,XXXVII,IV,CXIV,Denarius,IV,XX,CCLXXXV
Munarg,XXXVII,XI,CLXXXIV,Quinarius,VI,I,CVI
Munarg,XXXIX,XII,CXCI,Denarius,VIII,V,CDXXIII
Munarg,XXXV,XII,CXCVIII,Denarius,V,XII,CCCXXI
Munarg,XXXVI,III,CXXIV,Quinarius,IV,XXX,CXXX
Munarg,XXXVI,IV,CXVII,Denarius,IV,X,CCCLXXXI
Muniv,XXXVI,I,XXVI,Quinarius,VI,XXVII,CCXLI
Muniv,XXXVI,III,XXII,Aureus,VIII,VII,VI
Munarg,XXXVI,VII,CLXXV,Quinarius,III,XXIV,CLXXIV
Murytub,XL,XII,CL,Denarius,VI,VI,DXLIX
Atamora,XXXVII,V,IX,Quinarius,V,XV,DLIII
Muniv,XXXVIII,VIII,XXXII,Denarius,V,III,DLVII
Muniv,XXXIX,II,XX,Denarius,VIII,XIX,CDXCIX
Muniv,XXXV,V,XVI,Denarius,IX,XXIII,DLXV
Murytub,XXXVI,I,CLXXIII,Quinarius,IV,XXX,CCCXVII
Munarg,XXXIX,III,CXC,Aureus,VI,XV,II
Murytub,XXXV,IX,CLXX,Denarius,IV,XXVII,DCXCVIII
Muniv,XXXIX,III,XXIV,Quinarius,VI,XXXI,CXXIX
Munarg,XXXVIII,X,CV,Quinarius,IV,XXIII,CXVIII
Munarg,XL,X,CLXVIII,Aureus,VIII,XIII,III
Muniv,XL,I,XIX,Denarius,VII,II,DCXIX
Murytub,XXXVI,II,CXLIX,Denarius,VII,XVI,DCCXVI
Munarg,XXXVII,VIII,CXXXV,Denarius,IV,XVII,CCCXXX
Murytub,XL,II,CV,Denarius,V,VIII,DXXV
Muniv,XXXV,IX,XXXIX,Denarius,VII,XIII,CDXLIX
Muniv,XXXVII,III,XVI,Quinarius,VII,XXIV,CCXLI
Munarg,XXXVI,XII,CLXXVIII,Denarius,IV,XVIII,CCCXL
Muniv,XXXVIII,III,XXVIII,Denarius,VI,XXII,CCCLXXXVIII
Munarg,XXXV,VII,CLV,Aureus,VIII,XIX,IV
Murytub,XXXVII,II,CXLVI,Quinarius,VII,VIII,CCLXVI
Murytub,XXXVI,VI,CLXXII,Denarius,VI,XXII,DCC
Murytub,XL,IX,C,Denarius,V,XIX,DXXXV
Murytub,XXXVIII,III,CXXII,Denarius,VI,IX,DCLXII
Muniv,XXXVIII,IX,XXVI,Denarius,VII,IV,CDXCIX
Muniv,XL,VI,XXIII,Denarius,VIII,III,CDLXIX
Murytub,XXXV,VI,CXXVII,Denarius,III,I,DCCVI
Murytub,XXXVII,VII,CLXXIX,Denarius,VIII,VI,CMXXII
Munarg,XL,V,CXVII,Quinarius,VI,XIV,XCIV
Munarg,XXXIX,III,CXXXVI,Aureus,VI,III,II
Munarg,XXXVIII,XII,CXCII,Quinarius,VII,XXIV,LXI
Munarg,XXXVII,VIII,CII,Denarius,V,XXVII,CCCLXXX
Atamora,XXXIX,IX,XII,Denarius,V,XVII,MMCLXXXII
Munarg,XL,X,CXLVIII,Quinarius,V,X,LXXXVIII
Murytub,XXXIX,IV,CXLVI,Denarius,VIII,XVI,DLXXX
Munarg,XXXVIII,I,CXXXVI,Denarius,VIII,IV,CCLIX
Munarg,XXXVI,VIII,CXXIX,Denarius,VII,I,CCCXXIII
Murytub,XL,III,CLII,Denarius,VII,XXIV,DLXXXIX
Suilis,XXXVIII,IV,XXXVI,Aureus,V,XXII,XL
Atamora,XXXVI,II,IX,Denarius,V,XXVIII,MMDCCLXXXIV
Atamora,XXXIX,VIII,IX,Quinarius,IX,XXI,DXII
Munarg,XXXVI,IX,CXLV,Quinarius,VI,I,CLXIII
Munarg,XXXV,VII,CIV,Quinarius,IX,VI,CC
Murytub,XL,VI,CLI,Quinarius,III,I,CXXVII
Munarg,XXXVII,II,CXIII,Quinarius,V,XVI,CLXXIII
Murytub,XXXIX,V,CXXXVIII,Denarius,VI,I,DCV
Muniv,XXXIX,IX,XXX,Denarius,V,XIX,DXX
Murytub,XXXVIII,IV,CLXXXII,Quinarius,IV,XXI,CLXX
Murytub,XXXIX,I,CLVII,Quinarius,VIII,XVIII,CXLII
Atamora,XL,XII,VIII,Quinarius,VII,XIX,CDLXXXIX
Munarg,XXXV,X,CLXXXI,Denarius,V,XX,CDIII
Muniv,XXXVIII,VII,XXII,Aureus,V,XII,V
Munarg,XXXIX,I,CLXXXVI,Denarius,VIII,XVIII,CCLXIX
Munarg,XXXVI,XII,CXI,Quinarius,VII,XIV,CXXXIV
Murytub,XXXV,VI,CLXX,Denarius,VI,XIX,DCCXXV
Muniv,XXXVI,IX,XXXI,Quinarius,VI,II,CCXXX
Munarg,XXXVIII,VIII,CXII,Quinarius,VIII,VI,LXVII
Murytub,XXXVI,I,CXXXVIII,Denarius,VII,XVII,DCLXXXI
Murytub,XXXVII,IX,CXXXIX,Aureus,V,XXVIII,VII
Munarg,XXXVI,VIII,CXCIII,Denarius,VI,XXXI,CCLXIX
Murytub,XXXIX,IX,CLXXIV,Denarius,III,X,DLI
Munarg,XXXVII,X,CI,Denarius,V,VI,CCCXLVIII
Murytub,XXXVI,III,CLXXXVII,Denarius,VIII,XXV,DCCXXXIV
Munarg,XXXVII,III,CXCIV,Denarius,IX,VI,CCLXXXIV
Munarg,XL,VII,CXXIX,Quinarius,IX,XIX,XLVII
Murytub,XXXV,I,CXIV,Denarius,VI,XXIII,DCLXXVI
Murytub,XXXV,II,CXXXIX,Denarius,V,XIII,DCCXXVI
Atamora,XXXV,IX,IX,Denarius,VII,I,MMMDCLXXXII
Murytub,XXXVIII,X,CXLIX,Denarius,VII,IV,DCXLIV
Munarg,XXXVI,VI,CLXXIII,Quinarius,VIII,I,CXXVI
Munarg,XXXVI,X,CXIV,Denarius,IV,VII,CCLXXXIV
Murytub,XXXVII,XII,CLXXIII,Denarius,VI,XIII,DCXXXVI
Munarg,XL,III,CXXXVI,Denarius,VI,XXX,CDLXV
Suilis,XXXVIII,IX,XXIX,Denarius,VII,XXVII,MMMDCCCXXXIX
Murytub,XXXIX,IV,CLXXXIV,Denarius,V,XII,DLXIX
Murytub,XXXVI,XI,CXXVI,Aureus,VI,XIII,VII
Munarg,XXXIX,II,CLXVII,Quinarius,VI,XV,LI
Munarg,XXXVII,VII,CLXVIII,Denarius,VII,XX,CCCXLIV
Munarg,XXXVII,VIII,CLXVI,Denarius,V,XXVII,CCCXCII
Munarg,XL,IV,CLXXXVIII,Denarius,VII,VI,CDLXIV
Munarg,XXXVII,XII,CL,Quinarius,VIII,III,CXXXIV
Murytub,XXXVII,VIII,XCIV,Denarius,V,XXVI,DCLXXXVI
Suilis,XXXVII,XII,XXII,Denarius,IV,VIII,MMMDLXXVII
Murytub,XXXV,XII,CLXVI,Aureus,IV,XIV,VIII
Muniv,XL,VI,XXIV,Quinarius,VII,XV,CXXVII
Munarg,XXXIX,IX,CXXXI,Denarius,IV,XIII,CCX
Muniv,XXXIX,VI,XX,Aureus,VI,XI,IV
Suilis,XXXVII,XI,LII,Quinarius,V,XXIV,MCCLXI
Munarg,XXXVI,XII,CLI,Denarius,VIII,V,CCCXL
Muniv,XXXVIII,I,XXVI,Aureus,VI,X,V
Munarg,XXXVIII,III,CLXXIV,Quinarius,VII,IV,CXXI
Murytub,XL,XI,CII,Denarius,V,VII,DLXXIII
Suilis,XXXVII,IX,XIII,Denarius,V,XIII,MMMCDIV
Suilis,XXXV,V,XXVI,Denarius,VIII,XXII,MMMCCCXCV
Muniv,XXXV,XI,XXVII,Denarius,IX,XXVI,CDLVII
Munarg,XXXIX,V,CXLVI,Denarius,V,VII,CCXXVI
Munarg,XXXVIII,VIII,CLXXXIII,Denarius,VII,XVII,CCCLXIX
Munarg,XXXV,VII,CLXV,Denarius,V,XXVII,CCCXXXVII
Muniv,XXXVII,VI,XX,Denarius,VII,XIII,DX
Murytub,XL,III,CXX,Denarius,VI,VIII,DXXXIV
Munarg,XXXVIII,II,CXVI,Denarius,VII,XXIV,CCCLXII
Munarg,XXXIX,XII,CXXIII,Denarius,VIII,XVI,CDXXVI
Murytub,XXXVII,IX,LXXVII,Denarius,VI,XIV,DCCLXIV
Munarg,XXXVIII,VI,CLXXXV,Denarius,VI,X,CDXXII
Muniv,XXXIX,II,XXIX,Denarius,VI,XXIV,DLXV
Murytub,XXXV,IX,CXXXIV,Denarius,VIII,XXVIII,DCLXXII
Muniv,XXXV,I,XXXI,Denarius,V,XVIII,DLVIII
Murytub,XXXVIII,I,CXXVIII,Denarius,VIII,XVI,DCXIII
Murytub,XXXIX,VII,CLXV,Quinarius,V,XXXI,CLVIII
Munarg,XXXIX,III,CXLVIII,Denarius,VIII,XVII,CDXXIX
Suilis,XL,IV,XXIV,Quinarius,V,XXX,DCCCLX
Murytub,XXXVII,IV,CXIX,Denarius,VI,XXV,CMIV
Munarg,XXXVI,XI,CLV,Denarius,VII,IV,CCCLXXII
Munarg,XL,VIII,CLX,Denarius,III,XXIX,CCXXVII
Muniv,XXXVIII,II,XXX,Denarius,IV,XXV,CDLI
Atamora,XXXVI,III,XIII,Quinarius,VI,VIII,MCXXII
Munarg,XXXV,VI,CLXXXIV,Quinarius,VI,XI,CXLIII
Murytub,XXXIX,V,CLXIII,Denarius,IV,XIII,DLXXII
Munarg,XXXIX,IV,CLII,Denarius,VII,XIX,CCXXI
Munarg,XXXVI,XI,CLXXXIV,Quinarius,VII,XVIII,CXXXIV
Munarg,XXXV,VIII,CXIII,Quinarius,VII,XVI,CLXII
Muniv,XXXV,III,XXI,Aureus,VII,IV,VII
Munarg,XXXIX,III,CXVIII,Quinarius,VI,XVI,LVI
Munarg,XXXVII,IX,CLXVII,Denarius,V,XIII,CCLXIX
Munarg,XXXVI,XII,CX,Denarius,VII,XXV,CCCLXXXI
Munarg,XXXVII,V,CXVIII,Denarius,VII,IV,CCCXXV
Murytub,XXXVII,XII,CXCIV,Denarius,IV,VIII,DXCIX
Munarg,XXXVIII,I,CLXXXVII,Denarius,VIII,IV,CCCI
Munarg,XXXV,IX,CLXII,Quinarius,V,XVII,CL
Munarg,XXXIX,VIII,CXLVII,Denarius,IX,XXXI,CCXXXVIII
Murytub,XXXVII,VII,CLIII,Denarius,VIII,V,CMXXIII
Munarg,XL,VIII,CLXXXIX,Quinarius,V,XXVI,LXXXIV
Munarg,XXXV,VIII,CLXXII,Denarius,IV,IX,CCCXXXIII
Murytub,XL,X,CLXXVII,Denarius,VII,XVI,DLVIII
Murytub,XXXVII,VIII,CLXIII,Aureus,V,XXVI,VI
Murytub,XXXVII,XI,CCIX,Denarius,VI,XIV,DXC
Muniv,XXXIX,II,XVI,Quinarius,V,XIV,CXIV
Murytub,XL,I,XCVI,Denarius,V,IV,DXXXI
Muniv,XXXIX,V,XXIV,Denarius,VI,IV,CDXLIX
Munarg,XXXIX,II,CXLIX,Quinarius,III,IV,LXXXV
Murytub,XXXIX,XI,CXXXV,Denarius,VI,XXII,DXXXVIII
Murytub,XXXVII,XI,CLXXXVII,Denarius,V,IX,DCXIX
Murytub,XXXVIII,VI,CXLVI,Denarius,VI,XXVII,DCXLIX
Munarg,XXXIX,I,CXXXIX,Denarius,V,XXVII,CCCLXII
Munarg,XXXVIII,IX,CLXXIX,Quinarius,III,XI,XCVII
Murytub,XXXVIII,V,CII,Denarius,VI,IX,DXC
Atamora,XXXVII,XII,VI,Denarius,III,XVI,MMMCXLVII
Murytub,XXXVIII,XI,CXVI,Denarius,IV,XXI,DCX
Murytub,XXXVIII,IV,XCIX,Quinarius,III,XVII,CLXXVIII
Atamora,XXXIX,IX,XI,Denarius,V,XXII,MMDXIV
Murytub,XL,III,CXXII,Quinarius,IX,XIII,CXXVII
Suilis,XL,IV,XI,Quinarius,VIII,XIII,DCCCXXXV
Munarg,XXXV,I,CXLIII,Quinarius,VI,XV,CCXXIV
Suilis,XXXVII,V,XXIV,Quinarius,VII,XXIX,MCCCXLIII
Murytub,XXXV,VIII,CLXVIII,Aureus,VII,V,VIII
Munarg,XXXIX,XI,CLXXXVIII,Denarius,III,VII,CDXLVI
Munarg,XL,XII,CXIV,Denarius,V,XXIV,CCV
Munarg,XXXVI,XI,CLXIX,Quinarius,V,XXI,CLVIII
Munarg,XXXVII,XII,CXXIV,Aureus,IV,II,IV
Munarg,XXXVIII,XI,CXXV,Denarius,VI,V,CCCLXXX
Murytub,XXXVII,XII,CLIII,Denarius,VIII,XIV,DCXVI
Muniv,XXXV,VIII,XXVIII,Aureus,VII,XVI,VI
Muniv,XXXVII,VII,XXI,Denarius,V,X,CDXCVIII
Murytub,XXXV,VI,CLX,Denarius,VIII,XVIII,DCLXXXIX
Muniv,XXXVI,I,XXVII,Denarius,VII,XXIII,CCCXCVI
Munarg,XXXIX,III,CXL,Denarius,VIII,IV,CDXX
Muniv,XXXVI,V,XX,Denarius,VI,XXV,DXXXIX
Munarg,XL,IX,CLXXVI,Denarius,IV,III,CDIV
Murytub,XXXIX,III,CXIX,Denarius,II,XXI,DLXXXI
Muniv,XXXVIII,VIII,XXIII,Quinarius,X,XXIV,CXVI
Munarg,XXXVII,X,CXXV,Denarius,VIII,IV,CCCXXX
Munarg,XXXVI,II,CXI,Quinarius,V,XXVIII,CLV
Murytub,XXXVII,III,XCVIII,Denarius,V,XXII,DCCXVIII
Munarg,XXXIX,V,CXXII,Denarius,III,XXV,CCIX
Munarg,XL,IX,CXXXII,Denarius,VII,XXV,CCXI
Munarg,XL,XI,CXLII,Denarius,VII,XIII,CDLXXII
Murytub,XL,III,CXXVI,Denarius,VII,XXIV,DLXXXVII
Murytub,XXXVIII,V,CXXVI,Denarius,IV,XXIII,DCXLIX
Murytub,XXXV,XI,CLXXXV,Quinarius,V,IV,CCCLV
Muniv,XXXVI,II,XXIV,Quinarius,VII,XXIII,CCXLIX
Munarg,XXXVI,XII,CXCIII,Aureus,VI,VIII,IV
Munarg,XXXV,VIII,CLXVI,Denarius,V,IV,CCCLXXIV
Suilis,XXXIX,XII,XXX,Quinarius,VIII,XXVII,DCCCXCVII
Munarg,XXXVII,I,CXLIX,Denarius,VI,V,CCCLXXIV
Munarg,XXXVII,IV,CXXX,Quinarius,VI,VII,CXLIII
Atamora,XXXV,VI,XIV,Quinarius,III,I,MDXCVII
Atamora,XL,XI,IX,Denarius,V,VII,MCMLXXVI
Munarg,XXXVI,VIII,CXL,Denarius,VI,XXIX,CCCLV
Munarg,XL,XI,CXXXI,Denarius,VII,XXVII,CDXVI
Murytub,XXXIX,VI,CLXXI,Denarius,IX,VI,DLXXXII
Murytub,XXXVI,IX,CXLII,Denarius,VIII,XII,DCLXXVII
Murytub,XL,X,CLXXIV,Denarius,V,XXIII,DXL
Munarg,XXXVII,I,CLXXVI,Denarius,X,XXIX,CCCXLI
Murytub,XXXVI,XII,CIX,Denarius,VIII,XII,DCLXXIV
Munarg,XL,V,CXXIII,Denarius,VII,XX,CCIV
Murytub,XXXVII,IV,CLVIII,Denarius,VII,XXVIII,CMXCIV
Muniv,XL,XI,XXIII,Denarius,V,XXV,DIV
Munarg,XXXVII,XII,CXXXIV,Quinarius,V,XVIII,XCI
Murytub,XXXVI,VII,CLVIII,Denarius,VII,XXVI,DCCVIII
Murytub,XXXVI,IX,XCVIII,Quinarius,VI,XXII,CCLX
Murytub,XXXVII,VIII,CXLVI,Quinarius,VIII,XX,CCLXVII
Munarg,XXXIX,II,CXC,Quinarius,VII,XVIII,XC
Murytub,XXXIX,XI,CLV,Denarius,IV,V,DLXXXVII
Munarg,XXXVIII,IV,CXXIX,Denarius,IX,XIX,CCCXCII
Munarg,XXXVIII,XI,CXIX,Denarius,V,II,CCCLXXXV
Munarg,XXXVII,XII,CLXXV,Quinarius,IV,II,CIII
Murytub,XXXIX,V,CXXXIV,Aureus,IV,XI,VI
Murytub,XXXVI,IV,CXXIII,Denarius,III,XXIII,DCXIII
Munarg,XXXVII,VI,CXVII,Denarius,V,XXX,CCLXXXI
Munarg,XXXVIII,X,CXXVII,Denarius,VIII,VIII,CCLIII
Muniv,XXXIX,X,XXVI,Denarius,VI,XX,CDLX
Murytub,XXXV,XII,CLVIII,Denarius,VII,XXVII,DCLXXX
Muniv,XXXVII,VII,XXII,Quinarius,VII,XXIII,CLXXIV
Muniv,XL,XI,XXI,Quinarius,VI,XXVI,CXXII
Murytub,XXXVIII,VIII,CLXV,Denarius,VIII,X,DCXIV
Munarg,XXXIX,VIII,CXIX,Quinarius,VII,XIV,CVIII
Munarg,XXXV,XI,CXXXI,Denarius,VII,XXVIII,CCCXLVII
Munarg,XXXIX,VIII,CLVIII,Denarius,IV,XIX,CDXVIII
Munarg,XXXV,IX,C,Quinarius,VII,XIII,CLXXVIII
Murytub,XXXVIII,IV,CXLVIII,Aureus,VIII,XX,VI
Munarg,XXXIX,IX,CLIX,Denarius,X,XII,CCCXCIV
Munarg,XXXVI,XII,CXXXIII,Quinarius,VI,VI,CLXVIII
Munarg,XXXVI,I,CL,Aureus,V,XV,V
Munarg,XL,XI,CXCIV,Denarius,V,XXVIII,CDXIX
Muniv,XL,VIII,XXVIII,Denarius,III,XVIII,CDLX
Munarg,XL,X,CXXIX,Denarius,VI,II,CDXIX
Munarg,XXXVIII,V,CXXI,Denarius,IV,XXIII,CCCXXXIX
Murytub,XXXV,IV,CLVI,Denarius,V,XXVII,DCCXXV
Munarg,XXXV,X,CXCVIII,Denarius,VII,II,CDV
Munarg,XXXVIII,VI,CXLVI,Quinarius,VII,II,CXVII
Murytub,XXXV,XI,CXXV,Quinarius,V,IX,CCCLII
Munarg,XL,VI,CLXXXVI,Quinarius,VI,XXVI,XCII
Muniv,XXXVI,IX,XVII,Denarius,IV,XXIX,DLXII
Munarg,XL,I,CLXXXI,Denarius,V,IV,CCX
Murytub,XXXIX,IV,CXXVII,Denarius,VI,VIII,DXCVII
Munarg,XXXV,II,CXIII,Quinarius,V,IV,CLXXIII
Murytub,XXXV,III,CXLIV,Denarius,V,XXX,DCCXII
Suilis,XXXVI,VIII,XXI,Denarius,V,V,MMMCCLXIX
Munarg,XXXVIII,II,CXLI,Denarius,IX,II,CCCII
Atamora,XXXIX,IX,XI,Denarius,VII,VII,MMCMLXXX
Murytub,XL,II,CXXXVIII,Denarius,VI,XXVI,DLVI
Murytub,XXXVI,IX,CLXII,Denarius,V,XXV,DCL
Munarg,XL,II,CLXXVI,Denarius,VII,XVIII,CDXVI
Muniv,XXXVI,V,XXVIII,Denarius,IV,XXIV,CDXCVI
Suilis,XXXV,V,XXIX,Denarius,VII,XXVI,MMMCCCXLII
Munarg,XXXIX,III,CLXXIII,Denarius,VI,XXVIII,CCCLXVII
Munarg,XXXVI,IV,CXIV,Denarius,VIII,XXV,CCCXXXI
Muniv,XXXVII,III,XXVII,Quinarius,V,XXII,CXCVI
Munarg,XL,XI,CXXXVIII,Quinarius,V,XXVIII,XXXIX
Muniv,XXXVIII,V,XXVI,Denarius,VII,II,DXLIII
Muniv,XXXVII,VIII,XXII,Denarius,V,XIV,CDLXII
Munarg,XXXVI,III,CLXXVI,Denarius,VII,II,CCCLVII
Munarg,XL,III,CL,Quinarius,III,I,XCV
Muniv,XL,III,XXI,Quinarius,VII,XV,CXIII
Murytub,XL,II,CVIII,Denarius,VII,IV,DLXVII
Murytub,XXXVIII,XII,CXIX,Denarius,IV,XIX,DCXXVIII
Murytub,XXXIX,IV,CXCVI,Denarius,VIII,V,DCXIV
Suilis,XXXVI,VII,XXXIII,Denarius,VIII,X,MMMDLXXIX
Munarg,XXXVI,IV,CLXXXVIII,Denarius,IV,VI,CCCIV
Munarg,XL,VII,CXCII,Denarius,VI,XX,CDXLVI
Murytub,XL,III,CXCIII,Denarius,VI,III,DLXVI
Murytub,XL,IV,CVI,Quinarius,VIII,V,CXXIX
Munarg,XXXVIII,VII,CXII,Denarius,VII,VII,CCLXXVIII
Muniv,XXXVII,XI,XXII,Quinarius,IV,II,CLXXXV
Muniv,XXXIX,III,XXIV,Denarius,VIII,XXX,CDVIII
Muniv,XL,II,XXXI,Denarius,VI,XXVI,CDXCII
Murytub,XL,IV,CLXXVI,Denarius,IV,II,DLII
Munarg,XXXVII,V,CXXXIII,Aureus,VI,II,III
Muniv,XXXIX,XII,XLII,Denarius,VI,XI,DXXX
Murytub,XXXVII,III,CLXXVI,Quinarius,X,IV,CCLXXIV
Munarg,XXXIX,V,CLXXX,Aureus,IV,XXI,III
Munarg,XXXVI,II,CLXIV,Denarius,V,XXVIII,CCCXXV
Munarg,XL,VII,CXLIII,Denarius,VI,IX,CXC
Munarg,XXXVI,X,C,Quinarius,V,XXIX,CXXXIV
Suilis,XL,I,XXXI,Quinarius,VI,XII,CMXXXVII
Murytub,XXXVIII,X,CLXIII,Quinarius,IV,XXIII,CLXVI
Murytub,XXXVI,VIII,CLIV,Quinarius,VIII,XXVIII,CCL
Munarg,XXXVIII,IX,CXCVIII,Denarius,IV,XV,CDVI
Munarg,XL,X,CLXXXI,Denarius,V,XXX,CLXXXVII
Murytub,XXXVII,V,LXXXVI,Quinarius,VII,V,CCCLXX
Munarg,XXXVI,III,CXXVII,Denarius,III,XXII,CCCXXIII
Muniv,XXXIX,IV,XXI,Aureus,VIII,XXIV,V
Muniv,XXXVI,I,XXXIII,Quinarius,VII,XXII,CCIII
Munarg,XXXVII,XI,CXXIV,Denarius,V,XXI,CCCLXVIII
Munarg,XXXV,IX,CXXXI,Denarius,IX,XXIII,CCCL
Muniv,XXXVIII,V,XXVIII,Quinarius,V,XXXI,CLVIII
Murytub,XXXVII,XII,CXXI,Aureus,VI,XIII,VI
Munarg,XXXV,IX,CXXV,Quinarius,VI,XXVI,CXCV
Murytub,XXXV,III,CXXXIV,Denarius,VII,VI,DCLXXIX
Munarg,XXXV,II,CXXIV,Denarius,IV,I,CCCLI
Muniv,XL,IV,XVII,Denarius,V,XXVI,CCCLXXXIV
Murytub,XXXV,VI,CLXXX,Quinarius,VI,X,CCCXL
Munarg,XXXVI,V,CXLVIII,Aureus,VI,XV,IV
Munarg,XXXV,VI,CLXXVIII,Quinarius,VIII,VIII,CXLV
Munarg,XXXVII,VII,CII,Quinarius,VII,IV,CIX
Atamora,XXXVIII,II,XII,Denarius,IX,XX,MMCCCLIV
Munarg,XXXVIII,XII,CLXVI,Quinarius,III,VII,XCI
Munarg,XXXVII,I,CXLIX,Denarius,VII,XVII,CCXCVI
Munarg,XXXVIII,X,CXLVI,Denarius,VI,XXIX,CCXXXVII
Murytub,XXXVI,I,CLXVIII,Denarius,V,IV,DCCLVI
Muniv,XXXIX,XII,XIX,Denarius,IV,XVII,CDLXXXVII
Murytub,XL,X,CLXII,Quinarius,IX,XXXI,CX
Murytub,XXXVII,VI,CXLIII,Aureus,V,XXII,VIII
Munarg,XXXV,IV,CXLIII,Quinarius,VI,XVI,CXCII
Murytub,XL,II,CXCII,Quinarius,IV,IX,CXXXVII
Murytub,XL,I,CXLII,Aureus,II,XVIII,V
Murytub,XXXIX,VII,CLXXXIX,Denarius,VI,XV,DXLVII
Muniv,XXXVI,XI,XXIX,Aureus,VII,IV,V
Muniv,XXXVII,XI,XXIII,Denarius,IX,XXIII,CDLXXI
Atamora,XL,VIII,VIII,Denarius,IX,VIII,MMDCXC
Munarg,XXXVIII,VIII,CXCII,Aureus,III,XVI,II
Muniv,XL,V,XX,Quinarius,VI,XXXI,CXLIII
Munarg,XL,II,CLV,Aureus,VIII,II,IV
Atamora,XXXIX,III,V,Denarius,VI,III,MMCDXCVIII
Muniv,XXXV,II,XXVIII,Quinarius,VI,XXVIII,CCXXIX
Munarg,XXXVII,IX,CLXXXVII,Aureus,VII,XIX,III
Munarg,XXXIX,III,CLIV,Quinarius,VII,XII,LIX
Murytub,XL,VIII,CXV,Denarius,V,XXX,DXXIV
Munarg,XL,X,CLXXXIII,Denarius,VII,XX,CCCLXXXV
Munarg,XL,X,CXXXII,Denarius,VIII,XV,CCCLXIX
Murytub,XL,VII,CLVII,Denarius,VIII,XXIII,DLXI
Munarg,XXXV,XII,CLXXXV,Denarius,IV,XXIII,CCCLI
Munarg,XXXIX,XII,CXCVI,Denarius,V,XIII,CXCI
Munarg,XXXVIII,XI,CXCIX,Denarius,VII,VI,CCLXXXV
Munarg,XL,VI,CXCIX,Denarius,III,XIII,CCXXIX
Murytub,XXXVII,II,XCVIII,Quinarius,VI,X,CCLVIII
Muniv,XXXVII,VII,XXII,Denarius,V,XXV,CDXCIV
Murytub,XXXVI,XI,CXXXVII,Quinarius,VIII,XXIX,CCLXIX
Murytub,XL,X,CCXXVI,Quinarius,VIII,XIII,CVIII
Murytub,XXXVI,IV,CLII,Quinarius,VIII,XXII,CCCIV
Atamora,XXXVI,IX,X,Quinarius,V,XIV,MCDLXXXII
Murytub,XXXV,VIII,CCIV,Denarius,V,XXVI,DCLXXXV
Munarg,XXXIX,V,CL,Denarius,VI,IV,CDVIII
Murytub,XL,II,CXLIX,Denarius,VI,XII,DLX
Atamora,XXXVI,VII,X,Denarius,IV,II,MMCDXXXVI
Munarg,XXXV,VIII,CLXXXI,Denarius,IV,XXIV,CCCXVI
Muniv,XXXVI,VIII,XXIII,Quinarius,VI,XIII,CCV
Muniv,XXXVIII,VI,XVIII,Denarius,IV,XIV,D
Murytub,XXXV,III,CXCIX,Denarius,VII,VI,DCCXXI
Munarg,XL,XII,CXXXVI,Denarius,III,XVII,CDLXXXV
Murytub,XXXVIII,V,CLI,Quinarius,VIII,XXI,CCIX
Muniv,XXXVI,V,XXX,Quinarius,V,XVIII,CCIX
Munarg,XXXVIII,V,CLXXXVIII,Denarius,VI,V,CDXIII
Murytub,XXXVI,V,CLXVIII,Denarius,VII,V,DCLVII
Suilis,XXXV,VI,LXIX,Quinarius,VI,XIX,MDCCLXXI
Munarg,XL,XII,CXXVII,Denarius,VIII,XV,CDLXXII
Munarg,XXXVI,V,CLXII,Denarius,V,XXIII,CCCXXXVI
Munarg,XXXIX,IX,CXXXVII,Denarius,VI,XXVIII,CCLIX
Munarg,XXXVIII,VI,CVIII,Denarius,VI,XXVIII,CCXXXII
Muniv,XL,VI,XXV,Denarius,II,XI,DXLIII
Murytub,XL,VIII,CLIV,Quinarius,VI,II,CXXXII
Munarg,XXXIX,X,CXXX,Aureus,VI,XVII,II
Munarg,XXXV,I,CXLVII,Denarius,III,III,CCCLXXXIV
Suilis,XL,VI,XII,Denarius,VIII,XXX,MMMDCLVIII
Suilis,XXXVI,III,XI,Denarius,VII,XXVIII,MMMDV
Munarg,XXXIX,VI,CLXVIII,Aureus,IV,XIV,III
Muniv,XXXVII,II,XXVIII,Quinarius,VI,XIII,CCVI
Muniv,XXXVIII,XII,XV,Denarius,VII,XIII,CDLXXXI
Murytub,XXXV,X,CLVII,Denarius,VIII,XXX,DCLXXXVIII
Muniv,XXXVI,II,XXX,Denarius,VIII,XXI,DXIX
Munarg,XXXVIII,IX,CLIX,Denarius,IV,XVII,CDXL
Munarg,XXXV,II,CXIV,Quinarius,VIII,XXII,CLXXXIV
Munarg,XXXV,I,CXXIII,Denarius,VI,VIII,CCCXVIII
Munarg,XXXV,X,CXLV,Denarius,VIII,XXX,CCCXXIII
Murytub,XXXV,XI,CXLVI,Denarius,V,XVII,DCLXXXVII
Munarg,XXXVI,II,CLIV,Denarius,IV,XIII,CCCLXV
Murytub,XXXVI,VI,CLV,Aureus,VII,XVI,VII
Murytub,XXXVI,III,CXXXVIII,Denarius,X,XII,DCXXXVII
Munarg,XXXVIII,IX,CXVI,Quinarius,IV,XVII,CXI
Munarg,XXXV,IX,CXLV,Quinarius,V,XIX,CXCII
Murytub,XXXIX,IX,CLXX,Denarius,IX,IV,DLXXXVIII
Murytub,XXXVI,I,CL,Denarius,VII,II,DCLIX
Muniv,XXXVIII,III,XXXIII,Quinarius,VI,V,CXXIII
Muniv,XXXVII,IX,XXII,Denarius,VII,XXI,DIV
Murytub,XXXV,V,CXLV,Denarius,VII,X,DCXC
Muniv,XXXVIII,X,XXIX,Denarius,V,XXVII,CDXIX
Muniv,XL,VII,XXVII,Denarius,V,XXII,CDLXXXIX
Muniv,XXXVIII,V,XXIV,Quinarius,VIII,XX,CXCV
Murytub,XXXVI,VIII,CXCVIII,Denarius,IV,XIV,DCLXIII
Munarg,XXXVIII,V,C,Aureus,VII,XIX,IV
Murytub,XXXIX,XII,CXIII,Aureus,IV,XVII,VI
Munarg,XXXIX,VII,CLXXXIX,Denarius,VI,XX,CCCXCVI
Munarg,XXXV,XII,CLXXXI,Aureus,VII,XIII,IV
Munarg,XXXVIII,VI,CLXXII,Aureus,V,XI,IV
Muniv,XXXIX,VI,XXIV,Quinarius,VII,IV,CXXXVI
Muniv,XXXV,VI,XXV,Denarius,III,I,DXXXV
Munarg,XXXIX,XII,CXC,Quinarius,V,I,CI
Murytub,XXXVIII,II,CLXX,Denarius,IV,XXV,DCXLIV
Munarg,XXXVII,IV,CLXXXIV,Denarius,I,XXIV,CCLXIII
Murytub,XXXIX,I,CXLIX,Denarius,VI,XXI,DLII
Suilis,XL,II,L,Denarius,V,XIV,MMMDCXC
Murytub,XXXV,XI,CXXVII,Denarius,V,XXVII,DCLXXXI
Murytub,XXXVII,XII,CLXXIV,Denarius,V,XII,DCXXXIV
Murytub,XXXVI,XII,CLXII,Denarius,VI,I,DCCXVIII
Munarg,XXXV,VIII,CXL,Quinarius,V,XXVIII,CLV
Murytub,XXXVI,V,CXLVIII,Denarius,III,XXII,DCLXI
Munarg,XL,VI,CLVII,Aureus,V,VIII,II
Muniv,XXXV,III,XXV,Denarius,VII,IV,DLVIII
Muniv,XXXVI,XI,XXV,Denarius,III,X,DLXXI
Munarg,XL,IX,CLIV,Denarius,VII,XXII,CDLII
Munarg,XXXVII,VI,CXCV,Quinarius,VI,XVII,CXIV
Munarg,XXXIX,V,CLXXIX,Denarius,VI,IV,CCXLIV
Munarg,XXXV,III,CXXXVII,Denarius,IV,VIII,CCCXIII
Munarg,XXXVI,III,CXXXVI,Denarius,VIII,XXVII,CCCXXXII
Muniv,XXXVII,XI,XXVI,Denarius,V,XXIV,DLXXII
Suilis,XXXVI,VI,XIII,Denarius,VIII,XXI,MMMCCXXVI
Munarg,XXXV,VIII,CLV,Quinarius,VI,XXV,CLXXXI
Munarg,XXXVII,VIII,CLIX,Denarius,VII,XI,CCCLXXV
Munarg,XXXV,VI,CLXXXVII,Quinarius,I,III,CLX
Munarg,XXXVI,I,CLXXXIV,Denarius,IV,VII,CCCXXVIII
Munarg,XXXVI,VI,CLVIII,Denarius,III,IX,CCCXCII
Murytub,XXXIX,XI,CLXVII,Denarius,VII,IX,DLXXXVI
Munarg,XL,II,CXVI,Aureus,VII,XXI,II
Munarg,XXXVII,VIII,CLXXXVI,Denarius,V,XXVI,CCCXXXIII
Murytub,XL,II,CXXXVII,Denarius,IV,XXIV,DXXVIII
Suilis,XXXIX,IV,XIII,Denarius,VIII,XIII,MMMDLXXXVII
Munarg,XL,VIII,CLXVII,Denarius,VI,VII,CCV
Munarg,XXXIX,IV,CXCIII,Denarius,VIII,V,CDXLVIII
Suilis,XL,VII,XVII,Denarius,V,XVIII,MMMCMXC
Muniv,XXXV,X,XXII,Denarius,IV,XVI,DXXXVI
Murytub,XXXVI,X,CXLI,Denarius,IX,III,DCLXXXI
Muniv,XXXIX,X,XXIII,Denarius,VIII,XXIX,DLXXXII
Murytub,XXXV,XI,CLXXVIII,Denarius,VI,XVI,DCLXXII
Munarg,XXXV,VIII,CVI,Quinarius,V,XIX,CLXV
Munarg,XXXVI,III,CXLIV,Quinarius,VI,VIII,CXXXVIII
Murytub,XXXIX,VIII,CLXXXIV,Quinarius,XI,II,CXXXVIII
Munarg,XXXVII,I,CLIV,Aureus,VIII,VIII,III
Suilis,XL,VI,XIII,Denarius,V,XII,MMMDCCCX
Munarg,XXXVI,VII,CLXXXI,Denarius,III,XXIV,CCCXCVIII
Murytub,XXXVII,X,CXXXIX,Denarius,VII,XXIII,DCLXVII
Muniv,XXXVIII,XI,XXX,Quinarius,V,XXX,CXLII
Murytub,XXXVII,IX,CI,Denarius,VII,XXI,DCXXX
Murytub,XXXIX,VII,CXXX,Quinarius,V,XXXI,CXXXIX
Murytub,XXXIX,III,CLXXV,Quinarius,V,VII,CXLI
Murytub,XXXVII,III,CLI,Aureus,VI,XVII,VII
Munarg,XXXV,VII,CXX,Quinarius,VI,XXVIII,CLVII
Munarg,XXXIX,XI,CXXXVII,Denarius,III,VII,CCCLXXVII
Muniv,XXXVIII,V,XX,Quinarius,VI,XXVIII,CCIII
Muniv,XXXIX,X,XXVII,Quinarius,V,XIII,CXXXI
Munarg,XXXVI,XI,CLXX,Denarius,III,XI,CDXIII
Murytub,XL,IX,CXXIV,Denarius,IX,XXIV,DXLIV
Murytub,XXXVIII,III,CCXXVI,Quinarius,VI,V,CLXXIX
Muniv,XXXV,VI,XXVI,Denarius,III,I,CDLXXIX
Murytub,XL,VII,CXXIX,Denarius,VIII,XXIV,DLXI
Munarg,XXXV,VIII,CXXVII,Denarius,V,XXII,CCCLVI
Murytub,XXXV,II,CLXV,Denarius,VII,VII,DCCXXII
Muniv,XXXVII,XI,XXV,Aureus,IX,XXIX,VI
Murytub,XXXV,XII,CLXVII,Denarius,VI,I,DCCX
Munarg,XXXV,XI,CXXXIX,Denarius,VII,XXVIII,CCCLI
Murytub,XXXVI,XII,CLXXI,Denarius,IV,XVIII,DCLXXXVII
Murytub,XXXIX,VI,CXXXVI,Denarius,III,XXX,DLX
Munarg,XL,V,CLXVII,Aureus,IV,XXX,III
Munarg,XL,III,CVIII,Denarius,VI,IX,CCXXI
Muniv,XL,V,XIX,Denarius,VII,XVIII,DXIII
Muniv,XXXVIII,XII,XXIII,Quinarius,VI,II,CXLVIII
Munarg,XXXIX,III,CLXXVII,Quinarius,VI,XIV,XLIX
Murytub,XXXV,XI,CV,Denarius,V,XX,DCCXI
Munarg,XXXVII,XII,CXCIII,Denarius,III,XVI,CCXLV
Muniv,XXXVII,III,X,Denarius,III,XII,DLXXVIII
Murytub,XXXIX,XI,CLXXXIX,Denarius,X,XI,DLXIII
Muniv,XXXVI,IV,XXVIII,Denarius,III,XXIV,DIX
Suilis,XXXIX,VII,XII,Denarius,VIII,VII,MMMMLXVII
Murytub,XXXIX,II,CXXX,Quinarius,VI,XXII,CXLI
Munarg,XXXIX,III,CXCII,Quinarius,VIII,IV,LVI
Murytub,XXXVII,VII,CXXXII,Quinarius,V,XV,CCCXLII
Muniv,XXXVII,VI,XXI,Aureus,VII,IX,V
Munarg,XXXVII,VIII,CVII,Denarius,VII,XIII,CCCV
Munarg,XXXVI,II,CLXV,Denarius,VI,XIV,CCXC
Munarg,XXXVII,IV,CLXXXI,Denarius,VIII,XV,CDXII
Munarg,XXXV,IV,CLXXXIV,Quinarius,VII,XIV,CLXV
Muniv,XL,II,XVIII,Denarius,IV,XI,DXCI
Munarg,XXXIX,X,CXXI,Denarius,VII,XXIV,CDVII
Munarg,XXXV,VII,CLXXII,Denarius,II,XXI,CCCLI
Muniv,XXXV,I,XXX,Denarius,VI,VII,CDXXXIX
Murytub,XXXVIII,IV,CIX,Denarius,V,XIV,DCXV
Suilis,XXXVI,IV,XL,Denarius,IV,VI,MMMDCXI
Muniv,XXXVIII,III,XXVII,Denarius,VII,IV,CDXC
Murytub,XXXVI,V,XCIX,Aureus,VI,XX,VIII
Atamora,XXXVI,XI,X,Denarius,III,VII,MMCMLXXXI
Munarg,XXXVI,IV,CLX,Denarius,IX,XI,CCCLXXXV
Atamora,XXXVIII,X,VII,Quinarius,IV,X,DCCIX
Munarg,XXXVII,VI,CIV,Denarius,IV,IV,CCXCVII
Muniv,XXXVIII,VIII,XXXI,Aureus,V,V,IV
Murytub,XXXV,III,CXCI,Denarius,IV,VIII,DCCVII
Murytub,XXXVIII,VII,CXXVI,Quinarius,VI,XV,CLXXVII
Munarg,XXXVIII,VII,CXL,Denarius,VI,XXVI,CCXLII
Murytub,XXXVIII,IX,LXXXVI,Denarius,VII,XXV,DCXXVI
Muniv,XXXVI,VI,XXIX,Denarius,IV,XXV,DXXXIX
Munarg,XXXIX,X,CLXXXII,Quinarius,V,I,XLII
Munarg,XXXIX,IX,CLXVIII,Quinarius,V,XXIII,XCI
Munarg,XXXVI,X,CXIX,Quinarius,IX,XXVII,CLI
Murytub,XXXV,III,CLVI,Quinarius,VII,XXVI,CCCXLVII
Murytub,XXXV,IV,CXIII,Denarius,VI,XXVI,DCLXX
Murytub,XXXVI,VII,CXL,Denarius,VII,VI,DCLXXXIX
Murytub,XXXIX,IV,CXCVI,Quinarius,VII,XXI,CXXXVI
Munarg,XXXIX,VII,CLVII,Denarius,V,XXXI,CDXXXII
Murytub,XXXVII,XI,CXXVI,Denarius,VII,XV,DCVII
Muniv,XL,III,XXXVI,Aureus,VI,IX,V
Murytub,XXXVIII,III,CIX,Denarius,IX,XIII,DXCIX
Munarg,XXXIX,X,CIX,Quinarius,VIII,XXIX,XLIV
Muniv,XXXVII,III,XXVII,Denarius,X,IV,DXC
Murytub,XXXVIII,XII,CXLII,Denarius,IV,IX,DLXXXIX
Munarg,XXXIX,IX,CLXXXI,Quinarius,V,XV,LIII
Muniv,XXXVII,X,XXIX,Denarius,VII,XXV,DXXIII
Munarg,XXXVI,VII,CXXXVIII,Quinarius,VII,XXIII,CXLI
Muniv,XL,X,XXVII,Denarius,IX,XXIV,CDXLVII
Suilis,XXXVIII,VIII,XVI,Quinarius,IV,I,MVII
Munarg,XL,IX,CLXIII,Quinarius,IX,XXIV,XLV
Muniv,XXXV,XII,XXI,Quinarius,IV,XIV,CCLVI
Munarg,XXXIX,V,CX,Quinarius,VII,XX,LXXIX
Munarg,XXXV,XII,CXXIX,Quinarius,VII,XIII,CXCVIII
Munarg,XXXIX,I,CXVI,Denarius,V,XI,CDXIV
Murytub,XXXVII,X,CXLIX,Denarius,II,XII,DCXL
Munarg,XL,IX,CXLI,Quinarius,VII,V,CIII
Muniv,XXXVI,VII,XXX,Denarius,VI,XXVII,CDLXXXVIII
Murytub,XXXVII,XI,CXVII,Denarius,V,IV,DCXX
Muniv,XXXVIII,XII,XX,Denarius,VII,XXXI,DXCIX
Murytub,XL,XI,CXXVIII,Denarius,III,IV,DLXXV
Muniv,XL,II,XX,Quinarius,V,XXIX,CXXIV
Munarg,XXXV,XII,CXVIII,Denarius,VII,VII,CCCXI
Munarg,XXXV,VI,CLXXX,Denarius,VI,XVI,CCCLXXXIV
Suilis,XXXV,III,XVIII,Denarius,VI,XIII,MMMCLIV
Munarg,XXXV,V,CXCIV,Quinarius,V,VI,CLVIII
Suilis,XL,III,XVII,Denarius,VI,III,MMMDCCII
Munarg,XXXVI,VIII,CL,Denarius,VI,XIX,CCXCII
Murytub,XXXVI,IV,CLXXVII,Denarius,IV,XXI,DCCXX
Muniv,XXXIX,IX,XXI,Quinarius,VII,XXVI,CVIII
Muniv,XXXIX,XI,XXVI,Aureus,VII,IV,IV
Muniv,XXXVII,XII,XXVIII,Aureus,IV,VIII,V
Munarg,XXXIX,I,CLXXX,Denarius,VII,XXXI,CCLXXIII
Murytub,XXXIX,V,CXLIV,Quinarius,V,XXIV,CXXVI
Murytub,XXXV,I,CLXII,Denarius,VI,XXIII,DCLXXIII
Murytub,XXXV,IX,CXLVI,Quinarius,VI,XIV,CCCXXXIX
Murytub,XXXV,VIII,CCIV,Denarius,V,IV,DCLII
Munarg,XXXVI,X,C,Aureus,V,X,III
Muniv,XXXV,XII,XXIII,Denarius,VII,XVII,CDXCIX
Suilis,XXXVII,IX,XIV,Quinarius,VI,XXIV,MCDXLIII
Atamora,XXXVI,I,XI,Denarius,V,XIX,MMMDCCCIV
Munarg,XXXVI,XII,CXCI,Denarius,VIII,XV,CCCLXXXI
Suilis,XL,IV,XXVI,Denarius,V,XXX,MMMDCXXVIII
Murytub,XXXVI,XI,CLXII,Denarius,VII,XXIII,DCXXXI
Munarg,XXXIX,XII,CXCVI,Denarius,IX,XXVI,CDXLII
Munarg,XXXVI,VII,CXIII,Denarius,VII,XXIII,CCCXXVIII
Muniv,XXXIX,II,XXX,Quinarius,V,XIV,LXXXVII
Munarg,XXXVIII,X,CXLI,Denarius,VI,XXIX,CCXXXIX
Munarg,XXXVII,VI,CLIX,Quinarius,VIII,XXVI,CLIX
Munarg,XXXVIII,III,C,Denarius,VI,V,CCLIV
Munarg,XXXIX,VII,CLXIII,Denarius,VII,III,CCLXV
Murytub,XXXVII,VIII,CXCVIII,Denarius,IV,XVIII,DCXXIX
Suilis,XXXVII,VII,XVI,Quinarius,IV,II,MCCXL
Munarg,XL,VI,CXLV,Denarius,VII,XVII,CLXXXVII
Munarg,XXXVII,X,CLXXIX,Quinarius,IX,II,XCIX
Munarg,XXXVIII,I,CXLIII,Denarius,IV,XXIV,CCLXXXIX
Munarg,XXXIX,III,CLXXXIX,Quinarius,VIII,XVIII,LVIII
Muniv,XXXVIII,XI,XXVII,Denarius,IV,XXIX,DLIV
Murytub,XXXIX,VI,CXIX,Denarius,V,I,DCX
Muniv,XXXVI,VII,XXIII,Aureus,IV,II,V
Murytub,XXXVII,II,CLXXXII,Denarius,V,XXVIII,DCCXLIII
Murytub,XXXVI,X,CXLVI,Denarius,VIII,XXI,DCLV
Munarg,XXXV,IV,CLXXI,Denarius,V,XXV,CCCLIII
Munarg,XL,IX,CXCVIII,Denarius,VIII,XIII,CLXXXVI
Muniv,XXXIX,I,XXII,Denarius,V,XII,DXLV
Munarg,XXXVII,VII,CXLVIII,Denarius,VI,I,CCCXVIII
Munarg,XL,III,CLXXXI,Denarius,VI,XXVI,CCCLXXXV
Murytub,XXXVI,VIII,CII,Denarius,VI,XXIX,DCLXX
Munarg,XXXV,VIII,CV,Quinarius,V,XXVIII,CLI
Murytub,XXXIX,VIII,CLIII,Quinarius,IV,XIX,CXXXV
Murytub,XXXVI,II,CCXVI,Denarius,VII,XVI,DCLXXIV
Murytub,XXXVII,IV,CXXI,Denarius,V,II,CMXV
Munarg,XXXVII,IV,CXVII,Denarius,VI,XXVII,CCCXLIV
Munarg,XXXVI,XI,CIX,Denarius,VII,XVI,CCLXVI
Murytub,XXXVI,XI,CLIX,Quinarius,II,III,CCL
Munarg,XXXVI,XII,CLXXVI,Aureus,VII,XXV,IV
Murytub,XXXVII,VIII,LXXV,Denarius,V,XXVIII,DCXXXIX
Murytub,XL,XII,CXXX,Denarius,VI,XXV,DXCI
Atamora,XL,VII,V,Quinarius,IV,VII,DCCVI
Munarg,XXXIX,XI,CLXX,Quinarius,X,VI,XCVII
Munarg,XXXV,II,CLXVI,Denarius,IV,X,CCCXLVI
Atamora,XXXVI,VIII,IX,Denarius,IV,XI,MMCDXVII
Munarg,XXXVI,III,CXV,Denarius,VII,II,CCCXII
Murytub,XXXVIII,V,CXLVII,Quinarius,IX,XXIV,CLXXXIII
Murytub,XL,X,CXLVI,Denarius,VI,I,DLX
Munarg,XXXVIII,VI,CXIII,Denarius,IX,VII,CDXVIII
Suilis,XXXV,X,XXXVII,Quinarius,VII,II,MDCCXI
Murytub,XL,XII,CLXXII,Quinarius,VII,XXI,CX
Munarg,XXXVII,II,CLXXVII,Denarius,IV,XVIII,CCLXXIV
Munarg,XXXVII,I,CLXX,Quinarius,VI,XI,CXXIII
Murytub,XL,III,CXXXVII,Quinarius,VII,II,CXXVI
Muniv,XXXVI,II,XXI,Aureus,VIII,XII,VI
Munarg,XXXVII,II,CXXXVI,Aureus,VIII,XXI,III
Munarg,XL,V,CXCIX,Denarius,IV,XXX,CCCXCIII
Muniv,XXXVI,XII,XXXII,Denarius,IV,XXIX,DVII
Muniv,XXXVIII,IX,XXXV,Denarius,VII,IV,DIX
Munarg,XXXIX,VI,CLVIII,Denarius,VII,XXVII,CCLXIV
Munarg,XL,XII,CXCIII,Denarius,III,XVII,CDI
Murytub,XL,IV,CXXXVII,Aureus,VII,VIII,V
Murytub,XXXIX,II,CLXXV,Aureus,VI,XVI,V
Munarg,XXXVI,IV,CXXII,Denarius,VIII,XIV,CCCXXIX
Murytub,XXXIX,IX,CLXI,Denarius,V,XVIII,DXLVII
Munarg,XXXVII,IV,CLXXXIV,Denarius,VI,XXIII,CCCXLII
Murytub,XXXIX,IX,CLXXXIV,Quinarius,VII,XVI,CXXX
Murytub,XXXVIII,IX,CLXXIX,Quinarius,VII,XXVI,CLXX
Suilis,XXXVIII,VII,XXIII,Quinarius,VI,XXIII,MXXIII
Murytub,XXXV,VIII,CXXII,Quinarius,VII,XI,CCCXXXVI
Murytub,XXXIX,XII,CLXXXI,Aureus,V,XXXI,VI
Munarg,XXXV,I,CLXIX,Quinarius,VIII,II,CXCVI
Murytub,XL,IV,CXXXVII,Denarius,VII,VII,DLXXXVI
Munarg,XXXVIII,V,CXX,Quinarius,IV,XXX,LXXXVI
Munarg,XL,III,CLI,Denarius,VI,XII,CCXXIX
Muniv,XL,XI,XXIX,Denarius,VI,XXVI,CDXC
Munarg,XXXVII,IV,CI,Aureus,VI,VII,III
Munarg,XXXVI,XI,CXVI,Denarius,V,XXI,CCCXXIX
Munarg,XL,IV,CXXV,Denarius,VIII,XIV,CDLXII
Murytub,XXXVIII,V,CLI,Quinarius,V,XIV,CCXVI
Murytub,XL,VII,CXXXVII,Quinarius,VII,I,CXXIX
Murytub,XL,V,CLXIII,Quinarius,III,II,CXXIII
Munarg,XXXIX,VII,CXXXIV,Quinarius,VIII,XXVI,LXI
Munarg,XXXVI,IV,CXLVII,Quinarius,VIII,XXX,CXXXVIII
Suilis,XXXVII,III,XLII,Denarius,IV,XXIX,MMMDCCXLIV
Munarg,XL,VIII,C,Denarius,VI,XI,CCCLXXXI
Munarg,XXXV,VIII,CXXXIV,Denarius,V,XIX,CCCXIII
Murytub,XXXV,V,CXXIX,Denarius,IV,XII,DCXLIV
Muniv,XL,III,XXX,Denarius,VI,III,DCIII
Muniv,XXXV,X,XXXII,Denarius,V,XIII,CCCLXXXII
Munarg,XXXV,II,CLXII,Denarius,VI,XXVIII,CCCVIII
Muniv,XXXVI,I,XXVI,Denarius,V,XV,DX
Murytub,XXXIX,I,CXXXIII,Aureus,VI,III,V
Suilis,XXXIX,II,LVIII,Quinarius,IV,XII,DCCCXCVIII
Murytub,XXXVII,XII,CLIX,Aureus,VII,XI,VI
Munarg,XXXV,X,CXIII,Quinarius,IV,XXVII,CLXVI
Munarg,XXXVII,IV,CLXXXVII,Denarius,VI,V,CCCLI
Munarg,XXXVII,X,CXCII,Denarius,VII,X,CCCLX
Muniv,XXXVI,X,XXXIV,Aureus,IX,XXVII,V
Atamora,XXXV,VIII,XVI,Denarius,VII,XXX,MMMDCLXVII
Munarg,XXXVI,II,CXLVIII,Quinarius,IV,XXVII,CLXIX
Munarg,XXXV,VII,CXLV,Quinarius,IX,X,CCV
Murytub,XXXVI,IV,CXCI,Denarius,IX,XI,DCXXXIV
Munarg,XXXVI,IV,CLXXII,Denarius,V,XIX,CCCXLV
Muniv,XXXIX,II,XV,Denarius,VI,V,DXL
Murytub,XXXIX,VI,CLVII,Denarius,IV,XXI,DLXXX
Munarg,XXXVI,XII,CLXII,Denarius,VIII,XX,CDV
Muniv,XXXVIII,IX,XXV,Denarius,VII,XVIII,CDLXV
Murytub,XXXIX,VII,CXXXII,Denarius,V,XXX,DCXXIII
Munarg,XXXVII,XII,CLIX,Denarius,VI,XIII,CDXIV
Munarg,XXXVII,V,CLVII,Denarius,IV,XXX,CCCI
Munarg,XXXVI,VI,CVI,Denarius,VI,XXVI,CCCLXXXIII
Munarg,XXXVIII,XII,CLXXV,Quinarius,VII,XXXI,XCIV
Muniv,XXXIX,V,XXVII,Denarius,VII,XIV,CDXXV
Munarg,XXXVII,XII,CXCVIII,Aureus,VII,I,IV
Munarg,XXXIX,XI,CVI,Denarius,VI,XVIII,CCI
Murytub,XXXVI,V,CXLI,Quinarius,VII,VI,CCLXXXV
Muniv,XXXVIII,XI,XXXI,Denarius,IV,XXVIII,DIX
Munarg,XXXIX,III,CLXXIX,Denarius,VI,XXVIII,CCLII
Munarg,XL,VIII,CLXXI,Denarius,IV,VI,CCXXI
Suilis,XL,XI,XVII,Denarius,IV,XXIX,MMMDCCCVI
Murytub,XXXIX,VIII,CLIX,Denarius,IX,XXXI,DXX
Munarg,XXXVI,IX,CXLI,Denarius,IV,XVIII,CCCXIX
Murytub,XXXIX,X,CLXI,Quinarius,VII,XXVII,CXXIX
Murytub,XXXVI,XI,CLXVI,Quinarius,VI,IX,CCL
Muniv,XL,X,XVII,Quinarius,VIII,IX,CI
Murytub,XXXVIII,V,CXLVIII,Quinarius,VI,I,CCIX
Muniv,XXXV,IX,XXIX,Denarius,VIII,XXVIII,CDXC
Murytub,XXXVIII,VII,CXX,Aureus,VI,XXIII,VI
Murytub,XXXVIII,IV,CCV,Denarius,V,XXVI,DCXIX
Suilis,XXXIX,II,XVIII,Quinarius,VIII,VIII,DCCCLXXX
Muniv,XL,IX,XXIX,Aureus,VII,XXII,III
Munarg,XXXV,VI,CI,Quinarius,VI,XXX,CLXX
Munarg,XL,XI,CXXXVIII,Denarius,VI,IX,CXC
Murytub,XXXVI,II,CLXXVIII,Quinarius,VII,XVI,CCCXII
Murytub,XL,VIII,CXII,Quinarius,VII,XXV,CXXII
Murytub,XXXVIII,VI,CXXXVI,Aureus,IX,XV,VII
Muniv,XXXVI,X,XVIII,Denarius,V,X,DLIII
Munarg,XXXV,VIII,CLIII,Denarius,V,XV,CCCLXII
Munarg,XL,II,CXVII,Aureus,V,I,IV
Suilis,XXXV,VI,XIII,Quinarius,IV,XV,MDCXXXVIII
Munarg,XXXIX,IV,CLXIX,Denarius,VIII,XXX,CCLXXII
Muniv,XXXVI,VII,XVIII,Denarius,VIII,X,D
Muniv,XXXVI,XII,XXIX,Quinarius,IV,XVIII,CLXVII
Murytub,XXXV,VI,CLXXXV,Quinarius,VI,IX,CCCXXXIII
Muniv,XL,VII,XXXIII,Denarius,V,XVIII,DLI
Muniv,XL,V,XXI,Denarius,VI,I,DXXXV
Munarg,XXXVIII,XII,CV,Denarius,VII,XXIV,CDXXX
Muniv,XXXVI,VI,XXVII,Denarius,VI,XXVI,D
Muniv,XXXVII,X,XXIX,Quinarius,V,XV,CLXXIV
Murytub,XL,II,CLII,Quinarius,V,XIV,CXXXI
Murytub,XXXVI,VI,CLV,Denarius,VII,VII,DCXL
Munarg,XXXVIII,VIII,CXLVII,Denarius,V,III,CCLXIII
Munarg,XL,III,CXCV,Denarius,VI,XII,CCVI
Munarg,XXXIX,X,CXVII,Quinarius,VII,IV,XCVII
Munarg,XXXVIII,IV,CIX,Denarius,VI,VII,CDV
Munarg,XXXVII,II,CXCI,Aureus,VI,XIII,IV
Munarg,XXXV,III,CXXXIX,Denarius,VII,XX,CCCII
Murytub,XXXVI,X,CLXXIV,Denarius,VII,XXXI,DCXXVII
Muniv,XXXIX,VI,XXVIII,Quinarius,V,XXVIII,CXLI
Murytub,XL,III,CLX,Denarius,VI,XXXI,DLXXIV
Munarg,XXXVIII,II,CXXXVIII,Quinarius,VIII,XI,CXXXIII
Murytub,XXXVI,VII,CXIII,Denarius,VI,XII,DCXVII
Murytub,XL,II,CLXXVI,Quinarius,IX,XXVIII,CXXXVIII
Murytub,XXXVI,VI,LXXXVIII,Denarius,IV,XI,DCLXXV
Munarg,XL,VIII,CLXXVII,Denarius,IV,XX,CXCVIII
Murytub,XXXVII,VI,CIII,Quinarius,V,X,CCCLVIII
Munarg,XL,V,CXLIV,Quinarius,VII,XX,L
Munarg,XXXVI,XI,CXVIII,Aureus,VIII,XXIX,III
Munarg,XXXVI,V,CVIII,Denarius,IX,XXVII,CCXCIX
Murytub,XXXIX,V,CXVI,Quinarius,VIII,XVII,CXXXII
Muniv,XXXV,XI,XIII,Denarius,VI,XI,CDLXIII
Murytub,XXXV,XI,CXLIV,Aureus,VI,VIII,VIII
Murytub,XXXVIII,II,LXXVIII,Quinarius,VII,XIX,CLXVI
Munarg,XXXV,III,CXIX,Denarius,IX,V,CCCXXXVI
Muniv,XL,IV,XXVI,Quinarius,VII,XXIX,XCVIII
Munarg,XXXV,V,CXXX,Quinarius,V,XXXI,CLXX
Murytub,XXXVII,VI,CXXX,Quinarius,VII,XIII,CDV
Munarg,XXXVI,II,CXV,Quinarius,VI,XIV,CXXXIX
Munarg,XXXVI,IV,CLII,Quinarius,VI,VII,CLIV
Murytub,XL,VI,CX,Quinarius,VI,XXII,CXIV
Munarg,XL,X,CLXXXVII,Denarius,VI,II,CCXXI
Suilis,XL,VIII,XIII,Quinarius,VI,II,DCCCLXXXIX
Munarg,XL,III,CLIII,Aureus,VI,XIX,III
Atamora,XXXVII,VII,X,Denarius,VIII,XXXI,MCMXCVI
Murytub,XXXVII,X,CX,Quinarius,VII,IX,CCXXXVI
Munarg,XXXVI,VIII,CL,Denarius,VI,XIII,CCCXCVII
Atamora,XXXVII,I,IX,Denarius,VII,XVII,MMCMXLVII
Murytub,XL,XII,CXXI,Denarius,V,XVIII,DLIX
Muniv,XXXVI,VI,XXI,Denarius,VIII,XII,DXXXIX
Munarg,XXXVII,IV,CXIX,Quinarius,VIII,X,CLXIII
Muniv,XL,VII,XIX,Denarius,VI,XII,DCXVIII
Muniv,XXXVIII,III,XXXII,Denarius,VI,II,CDXXXII
Munarg,XXXVII,VII,CVI,Denarius,IV,III,CCCXCVI
Murytub,XXXVIII,XII,CCXIV,Denarius,VI,II,DCIX
Munarg,XXXIX,I,CIV,Quinarius,VIII,II,LI
Muniv,XXXIX,III,XXIII,Denarius,V,XXII,CDXXXV
Murytub,XXXIX,X,CXXVI,Quinarius,V,XIII,CXX
Munarg,XXXVI,VIII,CXXXVI,Quinarius,VIII,XVI,CXIV
Munarg,XXXVII,XII,CLX,Denarius,VI,XXVIII,CCXLVI
Munarg,XXXV,II,CXVI,Denarius,VII,XXIV,CCCVII
Murytub,XXXVI,II,CLXIX,Denarius,V,X,DCXCI
Muniv,XL,V,XXIII,Denarius,VII,IV,D
Munarg,XXXVI,I,CLXXV,Denarius,VII,XXII,CCCLXXIX
Murytub,XXXVIII,XI,CLXXV,Quinarius,V,II,CLXII
Murytub,XXXVIII,I,CXL,Aureus,V,XXIII,VI
Murytub,XXXVI,IV,CXXVII,Quinarius,V,XXVII,CCLXXXII
Munarg,XXXVII,IV,CXXXV,Denarius,I,XXIV,CCL
Munarg,XXXVII,VI,CLIV,Denarius,VI,I,CCCLXIII
Murytub,XXXVI,II,CXIII,Denarius,VIII,XII,DCXXXIV
Munarg,XL,I,CX,Quinarius,VI,XXIII,XCII
Munarg,XL,VIII,CXC,Denarius,VIII,XXII,CCCLXV
Muniv,XXXVII,XII,XXVIII,Denarius,IV,VIII,DIII
Murytub,XXXVII,II,CXLIX,Denarius,VI,X,DCLII
Munarg,XL,IX,CVII,Aureus,IX,XI,II
Munarg,XXXIX,IX,CXIV,Denarius,IV,XIV,CCXXVI
Suilis,XL,I,XVI,Aureus,VI,V,XXXVIII
Murytub,XXXIX,I,CCVIII,Aureus,VII,XIV,V
Muniv,XXXVI,IV,XXXIII,Denarius,VIII,XIII,CDLXXIX
Murytub,XL,VIII,CLXVII,Denarius,VIII,XXII,DLV
Munarg,XXXVI,IV,CLII,Denarius,III,XXIII,CCCVI
Murytub,XXXVI,XII,CLXXV,Denarius,V,VII,DCXXVII
Muniv,XXXV,VIII,XXIV,Quinarius,V,XXVI,CCXXXV
Murytub,XXXVII,IV,CXI,Denarius,VI,XXV,DCCCLXXXIV
Suilis,XXXV,X,XI,Quinarius,VIII,XXIX,MDCCLXXIII
Murytub,XL,VIII,CLXXVII,Denarius,VI,XI,DLXXIV
Munarg,XXXV,XII,CLIX,Quinarius,V,XXXI,CLXV
Murytub,XXXIX,X,CXLIV,Aureus,VI,XXIII,VI
Munarg,XXXVIII,XII,CLI,Quinarius,V,XX,CX
Munarg,XXXV,XI,CLII,Quinarius,VII,X,CLXXVI
Murytub,XXXVII,I,CLVI,Denarius,IX,X,DCXXXII
Muniv,XXXV,XII,XXVIII,Denarius,IV,XXVIII,CDXVIII
Munarg,XL,IV,CXXV,Aureus,IV,XV,III
Munarg,XXXIX,I,CLV,Denarius,V,XII,CCXXX
Murytub,XXXV,IX,CLXXXIX,Denarius,VII,I,DCCXVII
Suilis,XXXVIII,III,XXX,Denarius,V,VII,MMMDCCX
Munarg,XXXVI,VIII,CLXIX,Quinarius,VII,XXII,CXXIX
Munarg,XXXV,I,CXXXIII,Denarius,V,XX,CCCXCVIII
Murytub,XXXVII,VII,LXXXIII,Denarius,IV,XXVII,CMLIII
Munarg,XXXIX,X,CLXXXI,Quinarius,VI,XXV,XLVII
Munarg,XL,XI,CXL,Denarius,XI,XVII,CDLIII
Murytub,XXXVIII,XII,CXLI,Quinarius,V,I,CLXV
Munarg,XL,II,CLXXXVII,Denarius,V,XV,CCXXVIII
Suilis,XXXIX,XII,XI,Denarius,V,XXIII,MMMMCXVII
Munarg,XXXVIII,IX,CLXVIII,Denarius,VI,II,CCLIII
Munarg,XXXIX,V,CXIV,Denarius,VII,XX,CCX
Murytub,XXXVII,VI,CXIII,Denarius,III,XXV,CMXIX
Muniv,XXXVI,IV,XXI,Denarius,IV,XX,DXLIII
Muniv,XXXVIII,XI,XXV,Quinarius,V,VIII,CXXVI
Murytub,XXXVII,III,CXXXV,Quinarius,VI,I,CCLXXXIII
Murytub,XXXVIII,IV,CXXXII,Denarius,V,XXIX,DCXL
Murytub,XL,X,CXLII,Quinarius,IX,VI,CVI
Munarg,XXXVI,XI,CLIX,Quinarius,VI,XXVIII,CXXVII
Muniv,XXXIX,VIII,XXIII,Denarius,V,XXII,DXLVIII
Munarg,XXXVIII,X,CXCVIII,Denarius,VI,V,CCLXXII
Murytub,XL,X,CXXIII,Denarius,V,X,DXCI
Munarg,XXXVII,V,CLXXIX,Denarius,VIII,X,CCCLXXXV
Murytub,XXXVII,IV,CLXXXIII,Denarius,IV,XIX,CMXX
Muniv,XXXVI,X,XXI,Denarius,V,X,DXXXVIII
Suilis,XXXVIII,VI,XVIII,Quinarius,VII,VI,MLXXVIII
Munarg,XXXVII,III,CLXXI,Denarius,VI,I,CDXIV
Munarg,XXXVI,V,CVIII,Denarius,III,XXII,CCCXXXVII
Suilis,XXXVI,X,XII,Denarius,II,V,MMMDLXV
Suilis,XXXIX,V,XXIII,Quinarius,VIII,VIII,DCCXCVIII
Munarg,XXXVII,X,CXXXIV,Denarius,IX,XXIX,CCCLXI
Muniv,XXXV,II,XVIII,Denarius,V,XVI,CDVI
Muniv,XXXIX,XI,XXVII,Denarius,VIII,XIII,DLXXXV
Suilis,XXXV,XI,XVIII,Denarius,III,V,MMMCDLXXXIII
Munarg,XXXVI,III,CXIV,Denarius,VI,X,CCCXVI
Atamora,XXXVI,III,VII,Denarius,VII,XXVIII,MMDCCLXXIV
Muniv,XXXVIII,XI,XXVI,Denarius,VII,VI,DXXVI
Muniv,XXXVIII,VII,XXXV,Denarius,V,XIX,DLXVII
Munarg,XL,VIII,CXCVIII,Quinarius,V,XIII,LI
Murytub,XXXVII,IX,CLXXI,Denarius,VII,VIII,DCLXIII
Suilis,XXXIX,IV,CXIV,Denarius,VIII,XI,MMMDCXXII
Murytub,XXXVI,VIII,CXCIX,Denarius,VII,VII,DCLXIX
Munarg,XXXVIII,XII,CXLV,Denarius,VI,XVI,CCCXLVII
Murytub,XXXVI,IV,CLXIII,Denarius,V,XVII,DCLXVII
Munarg,XXXVIII,XII,CI,Quinarius,VI,II,LXX
Munarg,XXXVIII,VI,CLXV,Aureus,IV,XIV,III
Munarg,XXXVII,VIII,CXCIII,Denarius,IX,XXV,CCCXXXIII
Muniv,XXXVI,V,XXII,Denarius,VI,XVI,CDXXXI
Munarg,XXXIX,VII,CXVII,Denarius,IV,VIII,CCIII
Munarg,XXXVI,XI,CLVII,Aureus,III,VII,III
Munarg,XXXIX,VII,CXXXV,Denarius,VII,V,CDIV
Atamora,XXXVII,VII,IX,Denarius,III,XIII,MDCCCLVI
Munarg,XL,IX,CXX,Quinarius,VI,XXI,XLII
Munarg,XXXV,VIII,CLXXXV,Denarius,VI,XXV,CCCXVII
Munarg,XXXVIII,X,CLV,Quinarius,VI,XXVI,LXXIX
Murytub,XXXVI,I,CXIX,Aureus,VIII,XXV,VIII
Munarg,XXXVII,VIII,CXCVI,Aureus,VII,XI,IV
Muniv,XXXIX,III,XXII,Denarius,V,IX,DLVIII
Munarg,XXXVII,II,CXCVI,Quinarius,VIII,VII,CXXXIII
Munarg,XXXV,II,CXII,Denarius,V,XIII,CCCXI
Suilis,XXXVII,IV,XI,Denarius,V,XXII,MMMCCLIV
Murytub,XXXVII,I,CCXII,Denarius,VI,V,DCXLIX
Munarg,XXXIX,IX,CLVIII,Quinarius,VI,XI,XLVIII
Munarg,XXXIX,X,CLXXXIV,Aureus,V,XIII,II
Murytub,XL,I,CXXVIII,Quinarius,V,XXIX,CXXXVII
Munarg,XXXVII,II,CLXXVI,Denarius,VI,XI,CCLXVIII
Munarg,XXXVIII,VII,CLI,Denarius,V,X,CDXXXIV
Munarg,XXXIX,IV,CXXIV,Quinarius,V,VII,LVII
Munarg,XXXVII,VIII,CLIII,Denarius,IV,VII,CCLXVIII
Muniv,XXXVII,XI,XXIV,Denarius,V,XXIV,CDLXIII
Murytub,XXXV,VI,CLVII,Denarius,VII,VI,DCCXXIII
Murytub,XXXVIII,IV,CXL,Denarius,VI,XXIII,DCLVI
Suilis,XXXV,VII,XXXIII,Denarius,V,XXVII,MMMDXVI
Munarg,XXXVIII,II,CI,Denarius,VII,XXIV,CD
Munarg,XXXVIII,X,CLIX,Aureus,X,XXI,III
Munarg,XXXV,V,CVI,Denarius,VII,XV,CDII
Suilis,XXXVII,VIII,LIX,Denarius,IV,VIII,MMMDCCLXXXII
Suilis,XXXV,VII,XI,Denarius,VI,XIV,MMMCDXCIX
Murytub,XXXVIII,IV,CLII,Denarius,VI,VII,DCXLII
Munarg,XXXV,V,CXXXIX,Denarius,IV,XII,CCXCIII
Munarg,XL,I,CXXII,Quinarius,VI,XIV,CVIII
Munarg,XXXIX,XII,CXXIV,Denarius,VIII,II,CXCIX
Muniv,XXXIX,I,XXIV,Denarius,V,XII,DXXIX
Munarg,XXXVI,VIII,CI,Quinarius,VIII,XVI,CXVII
Munarg,XXXVIII,XI,CLIII,Denarius,IV,XVIII,CDXXXI
Muniv,XXXIX,I,XVIII,Denarius,VII,XXXI,CDLIX
Munarg,XXXVIII,II,CXX,Quinarius,VII,XXVI,XC
Murytub,XXXVII,IX,CLIV,Quinarius,V,XIII,CCLXXI
Munarg,XXXVI,X,CLXVIII,Denarius,II,V,CCCXCVIII
Murytub,XXXVII,XI,CLVIII,Aureus,IX,XXIX,VI
Munarg,XXXVIII,VI,CXXVII,Denarius,VII,II,CCXLI
Murytub,XXXVI,XII,CLXXVII,Denarius,IV,XVII,DCXCVI
Murytub,XXXIX,II,CLXXIV,Denarius,V,XIV,DXCIX
Murytub,XXXVI,VII,CXXXVI,Denarius,V,VIII,DCXCVII
Munarg,XXXVIII,VI,CXV,Denarius,IV,IV,CCXLIII
Munarg,XXXVIII,XI,CLXXI,Quinarius,IV,XV,LIX
Munarg,XXXVI,I,CLXVI,Denarius,IV,XXVI,CCCXIX
Muniv,XLI,I,XXVIII,Denarius,VI,I,CDXIV
Murytub,XL,IV,CXC,Denarius,III,XIX,DLXIII
Munarg,XXXVIII,XI,CXCIII,Denarius,V,IX,CDII
Muniv,XXXV,IV,XXVII,Quinarius,VI,XVI,CCLVIII
Munarg,XXXVIII,VIII,CXXVII,Quinarius,VII,XXVII,LXXVII
Murytub,XXXVIII,X,CII,Quinarius,VII,IX,CLIX
Murytub,XXXIX,XI,CXC,Denarius,VI,XVIII,DXXXVI
Suilis,XXXIX,V,XIV,Denarius,VII,X,MMMDCCL
Munarg,XXXVII,X,CLX,Quinarius,VI,III,CXLVI
Murytub,XXXVII,V,CXLVII,Denarius,VIII,X,DCCCXCI
Murytub,XXXVIII,II,CXLII,Denarius,IV,V,DCXXVII
Atamora,XXXVII,I,X,Denarius,V,XXIII,MMDLVIII
Murytub,XXXVII,V,CLV,Denarius,VI,XVII,CMLII
Munarg,XXXV,V,CXXXVII,Denarius,VI,XVIII,CCCII
Murytub,XL,V,CXXVIII,Denarius,VIII,XVII,DLXII
Munarg,XXXVIII,XI,CXXXIV,Denarius,VII,XVI,CCCLXXXII
Murytub,XXXV,VII,CXVII,Denarius,III,XVI,DCCII
Muniv,XXXIX,XI,XXVII,Quinarius,X,VI,CXXVII
Murytub,XXXV,XII,CXXIII,Denarius,IV,IV,DCLXXI
Atamora,XXXVI,VIII,X,Aureus,VII,I,XXXVI
Muniv,XXXIX,XII,XXV,Quinarius,V,XXI,CXXIII
Muniv,XXXVIII,VI,XV,Denarius,V,XXIX,DLXVIII
Munarg,XL,IX,CXXXIV,Denarius,VII,I,CCIII
Murytub,XXXV,IX,CXXXIV,Denarius,IV,VI,DCXCV
Munarg,XXXIX,VII,CLV,Quinarius,V,VI,LXII
Murytub,XXXV,XII,CLXVII,Quinarius,IV,XV,CCXCIX
Munarg,XXXIX,III,CLXXVIII,Aureus,VIII,XXX,II
Munarg,XXXVII,VI,CXC,Aureus,V,X,IV
Munarg,XXXV,XII,CLXXI,Denarius,IV,XXIII,CCCXXXIII
Muniv,XXXIX,XII,XXII,Quinarius,IV,XVII,CXXVI
Murytub,XXXIX,IX,CLIII,Denarius,V,XXIII,DCI
Munarg,XXXIX,III,CLXXVI,Denarius,II,XXI,CDV
Murytub,XXXVI,XI,CLXXX,Denarius,VIII,VIII,DCLV
Muniv,XXXIX,IX,XXI,Denarius,V,XXII,CDLXV
Munarg,XXXIX,XI,CLXXXIV,Quinarius,VII,XXV,LI
Munarg,XXXVII,II,CXVIII,Aureus,VII,XXVII,IV
Munarg,XL,II,CXCV,Denarius,VII,XVIII,CCXXXII
Muniv,XXXVII,V,XXI,Denarius,V,XI,CDXXXV
Munarg,XL,III,CVII,Denarius,VII,II,CCCLXXVII
Munarg,XL,I,CLIX,Quinarius,II,XVIII,XCVIII
Murytub,XXXVI,VIII,CLI,Aureus,V,XX,VII
Murytub,XL,II,CXXIV,Denarius,IV,IX,DCXIII
Muniv,XXXVIII,XII,XXIII,Denarius,VI,II,CDLXII
Murytub,XXXVIII,V,CLIV,Denarius,V,XIV,DCXLI
Murytub,XXXVII,I,CLXII,Quinarius,IV,XXVII,CCLXI
Muniv,XXXVI,II,XXVII,Denarius,IV,XIII,CDXCII
Murytub,XXXVIII,X,CXLIX,Denarius,IV,X,DLXXXIII
Murytub,XL,IV,CLII,Denarius,III,XIX,DXXXIV
Murytub,XXXV,II,CVII,Denarius,VIII,VIII,DCLXVIII
Munarg,XXXVII,V,CXLV,Denarius,IV,XII,CCCLXIX
Muniv,XXXVI,VI,XXIII,Denarius,VIII,XVII,DXXI
Munarg,XXXVII,V,CLXI,Quinarius,VII,XXIX,CXLVIII
Munarg,XXXVI,II,CXCVI,Denarius,V,II,CCCLXII
Munarg,XL,IX,CLVIII,Denarius,VI,XX,CXC
Munarg,XXXVIII,II,CLXXIII,Aureus,IX,XX,III
Murytub,XXXIX,I,CLXIX,Denarius,V,XVII,DLXXXIII
Munarg,XL,III,CLVII,Denarius,VI,XXXI,CCII
Munarg,XXXVI,X,CLXXXIII,Denarius,II,V,CCLXXXI
Murytub,XXXVII,IV,CXXXIX,Denarius,V,II,DCCCXX
Munarg,XXXVIII,XII,CIII,Quinarius,VIII,XXVI,CVI
Munarg,XL,XI,CXLV,Denarius,V,XXV,CDXXXI
Munarg,XXXIX,XII,CXXIX,Denarius,IX,XXVI,CCCLXII
Munarg,XXXVII,X,CLXXXVII,Denarius,IV,XXIV,CCLXVI
Murytub,XXXVI,VIII,CLXXXII,Denarius,VI,XVIII,DCXXII
Munarg,XL,IV,CXXXIV,Denarius,VII,XXIV,CCCLXXX
Munarg,XXXVII,X,CXXIV,Aureus,IV,XVII,III
Munarg,XL,XI,CV,Quinarius,XI,XVII,LXXXVI
Munarg,XXXV,IV,CLXXIX,Quinarius,VI,XXI,CCII
Munarg,XL,VIII,CLVII,Quinarius,VI,XII,XLVIII
Murytub,XL,XII,CXV,Denarius,VII,XXII,DXXIV
Munarg,XXXVI,XI,CLXXXV,Quinarius,VI,XIII,CXXXVI
Munarg,XXXVI,II,CXCVIII,Denarius,VIII,XXI,CCCXXXVIII
Murytub,XL,VIII,CXII,Denarius,VII,I,DLXXXI
Munarg,XXXVIII,IX,CLI,Denarius,VII,XX,CCXXXV
Munarg,XXXV,X,CI,Quinarius,IV,XXXI,CXCVIII
Munarg,XXXV,X,CLVII,Quinarius,V,XX,CCIII
Murytub,XXXVI,III,CXL,Quinarius,VIII,XXV,CCLXXX
Murytub,XXXVI,II,CXLIII,Aureus,VII,V,VIII
Atamora,XXXV,VII,X,Aureus,V,XXVII,XXXIX
Munarg,XXXVIII,VII,CVII,Denarius,II,VIII,CCLXIX
Munarg,XXXVI,II,CLXXI,Denarius,V,I,CCCXXXVI
Suilis,XL,II,XIII,Denarius,VII,III,MMMDLXXXIV
Murytub,XL,IX,CXX,Denarius,VII,XXVII,DXLVII
Munarg,XXXIX,V,CXXXIV,Denarius,VI,XXVII,CCCLXXIX
Murytub,XXXVI,III,CXLIV,Quinarius,X,XII,CCXCVIII
Murytub,XXXVIII,V,CXXVI,Denarius,V,VI,DXCVIII
Murytub,XXXIX,XII,CLXIV,Denarius,V,XXIII,DLXXI
Muniv,XXXIX,IV,XVIII,Quinarius,V,XII,C
Murytub,XXXIX,VI,CXIX,Denarius,II,X,DLXXXVI
Munarg,XXXVI,VI,CLVIII,Quinarius,VIII,VI,CXIX
Murytub,XXXV,XII,CLIII,Denarius,V,XII,DCLXVIII
Munarg,XXXVI,II,CXCVIII,Denarius,VII,XI,CCLXXV
Munarg,XXXVII,II,CLXXV,Denarius,VIII,XIX,CCXCV
Munarg,XXXVIII,II,CXV,Denarius,VII,XXVI,CCLXXI
Murytub,XXXIX,IX,CLVI,Denarius,VII,XVI,DXLIX
Muniv,XXXV,IX,XXI,Denarius,VI,XII,CDLVI
Murytub,XXXV,III,CXLV,Denarius,IX,XXIV,DCXCVII
Munarg,XXXVIII,II,CX,Denarius,V,XII,CCLVII
Atamora,XXXVIII,IV,XIII,Denarius,VI,VI,MMDCCCXXXVI
Munarg,XXXVIII,II,CXLVI,Denarius,V,VIII,CDXLIV
Atamora,XXXVIII,X,X,Denarius,VII,XV,MMCCCXLV
Murytub,XXXVII,IV,CXLII,Quinarius,VI,VII,CCCLXXV
Murytub,XXXV,III,CXLVIII,Denarius,VII,VI,DCLXXXVI
Munarg,XXXVI,III,CLXXXVIII,Quinarius,VIII,XXVII,CXLIX
Munarg,XXXV,VII,CXVI,Denarius,VI,XII,CCCX
Murytub,XXXVII,I,CXCVI,Denarius,IX,X,DCLXVIII
Muniv,XXXVII,V,XXIV,Denarius,VIII,XXII,CDLVI
Muniv,XXXIX,VII,XXI,Quinarius,IV,VIII,CXXX
Murytub,XXXIX,XII,CXXXVIII,Quinarius,VIII,II,CXL
Munarg,XXXVII,VI,CLX,Quinarius,VI,I,CXXXV
Munarg,XXXVII,V,CXXXIII,Quinarius,VII,XXIX,CXV
Munarg,XXXVIII,VIII,CLXXVIII,Quinarius,III,XVI,LXXV
Suilis,XXXV,X,XVIII,Denarius,IV,XXI,MMMCLXIV
Atamora,XXXVII,I,X,Denarius,VII,XXXI,MMMCXL
Munarg,XXXIX,I,CXXV,Denarius,VIII,XX,CCXLII
Murytub,XXXVIII,VII,CLI,Denarius,V,III,DC
Murytub,XXXVIII,I,CXXXIV,Aureus,VI,XXVI,VI
Munarg,XXXIX,I,CL,Aureus,VII,VI,IV
Munarg,XXXVI,X,CXCVIII,Quinarius,VI,VIII,CXXVI
Murytub,XXXVIII,II,CLXX,Denarius,V,XXVIII,DLXXVIII
Munarg,XXXVII,XII,CXVIII,Quinarius,VIII,VI,CXXX
Murytub,XXXVII,II,CLXXIX,Quinarius,V,XVI,CCLXIX
Muniv,XXXV,V,XXIV,Denarius,VII,V,DV
Murytub,XXXVI,I,CLII,Denarius,VII,IX,DCXXXV
Murytub,XXXIX,I,CLXXXIII,Denarius,V,XI,DCXXVI
Munarg,XXXVI,IV,CXX,Aureus,IV,XV,IV
Muniv,XXXV,V,XXIII,Denarius,V,XXIV,DXLII
Murytub,XXXIX,VIII,CXXIII,Quinarius,IV,XXV,CXXXVI
Muniv,XXXVIII,IX,XV,Denarius,VII,XXX,CDLXXIX
Muniv,XL,V,XXXIII,Quinarius,VII,XII,CXIX
Munarg,XXXVI,IV,CXXXIV,Aureus,VII,XVI,III
Murytub,XXXVI,II,CLXIX,Quinarius,V,XVIII,CCCXIII
Munarg,XXXVII,VII,CLXXXIX,Aureus,VI,IX,IV
Muniv,XXXIX,VI,XXI,Denarius,V,I,DXVI
Munarg,XXXVIII,X,CXV,Denarius,V,XIII,CCCXLVIII
Suilis,XXXVI,III,XIII,Quinarius,VI,XVII,MDLX
Murytub,XXXVI,V,CXXXVI,Quinarius,V,XXIII,CCLXXVI
Munarg,XXXIX,IV,CXL,Denarius,VII,XXI,CCCXCIII
Murytub,XXXVIII,III,CLXVI,Aureus,VII,IV,VI
Muniv,XXXIX,III,XXIII,Denarius,II,XXI,DLXXXIII
Munarg,XXXIX,XI,CLXXXI,Denarius,IV,XV,CCV
Muniv,XXXIX,VI,XXV,Quinarius,VII,XXVII,CXXXIV
Murytub,XXXIX,III,CXLIV,Denarius,VI,III,DCXVIII
Munarg,XXXVIII,VIII,CXXXIII,Denarius,VI,XX,CCXXVI
Muniv,XLI,I,XXIII,Denarius,VI,I,DCLIII
Suilis,XXXVII,IX,XXIV,Denarius,V,XXX,MMMDCLXXXII
Munarg,XXXIX,VI,CI,Quinarius,III,XXX,LII
Munarg,XXXVII,X,CXCIII,Quinarius,IX,II,CVI
Murytub,XXXIX,VIII,CLII,Denarius,VII,VI,DXCIII
Munarg,XXXVIII,X,CLXX,Quinarius,V,XIII,CIX
Munarg,XL,VI,CLIX,Quinarius,VI,II,XCVIII
Munarg,XXXVII,XI,CXXV,Quinarius,IX,XXIX,CXXIV
Murytub,XXXV,XII,CXI,Quinarius,IV,XXIII,CCCXI
Munarg,XXXVIII,III,CLXXXVI,Quinarius,IX,XV,CXV
Muniv,XXXVIII,IV,XX,Denarius,VIII,XXVIII,DCV
Murytub,XXXVII,I,CIII,Denarius,VIII,XXI,DCXXXIX
Atamora,XXXVI,XI,XII,Aureus,III,XI,XXXVIII
Muniv,XXXVI,X,XX,Aureus,VI,XXIV,V
Murytub,XXXVI,II,CXLVI,Denarius,III,XVII,DCXL
Murytub,XL,II,CXV,Aureus,VI,XII,V
Munarg,XXXIX,XII,CLXXXII,Denarius,VIII,XXIX,CCXIV
Munarg,XXXV,IV,CXVI,Quinarius,IV,IV,CXC
Munarg,XXXVI,X,CLXXV,Denarius,VI,XXIV,CCCXX
Munarg,XXXIX,VIII,CLVI,Quinarius,VIII,XXVII,CIV
Munarg,XXXVI,I,CXC,Denarius,VI,XI,CCCXIX
Murytub,XL,III,CCXXI,Denarius,VI,XII,DXVII
Suilis,XXXV,V,XIII,Denarius,VII,XV,MMMCDLXXII
Munarg,XXXVII,IV,CXCI,Denarius,VIII,IV,CDXVI
Murytub,XXXVI,VII,CLXXXV,Aureus,VII,XI,VI
Munarg,XXXVII,II,CXC,Denarius,V,XV,CCLXVII
Murytub,XXXV,VI,CLXVII,Quinarius,VI,XII,CCCLVI
Murytub,XXXIX,V,CXXXVI,Quinarius,V,VII,CXXXI
Munarg,XXXVI,III,CXXXI,Quinarius,X,XII,CLVII
Munarg,XL,IX,CLVI,Denarius,VII,XVIII,CDLIX
Murytub,XXXVI,I,CCIII,Aureus,V,IV,VIII
Munarg,XXXV,VIII,CIX,Quinarius,VIII,III,CXCI
Murytub,XXXVII,VI,CLXXXIX,Denarius,VI,I,CMXXX
Munarg,XXXVI,VII,CXVIII,Denarius,VII,XXVI,CCCXXXII
Munarg,XXXVII,X,CVIII,Denarius,VII,X,CCLXXXIV
Murytub,XXXIX,VI,CLXXVIII,Quinarius,VIII,XVI,CXXXV
Munarg,XXXVII,III,CXCVIII,Denarius,V,V,CCLXXXII
Murytub,XXXVIII,II,CXXXVII,Quinarius,IV,XVI,CXCVIII
Munarg,XXXV,VI,CLXXXIV,Aureus,VI,XXV,IV
Murytub,XXXV,IV,CXXVI,Denarius,V,XXV,DCCXIII
Murytub,XXXV,IV,CLXXV,Aureus,VI,V,X
Munarg,XXXVIII,X,CLVI,Denarius,IV,XXX,CCXXV
Muniv,XXXVIII,XI,XVII,Quinarius,VI,XI,CXLIII
Munarg,XXXVIII,I,CXCII,Denarius,VI,VII,CDXIV
Munarg,XXXIX,II,CLI,Quinarius,VI,XX,XCVI
Munarg,XXXVIII,III,CIV,Denarius,VIII,XXXI,CCLI
Murytub,XL,VI,CXXXI,Denarius,VI,XVI,DLXII
Murytub,XXXV,IX,LXXXIX,Denarius,VI,IV,DCCXV
Munarg,XXXV,VI,CXXXVI,Quinarius,VI,XXVII,CLVI
Atamora,XXXIX,III,VIII,Denarius,VIII,XVIII,MMDCCLXXIV
Suilis,XXXVIII,III,XXII,Denarius,V,X,MMMDCLXIX
Munarg,XL,VIII,CLXXXVI,Quinarius,VII,IV,XLVI
Suilis,XXXVI,IX,XLIV,Denarius,VI,XI,MMMCDXXII
Murytub,XXXVIII,X,CLV,Denarius,VIII,VIII,DLXXXI
Munarg,XXXVII,I,CLIII,Denarius,V,XXIII,CCXCI
Munarg,XXXVIII,VIII,CXLVI,Denarius,VII,XIX,CCCLXXX
Munarg,XXXVIII,IX,CV,Quinarius,II,VIII,CV
Murytub,XXXVI,IV,CLXVI,Quinarius,IV,X,CCCXIX
Murytub,XXXVII,XII,CLXXXII,Denarius,VI,XXI,DXCIII
Atamora,XXXV,VI,XI,Denarius,VI,XI,MMMCDLXXXIII
Munarg,XL,IV,CXX,Denarius,VII,XXIV,CCXII
Munarg,XXXVIII,XII,CXLVI,Aureus,VI,II,IV
Murytub,XXXV,XI,CLXXXIX,Denarius,IV,XXI,DCLXXVI
Murytub,XL,XII,CXXV,Aureus,IX,XIII,V
Murytub,XXXIX,VIII,CXCV,Denarius,IV,III,DLXX
Munarg,XXXV,VI,CXXX,Denarius,II,XXIII,CCCLXXII
Munarg,XXXIX,XI,CLXVIII,Aureus,III,VII,IV
Munarg,XXXVII,VII,CXXX,Quinarius,VIII,V,CIII
Munarg,XXXIX,VII,CXCIII,Quinarius,VI,XX,LX
Suilis,XL,IX,XXIII,Denarius,III,XVII,MMMDCC
Murytub,XXXVIII,XII,LXXV,Denarius,V,XXVII,DXCI
Murytub,XXXV,IX,CLXXXV,Denarius,VIII,XXVIII,DCLXIII
Munarg,XXXVI,IX,CXXIII,Denarius,VI,XXII,CCCLXXXVII
Muniv,XL,XI,XXVIII,Denarius,V,XXV,DXXVII
Muniv,XXXV,I,XXV,Denarius,VII,XIII,DXLVII
Muniv,XXXVII,IX,XXVI,Quinarius,VI,XXIX,CCXIII
Munarg,XL,XI,CVIII,Denarius,IX,XII,CDVII
Murytub,XXXV,IX,CXLVIII,Quinarius,IX,XVI,CCCLVIII
Munarg,XXXVI,III,CVII,Aureus,V,XX,III
Murytub,XL,VII,CLI,Quinarius,IV,VII,CXXXVII
Munarg,XXXVI,VI,CLXXVIII,Denarius,VII,VII,CCCLXXXVII
Murytub,XL,II,CXLIII,Denarius,IV,XXIV,DLXII
Munarg,XXXIX,V,CXLVIII,Denarius,IV,XI,CDL
Suilis,XXXVIII,VII,XVII,Denarius,IV,XVII,MMMDLXI
Muniv,XXXV,XII,XXIV,Quinarius,V,II,CCXII
Murytub,XXXVII,I,CXXV,Quinarius,VI,XI,CCL
Muniv,XL,X,XXI,Denarius,IX,XXXI,DXXXVII
Murytub,XXXV,X,CXC,Denarius,VIII,XXIX,DCXCVII
Munarg,XXXIX,IX,CXXXVII,Denarius,V,XVIII,CCXII
Suilis,XXXV,IX,XIII,Denarius,VII,XVIII,MMMCCCLXXXII
Murytub,XL,II,CLV,Quinarius,VII,VII,CXXXVII
Munarg,XXXVII,X,CLXXXIV,Denarius,V,VI,CDIX
Muniv,XXXVIII,VII,XXVII,Denarius,IV,XVII,CDLXXXII
Murytub,XXXVI,I,CCXVI,Denarius,V,XV,DCLXVII
Suilis,XL,XII,XIX,Quinarius,IX,X,DCCLXXI
Muniv,XXXIX,II,XX,Quinarius,VI,XXIII,CXIV
Murytub,XXXVII,XI,CXIV,Denarius,V,IV,DCXIII
Munarg,XXXV,V,CLXIII,Denarius,VII,XXVI,CCCLXXXIV
Muniv,XL,IX,XXVIII,Quinarius,I,IX,LXXXVI
Munarg,XXXIX,III,CXCI,Denarius,VIII,XVII,CDXXXI
Munarg,XXXV,V,CX,Denarius,IX,XXVIII,CCCXXVIII
Munarg,XL,VIII,CLIX,Denarius,IV,VI,CCCLXXVI
Munarg,XXXV,V,CLXIII,Quinarius,I,IV,CLXVII
Murytub,XXXIX,XI,CXLIX,Denarius,V,XX,DXCV
Muniv,XXXV,XI,XXIV,Quinarius,VII,XVIII,CCLXIII
Munarg,XXXV,XII,CXX,Denarius,IV,VIII,CCCLXI
Murytub,XXXVII,III,CLIV,Quinarius,VI,XVII,CCLXXVII
Muniv,XXXVIII,IX,XXX,Quinarius,III,X,CXXVIII
Munarg,XXXVI,XI,CXX,Denarius,VII,V,CCCXX
Munarg,XXXVI,V,CXXXVIII,Denarius,VII,VII,CCXCIX
Murytub,XXXVI,XI,CLXVI,Denarius,VIII,VIII,DCXXXII
Murytub,XXXVIII,XI,CLXXXIV,Denarius,VI,XXIII,DLXXXIX
Suilis,XXXVI,II,XLIII,Denarius,VIII,XII,MMMCCCXCI
Murytub,XL,V,CXX,Quinarius,IV,XXVIII,CXIX
Munarg,XXXVIII,III,CXII,Denarius,VII,XXVIII,CCCLX
Munarg,XXXIX,VII,CXXII,Quinarius,III,XXIII,LXV
Munarg,XL,XI,CLXXX,Quinarius,V,XXV,XXXIX
Munarg,XXXV,III,CXXXIII,Aureus,VI,X,V
Murytub,XXXIX,I,CLXIX,Denarius,V,XVII,DXCV
Munarg,XXXVII,XII,CXXVI,Denarius,VI,XXI,CCLXVIII
Munarg,XXXVIII,V,CXCII,Denarius,V,XXVII,CCLXXIV
Munarg,XXXIX,X,CXVIII,Denarius,VIII,X,CCII
Munarg,XXXIX,VIII,CXV,Aureus,IX,XXI,V
Munarg,XL,X,CXCV,Denarius,VI,II,CLXXXVI
Murytub,XXXVII,XII,CXLIV,Denarius,VI,XXI,DXCIII
Munarg,XXXIX,VI,CLXIX,Denarius,V,VIII,CCXLII
Munarg,XXXV,II,CXXVII,Aureus,VI,XXI,V
Munarg,XXXVI,IV,CXLIV,Denarius,VIII,XVIII,CCLXXV
Munarg,XXXV,V,CLII,Denarius,VII,V,CCCV
Muniv,XXXVI,III,XXVI,Quinarius,V,VI,CCIII
Muniv,XXXVIII,IX,XXIV,Denarius,V,XXIX,DI
Suilis,XXXV,X,XI,Denarius,VII,II,MMMCCLXXVII
Muniv,XXXIX,V,XXII,Denarius,VIII,VIII,CDLXXXVII
Muniv,XL,III,XXVII,Quinarius,VI,XXXI,CI
Munarg,XXXVII,XII,CXCV,Quinarius,VI,XXII,CXLVIII
Munarg,XXXVII,VI,CXI,Quinarius,VI,V,CVIII
Munarg,XXXVII,V,CXVI,Denarius,VI,II,CCCLXXVI
Murytub,XXXVII,XII,CCXXIII,Denarius,VI,XXVII,DCXVIII
Murytub,XXXV,VI,CLXXXV,Quinarius,VI,XIX,CCCXXIX
Suilis,XXXVII,VII,XXXII,Denarius,V,VII,MMMCDLXIX
Munarg,XXXV,IX,CXV,Aureus,VI,XI,V
Murytub,XL,XII,CXXV,Quinarius,IV,XXX,CXVIII
Atamora,XXXV,IX,XI,Aureus,VI,XII,XXXIX
Muniv,XXXV,VII,XX,Quinarius,VI,XXVIII,CCLXV
Murytub,XXXVIII,XI,CXXXI,Denarius,IV,XV,DCXIII
Murytub,XXXVII,VIII,CLXIII,Denarius,V,XXVI,DCLXXXIX
Murytub,XXXIX,XII,CXXXII,Denarius,V,XXXI,DXCIV
Munarg,XXXVI,IX,CLXXII,Denarius,V,XXI,CCCLXXXII
Suilis,XXXVIII,VIII,XIX,Quinarius,III,XVI,MLXIII
Munarg,XXXIX,VI,CLXXXVI,Denarius,III,XXX,CCXLI
Muniv,XXXVIII,XI,XXX,Quinarius,IV,XXI,CXXVIII
Munarg,XXXVI,X,CXLI,Quinarius,II,IX,CX
Munarg,XXXVII,XI,CXXXVI,Denarius,VII,XXX,CDII
Muniv,XXXV,VII,XXIII,Denarius,IV,VII,DLI
Murytub,XXXIX,IV,CLXXXVI,Denarius,VIII,XI,DXCIII
Munarg,XXXVI,II,CXVII,Denarius,III,XVII,CCCLXIV
Murytub,XXXVII,IV,CLXIII,Quinarius,VII,XXVI,CCCLXXXIX
Munarg,XXXVII,III,CLII,Aureus,VI,I,IV
Murytub,XXXVII,X,CLII,Denarius,IX,II,DCXXII
Murytub,XXXVII,III,CXXXIII,Denarius,VI,XIV,DCXCIX
Munarg,XXXVI,VI,CLIII,Quinarius,VIII,III,CXXXI
Munarg,XXXV,IV,CLXXIII,Denarius,IV,IV,CCCLXV
Murytub,XXXVI,VIII,CCVI,Denarius,VI,XVIII,DCXLI
Munarg,XXXVI,VII,CL,Quinarius,VII,XXIX,CLXXX
Munarg,XL,VI,CXII,Quinarius,VI,XVI,XC
Munarg,XXXVI,V,CLXXXVIII,Denarius,VI,II,CCCXVII
Murytub,XXXV,IX,CXX,Quinarius,IX,XXIII,CCCLXIII
Suilis,XXXVII,IV,XVI,Denarius,VII,XXVIII,MMMDCXC
Murytub,XXXV,V,CCXXVII,Denarius,IV,XXVII,DCCXXXV
Muniv,XL,VI,XXVI,Denarius,VI,XXVI,DCXXXV
Atamora,XXXVI,XI,IX,Aureus,III,XXV,XXXIV
Murytub,XXXVIII,VIII,CLXIV,Aureus,VI,VII,VI
Murytub,XXXVI,I,CLVII,Denarius,VI,XI,DCLXXXIV
Munarg,XXXV,X,CXV,Denarius,VI,XXII,CCCLIII
Munarg,XXXV,VIII,CXXV,Denarius,VII,VIII,CCCXLVII
Muniv,XXXVIII,XI,XXI,Denarius,IV,XXIX,CDXXXIII
Murytub,XXXVI,VII,CLXXV,Denarius,IV,II,DCLI
Munarg,XXXVI,X,CVI,Quinarius,II,V,CXXIX
Muniv,XXXV,IX,XX,Quinarius,IV,XXVII,CCLXXXIV
Munarg,XL,VIII,CXVIII,Quinarius,V,XXX,XLVII
Munarg,XXXVII,III,CLVIII,Denarius,VII,XXX,CCLXXIII
Munarg,XXXIX,VI,CLXX,Quinarius,VI,XI,CV
Munarg,XXXIX,IV,CXCIV,Quinarius,V,XXIX,LIV
Muniv,XXXV,III,XXIV,Denarius,VII,III,CDXLI
Munarg,XXXVII,VIII,CXXXVI,Denarius,VIII,XXIII,CCCXII
Munarg,XXXVI,IX,CXX,Denarius,VI,XI,CCXC
Munarg,XXXVI,VII,CVII,Quinarius,V,III,CLXVIII
Muniv,XXXIX,XII,XXVII,Denarius,VI,X,DXXI
Atamora,XL,IX,IX,Aureus,VII,V,XXIV
Munarg,XXXVIII,I,CXXXVII,Denarius,VII,XVII,CCXLVIII
Munarg,XXXV,VII,CXXXIV,Quinarius,IV,XXIII,CLIV
Munarg,XXXIX,II,CXXXVIII,Aureus,VI,XVI,II
Munarg,XXXIX,VIII,CXC,Denarius,IV,III,CCCLXX
Muniv,XXXVII,II,XXX,Denarius,VIII,XXI,CDXCIII
Munarg,XXXV,XI,CLXXVIII,Denarius,VI,XI,CCCLXVIII
Suilis,XXXV,XI,XI,Denarius,V,XXIX,MMMCDXCVIII
Murytub,XXXVIII,III,CXXXVII,Denarius,V,XVII,DLXIX
Murytub,XXXV,XII,CLIII,Denarius,VII,XVII,DCC
Suilis,XXXVII,VIII,XI,Quinarius,VII,XI,MCDLVII
Munarg,XXXVI,VI,CL,Denarius,IV,XI,CCC
Muniv,XXXIX,I,XXVIII,Quinarius,V,XXX,CXX
Murytub,XXXVII,VII,CLI,Quinarius,V,XXX,CCCLIII
Suilis,XXXV,VIII,LI,Quinarius,VII,XXX,MDCCV
Murytub,XXXV,II,CXIX,Denarius,V,XVI,DCXL
Munarg,XXXVI,III,CXXI,Denarius,VII,XXVIII,CCCXLVI
Murytub,XXXVII,VII,CXLV,Denarius,VIII,XXXI,CMLXXIV
Muniv,XXXVIII,X,XXI,Quinarius,V,XXVII,CXLIV
Munarg,XXXV,III,CLXVII,Denarius,IV,XIX,CCCLXXXVI
Murytub,XXXVII,XII,CCVI,Quinarius,V,V,CCIX
Murytub,XXXVI,X,CLXXXIX,Denarius,III,I,DCXXXVI
Murytub,XXXIX,XI,CLVII,Aureus,VII,XXX,VI
Murytub,XXXIX,I,LXXXVIII,Quinarius,VI,III,CXLVII
Murytub,XL,VI,CVII,Denarius,VIII,XXIV,DXCV
Murytub,XL,VI,CLI,Quinarius,VII,VI,CXXX
Munarg,XXXIX,XII,CI,Aureus,VI,XXV,II
Suilis,XL,VIII,XXIV,Denarius,IV,XX,MMMCMXIX
Suilis,XXXV,III,XV,Denarius,VI,XII,MMMCDXCVII
Suilis,XXXVII,XII,XIII,Quinarius,VI,XXII,MCXLII
Murytub,XXXIX,VIII,CII,Quinarius,VII,VI,CXXXVI
Murytub,XXXVI,IX,CXCI,Aureus,VIII,XII,VII
Murytub,XXXVI,XII,CXLVI,Quinarius,VI,I,CCLII
Munarg,XXXV,VII,CLXVIII,Denarius,III,XVI,CCCXIX
Suilis,XXXVII,X,LVII,Quinarius,VI,III,MCCLXXXVIII
Munarg,XXXV,II,CXL,Denarius,VII,XXIII,CCCLXXXII
Munarg,XXXV,IX,CXLIX,Denarius,VIII,XV,CCCXLIII
Atamora,XXXVIII,VII,XI,Denarius,V,X,MMCC
Munarg,XL,V,CXCIX,Quinarius,VII,XXI,XLIII
Murytub,XXXVIII,XI,CLXXXIX,Denarius,V,II,DXCV
Muniv,XL,X,XVIII,Denarius,IV,XXII,DVI
Murytub,XXXIX,VI,CXLVIII,Aureus,VIII,XVI,VI
Murytub,XL,X,CLIII,Quinarius,IV,XIX,C
Munarg,XXXVIII,X,CLIV,Quinarius,VI,XXIX,LXIX
Suilis,XXXIX,X,XXIV,Denarius,VI,XXX,MMMDCCCXCVII
Muniv,XXXV,VIII,XXVII,Quinarius,VI,VI,CCXXXVII
Atamora,XXXV,IX,IX,Denarius,VI,XXI,MMCDXCVI
Munarg,XXXVI,I,CXXXII,Denarius,VIII,XXV,CDXII
Munarg,XXXVII,X,CLXXX,Denarius,VI,VII,CCXLIV
Muniv,XXXVIII,II,XXV,Quinarius,V,XIV,CXLVI
Munarg,XXXVIII,VII,CXXXI,Quinarius,VI,II,CXXXI
Muniv,XXXV,IX,XXXIII,Quinarius,IX,XXIII,CCLXXXVI
Murytub,XL,II,CLXXV,Aureus,VIII,XIII,V
Munarg,XXXVII,II,CXXIV,Denarius,IV,II,CDVI
Murytub,XXXVIII,II,CLI,Aureus,VII,XVIII,V
Muniv,XXXIX,XII,XXVII,Quinarius,IV,IV,CXII
Murytub,XL,IV,CLXVIII,Denarius,VI,XVIII,DLIX
Munarg,XXXV,VII,CXXIII,Quinarius,V,IV,CLXXXV
Murytub,XXXVII,IX,LXXXIX,Quinarius,III,V,CCXLIX
Murytub,XXXVIII,III,CXXXIV,Denarius,VI,II,DCIII
Murytub,XXXV,V,LXXV,Quinarius,IV,XII,CCCXLVIII
Munarg,XXXIX,I,CXXVI,Quinarius,IX,XXVIII,LXI
Atamora,XXXV,III,XIV,Denarius,VI,XIII,MMDCCCLXII
Munarg,XXXVII,X,CLXXXVI,Denarius,VII,I,CCLXVII
Suilis,XXXVI,I,XVI,Denarius,V,XV,MMMCLIX
Munarg,XXXVII,IX,CLXXV,Denarius,VI,XVI,CCCXLIX
Munarg,XXXIX,XII,CXXXIX,Quinarius,IX,XXVI,CIII
Murytub,XXXVIII,II,CL,Aureus,VIII,VII,VI
Murytub,XXXVIII,II,CXVII,Denarius,VI,IX,DLXXXVI
Suilis,XXXVIII,XII,XXX,Denarius,VI,XI,MMMDCXCII
Murytub,XXXVII,X,CXXX,Denarius,VI,VII,DCLXXXV
Murytub,XXXVI,IX,CIII,Denarius,VI,IV,DCLXX
Muniv,XXXVIII,IX,XVI,Denarius,II,VIII,CDLXXI
Murytub,XL,V,CLVIII,Denarius,VIII,XXIX,DLXVII
Murytub,XXXV,XI,CXCIX,Quinarius,VI,VIII,CCCLXI
Suilis,XXXIX,X,XLVIII,Quinarius,VI,XX,DCCLII
Murytub,XXXIX,IX,CXXIII,Quinarius,IX,IV,CXLI
Murytub,XXXV,III,CXLII,Denarius,IV,XXV,DCLVIII
Munarg,XL,VII,CLXXII,Quinarius,VI,XX,L
Munarg,XL,II,CXXXIX,Quinarius,IV,XXII,LIII
Munarg,XXXVIII,VII,CXCVIII,Denarius,VI,XXV,CCCLXXXVIII
Muniv,XXXVIII,IV,XX,Denarius,VI,XXIII,CDXLIX
Murytub,XXXV,VI,C,Aureus,IV,XXI,VIII
Murytub,XXXV,X,CXI,Denarius,VII,VII,DCLXIX
Munarg,XXXVII,I,CX,Denarius,VI,XIII,CCCXCV
Munarg,XXXV,VI,CLXXVIII,Denarius,X,XXVI,CDIV
Muniv,XL,XI,XXXIII,Denarius,VI,XXX,DCVIII
Murytub,XXXVII,VI,CV,Denarius,VII,VII,CMXXX
Atamora,XXXIX,VII,VII,Denarius,VI,XII,MMCLXXXVII
Munarg,XL,III,CXVII,Quinarius,V,V,LXXXVII
Murytub,XXXIX,XII,CXXVIII,Denarius,VIII,II,DCX
Murytub,XXXIX,V,CXLIX,Denarius,VI,II,DCI
Munarg,XXXVI,X,CLXXIX,Denarius,VIII,XIV,CCCXXXIV
Murytub,XL,X,CX,Denarius,IX,VI,DLXXXVI
Muniv,XXXV,IV,XXXIV,Quinarius,IV,XVIII,CCLXXI
Atamora,XXXVII,VI,VIII,Quinarius,VII,IX,DCCCXLII
Murytub,XXXVIII,IX,CXVII,Denarius,IX,XXIV,DCIX
Murytub,XXXVIII,VII,CXLIV,Aureus,II,VIII,VI
Atamora,XXXIX,X,VII,Denarius,VII,XXVII,MMCMXIV
Murytub,XXXVIII,III,CLIII,Quinarius,VI,II,CLXXXVII
Murytub,XXXVII,V,LX,Quinarius,VIII,XXII,CCCLVIII
Murytub,XL,XII,CLI,Denarius,IX,XIII,DLXVIII
Munarg,XXXVI,VIII,CLXXIII,Quinarius,V,XXX,CXXIX
Murytub,XXXV,IX,CLXVII,Denarius,VII,XXIX,DCCII
Murytub,XXXVII,I,CXLVI,Denarius,X,XXIX,DCLXXVI
Munarg,XXXVI,X,CLVII,Denarius,IV,XXIII,CCCLXIV
Muniv,XXXVI,I,XXII,Aureus,VIII,VI,VI
Munarg,XXXVIII,III,CLXIII,Quinarius,VI,II,LXXIV
Murytub,XXXVIII,XII,CLXX,Denarius,IV,VIII,DCXII
Murytub,XXXVI,VI,CLI,Denarius,IV,XI,DCXXXII
Munarg,XXXIX,IX,CXLII,Denarius,V,XVII,CCCXCIV
Murytub,XXXV,IV,CXXXIX,Denarius,IV,XXIV,DCLXXXVII
Munarg,XXXV,X,CXXXIII,Denarius,IV,XVI,CCCXVI
Murytub,XL,I,CXXII,Denarius,V,IV,DCVI
Munarg,XXXVII,VI,CLXXXVII,Denarius,VII,XXVII,CCCII
Murytub,XXXVIII,VI,CXXXII,Quinarius,IV,XVII,CLXXXII
Munarg,XXXVII,XII,CLIII,Denarius,V,XII,CCCLIV
Murytub,XXXVI,IV,CX,Denarius,VIII,XXV,DCLXXXIII
Munarg,XL,II,CLX,Quinarius,V,XXIX,C
Munarg,XXXVI,III,CXCIV,Quinarius,V,III,CLXVI
Murytub,XXXVII,XII,CLIV,Denarius,V,XVIII,DLXXVIII
Murytub,XL,IX,CXVII,Quinarius,VI,VII,CXXIII
Munarg,XXXVIII,X,CIX,Denarius,IV,X,CCCLXXIII
Murytub,XXXV,II,CL,Denarius,VI,XII,DCLXXIV
Suilis,XXXVI,VIII,XXXIX,Denarius,VI,XIX,MMMCDXLIII
Suilis,XXXVII,XI,XLIV,Denarius,VI,I,MMMCCCXI
Munarg,XXXVI,X,CXIX,Denarius,III,I,CCCXXVI
Munarg,XXXVIII,VII,CLXXX,Denarius,VI,XXVI,CCLXXXV
Murytub,XXXVII,II,CXLVI,Denarius,VI,XII,DCXCVII
Murytub,XXXVI,VII,CLXXXIII,Aureus,V,XIV,VII
Munarg,XXXVIII,VII,CXXXII,Quinarius,VI,II,CXXI
Muniv,XXXVII,II,XXIV,Denarius,IV,XVIII,CDXC
Munarg,XXXV,XII,CXXXI,Denarius,IV,XX,CCCXXV
Muniv,XXXIX,II,XVII,Denarius,VI,XXIII,DLII
Muniv,XL,VIII,XXVII,Aureus,II,IX,V
Munarg,XXXIX,VII,CLI,Denarius,VIII,XXV,CCLX
Murytub,XXXIX,XI,CXXXII,Denarius,VI,XIV,DL
Murytub,XXXVII,VIII,CLII,Quinarius,IV,XVIII,CCLXII
Munarg,XXXVI,II,CVI,Aureus,IV,XIII,IV
Muniv,XXXV,VIII,XXI,Quinarius,VII,XI,CCLXXXVI
Muniv,XXXV,VIII,XXIV,Denarius,IV,XXIV,CDXIV
Murytub,XXXVII,IV,CLXXI,Aureus,VIII,X,X
Suilis,XXXVII,V,XXXVII,Denarius,III,VI,MMMCCCIV
Munarg,XXXVIII,IX,CLVIII,Aureus,III,X,III
Munarg,XXXVIII,VII,CVII,Denarius,VI,II,CCCLXXII
Murytub,XXXV,XI,CVII,Denarius,VI,VIII,DCXLIV
Muniv,XXXVI,X,XVI,Quinarius,VI,XXIV,CCI
Munarg,XXXVII,XII,CIII,Denarius,V,XIX,CCCIII
Munarg,XXXVII,III,CXIV,Denarius,VI,XIV,CCLXXXVI
Murytub,XXXV,I,CL,Quinarius,VII,XII,CCCLXXXVIII
Munarg,XXXV,VII,CXLIII,Denarius,VII,XX,CCCLXXX
Murytub,XL,VI,CXXXV,Denarius,IV,IX,DXXXVII
Munarg,XXXVIII,I,CLXXXVIII,Quinarius,VIII,XXVIII,CIX
Muniv,XXXVI,III,XXIII,Denarius,VII,XXXI,CDLXXIII
Muniv,XL,III,XXI,Denarius,VI,IV,DXXIV
Munarg,XXXIX,VIII,CXCII,Denarius,VI,XXX,CDLII
Munarg,XXXV,IX,CXCI,Denarius,VII,III,CCCXCVIII
Munarg,XXXV,IX,CLXXVI,Denarius,VII,III,CDVI
Suilis,XL,II,XIX,Denarius,VII,V,MMMMLVI
Murytub,XL,VIII,CLXV,Quinarius,III,III,CXXIX
Murytub,XXXIX,V,CXXXII,Denarius,VI,IV,DCVII
Munarg,XL,XII,CLVIII,Denarius,VII,XXII,CDXLII
Munarg,XXXVI,III,CXIX,Aureus,V,III,IV
Suilis,XXXVII,III,LVIII,Denarius,IV,X,MMMDCCXI
Suilis,XXXVIII,III,XXVIII,Aureus,IX,XXIII,XXXV
Munarg,XL,XII,CXI,Aureus,IV,I,II
Muniv,XXXVII,V,XXV,Denarius,VI,XIV,DXVI
Munarg,XXXVI,II,CXVI,Quinarius,V,XIX,CXCI
Muniv,XXXVIII,VII,XX,Aureus,VIII,V,V
Munarg,XXXV,XII,CLXXI,Aureus,IX,IX,IV
Munarg,XXXV,XII,CLII,Denarius,V,II,CCCXXXI
Munarg,XXXVIII,VI,CI,Denarius,VI,XII,CCXLIX
Munarg,XXXVII,V,CLXXIX,Denarius,VI,VII,CCCXXIX
Suilis,XXXVIII,V,XVII,Quinarius,VI,I,MLXXXVIII
Munarg,XXXVIII,II,CL,Quinarius,V,XXVII,LXXXI
Murytub,XXXVII,X,CXLIX,Quinarius,VII,XIV,CCXXXIII
Munarg,XXXVII,XI,CXXXV,Denarius,VII,III,CCCIX
Munarg,XXXVIII,XI,CXCV,Quinarius,IV,XXIX,LXXII
Suilis,XXXVI,X,XVIII,Denarius,VI,XIX,MMMCCXLIII
Murytub,XL,III,CXXXVIII,Aureus,VI,XIX,V
Muniv,XXXVIII,I,XXV,Quinarius,IV,XXIX,CLXXX
Murytub,XXXV,X,CXXXII,Denarius,VI,XVIII,DCLXIV
Munarg,XL,III,CLIX,Aureus,VI,XIX,IV
Munarg,XXXV,V,CXXXIX,Denarius,VII,XXVI,CCCLXXXVII
Munarg,XXXV,V,CXIV,Denarius,IV,XVI,CCCXCVIII
Murytub,XXXVIII,IX,CXIV,Quinarius,V,XXIX,CLIX
Murytub,XXXVIII,X,CLXIII,Aureus,VI,I,VI
Murytub,XXXV,X,CCXIX,Quinarius,IV,V,CCCXXXII
Murytub,XXXVIII,IV,CXXVIII,Denarius,VII,XXIV,DC
Atamora,XXXV,VIII,VIII,Denarius,VI,XVII,MMMDCCCXXI
Murytub,XXXIX,V,CLXXXIV,Denarius,VI,XVIII,DXXXIV
Murytub,XXXVII,VII,CLXXVIII,Quinarius,V,XXX,CCCLXXXI
Munarg,XXXVII,IV,CLXIX,Denarius,IV,XXIX,CDXVIII
Munarg,XXXVI,V,CX,Denarius,VII,IV,CCCLXXXVIII
Murytub,XXXVII,VIII,CXXXV,Quinarius,VII,XXIV,CCLII
Munarg,XL,X,CXV,Denarius,VII,XX,CCXXIX
Munarg,XXXVII,VI,CXCIII,Denarius,VI,XXIX,CCLXXII
Murytub,XXXV,V,CLXXXIX,Denarius,VII,XXI,DCCXXV
Suilis,XXXVIII,III,LVIII,Denarius,VI,XX,MMMCDXCIII
Murytub,XXXV,III,CLV,Quinarius,IV,XIX,CCCXXII
Murytub,XXXVI,III,CXLIII,Aureus,IV,XXX,VIII
Murytub,XXXIX,XII,CCVI,Denarius,V,VI,DLXXI
Suilis,XL,XII,XXX,Aureus,III,XVII,XXX
Munarg,XXXV,VII,CLXXXIV,Denarius,II,XXI,CCCXXVIII
Muniv,XL,VIII,XXIX,Denarius,IX,VIII,CDXLIX
Suilis,XXXVIII,XII,X,Denarius,VI,II,MMMDCCXCV
Munarg,XXXVIII,X,CXLV,Denarius,VI,XXIX,CCCLXXXIV
Munarg,XXXV,IX,CLXVI,Denarius,VII,XVIII,CDIX
Murytub,XL,VI,CXCVIII,Aureus,VIII,III,IV
Murytub,XXXIX,V,CLIX,Denarius,IV,XI,DCXXXIX
Munarg,XL,IV,CLXXXIV,Quinarius,VII,XXIX,LXXVII
Murytub,XXXVII,X,CLXXIV,Quinarius,VII,I,CCXLI
Murytub,XXXV,X,CXL,Denarius,IV,XXI,DCLXI
Munarg,XL,VII,CLXXXII,Denarius,VIII,XIV,CCXXIII
Munarg,XXXIX,X,CLXX,Denarius,VII,IV,CCXXII
Munarg,XXXVIII,II,CLXVIII,Denarius,VII,XXVI,CCXXXVIII
Murytub,XXXVIII,IX,CXLVIII,Denarius,VIII,XIII,DCXVI
Munarg,XL,V,CXXV,Quinarius,IV,XXII,XLIV
Munarg,XXXVII,IV,CLXVII,Denarius,VI,XI,CCCXXVIII
Murytub,XXXVIII,I,CXXXIII,Aureus,IV,XXIX,VI
Muniv,XL,VIII,XXII,Quinarius,V,XIX,CXV
Murytub,XXXIX,IV,CLXXXVI,Denarius,V,XII,DLXI
Munarg,XXXV,VI,CLXII,Denarius,VIII,IV,CCCXXII
Munarg,XL,X,CIX,Denarius,IV,VIII,CXCVI
Murytub,XXXIX,V,CXL,Denarius,VI,II,DLXXXV
Muniv,XL,VIII,XIX,Denarius,VI,XXXI,DXXXIII
Murytub,XXXVI,XII,CLVIII,Denarius,IX,XXXI,DCXLII
Munarg,XXXVII,IX,CXCII,Denarius,VI,IX,CDXXVIII
Murytub,XXXVIII,IX,CCXV,Denarius,IX,XXIV,DCXLVI
Munarg,XXXIX,IX,CLXXXIV,Denarius,VII,XVI,CDIV
Murytub,XXXIX,IX,CLXIII,Denarius,VI,II,DXIX
Munarg,XXXVIII,XI,CLXXIX,Aureus,VII,XII,III
Murytub,XXXVIII,VII,CXLIV,Denarius,VII,XVIII,DCV
Munarg,XXXVII,IV,CXXXI,Quinarius,VI,XVI,CVII
Munarg,XXXIX,VI,CLXXIV,Quinarius,VI,XV,CVII
Murytub,XL,III,CLV,Aureus,VI,XXVI,V
Murytub,XXXIX,I,CXXXVI,Aureus,VI,XXI,VI
Munarg,XXXIX,VI,CLXXII,Denarius,VI,XV,CCCXCIV
Murytub,XL,VI,CLXXXIV,Quinarius,VI,X,CXVIII
Munarg,XL,X,CLVIII,Denarius,V,XXVIII,CXC
Muniv,XXXIX,II,XXIII,Quinarius,VIII,XIX,XCIII
Murytub,XXXVIII,VIII,CL,Quinarius,IV,IX,CLXXI
Munarg,XXXVII,XI,CXXXI,Denarius,IV,XXVIII,CDX
Muniv,XXXVIII,XII,XIX,Denarius,VII,XXXI,DL
Murytub,XXXVII,X,CXXXIX,Denarius,VIII,IV,DCXVII
Murytub,XXXVI,II,CXXXVI,Aureus,V,X,VIII
Murytub,XXXVI,II,CLXXXV,Denarius,III,III,DCLXII
Munarg,XL,XI,CXVIII,Denarius,III,IV,CCCXC
Munarg,XXXV,I,CLXXIX,Aureus,VII,VI,V
Murytub,XXXVI,VIII,XCVIII,Quinarius,II,XXV,CCXLV
Muniv,XXXVII,IX,XXIX,Denarius,VII,XIX,DLXXII
Murytub,XXXVII,V,CLIV,Aureus,VII,XXVIII,IX
Munarg,XXXIX,VIII,CXXXVI,Quinarius,VII,X,XCII
Muniv,XXXVII,IX,XXVI,Denarius,VII,XII,DCV
Murytub,XL,V,CXXXIV,Denarius,VII,XX,DLIII
Murytub,XXXIX,I,CXCII,Quinarius,IX,XXVIII,CLVII
Murytub,XL,IV,CLIV,Quinarius,IV,IX,CXIII
Murytub,XXXVI,VIII,CLIII,Denarius,VI,XVIII,DCLXVIII
Murytub,XL,II,CV,Aureus,IV,XX,V
Munarg,XXXVI,VIII,CXCIII,Denarius,IV,XXIII,CCXCII
Munarg,XXXVI,II,CLXI,Denarius,VI,XV,CCCXXXII
Munarg,XXXIX,VIII,CII,Denarius,VII,XXIV,CCXXV
Muniv,XXXIX,II,XXV,Denarius,VII,VI,CDII
Muniv,XL,V,XXIV,Quinarius,VIII,XIX,CIV
Munarg,XL,VII,CLXXXIX,Denarius,VIII,V,CLXXXVIII
Munarg,XXXV,VII,CLXXXIX,Quinarius,V,IV,CLII
Muniv,XXXIX,VI,XXII,Denarius,VIII,XVI,DXL
Munarg,XXXVII,VIII,CLVII,Aureus,VI,XV,III
Murytub,XXXIX,XII,CLXV,Denarius,V,XXX,DLXVII
Munarg,XXXVIII,VII,CXXXVI,Denarius,VI,II,CCCXCIII
Muniv,XXXIX,VI,XXII,Denarius,V,VIII,CDXLIII
Munarg,XL,VIII,CXXXVII,Quinarius,VII,IV,XLVIII
Munarg,XXXVI,IV,CXXIV,Denarius,IV,XV,CCCXCIII
Suilis,XXXIX,I,XI,Denarius,VIII,XVIII,MMMDCCXLII
Muniv,XL,VI,XXIX,Denarius,IX,VII,CDLVI
Muniv,XL,I,XXVI,Denarius,VI,XIII,DLXXXV
Munarg,XXXVIII,III,CLXXIV,Denarius,III,VI,CDII
Munarg,XXXV,XII,CXC,Denarius,IV,XXIII,CCCLXVIII
Munarg,XL,I,CXXXVI,Denarius,VII,II,CCXXXVI
Muniv,XXXIX,XI,XXVII,Denarius,X,XI,CDLXXXIX
Murytub,XXXVII,XII,CLVIII,Denarius,VIII,X,DCXXXII
Murytub,XXXIX,VII,CXXIV,Denarius,V,IX,DLIX
Muniv,XXXVII,IX,XXXIV,Denarius,V,XIII,DXVI
Muniv,XL,IX,XV,Denarius,VIII,XXIX,DLXXXVIII
Munarg,XXXVIII,XII,CLXXV,Denarius,IV,VIII,CCCLXI
Murytub,XXXVII,VII,CVII,Aureus,VI,XXVI,IX
Munarg,XL,XII,CXXX,Denarius,VIII,V,CCXIX
Murytub,XXXV,VI,CXXXII,Denarius,VIII,VIII,DCLXXXVI
Munarg,XXXV,V,CLVIII,Quinarius,VII,X,CCIX
Munarg,XL,II,CLXXVI,Denarius,V,XXV,CXCVIII
Munarg,XXXV,XII,CXL,Quinarius,VII,VII,CLXXIV
Munarg,XXXVIII,V,CXCVIII,Denarius,V,XVII,CCCLXXIX
Munarg,XL,XI,CLXXXIV,Quinarius,V,XX,LXXX
Muniv,XL,IX,XXI,Denarius,V,XVI,DXLVII
Munarg,XL,X,CLXXIX,Denarius,IV,XIX,CDLXXXI
Munarg,XL,III,CXXIII,Quinarius,IV,VII,LXXXV
Muniv,XXXIX,V,XXVIII,Denarius,IX,IX,DCXV
Suilis,XXXVI,IV,XVII,Denarius,IX,XI,MMMCCX
Murytub,XL,I,CV,Denarius,V,XXIV,DXCIX
Munarg,XXXVII,IX,CLXXV,Quinarius,V,XI,CXXV
Murytub,XXXVIII,XI,CXIX,Quinarius,V,VIII,CLXXVIII
Munarg,XXXVI,VII,CXCIV,Denarius,V,XXVIII,CCCLXXIV
Murytub,XXXIX,III,CLXXIV,Quinarius,VIII,XX,CXXVII
Murytub,XXXVI,VI,CXIII,Denarius,VI,XIII,DCLXXVII
Murytub,XXXIX,XII,CXXXIV,Denarius,III,IX,DXCI
Munarg,XXXIX,I,CXCVII,Quinarius,V,XXVII,LI
Munarg,XXXVI,II,CLXXXIII,Denarius,V,XXV,CCCXXII
Munarg,XXXVII,I,CLXXXIII,Aureus,VI,I,IV
Munarg,XL,I,CLVI,Denarius,IV,XXVII,CDXXIV
Munarg,XL,X,CXI,Aureus,VI,I,III
Munarg,XXXV,III,CXXVIII,Denarius,V,IX,CCCXC
Muniv,XXXVIII,IX,XXXI,Aureus,VIII,XIII,V
Murytub,XL,VII,CXLVIII,Denarius,VII,X,DLII
Muniv,XXXIX,V,XXIV,Denarius,VII,XIX,DII
Murytub,XXXVI,X,CLXVIII,Quinarius,VII,XVI,CCLXVII
Munarg,XXXVI,II,CXXXIII,Quinarius,III,XVII,CXLVI
Murytub,XL,I,CXCI,Denarius,IV,XX,DXLII
Munarg,XXXV,IV,CXLVIII,Denarius,III,IX,CCCXIII
Munarg,XL,XII,CLXXVIII,Denarius,IX,XIII,CCCLXXXVII
Munarg,XXXIX,XI,CLXX,Aureus,V,X,II
Munarg,XXXIX,XII,CXXXIX,Denarius,IV,IV,CDIV
Munarg,XXXVII,IV,CLXXIX,Aureus,VI,XXV,III
Muniv,XL,II,XXX,Quinarius,IV,XXIV,CI
Murytub,XXXIX,II,CLXXXIII,Denarius,VI,V,DLXI
Murytub,XL,IX,CLXXXVI,Denarius,IX,XV,DLIV
Munarg,XL,I,CVI,Denarius,VII,XXV,CC
Murytub,XL,VII,CLXVII,Denarius,VI,XX,DLXX
Munarg,XXXVIII,X,CXVI,Denarius,IV,XXIV,CCLXXXVI
Munarg,XXXVIII,XII,CXXIV,Quinarius,V,XX,LXXI
Suilis,XXXV,II,X,Denarius,VI,XII,MMMXVIII
Munarg,XL,XI,CLXXXVIII,Quinarius,VI,I,XCI
Muniv,XXXIX,IV,XXX,Denarius,II,IV,CDXLII
Munarg,XXXVI,I,CLXXVI,Quinarius,III,V,CXLVII
Munarg,XXXVIII,VII,CXIV,Denarius,VI,XXIV,CDI
Munarg,XL,IX,CXXIV,Quinarius,IX,XI,LXXXII
Muniv,XL,IV,XXXIV,Quinarius,VII,XXIV,CXX
Munarg,XXXV,III,CLXII,Denarius,VI,XXVIII,CCCXXIII
Suilis,XXXVII,I,XVI,Aureus,VI,XXVIII,XXXIV
Murytub,XL,II,CX,Quinarius,IV,XX,CXXII
Muniv,XXXVII,VII,XX,Quinarius,IV,II,CC
Murytub,XXXV,XII,CLVIII,Denarius,IV,XXIII,DCLXXVI
Muniv,XXXVI,V,XXXI,Denarius,III,IX,CCCLXXII
Murytub,XXXVI,XI,CCXIX,Quinarius,VI,XII,CCXCIV
Munarg,XXXV,IV,CXIX,Quinarius,IV,XII,CLXXVIII
Munarg,XXXV,VIII,CLXVII,Denarius,VI,XIII,CCCXLI
Munarg,XXXVI,XI,CXLIX,Quinarius,III,X,CVIII
Munarg,XXXIX,X,CXCVI,Denarius,VI,XXVIII,CCXLIX
Murytub,XXXIX,I,CLXXII,Denarius,VIII,XXII,DLIV
Munarg,XXXVI,VII,CLV,Denarius,V,III,CCLXXX
Muniv,XXXVIII,X,XX,Denarius,V,XIII,DLI
Atamora,XL,VI,X,Denarius,V,VIII,MMDXLI
Muniv,XXXVIII,XII,XXV,Denarius,V,XXIX,DXXIII
Murytub,XXXV,III,CVI,Denarius,VI,VII,DCLXXIII
Murytub,XXXVII,V,CXXX,Aureus,IV,XXX,IX
Murytub,XXXIX,II,CXXXI,Denarius,VI,XX,DCXXI
Muniv,XXXIX,IV,XXVII,Denarius,VII,II,DVII
Munarg,XXXV,I,CXLVI,Quinarius,VI,XXIII,CLXXV
Munarg,XXXV,V,CXXII,Denarius,VII,III,CCCLXXIII
Munarg,XXXVII,II,CLXVII,Denarius,VI,XXIV,CCCXCII
Murytub,XXXV,X,CXLI,Quinarius,VI,XVIII,CCCLXXIII
Murytub,XXXVIII,III,CXIV,Denarius,IV,XXIX,DCXI
Suilis,XXXVII,I,XII,Denarius,VII,XXXI,MMMCCLXXXVIII
Munarg,XXXIX,XII,CLXXXII,Denarius,VI,XI,CCXXIII
Munarg,XL,I,CXLVIII,Denarius,VII,XI,CDV
Muniv,XXXVII,IX,XX,Quinarius,IV,XXVI,CLXXVIII
Murytub,XXXVII,X,CLXVIII,Quinarius,VIII,V,CCLII
Murytub,XXXVII,VIII,CXCI,Quinarius,VIII,IX,CCLI
Munarg,XXXVIII,III,CXVIII,Denarius,VI,XXIV,CCCXCVI
Murytub,XXXVII,XII,LXXXIX,Denarius,VIII,X,DXCII
Murytub,XXXVIII,IX,CXLV,Denarius,IV,XVII,DCXXXIV
Munarg,XXXVIII,I,CLXIV,Denarius,VI,XVIII,CCCXCVIII
Munarg,XXXVI,XII,CLVI,Denarius,IX,XXVI,CCCXIII
Munarg,XXXVII,VII,CXLIII,Denarius,V,XVI,CCCXVII
Munarg,XL,IV,CLII,Aureus,VII,VIII,IV
Munarg,XXXVIII,VII,CLXXVII,Denarius,VII,VII,CCLV
Muniv,XXXVII,VII,XXII,Quinarius,V,XXX,CCVIII
Munarg,XXXIX,V,CXCIII,Quinarius,VI,II,XCVIII
Murytub,XL,XII,CXCVI,Quinarius,V,XXVIII,CX
Munarg,XXXVI,I,CLIV,Denarius,X,III,CCCLI
Muniv,XL,II,XXIV,Denarius,VII,IV,CDLXXXIV
Munarg,XL,VII,CLVI,Denarius,VI,II,CLXXXVI
Muniv,XL,IV,XIII,Denarius,V,XI,DL
Munarg,XXXVII,II,CXIII,Denarius,V,XV,CCCLII
Muniv,XXXVI,XII,XXII,Denarius,V,XVI,DXXXV
Munarg,XXXVI,X,CXXXVII,Aureus,V,XXIX,III
Atamora,XXXV,VIII,VIII,Quinarius,IX,XX,MDCCXXXIX
Muniv,XXXVIII,X,XXVIII,Quinarius,V,VII,CXVII
Munarg,XXXVII,IV,CLXXVII,Denarius,VI,XI,CCXCI
Murytub,XXXVIII,I,CLIII,Denarius,VI,VII,DXCV
Munarg,XXXIX,XI,CLXIX,Denarius,VI,XVIII,CCXLIX
Munarg,XXXVIII,II,CLII,Denarius,VIII,XXII,CCCXLII
Murytub,XXXVI,VI,CXLIII,Denarius,VII,XVI,DCLXXX
Murytub,XXXVII,VI,CL,Denarius,VIII,XI,CMXCI
Murytub,XXXVII,VII,CLI,Quinarius,V,X,CCCXXXVI
Murytub,XXXVIII,III,CLXVIII,Denarius,VII,XII,DCXII
Munarg,XXXV,V,CLXV,Quinarius,VI,XIV,CXCIII
Murytub,XXXVII,III,CLXVI,Quinarius,III,XII,CCLXIX
Murytub,XXXV,VI,CLV,Denarius,VIII,VII,DCLXXXIV
Murytub,XXXIX,VIII,CXXXVII,Denarius,V,I,DLXXVIII
Muniv,XXXVI,XII,XXV,Quinarius,VI,XXX,CCXXII
Munarg,XXXV,III,CXVIII,Denarius,VII,VI,CCCLV
Muniv,XXXIX,III,XXXV,Quinarius,VII,XII,CVI
Munarg,XXXVIII,IX,CXLVII,Aureus,IV,XXVIII,II
Munarg,XXXVI,II,CXCII,Quinarius,VIII,XXI,CLXXIII
Muniv,XXXVIII,XI,XXX,Denarius,VII,XVI,CDXXXIV
Munarg,XXXVI,VI,CLXVII,Quinarius,VII,XV,CXLII
Muniv,XXXVI,VI,XXIII,Aureus,VIII,VI,VI
Murytub,XXXVI,V,CLXXXII,Quinarius,V,XVIII,CCXCIV
Muniv,XXXIX,IV,XVII,Quinarius,VI,VIII,CXIII
Munarg,XXXIX,IV,CLXXVI,Quinarius,VIII,XXX,XLIV
Murytub,XL,IV,CLXXIII,Quinarius,VI,XXII,CXXVII
Murytub,XXXVII,X,CLXV,Quinarius,VII,I,CCXXVIII
Murytub,XXXVII,V,CLXXXIV,Quinarius,VIII,XXII,CCCXLIX
Muniv,XXXIX,VII,XXIX,Denarius,VII,III,DLXVII
Muniv,XXXV,VII,XXVI,Quinarius,VI,XII,CCLXXIII
Murytub,XXXVIII,V,CIII,Denarius,VI,IX,DCXIX
Murytub,XXXIX,XI,CXIV,Aureus,VI,XVIII,VI
Murytub,XXXV,XII,XCVII,Quinarius,IV,XV,CCCXXXIII
Muniv,XXXVIII,XII,XXII,Quinarius,VII,XII,CXI
Munarg,XXXV,V,CXXIII,Denarius,IV,XX,CCCLXXV
Munarg,XXXVIII,III,CXVII,Denarius,VII,IV,CCCLXXV
Munarg,XXXVIII,VII,CII,Denarius,VI,XXX,CDXLVIII
Murytub,XXXVIII,IV,CXIX,Denarius,IV,XXI,DCV
Muniv,XXXIX,I,XLII,Quinarius,VI,XXI,CXIX
Munarg,XL,V,CXLVI,Aureus,IV,XXX,II
Suilis,XXXIX,II,XV,Aureus,V,XXVI,XXXV
Muniv,XL,IV,XV,Denarius,VII,VI,CDLXX
Murytub,XXXV,I,CLVIII,Quinarius,VII,XI,CCCLXXII
Munarg,XXXIX,IV,CXXXI,Quinarius,VIII,XXX,XLV
Muniv,XXXVII,IX,XXVI,Quinarius,VI,XXII,CLXXXVII
Munarg,XXXVIII,VII,CXCVIII,Denarius,II,XIII,CCLXXXII
Munarg,XXXVII,VII,CXL,Denarius,IV,II,CCCXII
Murytub,XXXVIII,X,CXLI,Quinarius,VI,XXVI,CLXXVIII
Suilis,XXXV,II,X,Aureus,X,XVII,XLIV
Muniv,XXXIX,VIII,XXVII,Denarius,VIII,XXIX,DI
Muniv,XXXVIII,VII,XXXII,Denarius,II,XIII,CDLIII
Murytub,XXXIX,V,CLXI,Denarius,IX,IX,DLXXIX
Suilis,XXXV,I,X,Denarius,VII,XXX,MMMCDX
Munarg,XXXV,III,CLXV,Quinarius,VII,XXVII,CXLIX
Murytub,XXXVI,X,CXVII,Denarius,IX,XXV,DCXCII
Muniv,XL,III,XXV,Denarius,VI,IV,CDXLVII
Munarg,XL,VIII,CLVII,Denarius,VIII,XXII,CLXXXVIII
Munarg,XXXVIII,VII,CLXXXVI,Quinarius,VI,XXII,CXVII
Muniv,XXXVII,II,XXVIII,Denarius,IV,II,CDLXI
Suilis,XXXVIII,IX,X,Quinarius,IV,XXVIII,MLXVIII
Murytub,XXXVII,V,CLXIII,Denarius,VI,XXVII,DCCCLXXXV
Muniv,XXXVI,V,XXXII,Denarius,IV,XI,DLXI
Murytub,XXXVI,XII,CXXVIII,Denarius,VI,I,DCXXVIII
Munarg,XXXVII,VII,C,Denarius,IV,II,CDXXVIII
Atamora,XXXVII,II,XI,Quinarius,V,XXVIII,MCCCXXI
Munarg,XXXVII,II,CXXXIX,Denarius,II,XXII,CCCLIV
Murytub,XXXIX,IV,CCXII,Denarius,V,XII,DCXXXVII
Atamora,XXXVIII,VII,V,Denarius,VI,XXVI,MMCCCXXI
Murytub,XXXV,XI,CLXXV,Denarius,V,XIV,DCCXV
Murytub,XXXVII,V,CXXXV,Denarius,V,XV,MV
Muniv,XXXV,XI,XXVII,Quinarius,V,XIV,CCXXVI
Murytub,XXXIX,XII,CLXVIII,Quinarius,X,XII,CXLII
Atamora,XXXVII,VI,VIII,Denarius,III,XXIV,MDXVI
Munarg,XL,VI,CXVIII,Aureus,VIII,XXX,II
Murytub,XL,VIII,CLVIII,Quinarius,VI,II,CXXIV
Munarg,XXXVII,III,CVIII,Denarius,III,XXXI,CCXCVI
Munarg,XXXVII,III,CXXXV,Denarius,V,II,CCCLIX
Munarg,XXXIX,IX,CXXIV,Denarius,V,XV,CDLXVI
Munarg,XXXVII,III,CLXXIII,Denarius,V,XIII,CCLXVII
Munarg,XXXIX,VI,CLXXV,Denarius,VII,XIX,CCXLIV
Murytub,XL,IV,CXXI,Quinarius,V,XXVIII,CXVIII
Munarg,XXXIX,XII,CLXXXI,Denarius,VI,XX,CDLXXI
Munarg,XXXV,IV,CL,Denarius,IV,XXIV,CCCLIII
Muniv,XXXIX,VII,XXVI,Quinarius,VI,XII,CXXIV
Murytub,XL,IX,CXXIV,Denarius,VI,XXI,DLXXII
Munarg,XL,VI,CXXXVII,Quinarius,VI,X,XCIV
Muniv,XXXV,VII,XXII,Denarius,VI,XXXI,CDLXXIX
Munarg,XXXVI,VI,CLXXVII,Quinarius,VII,XV,CLIV
Muniv,XXXIX,I,XXIV,Quinarius,VIII,XX,CXLI
Munarg,XXXVIII,VIII,CXII,Quinarius,VIII,X,LXXII
Munarg,XXXIX,III,CLXXXI,Denarius,VI,XXVIII,CCCLXVI
Muniv,XL,XI,XIX,Denarius,VII,XXII,DLXVI
Murytub,XL,XI,CXX,Quinarius,III,IV,CX
Murytub,XXXVI,III,CXLVI,Denarius,III,XVIII,DCLIV
Murytub,XL,VIII,CC,Denarius,IV,XIV,DXLV
Munarg,XXXVIII,VI,CXI,Denarius,VI,XXV,CCLIX
Munarg,XXXIX,V,CLXXXVI,Denarius,VI,IV,CDXVI
Murytub,XXXVI,I,CXL,Denarius,VII,IX,DLXXXIV
Suilis,XXXV,IV,XVIII,Quinarius,IV,III,MDXLIX
Munarg,XXXIX,II,CXLIX,Aureus,III,IV,II
Munarg,XXXVII,XI,CXXXVIII,Denarius,IV,II,CCCXI
Murytub,XXXVII,X,CXXIV,Quinarius,VII,XXI,CCXXXVII
Munarg,XXXIX,II,CLVI,Denarius,VI,V,CCLIII
Murytub,XXXVIII,VII,CXLVI,Denarius,IX,XXXI,DCXIX
Munarg,XXXVIII,IX,CLXXXI,Denarius,VI,IX,CCCLXXVIII
Muniv,XXXVI,XII,XXVIII,Denarius,VI,X,DLXXXV
Munarg,XXXV,X,CII,Denarius,V,XIII,CCCXXIV
Munarg,XXXIX,XII,CXLI,Denarius,VIII,II,CCXXXIII
Murytub,XXXVIII,IV,CXCV,Quinarius,IV,XXI,CXCVIII
Murytub,XL,IV,CXXIX,Denarius,IV,IV,DXXXIII
Murytub,XXXV,X,CXXVI,Denarius,VI,XXII,DCLXXIII
Suilis,XL,III,XII,Denarius,VI,IV,MMMDCCXCVIII
Murytub,XXXVI,IX,CLXXXII,Denarius,X,XVII,DCXXXVIII
Munarg,XL,IX,CXVIII,Quinarius,VI,XXI,XLIII
Atamora,XL,II,XI,Denarius,IV,XXII,MMCCCXXXI
Suilis,XXXVIII,VII,X,Denarius,VI,II,MMMDCLVII
Atamora,XXXVI,X,XIII,Quinarius,VI,XXIV,MCCXXX
Munarg,XXXVI,II,CIX,Aureus,VII,VI,IV
Munarg,XXXVI,X,CLXIV,Quinarius,III,XXX,CXXXIII
Munarg,XXXVIII,II,CLI,Aureus,V,XXVIII,IV
Munarg,XXXV,VIII,CLXXXVII,Quinarius,VII,VIII,CLXXIV
Suilis,XXXVII,IX,XXVIII,Quinarius,IV,XXVI,MCCCLIX
Munarg,XXXIX,VII,CXLI,Quinarius,V,XXIX,XLVIII
Muniv,XXXVI,V,XXVII,Denarius,V,XIX,CDXXXVIII
Murytub,XXXIX,IV,CXLIX,Aureus,VIII,V,V
Murytub,XXXVI,VI,CLXVIII,Denarius,VII,XXIX,DCLXV
Muniv,XXXVI,V,XXXI,Quinarius,VI,XV,CLXXXVI
Munarg,XXXVIII,XI,CXXII,Denarius,VI,XXII,CCLXXIX
Atamora,XXXVIII,VI,XI,Denarius,IV,XIX,MMCCCXVIII
Murytub,XXXVI,I,CXLVIII,Denarius,V,XIII,DCXXXVII
Munarg,XXXVIII,VIII,CLXXXV,Aureus,II,II,III
Munarg,XXXVIII,V,CLXXIII,Denarius,V,XXVII,CCCLXVIII
Murytub,XXXVII,XII,CXLII,Denarius,III,XV,DCLXII
Munarg,XXXVIII,IX,CLXXXI,Denarius,II,VIII,CDIII
Suilis,XXXVI,II,XV,Denarius,V,I,MMMCDLI
Munarg,XXXV,IV,CXIII,Quinarius,IV,III,CLXXVII
Munarg,XL,X,CLXXXII,Quinarius,VI,XXVII,XC
Munarg,XL,I,CXXXVI,Denarius,VIII,III,CDII
Munarg,XXXIX,XII,CXIX,Aureus,VI,XV,II
Munarg,XL,XII,CLXI,Denarius,VIII,XXIII,CLXXIV
Murytub,XXXIX,V,CXXXI,Quinarius,VI,XII,CXXX
Suilis,XL,X,XIII,Denarius,IX,XXV,MMMDCXCIX
Murytub,XXXVII,VIII,CLV,Denarius,VI,XV,DCLXIX
Munarg,XXXV,VIII,CLXXXIII,Denarius,V,IV,CCCLXXXVII
Murytub,XXXVII,II,CLIX,Denarius,VI,XI,DCCVI
Muniv,XXXIX,II,XXVII,Quinarius,IX,XXI,CXIII
Muniv,XXXVIII,XII,XXX,Quinarius,III,VI,CXLVI
Suilis,XXXVIII,XII,XIII,Aureus,IV,V,XXXVII
Munarg,XXXIX,IV,CIII,Quinarius,VIII,XI,LXXXVI
Munarg,XXXIX,VII,CVIII,Aureus,VII,X,IV
Murytub,XXXVI,VI,CLXXVIII,Denarius,VII,XXIV,DCCXXIV
Murytub,XXXVII,VIII,CXII,Aureus,VI,XXXI,VII
Muniv,XXXVII,III,XXX,Denarius,VI,VII,DXXV
Munarg,XXXIX,X,CXLV,Denarius,IV,VI,CCIX
Munarg,XXXIX,VII,CLXXIII,Quinarius,V,XVII,LXXXVIII
Munarg,XXXVII,IX,CXC,Denarius,VI,XXIII,CDXXXV
Suilis,XXXVI,VII,XXXV,Denarius,VI,XXVII,MMMCDLXIII
Muniv,XXXVI,I,XVIII,Denarius,III,V,CDLXIV
Munarg,XXXV,XI,CLII,Denarius,VI,VIII,CCCLIV
Munarg,XXXVI,X,CLIII,Denarius,IV,XX,CCCLII
Munarg,XXXIX,VIII,CXL,Denarius,VIII,XX,CCXIII
Murytub,XL,X,CVI,Denarius,V,XI,DLVII
Murytub,XXXVI,I,CXLV,Quinarius,V,XII,CCCVIII
Muniv,XXXIX,XI,XXVI,Quinarius,VII,I,CX
Murytub,XXXVI,VII,CLXIX,Quinarius,VII,XI,CCC
Murytub,XXXVII,VI,CXLIV,Aureus,VII,XIX,X
Munarg,XXXVI,XI,CXL,Quinarius,VI,XXVIII,CXXXVII
Munarg,XXXVII,VIII,CIV,Quinarius,VI,XXII,CXLV
Munarg,XXXVIII,IV,CLXII,Aureus,VIII,X,IV
Munarg,XL,VII,CLXXI,Aureus,III,XV,IV
Muniv,XXXV,V,XXVII,Denarius,I,IV,CDLVI
Munarg,XXXVI,XII,CXXIX,Denarius,VIII,XV,CCLXX
Murytub,XXXIX,I,CXLIII,Quinarius,VII,XXVI,CXLVI
Munarg,XXXVII,VI,C,Denarius,V,XXX,CCXLIX
Murytub,XXXVII,IX,CLXVI,Denarius,VII,XII,DCLXXXVII
Murytub,XXXV,XI,CLIII,Quinarius,V,XXIII,CCCXIV
Munarg,XXXV,III,CXXXIX,Quinarius,IX,V,CXLVI
Muniv,XXXVIII,IX,XX,Denarius,VII,XXII,DXVI
Muniv,XXXV,II,XX,Denarius,VII,XV,DLXXIX
Murytub,XXXVII,II,CXXX,Denarius,VI,XI,DCXX
Atamora,XXXIX,VIII,VI,Aureus,VIII,XX,XXVII
Suilis,XXXVI,V,XX,Aureus,VIII,III,XXXVIII
Munarg,XXXVI,II,CVI,Denarius,IV,IV,CCCXXVIII
Munarg,XXXVI,XI,CXCII,Quinarius,IV,VI,CLI
Muniv,XXXVIII,III,XXVI,Denarius,V,I,CCCXCVII
Munarg,XL,IV,CLVII,Denarius,VI,XXI,CCXL
Muniv,XXXVII,I,XXXI,Denarius,IX,IV,DXXIV
Munarg,XXXV,IV,CLXXX,Denarius,VII,VII,CCCLXXV
Munarg,XXXIX,IX,CX,Aureus,IX,IV,II
Murytub,XXXVIII,XI,CXXIX,Denarius,VI,XX,DLXVIII
Murytub,XL,X,CXCI,Denarius,IV,VIII,DXIII
Munarg,XXXVI,VIII,CLXXVIII,Denarius,IV,II,CDXIII
Suilis,XXXVIII,III,XIX,Denarius,IX,XI,MMMDCCLV
Murytub,XXXVIII,VI,CLI,Denarius,V,XXIX,DXCV
Munarg,XXXV,III,CXLVII,Denarius,VII,XX,CCCLXXXIV
Murytub,XXXV,X,CXI,Denarius,VII,II,DCCI
Murytub,XXXVII,IV,CLXVI,Quinarius,I,XXIV,CCCXCVIII
Murytub,XXXIX,IV,CLIX,Aureus,V,XIV,VI
Murytub,XXXVII,IV,CXVII,Quinarius,V,XXI,CCCLVII
Munarg,XL,XI,CXXXIII,Denarius,IV,XXIX,CDXIV
Munarg,XXXVI,IX,CLXXXI,Denarius,IV,XXIII,CCCXLVI
Munarg,XL,XII,CLVI,Denarius,VI,II,CCXIX
Murytub,XXXV,X,CLXXIX,Denarius,III,XIX,DCLXXXIX
Munarg,XXXVIII,VI,CLV,Denarius,VI,I,CCXXV
Munarg,XXXIX,IX,CLIII,Denarius,VI,V,CDI
Munarg,XXXVI,I,CLI,Denarius,V,IV,CCCXLIII
Munarg,XXXIX,VI,CXXIII,Denarius,IV,III,CCXXXVI
Muniv,XXXV,XII,XX,Quinarius,VIII,XVIII,CCXLII
Murytub,XXXVII,III,CLVI,Denarius,IX,VI,DCVIII
Atamora,XXXVIII,X,XII,Denarius,X,XXI,MMDV
Murytub,XXXVI,XII,CI,Quinarius,IX,XXXI,CCLVIII
Munarg,XXXVII,I,CXLVIII,Quinarius,V,VII,CX
Munarg,XXXVI,VI,CLX,Quinarius,VIII,VI,CLVIII
Muniv,XXXV,IX,XXIV,Quinarius,VII,IX,CCXXV
Murytub,XXXVIII,I,CXXIX,Denarius,VI,XVIII,DCXLVII
Murytub,XXXV,VI,XCV,Denarius,III,XIV,DCCLV
Munarg,XXXVI,V,CLXIX,Denarius,IX,I,CCCXCIX
Muniv,XXXVII,IV,XXI,Denarius,VI,XI,CDLXXVIII
Murytub,XXXVIII,VI,CLXIX,Aureus,VIII,III,VI
Murytub,XXXVIII,V,CLVII,Denarius,V,XXXI,DCXXIX
Munarg,XXXVII,IV,CXCI,Aureus,VI,XIV,III
Suilis,XXXIX,X,XXX,Denarius,V,VIII,MMMDCXXXII
Suilis,XXXVII,XI,X,Denarius,VIII,XI,MMMDCCXXVII
Muniv,XXXVI,III,XIII,Quinarius,X,XII,CXCVIII
Munarg,XXXV,IX,CLXXVIII,Denarius,VI,XX,CCCXXXIX
Murytub,XL,X,CLXX,Quinarius,IX,XXIV,CXIII
Muniv,XL,III,XXV,Denarius,VII,XVII,CDLXXIII
Munarg,XXXVIII,IV,CXLIII,Quinarius,V,XXX,CXXXV
Murytub,XXXV,V,CLXVI,Denarius,VII,XXI,DCCXIV
Atamora,XXXVIII,XII,XII,Denarius,V,III,MMCMXX
Muniv,XXXVII,VI,XXIII,Denarius,IV,III,CDLXXXIX
Muniv,XXXVI,XI,XXXI,Quinarius,VII,XXVII,CXCIX
Munarg,XXXVIII,X,CXI,Denarius,VI,XIX,CCLXXVIII
Murytub,XL,IV,CLXXXVIII,Denarius,IV,IX,DLXXIII
Munarg,XXXVIII,III,CXCII,Denarius,VIII,XVI,CDXVIII
Muniv,XXXVII,II,XXIV,Denarius,V,III,CDLIV
Murytub,XXXVII,IV,CXXXV,Denarius,IV,XIX,CMXXX
Murytub,XXXVIII,V,CLXXXV,Aureus,V,XI,VI
Munarg,XXXV,II,CLXXVII,Quinarius,VI,XI,CCVIII
Muniv,XXXIX,VI,XXV,Quinarius,VII,IV,CVIII
Muniv,XXXIX,V,XXVII,Quinarius,VI,II,CII
Suilis,XXXVII,I,XXX,Denarius,IX,X,MMMDCCXLVIII
Murytub,XXXVII,X,CXCV,Quinarius,VII,XXI,CCXVI
Munarg,XXXVI,VI,CLVI,Denarius,V,II,CCLXXXIII
Muniv,XXXVII,III,XXVIII,Denarius,VIII,XXVI,DXXI
Murytub,XXXIX,X,CLXVIII,Quinarius,VI,XXVIII,CXXVII
Suilis,XXXIX,IX,XIV,Denarius,IX,IV,MMMDXIX
Munarg,XXXVI,X,CLXIII,Quinarius,VI,XXIV,CXLVIII
Munarg,XL,IX,CXXXV,Denarius,VII,XXVII,CXCVIII
Munarg,XXXVI,XI,CLIII,Denarius,VIII,VIII,CCCXXVIII
Suilis,XXXV,IX,XLV,Denarius,VII,I,MMMCCCLXXXVIII
Murytub,XXXIX,XII,CLXXXVI,Quinarius,X,XII,CXLIV
Muniv,XXXVIII,IV,XXII,Denarius,VI,VI,CDLVIII
Munarg,XXXIX,XII,CLXXXII,Denarius,IV,XVII,CXCIX
Murytub,XXXVIII,VII,CLXI,Quinarius,IV,XI,CLXXVIII
Murytub,XXXV,VIII,CXLI,Quinarius,V,XXIII,CCCXXX
Murytub,XXXVI,IV,CCXII,Denarius,V,XIX,DCXXI
Suilis,XXXVII,VII,XVI,Quinarius,IV,XXVII,MCCCXXXVII
Munarg,XXXV,II,CXXXVII,Denarius,V,XX,CCCVIII
Suilis,XXXVIII,XII,XLIV,Quinarius,VI,XVII,CMXCI
Suilis,XXXVII,VI,XVII,Denarius,III,XXV,MMMDCLVII
Atamora,XL,I,VIII,Quinarius,IV,XX,DLIII
Munarg,XXXIX,I,CXXXI,Denarius,V,XXVII,CCLVII
Munarg,XL,III,CXII,Denarius,VI,XXXI,CCXXIII
Murytub,XL,VI,CCX,Denarius,V,XXV,DXXXIX
Suilis,XXXVI,IX,XXXVII,Denarius,VII,XXVII,MMMCCCXLVIII
Munarg,XXXVIII,I,CXIX,Denarius,V,V,CCLV
Murytub,XL,V,CXVIII,Quinarius,VIII,X,CXX
Munarg,XXXVIII,IX,CX,Denarius,IX,XXIV,CCCLXXIX
Suilis,XL,IV,XI,Denarius,VI,XXII,MMMDCCCLXXXI
Murytub,XXXVIII,IX,CC,Denarius,VII,XXX,DLVIII
Murytub,XXXVI,XII,CLXXXIX,Quinarius,VI,VIII,CCLXIX
Murytub,XXXIX,III,CLVII,Denarius,VI,XXIX,DXCV
Muniv,XXXVI,V,XX,Denarius,VII,V,DV
Muniv,XL,XI,XXVI,Denarius,IV,XXIX,CDLXXV
Munarg,XL,VII,CLXXXVI,Denarius,V,XVII,CCXXXIII
Munarg,XXXV,VII,CXXVI,Denarius,VI,XVII,CCCLXXIV
Murytub,XXXVIII,II,CCI,Quinarius,VI,IX,CXCIX
Munarg,XL,V,CXXXVI,Quinarius,VII,XVIII,XLIV
Munarg,XXXVII,II,CXLVII,Denarius,VIII,XXI,CCLXXXIV
Murytub,XXXIX,VIII,CLXXXII,Quinarius,V,XXII,CLIII
Munarg,XXXIX,IX,CXXVI,Denarius,VI,II,CDXXXI
Munarg,XXXIX,IV,CLIX,Quinarius,III,XXVI,XLV
Murytub,XL,III,CLX,Denarius,VI,XXX,DLXX
Murytub,XXXV,V,CLXXIII,Quinarius,V,II,CCCLXX
Munarg,XXXV,IV,CXIV,Denarius,IV,VI,CCCVIII
Murytub,XXXVI,III,CLXXVII,Denarius,VI,XXVI,DCXCII
Muniv,XXXVII,III,XXII,Quinarius,V,XXII,CCXXIX
Murytub,XXXVI,II,CCXXIII,Quinarius,V,II,CCXCVI
Murytub,XXXIX,II,CXIX,Aureus,III,IV,VI
Murytub,XXXIX,III,CXXX,Quinarius,IV,V,CXLIII
Munarg,XXXV,VII,CLXVII,Denarius,IV,V,CCCLI
Munarg,XXXVIII,VII,CXLIII,Quinarius,II,IX,LXXXII
Muniv,XL,VII,XXIV,Quinarius,VIII,XXVI,CXVIII
Suilis,XXXVII,II,XVII,Denarius,VI,XVII,MMMDCLI
Munarg,XL,X,CLXXVI,Denarius,VII,XX,CCCLXIII
Muniv,XXXVIII,V,XVII,Denarius,III,XXV,CDLVIII
Muniv,XXXVI,X,XXVII,Denarius,IX,XXVII,DVI
Muniv,XL,XII,XXII,Denarius,III,XII,DXXVII
Murytub,XL,XII,CXLIV,Denarius,IX,X,DXVI
Murytub,XXXIX,IV,CLXV,Denarius,VI,XVIII,DCXXXVII
Munarg,XXXVII,VIII,CXLIV,Quinarius,IV,XIX,CIX
Muniv,XXXVI,XI,XXVII,Quinarius,V,XXI,CCXX
Murytub,XXXVIII,I,CXLIX,Denarius,VI,III,DCLI
Murytub,XL,I,CLIII,Denarius,VI,XIII,DLXXIV
Munarg,XXXV,XII,CXI,Denarius,VI,I,CCCLXXXI
Muniv,XL,I,XXIII,Denarius,VII,VI,DXCIX
Muniv,XXXV,III,XXXI,Denarius,VI,VII,DXLVII
Atamora,XXXVII,V,XI,Denarius,VI,XVIII,MMXXXV
Murytub,XXXVI,I,CLII,Denarius,VII,XXIV,DCXCVI
Munarg,XXXVI,III,CXCII,Denarius,III,IV,CCCXIX
Muniv,XXXVI,IV,XXX,Denarius,IV,XV,CDLVII
Munarg,XXXVIII,IV,CXXXVIII,Denarius,VI,III,CCXXXIV
Muniv,XXXV,IX,XX,Denarius,VII,IX,CDXXX
Murytub,XL,IV,CLIX,Denarius,IV,IV,DLXI
Munarg,XXXVIII,VIII,CLVII,Denarius,VI,XXXI,CDX
Munarg,XL,VII,CXLIII,Quinarius,VII,VIII,CVI
Muniv,XXXVII,VIII,XXIX,Quinarius,V,XXVI,CCXL
Murytub,XXXVI,XII,CXLVIII,Quinarius,VII,XIV,CCLXVIII
Muniv,XXXIX,VI,XVIII,Denarius,VIII,VII,DII
Atamora,XXXV,IV,VIII,Quinarius,V,XX,MDCCCLVII
Munarg,XXXVI,VIII,CXXVIII,Denarius,IV,XI,CCLXVI
Munarg,XXXVII,VIII,CLXVIII,Denarius,VIII,IX,CCCLXXVII
Muniv,XXXVI,IX,XXVI,Denarius,X,XVII,DXLIII
Murytub,XXXVI,XII,CLXIV,Denarius,VI,XIX,DCXCI
Murytub,XXXVI,IV,CLXXXVI,Quinarius,III,XXIV,CCLXXXIII
Munarg,XXXVIII,X,CXXIV,Denarius,VI,XXIX,CCCLV
Suilis,XXXIX,VII,LXV,Aureus,VI,XVIII,XXXVII
Munarg,XXXIX,VII,CXXXIV,Denarius,VI,XIII,CCXXV
Muniv,XXXVI,V,XXVI,Denarius,IX,I,DXLVII
Muniv,XXXVI,IV,XXIV,Denarius,VII,XVI,DXIII
Murytub,XXXIX,VI,CLXV,Denarius,VI,XIII,DLXXX
Murytub,XL,XI,CLIX,Denarius,VII,II,DXLIX
Munarg,XXXIX,VI,CIII,Denarius,IV,III,CCCLXXV
Muniv,XXXVII,XI,XXV,Denarius,V,IV,CDLXIII
Murytub,XXXIX,IV,CXX,Denarius,X,XX,DCVII
Munarg,XXXVII,VII,CXLII,Denarius,III,XIII,CDXX
Murytub,XXXVI,XI,CLXXXIII,Quinarius,VI,IX,CCLXVI
Murytub,XXXV,III,CLXVI,Denarius,VII,XVI,DCLXXXVI
Murytub,XXXIX,VI,CXXXIX,Aureus,IX,VI,VI
Muniv,XL,XI,XXVII,Denarius,V,VII,DXXXVII
Muniv,XXXV,XI,XXIV,Denarius,VII,X,CDLXXIV
Muniv,XL,III,XXII,Aureus,VI,XII,IV
Munarg,XL,VII,CLX,Denarius,IX,XIX,CDXLIII
Munarg,XL,X,CLXIII,Denarius,II,III,CCIV
Murytub,XXXIX,IX,CXXXIX,Aureus,III,X,VI
Muniv,XXXIX,VI,XXV,Quinarius,VI,XV,CXLIII
Munarg,XXXIX,V,CXXII,Denarius,VII,X,CCXV
Murytub,XL,V,XCVIII,Denarius,VIII,XXVII,DXXIX
Munarg,XXXV,IX,CXLVI,Denarius,IX,XXIII,CCLXXXIX
Muniv,XXXIX,VIII,XX,Quinarius,V,VIII,CXII
Muniv,XXXVII,VI,XXIV,Aureus,XII,XVIII,V
Murytub,XXXVI,V,CXXXIV,Denarius,IV,XXIX,DCXLIX
Atamora,XXXV,IX,XI,Denarius,VII,III,MMMCCXLIV
Munarg,XXXVII,XII,CLX,Denarius,V,XII,CDXXVIII
Murytub,XXXVII,X,CXII,Denarius,V,XV,DCXXVII
Munarg,XXXVIII,II,CXCVIII,Quinarius,VIII,X,XC
Murytub,XXXVIII,VII,CXLIX,Denarius,VI,XV,DXCIII
Murytub,XL,XII,CXXXI,Denarius,IX,X,DXLVIII
Munarg,XXXVIII,VII,CXII,Denarius,VI,XXVI,CCXLI
Munarg,XL,XII,CLX,Quinarius,VI,XXVII,XXXVII
Munarg,XL,VIII,CLX,Quinarius,III,X,LXXXIII
Munarg,XXXVIII,V,CLXXVII,Denarius,IV,XXIII,CCXCII
Munarg,XXXVI,XI,CLXVII,Denarius,VIII,VIII,CCCXLVIII
Murytub,XXXVII,II,CLXXXVII,Quinarius,V,XIV,CCCIV
Muniv,XXXV,XI,XXI,Denarius,VI,XI,CDXLIX
Munarg,XXXV,XII,CXLVIII,Denarius,VIII,XIX,CCCLIV
Munarg,XL,V,CXX,Denarius,IV,XXII,CCXIV
Munarg,XXXVIII,I,CLXXVII,Denarius,V,VI,CCCLXXIX
Munarg,XXXVI,I,CXXIX,Denarius,V,XII,CCLXXXVIII
Murytub,XL,III,CXXXV,Quinarius,III,I,CXXIV
Murytub,XL,V,CLXIV,Quinarius,VII,XI,CXV
Atamora,XXXVI,VI,IX,Quinarius,VII,XXIX,MXCI
Suilis,XXXVII,XII,XXV,Denarius,IV,XXX,MMMDXLVI
Munarg,XXXV,IX,CXCVII,Quinarius,IX,XXIII,CCVIII
Murytub,XXXIX,X,CXXVI,Denarius,VIII,XXIX,DLXXV
Muniv,XXXVI,IV,XX,Denarius,V,I,DXLIX
Munarg,XXXVI,V,CLIII,Denarius,VII,XIV,CCCXIII
Munarg,XXXVIII,V,CLXXX,Aureus,IV,III,III
Murytub,XXXVII,VI,CL,Denarius,V,XXII,CMXVIII
Munarg,XL,II,CXXXIX,Denarius,VI,X,CXCIV
Muniv,XL,VI,XXVIII,Quinarius,VI,X,CIX
Muniv,XL,IX,XXIV,Denarius,IV,IV,DXI
Muniv,XXXVII,II,XXII,Denarius,VII,VIII,CDLIX
Munarg,XXXVIII,I,CXXXVI,Quinarius,V,XXX,LXXXII
Munarg,XXXIX,XII,CLXX,Denarius,V,XXVIII,CCXXXVII
Munarg,XXXVI,VII,CLXXXVIII,Denarius,V,XIV,CCLXXVIII
Munarg,XXXVI,VIII,CXXXV,Denarius,VI,XXXI,CCCLV
Murytub,XL,VI,CXXIX,Denarius,II,XI,DLIII
Muniv,XXXVI,V,XIX,Quinarius,IV,XXX,CXCVI
Suilis,XXXVI,VIII,XXIII,Denarius,VIII,XVI,MMMCCCLVIII
Murytub,XXXIX,VII,CLXXXIX,Denarius,V,XXXI,DLXXXVIII
Murytub,XXXVIII,VII,CXX,Denarius,VIII,XXI,DCVII
Murytub,XXXVIII,VI,CLXXXIV,Denarius,VI,I,DCXXIV
Munarg,XXXVIII,XI,CXXXII,Quinarius,V,II,CXVII
Munarg,XXXVIII,XI,CLXXXIII,Aureus,VI,IV,III
Muniv,XXXV,II,XVIII,Denarius,V,XX,CDLXVIII
Murytub,XXXVI,XII,CXXIX,Quinarius,VIII,XV,CCLXXII
Munarg,XXXIX,X,CIX,Denarius,VI,XXX,CDXXVIII
Murytub,XXXV,VI,CXLIX,Quinarius,VI,XIX,CCCLX
Atamora,XXXIX,XII,XIV,Denarius,V,I,MMDCCCXVI
Munarg,XL,II,CLXXXI,Denarius,VII,XVIII,CCVII
Munarg,XXXV,II,CXLV,Denarius,VII,XV,CCCLXXX
Munarg,XXXIX,XII,CLXXVII,Denarius,VIII,II,CCCLXV
Murytub,XXXV,XII,CIV,Quinarius,V,XXXI,CCC
Munarg,XXXVII,III,CXXXIV,Quinarius,X,IV,CXVII
Munarg,XXXVI,I,CLXIII,Denarius,IV,XXX,CCCXXXVI
Muniv,XXXV,IV,XXII,Denarius,IV,VI,CDLXXVIII
Munarg,XXXVIII,V,CXCIII,Denarius,IV,IV,CCCXLIV
Munarg,XXXVII,VII,CXCVIII,Denarius,VI,XXVI,CCLXXXI
Munarg,XL,VIII,CXXII,Denarius,III,XXVII,CD
Atamora,XL,VI,IX,Denarius,VII,XV,MMDCXXI
Munarg,XXXIX,VIII,CXI,Quinarius,V,VII,LIII
Muniv,XXXV,II,XXXIII,Denarius,IV,II,CDLXXVIII
Munarg,XXXVIII,III,CLXIII,Quinarius,V,X,LXXXVIII
Muniv,XXXVI,IV,VIII,Denarius,III,XXIII,DXLVIII
Murytub,XXXV,IX,CLXIX,Denarius,VI,XX,DCCXXI
Munarg,XXXVI,VIII,CLXXXVII,Denarius,IV,XI,CCCXXIX
Murytub,XXXVII,V,CXLII,Denarius,VI,XIV,CMLIX
Murytub,XL,II,CLI,Quinarius,V,XIX,CXXXVI
Munarg,XL,VIII,CXVII,Denarius,VI,XII,CCXIV
Muniv,XL,I,XXII,Quinarius,VI,XII,CXXXV
Munarg,XXXIX,XI,CLII,Quinarius,III,VII,XCVII
Munarg,XXXVIII,VI,CXLIV,Quinarius,VII,XIII,LXXI
Munarg,XXXVII,I,CXCI,Denarius,VI,XVIII,CCCXCVI
Muniv,XXXV,VIII,XXXV,Quinarius,IX,II,CCXXXIV
Muniv,XXXV,III,XXV,Denarius,V,XXIII,DXL
Munarg,XL,IX,CXCIII,Denarius,IV,III,CCXIX
Munarg,XXXVIII,IV,CX,Quinarius,VI,IX,CXII
Murytub,XXXVII,X,CLXIX,Quinarius,II,XII,CCLIV
Munarg,XL,X,CLXXIX,Quinarius,V,X,LXXXIII
Munarg,XXXVII,VIII,CLVIII,Quinarius,VII,V,CXIV
Munarg,XXXVII,IX,CXVIII,Denarius,VI,XIV,CCCLXIX
Murytub,XXXVI,III,CXXVIII,Quinarius,III,XXII,CCXCII
Munarg,XXXVI,I,CXXXI,Denarius,IV,VII,CCCXCIX
Muniv,XXXVIII,XI,XXI,Aureus,VIII,VII,V
Murytub,XXXVI,IV,CXXXVI,Quinarius,III,XII,CCCXXVI
Munarg,XL,XI,CLXXXVI,Denarius,III,IV,CXCIII
Munarg,XL,VI,CLXXXII,Quinarius,V,IV,XLVI
Muniv,XXXV,XII,XX,Quinarius,V,II,CCLXXVI
Murytub,XXXVII,IX,CLXXII,Quinarius,V,XI,CCLXXIV
Murytub,XXXIX,XII,CLXXII,Denarius,VIII,XXVII,DLI
Munarg,XXXVI,XII,CLXXIII,Denarius,VI,XXX,CCCLXXXVII
Muniv,XXXVI,IX,XXII,Quinarius,VIII,XVI,CLXXXV
Atamora,XXXIX,IX,XV,Denarius,VI,V,MMDCLXII
Munarg,XXXV,III,CXVIII,Quinarius,VI,XIII,CLXIV
Murytub,XXXVIII,XII,CXXIV,Denarius,III,VII,DCX
Munarg,XL,IX,CLXV,Denarius,IX,XXIV,CCCXCVI
Munarg,XXXIX,V,CXLIV,Quinarius,IV,XVI,XCV
Munarg,XXXVIII,II,CXXVIII,Quinarius,V,VIII,CXXIX
Munarg,XXXVIII,VIII,CLXXIV,Denarius,IV,XXV,CCLXXXI
Munarg,XXXVII,VII,CLI,Aureus,VI,IX,II
Murytub,XXXVII,II,XCIII,Denarius,VII,VI,DCLXVII
Muniv,XXXV,XII,XXXIV,Quinarius,IV,XXII,CCXI
Munarg,XL,XII,CXXIV,Quinarius,VIII,V,LXXXVIII
Munarg,XXXIX,IX,CLXXX,Quinarius,V,XVII,LI
Munarg,XXXIX,X,CXXXIX,Quinarius,VII,XXVII,LXXXIV
Murytub,XXXV,XII,CLXXXIV,Denarius,VI,XVI,DCLVIII
Murytub,XL,I,CLXXIV,Quinarius,VI,XXIII,CXLI
Munarg,XXXVIII,V,CXCVI,Denarius,V,XXXI,CCCL
Munarg,XXXIX,I,CXVIII,Aureus,VIII,XVIII,II
Munarg,XXXVIII,I,CXXXV,Aureus,IV,XXIV,III
Murytub,XL,I,CLXX,Aureus,VII,XXII,VI
Atamora,XL,III,VII,Aureus,VI,XXX,XX
Munarg,XXXV,VI,CLV,Denarius,VI,XVI,CCCXXXVI
Munarg,XXXVIII,III,CXLI,Denarius,V,XIV,CCXLVI
Munarg,XXXVIII,XI,CLXXXIII,Denarius,V,XXX,CCXXXI
Atamora,XXXVII,XII,VII,Aureus,III,XVI,XXVII
Murytub,XXXVII,IV,CXCVIII,Quinarius,I,XXIV,CDXI
Munarg,XXXVII,XI,CXXXII,Quinarius,VI,X,CLIII
Munarg,XXXIX,VIII,CXC,Aureus,IV,XXV,III
Muniv,XXXVI,II,XXV,Quinarius,VIII,XXI,CCLVII
Munarg,XXXVI,X,CXV,Denarius,VIII,XI,CCCXXI
Murytub,XL,X,CLXXXVI,Denarius,VIII,XV,DXLV
Munarg,XXXVIII,IX,CLXXXII,Denarius,IV,XVII,CCCXLIV
Murytub,XL,X,CXXXII,Denarius,IX,XXV,DXXXIX
Munarg,XXXVIII,XI,CXXXVI,Quinarius,III,XXV,LXI
Muniv,XL,XII,XXXV,Denarius,VII,IV,CDXXXIX
Munarg,XXXVIII,VIII,CLXXVIII,Denarius,V,V,CCXLIII
Suilis,XXXIX,II,XXV,Quinarius,IX,XI,DCCCLVI
Muniv,XXXVII,VI,XXXVI,Denarius,VI,XVII,DXVI
Murytub,XL,IV,CLXII,Denarius,V,XXX,DXLII
Munarg,XXXVI,IV,CLVIII,Denarius,III,XXIII,CCCLXXXIII
Muniv,XL,VII,XXX,Denarius,VI,XI,CDLXXII
Munarg,XXXVI,IX,CXCIII,Quinarius,VI,XIX,CXX
Munarg,XL,III,CIV,Denarius,V,VI,CDLXII
Munarg,XXXIX,XI,CXXIV,Denarius,VI,III,CDLXI
Munarg,XXXVI,XII,CLXIV,Denarius,VI,VI,CCLIX
Munarg,XXXVIII,VI,CLXXXIII,Quinarius,VI,XXVII,CXVII
Munarg,XXXV,V,CLXXXV,Quinarius,VIII,VII,CLXIII
Muniv,XXXVI,VII,XXIII,Aureus,V,XIV,V
Munarg,XXXV,VI,CXXXVII,Denarius,VI,XIII,CCCLXXX
Suilis,XXXVII,IV,XXIV,Denarius,VI,XXX,MMMDCXXVIII
Muniv,XXXV,X,XXX,Denarius,VI,XII,CDV
Munarg,XXXVIII,VI,CXLVIII,Denarius,IV,V,CCXCV
Muniv,XXXV,X,XXVIII,Denarius,VII,VII,DXXXII
Munarg,XXXV,III,CI,Quinarius,IX,II,CLX
Murytub,XXXVI,X,CXXXVI,Quinarius,IV,VII,CCLVIII
Muniv,XXXV,VII,XXIV,Denarius,VII,VIII,CDLXXXVIII
Muniv,XXXV,XII,XXVIII,Aureus,IV,XX,V
Munarg,XL,IV,CXLVII,Denarius,VIII,XIII,CCXIX
Munarg,XXXVII,XII,CXXXII,Quinarius,VI,XXVII,XCVII
Suilis,XXXVII,III,LVII,Denarius,VII,VIII,MMMDCCLXXV
Munarg,XXXVI,III,CXXIV,Denarius,VI,I,CCXCIX
Munarg,XXXV,IV,CLXI,Quinarius,III,IX,CLXXV
Murytub,XXXVIII,II,CCII,Denarius,X,XIII,DCXXXIII
Murytub,XXXIX,X,CLXXVII,Denarius,V,XXVI,DLXIII
Muniv,XXXIX,III,XIX,Denarius,VIII,XXVII,DXVIII
Muniv,XXXVI,XII,XXXIV,Quinarius,I,II,CCXXXIII
Munarg,XXXVII,VII,CIV,Denarius,V,XXX,CDXI
Murytub,XXXVII,X,CXXXI,Quinarius,VIII,V,CCXXXV
Munarg,XXXVIII,IX,CXLIII,Denarius,VI,XIX,CCLXXIX
Munarg,XXXVIII,II,CXXVIII,Denarius,IX,XX,CCXCI
Munarg,XL,I,CXVII,Quinarius,IV,XXVII,LII
Murytub,XXXVII,II,CL,Denarius,VI,XVII,DCLXXIX
Muniv,XL,II,XVIII,Denarius,II,XVII,DVII
Muniv,XL,III,XXVII,Denarius,VII,II,CDXXIV
Murytub,XL,VII,CX,Quinarius,V,XVIII,CXXII
Suilis,XXXVI,IV,XXI,Quinarius,VIII,XIII,MCDLXXXIII
Murytub,XL,I,CLXXIV,Denarius,VIII,XVII,DLXXX
Murytub,XXXVII,VI,CLXXXIX,Denarius,VII,XVI,CMXXIII
Munarg,XXXVIII,I,CXLI,Aureus,V,VI,III
Munarg,XXXVIII,XI,CLXVIII,Quinarius,V,IX,LXXV
Murytub,XXXVII,I,LXXXVII,Aureus,IX,XXX,VII
Munarg,XXXIX,VIII,CXXXVII,Quinarius,IX,XXXI,LVI
Munarg,XXXV,VIII,CXCI,Quinarius,V,XXIII,CLXII
Murytub,XL,XII,CLI,Denarius,VI,VIII,DLXXX
Munarg,XL,VI,CXLVIII,Denarius,II,XI,CDLX
Munarg,XXXV,V,CLXXXII,Denarius,IX,XXVIII,CCCLV
Muniv,XXXVII,IX,XXV,Aureus,V,XXVIII,VI
Munarg,XXXVII,IV,CXXX,Quinarius,VI,VII,CXXXVIII
Murytub,XL,I,CLXIII,Denarius,VI,XXVI,DLXXXVII
Muniv,XXXIX,X,XXIX,Denarius,V,XIX,DXCIV
Suilis,XXXV,V,XII,Denarius,VIII,XXII,MMMCCIV
Muniv,XXXIX,X,XXXV,Denarius,II,XXII,CCCXXIII
Murytub,XL,V,CLII,Denarius,VII,XXIII,DLXXIII
Murytub,XXXIX,XI,CX,Denarius,VII,XXX,DXXV
Muniv,XXXVI,VIII,XV,Quinarius,VI,XVIII,CLXXXVI
Munarg,XXXIX,II,CXXXIX,Quinarius,VI,IX,LXIV
Muniv,XXXVII,III,XXV,Quinarius,V,XVI,CCVIII
Murytub,XL,XII,CVI,Quinarius,V,IX,CXVI
Muniv,XXXVIII,V,XXIV,Denarius,VIII,XX,CDXLIV
Murytub,XXXIX,IX,LXXIV,Quinarius,V,XXII,CXXI
Muniv,XL,II,XXX,Quinarius,VI,XII,CIV
Munarg,XXXV,XI,CXCVIII,Quinarius,VI,VIII,CXCIV
Murytub,XXXIX,I,CXLI,Denarius,V,XI,DXLII
Murytub,XXXVII,VI,CLXIII,Denarius,VII,XIII,DCCCXCIX
Muniv,XL,X,XXXV,Quinarius,VI,XIV,CII
Murytub,XXXVI,IV,CCX,Denarius,IV,XX,DCXXII
Muniv,XL,III,XXVII,Quinarius,V,VI,CIX
Muniv,XXXIX,I,XX,Quinarius,V,XXIII,CXXX
Murytub,XXXV,III,CXL,Denarius,VII,XX,DCLXIII
Suilis,XXXVI,II,XIX,Denarius,VIII,XII,MMMCDXIII
Murytub,XL,IX,CXXI,Denarius,V,XVI,DXLIX
Suilis,XXXVI,II,XI,Denarius,VI,VII,MMMCDXIII
Murytub,XXXVI,XI,CLIX,Denarius,IV,XIX,DCLIII
Munarg,XXXVIII,IV,C,Aureus,VI,XXIII,IV
Muniv,XXXIX,XII,XXIV,Denarius,V,VI,DLXII
Munarg,XL,XII,CLXII,Denarius,VI,VIII,CDLVII
Munarg,XXXVIII,III,CXLIV,Aureus,VI,XX,IV
Suilis,XL,VI,XVII,Denarius,VI,XXIX,MMMCMLX
Atamora,XXXVI,IX,XI,Quinarius,V,XXV,MCCLXIX
Munarg,XXXVII,III,CIX,Denarius,V,XVIII,CCXCIII
Muniv,XXXIX,IX,XXVI,Denarius,III,X,CDLXXVIII
Murytub,XXXVIII,III,XCII,Denarius,X,XXVII,DLXXV
Murytub,XXXVI,XII,CLII,Aureus,IX,XXXI,VI
Suilis,XXXVII,II,XI,Denarius,VI,XXIV,MMMCCCVIII
Munarg,XXXV,X,CXXII,Quinarius,VI,XXVI,CXCIV
Munarg,XXXV,V,CLXVII,Quinarius,VI,XIII,CCVIII
Suilis,XXXVII,I,XII,Quinarius,VIII,VIII,MCDXII
Murytub,XL,VII,CLXXXVIII,Denarius,VI,III,DLVI
Muniv,XXXVI,VIII,XIX,Quinarius,VIII,XVI,CCXVII
Munarg,XXXV,III,CLIX,Aureus,VII,IV,V
Murytub,XXXVIII,XI,CXXXIX,Denarius,IV,XXI,DCVII
Murytub,XXXVIII,XI,CXXXIII,Denarius,II,XXIV,DCVII
Munarg,XXXIX,XI,CXIII,Denarius,VIII,VIII,CCXVII
Munarg,XXXVI,II,CXCIII,Denarius,VII,XXIV,CCXCVII
Munarg,XXXVII,II,CXCIV,Denarius,VIII,VII,CCLXXVI
Muniv,XXXVII,III,XXIV,Denarius,V,II,CDLXII
Munarg,XL,V,CXVIII,Quinarius,IV,XXV,XLVI
Murytub,XL,II,CXXI,Denarius,VII,XVIII,DXLVIII
Munarg,XXXIX,II,CLIII,Quinarius,VI,XVI,C
Murytub,XXXVI,XII,CXXXVIII,Denarius,IV,XVII,DCIV
Munarg,XXXIX,I,CXVIII,Denarius,VII,XXVI,CCLIII
Munarg,XXXVII,III,CXIV,Aureus,IV,X,III
Munarg,XXXVIII,I,CLIX,Denarius,VI,XVIII,CDXV
Munarg,XXXVII,IX,CLXXXV,Denarius,V,XI,CCXLV
Muniv,XL,X,XXIV,Denarius,V,X,DXXXIX
Murytub,XXXV,XI,CXIX,Quinarius,IX,VI,CCCXXXVIII
Murytub,XXXVI,III,CIX,Denarius,III,IV,DCLXXIX
Munarg,XXXVIII,X,CXV,Quinarius,VI,XXIX,CX
Murytub,XXXVII,X,CXXVII,Denarius,VIII,IV,DCXXXIII
Munarg,XXXV,III,CLXXXIX,Quinarius,VIII,XI,CLXXIX
Munarg,XXXVIII,IV,CXXXIII,Quinarius,VI,V,CXI
Murytub,XXXVII,I,CXXVI,Denarius,V,VII,DCXVI
Murytub,XXXIX,III,CLII,Aureus,IX,I,V
Murytub,XL,XI,CLII,Quinarius,VI,IX,CXII
Atamora,XL,III,X,Denarius,VI,IX,MMLXIV
Murytub,XXXIX,I,CXLVII,Denarius,VIII,XXIX,DLXXII
Munarg,XXXVIII,VII,CLX,Denarius,VI,XXX,CCXXVII
Murytub,XXXVI,VIII,CVIII,Denarius,IV,XIV,DCLXXXI
Murytub,XL,IX,CXXI,Quinarius,III,XIV,CXVII
Munarg,XXXVIII,XI,CLXXXVI,Quinarius,V,IX,LXIV
Munarg,XXXV,I,CXXIX,Denarius,V,XX,CCCXLIII
Murytub,XXXVIII,II,CXXV,Denarius,VI,IX,DCXXIII
Munarg,XXXIX,X,CI,Denarius,VII,XXIV,CCVI
Murytub,XXXVII,II,CLV,Quinarius,VI,XIII,CCLXXXVIII
Murytub,XL,IX,CLIII,Denarius,V,II,DLXXI
Munarg,XXXIX,VII,CLXXXI,Denarius,VII,XXII,CDX
Munarg,XXXIX,IX,C,Denarius,IX,XXIV,CDXIII
Munarg,XXXV,XII,CXXIV,Denarius,VI,X,CCCXXXII
Murytub,XL,IX,CCXXV,Aureus,VI,VII,V
Munarg,XL,X,CLVI,Quinarius,IV,XXII,LXXVII
Suilis,XXXV,V,X,Denarius,V,VI,MMMCCXXIX
Munarg,XXXIX,III,CIX,Denarius,V,XXIII,CCLIII
Munarg,XXXIX,VIII,CII,Denarius,V,XXIII,CDXXXIX
Murytub,XXXIX,VII,CXCVIII,Denarius,V,XXVIII,DXCVI
Munarg,XL,VI,CXXX,Denarius,II,XI,CDXXXVII
Munarg,XXXVIII,I,CLX,Denarius,VI,XXVI,CCXXXII
Murytub,XL,I,CLIII,Denarius,VI,XXIII,DLXX
Munarg,XXXVII,VII,CXXXIV,Quinarius,V,XVI,CXXXIV
Murytub,XXXVI,VIII,CLXXV,Denarius,V,XX,DCLXIII
Munarg,XL,III,CLXXIII,Quinarius,VIII,XVIII,XLIII
Munarg,XXXVI,X,CLXXIX,Quinarius,VII,XVII,CXXXIV
Murytub,XXXV,VIII,CLII,Denarius,VII,XI,DCC
Muniv,XXXVIII,VII,XX,Aureus,VI,XXIII,V
Munarg,XXXV,V,CLXX,Denarius,VIII,XXIX,CCCLXI
Murytub,XXXVI,VII,CCXIII,Quinarius,V,XXVIII,CCLXXIX
Murytub,XXXVII,XII,CLXIV,Aureus,VI,XXV,VII
Munarg,XL,IV,CXXXV,Quinarius,VII,VII,XCVI
Muniv,XXXVI,IV,XXVI,Quinarius,IV,XX,CCXVII
Munarg,XXXVII,II,CLXXIV,Denarius,VI,V,CDXXV
Murytub,XXXIX,XII,CXL,Aureus,VI,XXIV,VI
Murytub,XXXV,VIII,CCI,Quinarius,VI,VII,CCCXXX
Murytub,XXXIX,XII,CXXXIV,Denarius,VI,VII,DCXVII
Murytub,XL,XII,CXXIX,Denarius,VIII,V,DLXVI
Atamora,XXXVI,I,X,Quinarius,V,XIII,MDXLIV
Murytub,XXXVIII,V,CLIII,Denarius,VII,VIII,DCLIII
Murytub,XXXVI,XI,CLXV,Quinarius,III,VII,CCLXIX
Muniv,XXXIX,VII,XV,Denarius,V,IX,CDXXVIII
Muniv,XL,V,XXIV,Denarius,IV,XXV,CDLXXXVI
Munarg,XL,VIII,CLXXX,Quinarius,V,XIII,XLI
Munarg,XL,V,CLIII,Aureus,IV,XXII,III
Murytub,XXXVII,XII,CLXXXI,Quinarius,V,IV,CXCVIII
Munarg,XXXV,XI,CLXXXIX,Quinarius,V,XIII,CLXII
Murytub,XXXIX,II,CXLVIII,Aureus,IV,XII,V
Murytub,XL,II,CXLVIII,Denarius,VII,III,DXLVII
Munarg,XXXIX,X,CVIII,Quinarius,VII,XV,LII
Murytub,XXXIX,V,CLXIII,Denarius,IV,XXI,DLXVII
Murytub,XXXIX,X,CLXXVIII,Denarius,VII,XXVII,DLXXX
Atamora,XXXVIII,III,IX,Denarius,VI,XXII,MMMXLI
Murytub,XXXV,V,CLXVIII,Aureus,V,XXXI,IX
Munarg,XXXV,XII,CLVIII,Denarius,V,XXXI,CCLXXXVI
Murytub,XXXV,X,CLXXIV,Denarius,VII,XVII,DCCXVII
Muniv,XL,VIII,XVI,Quinarius,III,XXVII,CXXXIII
Murytub,XXXIX,III,CXLIII,Quinarius,IV,XXIV,CXXXI
Atamora,XXXVI,X,IX,Denarius,VI,II,MMCMXCIX
Muniv,XXXIX,X,XXV,Quinarius,VI,XXVIII,CX
Murytub,XXXVI,VIII,CXIII,Denarius,IV,II,DCXCVI
Munarg,XL,III,CXIV,Quinarius,VI,XXX,L
Munarg,XXXV,V,CXXXV,Denarius,IV,XII,CCCLXXXIII
Munarg,XL,IX,CLIII,Denarius,VIII,XXIX,CCXXI
Murytub,XXXVII,VII,CXXVII,Denarius,IV,III,MV
Murytub,XXXVII,VIII,CLXXXI,Quinarius,VII,XIII,CCLXXXI
Muniv,XL,X,XXIII,Quinarius,IV,XIX,CVII
Munarg,XXXVIII,VIII,CL,Quinarius,IV,XXIX,CII
Munarg,XL,VIII,CLXIV,Denarius,IV,VI,CDXXXIX
Murytub,XXXVIII,XII,CLXI,Denarius,VII,XII,DCXXIII
Murytub,XXXVI,IX,CLXXXII,Quinarius,VI,XI,CCLXXXIX
Murytub,XXXIX,VII,CLXXVI,Denarius,VII,II,DLXXXI
Muniv,XXXVIII,X,XXVIII,Denarius,VI,XXIX,DCXXXVIII
Murytub,XXXV,VIII,CXXXVI,Denarius,VII,X,DCCVII
Munarg,XXXVII,II,CV,Quinarius,II,XXII,CXXI
Munarg,XXXV,VII,CXXIV,Denarius,VIII,XIX,CCCXXXIII
Muniv,XXXVIII,IV,XXII,Denarius,IV,XXI,DXII
Munarg,XXXVI,XII,CLII,Denarius,X,XIII,CCCXXXVII
Munarg,XXXVIII,VII,CLV,Quinarius,IX,XXXI,LXIX
Munarg,XXXV,VII,CXC,Quinarius,IX,VI,CXCI
Murytub,XXXV,I,CXLI,Denarius,III,XXII,DCXXXIX
Munarg,XXXVII,XI,CLVI,Denarius,VI,XIV,CDXIX
Murytub,XXXIX,VII,CLXXVII,Denarius,VII,XXII,DLXXXIV
Murytub,XL,II,CLV,Denarius,VII,XVIII,DXXXV
Murytub,XXXVIII,II,CLII,Quinarius,VIII,XXII,CLXI
Munarg,XXXVI,VI,CXXXVI,Quinarius,V,X,CXXXII
Munarg,XXXIX,V,CXLIX,Denarius,VII,III,CDV
Murytub,XXXVI,VII,CL,Quinarius,VII,XI,CCC
Munarg,XL,XII,CLXIII,Quinarius,V,IX,XLI
Murytub,XXXVIII,VIII,CLXVIII,Denarius,VII,XIII,DCVI
Murytub,XL,I,CLXIII,Denarius,VII,XXV,DLXXIX
Munarg,XXXIX,XII,CXII,Aureus,VIII,XXVII,IV
Muniv,XXXVI,VI,XXXI,Denarius,VI,XIII,DLXIV
Munarg,XXXV,I,CXIV,Denarius,IX,XIX,CCCVII
Muniv,XXXIX,VIII,XXVI,Denarius,VI,XXX,CDLVIII
Munarg,XXXV,III,CLXXIV,Denarius,VI,XVIII,CCCXC
Munarg,XXXVIII,II,CXCI,Denarius,V,VIII,CCCXXXIII
Atamora,XXXV,XII,IX,Denarius,VI,V,MMCDXXXIX
Munarg,XXXVII,XII,CXCVI,Quinarius,IV,VII,CII
Murytub,XXXVI,I,CCVIII,Denarius,VII,XXII,DCLVIII
Murytub,XXXVI,IV,CLXXXI,Denarius,VII,XVI,DCX
Munarg,XXXV,X,CXV,Aureus,IV,IX,IV
Murytub,XXXV,IV,CCII,Quinarius,III,XVII,CCCXLV
Murytub,XXXV,VII,CXXXIII,Quinarius,VI,XIII,CCCXXII
Murytub,XXXVIII,V,CLIII,Denarius,III,XXII,DCXXXI
Murytub,XXXVI,VII,CLXXXI,Quinarius,VI,XXII,CCLXXXVII
Munarg,XXXVIII,III,CXXVIII,Quinarius,VIII,XVI,CXXVI
Muniv,XXXV,XII,XXVI,Denarius,VI,XXIX,DXXVII
Murytub,XXXVIII,X,CLXIX,Denarius,VI,V,DCXXXI
Murytub,XXXV,XII,CCLV,Quinarius,V,II,CCCXXIX
Munarg,XXXIX,I,CXCIX,Aureus,IV,I,II
Munarg,XXXVIII,III,CLXXVIII,Quinarius,III,VI,CVIII
Muniv,XXXV,IV,XXVI,Quinarius,IV,III,CCCIII
Muniv,XXXVIII,V,XXXIII,Denarius,VI,XXVI,CDXCIX
Murytub,XXXVIII,IX,CLXXXV,Denarius,VII,XVIII,DCXLIII
Murytub,XXXVIII,VIII,CLI,Quinarius,VI,XXII,CLXII
Suilis,XXXVI,I,XLVIII,Quinarius,VII,XXIV,MDCXXXI
Murytub,XXXIX,XI,CXXIII,Denarius,VII,I,DLXXVI
Murytub,XXXV,VI,CXXI,Denarius,III,I,DCCX
Munarg,XXXVIII,VIII,CI,Denarius,VII,XVIII,CCXXX
Muniv,XXXV,VII,XXIII,Quinarius,VI,XII,CCXXXIX
Munarg,XL,VII,CLXXXVII,Quinarius,VIII,V,CIII
Murytub,XXXVI,XII,CXLV,Quinarius,IX,XXVI,CCXXIX
Munarg,XL,XI,C,Quinarius,VI,XXX,XXXVII
Atamora,XXXVII,X,IX,Quinarius,V,XIII,MCVII
Munarg,XXXVII,III,CXCIII,Denarius,VII,XXIV,CDVII
Munarg,XXXIX,V,CLVI,Denarius,V,XXIV,CDXXI
Murytub,XXXVIII,VIII,CLXIX,Denarius,VIII,XXX,DXCIV
Murytub,XXXV,VI,CXV,Quinarius,VIII,XXIX,CCCXLVII
Muniv,XXXVIII,VI,XIX,Quinarius,VII,XXI,CLIX
Muniv,XXXIX,XII,XXX,Denarius,IV,XVII,DV
Murytub,XXXVI,VI,CXCIII,Denarius,IV,XI,DCLIII
Munarg,XXXVII,VIII,CLXXXVII,Denarius,VI,XXII,CCCLXXIV
Munarg,XXXVIII,VIII,CXLIX,Quinarius,V,XXIII,LXXI
Munarg,XXXV,VII,CLXXIV,Quinarius,IV,XXIV,CLXXXV
Murytub,XXXV,VI,CLXXX,Quinarius,VI,XXVIII,CCCLXVII
Muniv,XXXIX,XI,XXXIII,Denarius,V,XX,DXVIII
Munarg,XXXVIII,III,CXCIV,Quinarius,VII,XII,CXXI
Suilis,XXXVII,IV,X,Quinarius,IV,XXIX,MDXI
Munarg,XXXIX,II,CXCI,Denarius,VI,XX,CDLIX
Munarg,XXXVIII,I,CXXIX,Quinarius,IV,XXIX,C
Murytub,XXXV,XI,CX,Quinarius,VI,XVI,CCCXVII
Murytub,XXXVII,III,CXLI,Quinarius,X,IV,CCXCI
Munarg,XL,IX,CLXVIII,Aureus,VIII,XXIX,II
Munarg,XXXVIII,I,CLXXIV,Denarius,VIII,XXVIII,CCCVIII
Munarg,XL,VI,CLXIX,Quinarius,VII,XXVII,C
Muniv,XXXVIII,X,XXXVIII,Aureus,V,XXVII,V
Murytub,XXXVI,IX,CLIX,Denarius,IV,XXIII,DXCIX
Munarg,XXXV,IV,CXCII,Denarius,VI,XI,CCCLXXIII
Munarg,XL,XI,CLXXXV,Quinarius,III,IV,XCV
Munarg,XXXV,III,CXXXVI,Denarius,VIII,XI,CCCXIX
Muniv,XXXVII,III,XXXII,Aureus,VI,XIV,V
Munarg,XXXVIII,XII,CXXXIV,Denarius,VI,XXX,CDXIX
Muniv,XXXVI,VII,XXVII,Denarius,VI,XII,CDLXXIII
Murytub,XXXVIII,XII,CXLVII,Denarius,VI,XVII,DCVIII
Muniv,XXXV,II,XXVIII,Denarius,VIII,VIII,CCCXCVIII
Murytub,XXXVI,V,CCIII,Denarius,IV,XXIV,DCLXX
Murytub,XL,VIII,XCV,Quinarius,III,XXVII,CXXXIV
Atamora,XXXVII,VIII,IX,Denarius,V,III,MMMCLXX
Murytub,XL,III,CXXXIX,Denarius,VI,IV,DCXVI
Munarg,XXXVI,I,CLVIII,Denarius,VIII,VI,CCCLXX
Murytub,XXXIX,III,CCXXXIV,Aureus,III,XI,V
Munarg,XL,IX,CXXXVI,Aureus,IV,IV,II
Murytub,XXXIX,V,CXLVI,Quinarius,VII,XIV,CXXVIII
Murytub,XXXVII,X,CLXXIV,Denarius,VI,VII,DCXV
Munarg,XL,IX,CLXXII,Denarius,I,IX,CDLXXIII
Suilis,XXXVI,II,LVII,Quinarius,VI,XV,MDXVI
Munarg,XXXVII,III,CXIV,Denarius,VI,VII,CCLXVI
Munarg,XXXVI,I,CLXVIII,Denarius,V,IV,CCCLI
Muniv,XXXVI,XII,XXIII,Denarius,VI,XXX,D
Murytub,XXXVII,X,CXLIII,Denarius,IV,XXX,DCXIV
Atamora,XL,V,XV,Denarius,V,XXIV,MMDCCIX
Munarg,XXXIX,XI,CLXXXVIII,Denarius,V,XXIII,CDXXVI
Munarg,XXXVIII,VIII,CLXXI,Quinarius,VII,XIX,CIV
Muniv,XL,V,XXXI,Denarius,III,II,DCII
Murytub,XL,IX,CXXXIX,Denarius,V,XIX,DLXXVIII
Murytub,XL,VII,CXII,Denarius,VI,XI,DLVIII
Murytub,XXXVI,X,CCXX,Aureus,V,XXIX,VII
Munarg,XXXIX,X,CXLVI,Denarius,VI,XXIII,CDII
Murytub,XXXVI,XII,CXXXVI,Denarius,VII,XXV,DCLXXXVI
Munarg,XXXIX,II,CLXXVII,Denarius,III,IV,CCLXX
Munarg,XL,XII,CLVI,Quinarius,VIII,V,XXXVIII
Munarg,XXXVIII,XI,CIV,Denarius,V,II,CDXXIX
Munarg,XXXVI,II,CXXXIII,Denarius,VI,XIV,CCCXLII
Muniv,XXXVI,VI,XXVIII,Denarius,VIII,I,DV
Murytub,XXXVII,IX,CLVIII,Quinarius,VI,XVI,CCLXXXIII
Murytub,XL,XII,CXXXVI,Denarius,VI,VI,DLXI
Munarg,XXXIX,III,CXVII,Denarius,III,XI,CCLXI
Suilis,XL,VI,XLVIII,Denarius,VIII,XXI,MMMCMXIV
Munarg,XXXIX,VII,CLXIX,Denarius,V,XVII,CCXXXVIII
Munarg,XXXVII,III,CXIV,Aureus,V,II,IV
Murytub,XL,II,CLVII,Denarius,IV,XX,DLXVII
Munarg,XXXVI,X,CXXVI,Quinarius,IX,XV,CXXXIV
Suilis,XXXVI,X,XIX,Denarius,VI,VI,MMMCDLXIII
Munarg,XXXIX,VII,CXLI,Denarius,VIII,XIX,CCXLIII
Murytub,XXXIX,III,CLXII,Denarius,IX,I,DLXXXVI
Munarg,XXXIX,V,CL,Denarius,VII,XXXI,CCCLXV
Murytub,XXXIX,VIII,XCVI,Quinarius,IV,XIX,CXLII
Suilis,XXXVI,III,XII,Denarius,VII,XXXI,MMMCCLXXVIII
Murytub,XL,III,CXL,Denarius,VI,XI,DLXX
Munarg,XL,V,CXC,Denarius,VI,XV,CDIX
Munarg,XL,XII,CXXX,Denarius,III,XX,CCCLXXXIX
Murytub,XXXVI,XI,CLXXVII,Denarius,VII,XXIII,DXCIII
Munarg,XL,XI,CXXII,Denarius,VII,XIII,CDLXXXIV
Munarg,XXXVIII,VIII,CXI,Quinarius,V,IV,CXVI
Munarg,XXXVIII,VII,CLXXXVIII,Denarius,II,VIII,CDL
Suilis,XXXVI,VII,XXIII,Quinarius,V,I,MDXCVII
Munarg,XXXVII,II,CXLII,Quinarius,VIII,XXIII,CXXI
Murytub,XXXV,IX,CXXXVIII,Denarius,VI,XII,DCLI
Murytub,XXXV,V,CLXV,Quinarius,IX,XXVIII,CCCLXXII
Munarg,XL,XII,CLXXXVIII,Denarius,IX,X,CLXXIV
Muniv,XXXVI,V,XX,Denarius,V,XIX,DXIII
Murytub,XXXVII,IV,CLI,Denarius,V,II,CMLXXII
Murytub,XL,VI,CLXI,Denarius,II,XI,DXXXVII
Muniv,XXXVI,XII,XXIX,Aureus,IV,XXIX,V
Murytub,XXXVII,X,CXCIII,Aureus,VI,XXII,VII
Murytub,XL,VIII,XCVIII,Denarius,VII,XVII,DXVII
Muniv,XXXVII,XI,XXIX,Denarius,VI,X,DXCIV
Munarg,XL,IV,CLXXII,Denarius,VII,XXIV,CLXXXIX
Murytub,XXXVII,XII,CLXXXVI,Denarius,VIII,XXIX,DCLI
Munarg,XXXV,XII,CL,Denarius,IV,XXVIII,CCCXII
Murytub,XXXVIII,V,XCVII,Denarius,VI,XXVI,DCV
Munarg,XL,III,CLXII,Denarius,IV,XXII,CDXXX
Murytub,XL,II,CLV,Quinarius,VI,VI,CXXXV
Murytub,XXXVIII,IV,CXLI,Quinarius,VIII,XX,CXCVI
Munarg,XXXIX,I,CXCIX,Quinarius,V,XXX,L
Murytub,XXXVIII,VI,CCIII,Denarius,VI,IX,DCL
Muniv,XXXVII,I,XXVI,Quinarius,VII,XIV,CCV
Munarg,XXXV,VI,CXLI,Denarius,VII,XXII,CCCLXIV
Munarg,XXXV,VI,CXCVI,Denarius,VIII,XVIII,CCCXXXV
Murytub,XXXVI,IV,CLVIII,Quinarius,VII,II,CCCIII
Murytub,XXXV,VIII,CXLII,Denarius,V,XXIII,DCLXXV
Murytub,XXXIX,I,CXXVI,Quinarius,IV,V,CXXXIII
Murytub,XXXIX,III,CXLVIII,Denarius,VI,II,DCXXXVI
Munarg,XXXVII,X,CLXXXII,Denarius,VI,XXVI,CCCVI
Munarg,XXXV,III,CXCIX,Denarius,VII,VI,CCCXXXVIII
Murytub,XXXIX,II,CXXVIII,Denarius,VII,XVIII,DCIX
Murytub,XXXVII,V,CLI,Quinarius,VI,XIII,CCCLXXI
Murytub,XL,IX,CXXII,Aureus,VIII,XIII,V
Munarg,XXXV,VII,CLXVII,Denarius,IV,XXIV,CCCLXXIX
Muniv,XL,VI,XXV,Denarius,VII,VI,CDXCIII
Murytub,XXXV,VII,CXLVIII,Aureus,VI,XXVIII,VIII
Munarg,XL,I,CLIII,Denarius,VI,XII,CXCVII
Murytub,XXXVI,XII,CXXXIX,Denarius,IV,XXI,DCXLIX
Munarg,XXXVII,XII,CLXXXIV,Quinarius,VII,I,XCVI
Murytub,XXXVII,XII,CIV,Quinarius,IX,XXVI,CXCIX
Muniv,XXXV,II,XXXVI,Denarius,VI,XI,DXLIX
Murytub,XXXIX,XII,CXXVIII,Quinarius,VI,XX,CXXXV
Suilis,XXXV,V,X,Denarius,VI,VIII,MMMCCCLXXXII
Munarg,XXXVIII,VII,CLXI,Quinarius,VI,VI,CXV
Atamora,XXXVII,VI,VII,Denarius,VIII,XI,MCDLXXIX
Munarg,XXXVI,I,CXLVI,Denarius,VIII,VI,CCCXLIII
Munarg,XXXVIII,VII,CXI,Denarius,VI,XXV,CCCXLII
Murytub,XL,VII,CXXXV,Denarius,IV,VII,DXXX
Murytub,XXXVIII,III,CLXIV,Quinarius,VI,XXIV,CLXXXI
Munarg,XXXVIII,VI,CXIX,Denarius,VII,XIII,CDVI
Muniv,XXXVI,I,XVI,Aureus,VII,XVII,VI
Murytub,XXXV,V,CXXVI,Denarius,VII,X,DCCXXXI
Munarg,XL,XI,CXXXV,Quinarius,IV,VIII,LXXVI
Munarg,XXXIX,VIII,CXXI,Denarius,VII,XIV,CDLXV
Murytub,XXXV,I,CCVII,Denarius,VI,VIII,DCCXXV
Munarg,XXXVI,XI,CLXXI,Aureus,II,III,IV
Muniv,XXXVII,II,XXXII,Quinarius,VI,XI,CCXVIII
Munarg,XXXVII,II,CLVII,Denarius,IV,XX,CCLXVII
Muniv,XL,VII,XX,Denarius,V,XVI,DXLVI
Munarg,XXXVII,I,CXLVIII,Denarius,IX,IV,CCCLXXIV
Murytub,XXXV,VII,CXVII,Denarius,IV,VII,DCLIX
Munarg,XXXV,II,CXLII,Denarius,IV,X,CCCV
Murytub,XXXIX,II,CX,Denarius,IV,XII,DLXXXIII
Murytub,XXXIX,X,CLXVII,Denarius,VI,XXIII,DLXXVII
Murytub,XL,IX,CLXVIII,Denarius,VII,XXVII,DLXX
Murytub,XXXVI,V,CXLVI,Quinarius,IX,I,CCXCV
Muniv,XXXVI,VI,XIX,Aureus,VIII,III,V
Murytub,XXXVI,IV,CXLII,Denarius,VIII,XXX,DCLXVIII
Suilis,XXXVIII,I,XLII,Quinarius,V,XXIII,MCXXXIII
Murytub,XXXV,VIII,CLIII,Quinarius,V,XXVI,CCCXXVI
Muniv,XXXVII,VIII,XXI,Denarius,IV,VII,CDLXXXVIII
Munarg,XXXIX,VII,CLIV,Denarius,VI,XII,CCCLXXVIII
Munarg,XXXV,IV,CLXXXV,Denarius,VII,XV,CCCXXIX
Murytub,XXXVII,I,CLXXIV,Denarius,V,VI,DCLXXXIV
Munarg,XXXIX,VIII,CLXXI,Denarius,VIII,XX,CCCLXXVIII
Murytub,XXXV,IV,CXLI,Denarius,V,XXV,DCCX
Murytub,XXXVI,IX,CXCII,Denarius,VIII,XVI,DCLXXXI
Muniv,XXXIX,V,XX,Denarius,V,XXIV,DVI
Muniv,XXXVI,III,XXIII,Denarius,IV,XXI,CDLXXXIX
Muniv,XXXVII,IX,XXX,Denarius,VI,XXII,DLI
Munarg,XXXVIII,IV,CLXVIII,Denarius,VI,VI,CCXL
Suilis,XXXVI,IV,XXXIV,Denarius,V,XXVIII,MMMCCCXXXIII
Murytub,XXXV,XI,CIII,Quinarius,VII,X,CCCXL
Muniv,XXXVI,VII,XXVII,Denarius,VI,XV,CDLXX
Murytub,XL,IX,CLIX,Denarius,V,XIX,DXLIII
Munarg,XL,VII,CXLIX,Aureus,VII,VIII,III
Atamora,XXXV,I,VIII,Aureus,VIII,II,XLII
Murytub,XXXVII,XII,CXII,Denarius,IX,XXVI,DCXLVI
Murytub,XXXIX,X,CXLV,Denarius,V,XVI,DLXII
Murytub,XXXV,III,CXV,Denarius,VII,XXVII,DCLVII
Munarg,XXXVII,III,CXVIII,Denarius,VII,XXX,CCCXCIV
Muniv,XXXVI,VIII,XXXIV,Denarius,VIII,VIII,CDLII
Murytub,XXXVI,VII,XCVIII,Denarius,VI,XV,DCLVII
Murytub,XXXVII,III,CCIV,Denarius,V,II,DCLVIII
Murytub,XXXV,V,CXXVII,Denarius,IX,IX,DCLXXXV
Munarg,XXXVIII,XI,CLXII,Denarius,VI,III,CCCLIII
Muniv,XXXIX,IV,XXII,Denarius,IV,XXV,CDXLVIII
Munarg,XL,IX,CLXXXV,Denarius,VII,XXVI,CDXLVI
Munarg,XXXIX,VIII,CXIII,Quinarius,IV,XXVI,LXXXIX
Muniv,XXXIX,V,XXVII,Denarius,IV,XVI,DXV
Munarg,XXXV,XII,CXCIII,Quinarius,VIII,XVIII,CLXIII
Munarg,XXXV,V,CLXXX,Quinarius,VI,XXV,CLXVI
Munarg,XXXVIII,VII,CXXIV,Quinarius,II,VIII,LXX
Murytub,XXXVI,VI,CLI,Quinarius,VIII,XIV,CCXC
Munarg,XL,V,CLXVII,Denarius,VII,V,CDVII
Muniv,XXXVI,V,XXX,Aureus,III,XXVI,VI
Muniv,XXXV,IV,XX,Aureus,VII,XXIII,VII
Murytub,XXXV,XI,CXL,Quinarius,V,XXV,CCCXXXV
Murytub,XXXVII,V,CXLVII,Quinarius,IV,I,CCCLV
Murytub,XL,IX,CLXX,Aureus,VII,VIII,V
Murytub,XXXVI,VIII,CXLII,Denarius,VI,VI,DCLXXII
Murytub,XXXIX,X,CXXIX,Denarius,VIII,XXIX,DLXVI
Murytub,XXXVII,III,CXLV,Quinarius,IV,X,CCLXIX
Munarg,XXXV,IX,CXIV,Denarius,IV,VI,CCCLXVI
Munarg,XL,XI,CXXVIII,Denarius,VI,XVIII,CCIX
Munarg,XL,IX,CV,Quinarius,V,XXIII,LXXXII
Munarg,XXXV,VI,CIII,Denarius,VI,XXVII,CCCXXIII
Munarg,XXXV,V,CXV,Denarius,IV,XX,CDIII
Muniv,XXXIX,V,XXIV,Aureus,V,XXIV,V
Murytub,XXXV,VIII,CLXXXVI,Denarius,VI,XXI,DCXL
Munarg,XXXVII,XI,CLXXXI,Denarius,VIII,XIX,CDXXXII
Munarg,XXXVIII,XI,CXCIV,Quinarius,V,IX,LXXV
Suilis,XXXIX,VII,X,Denarius,VII,III,MMMCMIII
Murytub,XXXVII,IX,CC,Quinarius,VI,XXIV,CCLXXX
Munarg,XXXV,IV,CV,Denarius,V,XXV,CCCLXV
Murytub,XXXVI,IX,CLXXI,Quinarius,VI,XXII,CCLXXI
Munarg,XXXVII,IX,CXCI,Denarius,VII,XII,CCCLXXXI
Munarg,XXXV,XI,CXCIV,Denarius,V,XXVII,CCCXII
Suilis,XL,IX,XIV,Quinarius,V,XXIII,DCCCLVI
Suilis,XXXV,VII,XVI,Quinarius,VI,I,MDCCCVI
Murytub,XXXIX,I,CIII,Denarius,VIII,XXII,DCIII
Murytub,XXXVIII,VI,CLXIII,Denarius,VIII,XXIII,DXCII
Muniv,XXXVI,VIII,XXX,Denarius,VI,XIX,DXX
Munarg,XXXVII,V,CLXIX,Denarius,III,XXIII,CCCL
Muniv,XL,I,XXVI,Denarius,VI,XXVI,CDLXVII
Murytub,XXXIX,VIII,CCX,Quinarius,V,XXIII,CXXXIX
Suilis,XXXVIII,VII,LXI,Denarius,VI,XX,MMMCMXII
Munarg,XXXVII,V,CXIV,Denarius,VIII,XXII,CCCLIV
Murytub,XXXIX,VI,CXLV,Quinarius,V,I,CXXII
Munarg,XL,II,CXLIV,Denarius,IV,XX,CCXXXVI
Munarg,XXXIX,IX,CXXVII,Aureus,VI,XX,IV
Munarg,XXXIX,V,CXXVI,Denarius,VI,XXVII,CCIII
Murytub,XXXV,X,CLIV,Denarius,III,III,DCCII
Murytub,XXXVII,XII,CXVIII,Denarius,V,XIX,DLXVI
Murytub,XXXV,IV,CLIV,Denarius,IV,XII,DCLXXXVII
Murytub,XL,V,CLXXVIII,Denarius,III,II,DLXX
Munarg,XXXIX,VI,CXXVII,Denarius,VIII,XX,CDLX
Murytub,XXXIX,XI,CLXIII,Denarius,V,XVII,DLXXIII
Murytub,XL,IX,CXXIX,Denarius,VII,V,DLIV
Munarg,XXXVI,VIII,CLXXXVIII,Aureus,V,XV,III
Muniv,XXXVII,IV,XXXIII,Denarius,V,XXI,CDXCVIII
Munarg,XXXVIII,VII,CX,Denarius,VIII,XXVII,CDXLIII
Atamora,XXXIX,I,XIV,Denarius,IV,I,MMDLVI
Murytub,XXXIX,I,CXXIV,Denarius,VIII,XXIV,DXCV
Murytub,XXXIX,III,CXLVI,Denarius,VI,XXXI,DXCIV
Munarg,XL,VIII,CLIII,Denarius,V,XIX,CCCXCI
Murytub,XXXVII,X,CLXXVI,Quinarius,IX,XX,CCXLVIII
Muniv,XXXVII,VII,XXVI,Denarius,IV,XXVII,DXXII
Munarg,XXXVIII,VI,CXXXIV,Quinarius,VI,XII,LXXXIV
Suilis,XXXV,V,XII,Denarius,I,IV,MMMCDLXXIX
Munarg,XXXVI,IV,CLXXX,Quinarius,VII,II,CXXII
Murytub,XXXV,VI,CLIX,Denarius,VII,VI,DCXXV
Murytub,XL,IX,CLII,Denarius,VII,XXVI,DXVI
Muniv,XXXV,VIII,XXXI,Quinarius,VI,XVII,CCL
Murytub,XXXVIII,I,CIV,Quinarius,VIII,XVI,CCVI
Munarg,XXXVIII,XI,CXXVIII,Denarius,VI,IV,CCXXXI
Munarg,XL,VII,CLXXIV,Denarius,IV,VII,CXCIX
Muniv,XL,I,XVI,Quinarius,VII,XXX,CIV
Muniv,XXXIX,II,XXVII,Denarius,VI,VII,DXII
Suilis,XXXVI,VII,XIV,Denarius,IV,II,MMMDLXXXV
Murytub,XXXVIII,III,CLXVI,Denarius,IV,III,DCXLVI
Munarg,XXXIX,VIII,CXXX,Denarius,IV,XXV,CDXXX
Muniv,XXXVIII,IV,XXIX,Denarius,IX,XIX,DLXII
Murytub,XXXVII,XII,CXLVIII,Denarius,VI,XXVIII,DCXXXVI
Munarg,XXXVIII,X,CXXVII,Denarius,IV,XVI,CCLXXXV
Munarg,XXXV,IX,CXCVI,Denarius,V,XVII,CCCLX
Munarg,XXXIX,IV,CLXXX,Denarius,IV,XXIII,CCXXXIII
Munarg,XXXVIII,IX,CVII,Quinarius,VII,XXVII,XCIV
Murytub,XXXV,III,CXXXVI,Denarius,IV,XXV,DCCXXIII
Munarg,XXXIX,III,CXC,Denarius,VIII,XVIII,CDXXXIII
Munarg,XL,XI,CLXXXVII,Quinarius,VI,VI,XC
Muniv,XXXVI,XI,XXXIV,Denarius,VII,XXVII,CDXLIV
Munarg,XXXIX,VI,CLXXXV,Quinarius,VII,XXII,LVII
Murytub,XL,XII,CXXI,Denarius,IV,XI,DXXVI
Munarg,XXXV,XI,CLXV,Denarius,IV,VII,CCCXLIII
Murytub,XXXVI,I,CCV,Denarius,VIII,VI,DCXLI
Munarg,XXXVII,VI,CLVI,Denarius,III,XXIV,CCLVI
Atamora,XL,I,XI,Denarius,VI,XII,MMMXXIV
Munarg,XXXVIII,XII,CXL,Denarius,VIII,XXVI,CCXLIX
Muniv,XXXVIII,X,XXVI,Quinarius,IV,XXIV,CXXIX
Munarg,XXXVI,I,CXXVI,Quinarius,X,XXVIII,CLX
Munarg,XXXIX,VIII,CXCVIII,Quinarius,V,XXII,LII
Suilis,XXXV,III,XXVI,Denarius,V,IX,MMMCCCXCIII
Munarg,XXXV,III,CLXXVI,Quinarius,V,XXX,CLXXVI
Munarg,XXXVIII,IX,CXL,Quinarius,V,VII,XCVI
Munarg,XXXVI,VIII,CXIII,Quinarius,VI,XIII,CXI
Murytub,XXXIX,X,CXXII,Quinarius,III,XII,CXXII
Murytub,XXXIX,III,LXXXIV,Aureus,VIII,IV,V
Murytub,XXXIX,IV,CXLVII,Denarius,V,XXIX,DLXXIX
Muniv,XL,X,XX,Denarius,VII,XX,DLXXXI
Munarg,XXXV,XI,CLXXIV,Quinarius,IV,VII,CLXXVIII
Munarg,XXXVII,IV,CLXIV,Denarius,VIII,IX,CCXCI
Suilis,XXXVIII,XII,XXX,Denarius,VI,II,MMMDCCXLI
Munarg,XL,I,CXVII,Quinarius,VII,X,XC
Munarg,XXXIX,X,CXXIII,Quinarius,IV,VI,LII
Murytub,XXXV,III,CLXXIII,Denarius,VI,X,DCLXXXIV
Munarg,XXXVI,VI,CLXXXII,Quinarius,VIII,XXI,CLXXIII
Muniv,XXXV,III,XXX,Denarius,VII,XXVI,CDXI
Muniv,XXXIX,VIII,XXV,Quinarius,V,XXII,CXXVIII
Murytub,XXXIX,XII,CV,Denarius,III,IX,DXCVI
Munarg,XL,I,CXCV,Aureus,VI,XIII,IV
Murytub,XXXVI,XI,CLXXVII,Aureus,VII,XXVII,VII
Munarg,XXXVIII,IV,CXC,Denarius,VIII,XX,CDXVII
Murytub,XXXVIII,XI,CXLV,Quinarius,VIII,VII,CLXVII
Murytub,XXXV,XII,CXIX,Denarius,V,XXXI,DXCI
Munarg,XL,XII,CXCV,Denarius,V,XXIV,CDLXXXVI
Munarg,XXXIX,VI,CLIX,Quinarius,V,XII,LV
Munarg,XXXV,V,CLXXX,Denarius,V,I,CCCLXXXV
Murytub,XXXIX,V,CLXXXIII,Denarius,VI,XXII,DLVI
Munarg,XXXIX,XI,CLXXIV,Aureus,X,VI,IV
Munarg,XXXVI,IV,CLXXXVII,Aureus,III,XXIV,V
Murytub,XXXVI,XII,CXXXIII,Denarius,VIII,XI,DCXXIX
Munarg,XXXV,XII,CXII,Denarius,VII,XIII,CCCXXVI
Murytub,XXXVIII,V,CLIX,Quinarius,VII,XXIX,CXCVI
Muniv,XXXVI,IX,XXI,Quinarius,V,XIV,CCIX
Munarg,XXXVIII,VI,CVIII,Denarius,IV,IV,CCLXX
Muniv,XXXVIII,IV,XXVIII,Denarius,VIII,X,DXXXI
Muniv,XXXV,XI,XXIX,Aureus,VII,III,V
Munarg,XXXV,XI,C,Denarius,V,XVII,CCCXL
Munarg,XL,VI,CLXXVIII,Quinarius,VII,VI,XLIV
Munarg,XL,I,CLXXX,Denarius,VII,XXV,CCXXV
Murytub,XXXVIII,IX,CLXXVI,Quinarius,VI,XIX,CLIX
Muniv,XXXVI,III,XXIV,Quinarius,V,XXIII,CCXXXIII
Murytub,XXXV,IX,CLXXXIV,Denarius,VII,III,DCCVI
Murytub,XXXVIII,VI,XCV,Quinarius,VI,X,CXCVIII
Munarg,XXXVII,IV,CXCVIII,Denarius,VI,XXIII,CCCXII
Munarg,XXXVII,III,CLXVI,Denarius,VII,XXX,CCCXXVI
Munarg,XXXVIII,II,CLXXIII,Denarius,VIII,XXII,CCXLV
Muniv,XXXVII,XI,XXI,Quinarius,VII,III,CCII
Munarg,XXXVIII,II,CLXXXIV,Quinarius,VII,XIX,CXXVI
Munarg,XXXIX,XII,CII,Denarius,VIII,V,CCXIII
Murytub,XL,X,CXLVII,Denarius,VI,II,DXVII
Muniv,XL,X,XXVI,Denarius,VI,II,DVIII
Munarg,XXXIX,XI,CLIX,Denarius,III,XVI,CCXV
Suilis,XXXVI,II,XXV,Denarius,V,II,MMMDLXXII
Murytub,XXXIX,I,CLI,Quinarius,VIII,XXIV,CXLIII
Murytub,XL,V,CCXV,Denarius,III,II,DCIX
Munarg,XXXVI,IV,CLI,Denarius,VIII,XXV,CCCXLI
Murytub,XXXIX,VII,CXXXVII,Quinarius,VII,XXII,CXXXVIII
Murytub,XXXIX,II,CXXV,Denarius,VII,II,DCVII
Muniv,XXXVI,II,XXI,Denarius,VII,XI,DXV
Munarg,XXXV,V,CXIV,Quinarius,VI,XVIII,CXCI
Munarg,XXXVI,VI,CXVI,Denarius,VIII,VI,CCLXXV
Murytub,XXXIX,VI,XCVIII,Quinarius,III,XXX,CXLI
Murytub,XXXVIII,V,CL,Quinarius,V,XXXI,CCXIV
Munarg,XXXVIII,VI,CLXXXIV,Denarius,V,XI,CCXCVI
Murytub,XXXIX,VIII,CXVII,Denarius,IV,III,DLII
Murytub,XL,III,CLXXI,Quinarius,VI,IV,CXXVI
Muniv,XXXIX,V,XVIII,Quinarius,VII,XIX,CXII
Munarg,XXXVIII,II,CLIV,Denarius,VII,XIX,CCCLI
Muniv,XL,VII,XXV,Denarius,VIII,XXVI,CDLXXIX
Munarg,XXXIX,V,CXXI,Quinarius,III,XXVIII,XCIII
Munarg,XXXV,VII,CXI,Quinarius,IV,V,CLVI
Atamora,XXXIX,VI,VIII,Quinarius,VII,XXII,DCLVIII
Murytub,XXXVII,I,CXLI,Denarius,IX,IV,DCLXV
Muniv,XXXVII,IX,XXIII,Denarius,VII,XII,DXXXIV
Murytub,XXXVII,XI,CLI,Denarius,VIII,XI,DCLII
Murytub,XXXIX,IV,CL,Quinarius,VIII,XIII,CXXV
Munarg,XXXV,VI,CLXX,Denarius,VI,XXV,CCCXVII
Munarg,XXXVII,XI,CXXXV,Denarius,VIII,XXII,CCLXXI
Munarg,XXXV,XII,CI,Denarius,VI,VI,CCLXXXIX
Murytub,XXXIX,VI,CXXIII,Quinarius,VI,IX,CXXXIV
Murytub,XXXIX,X,CLXII,Quinarius,V,XI,CXI
Murytub,XXXIX,VIII,CLXXVII,Denarius,VIII,XV,DCV
Munarg,XXXVII,XI,CLVIII,Denarius,VII,XV,CCXLI
Munarg,XL,I,CLXXXIX,Quinarius,V,IV,LVIII
Munarg,XXXIX,XII,CLXXIV,Aureus,VIII,II,IV
Munarg,XL,II,CXLVIII,Quinarius,V,XXIII,LIII
Munarg,XXXIX,V,CL,Denarius,VII,XX,CCCLXXXVI
Murytub,XL,VII,CCXX,Quinarius,V,XVII,CXXIX
Murytub,XXXVIII,XI,CV,Denarius,VI,V,DLXVI
Murytub,XXXV,VII,CLIV,Quinarius,VII,VIII,CCCXLV
Munarg,XXXIX,X,CXLIX,Denarius,VI,XXX,CDLXIII
Murytub,XXXV,VII,CXXV,Quinarius,VII,II,CCCXLI
Munarg,XL,I,CXXXIX,Quinarius,VII,XIX,XLVII
Atamora,XXXVII,XII,X,Denarius,V,V,MMCCCLXXV
Murytub,XL,I,CLXI,Quinarius,VII,XV,CXLIV
Atamora,XXXIX,II,VIII,Aureus,VII,I,XXVII
Munarg,XL,XI,CLX,Denarius,VII,II,CLXXVIII
Murytub,XXXIX,III,CXXII,Denarius,VIII,XX,DCXVI
Muniv,XL,I,XX,Denarius,V,XXIV,DXCVIII
Murytub,XXXVI,I,CLXXXI,Denarius,VII,XXIII,DCV
Munarg,XL,IV,CXXVIII,Denarius,IV,IX,CCXXI
Murytub,XXXVIII,IX,CLV,Quinarius,II,XVI,CLII
Murytub,XXXIX,X,CXXXIV,Denarius,VII,XXIV,DCVII
Muniv,XXXV,XII,XXV,Aureus,VI,III,VI
Muniv,XXXVII,XII,XXIX,Aureus,IV,XXX,VI
Munarg,XL,IV,CLXXI,Quinarius,VII,XXIX,XLVII
Munarg,XXXVII,II,CXXV,Denarius,VIII,XXI,CCCLXIV
Murytub,XXXV,II,CXLI,Quinarius,VI,XII,CCCLIII
Suilis,XXXVIII,XII,XXVIII,Quinarius,IX,XXIII,DCCCLXXX
Munarg,XXXV,II,CXCIV,Quinarius,VI,XXVIII,CXLIV
Munarg,XXXV,VIII,CLXIV,Denarius,VII,XI,CCCLXXI
Munarg,XL,VI,CLVI,Denarius,V,V,CDLXXVI
Murytub,XL,I,CLX,Denarius,VII,XXX,DLXVIII
Munarg,XXXVI,IX,CXXI,Quinarius,V,V,CXXVI
Munarg,XXXVI,X,CLIII,Denarius,V,XII,CCXCII
Munarg,XXXV,VII,CLXVII,Denarius,III,XVIII,CCCLXXXVI
Murytub,XXXV,VI,CLXXXV,Denarius,VI,XI,DCLV
Atamora,XXXIX,XII,XI,Denarius,X,XII,MMLXXXIII
Muniv,XXXIX,XI,XXIX,Aureus,V,XXIII,VI
Munarg,XXXV,V,CXLII,Denarius,IV,XVI,CDIII
Muniv,XXXV,X,XXII,Quinarius,VII,XXIII,CCLI
Munarg,XXXVI,III,CLXII,Denarius,V,III,CCCVII
Murytub,XXXV,VI,CXLIX,Denarius,III,XIV,DCLXXI
Murytub,XXXVIII,VIII,CLXXVII,Quinarius,VI,VII,CLXVII
Muniv,XXXVIII,XI,XXVI,Denarius,VI,XXII,CDXXVI
Murytub,XXXVII,II,CLXVI,Denarius,VI,I,DCLX
Muniv,XXXVII,II,XXVIII,Denarius,IV,XVIII,DLV
Murytub,XXXV,I,CLXII,Denarius,V,XVIII,DCXCVIII
Murytub,XL,V,CLIII,Quinarius,IX,III,CXVI
Munarg,XXXV,IX,CLII,Denarius,V,XXV,CCCXXV
Murytub,XL,XII,CLXVII,Denarius,VII,IV,DLIX
Muniv,XXXVIII,VI,XXI,Quinarius,V,XXIV,CXLIV
Munarg,XL,VI,CXXII,Denarius,VIII,III,CCXXII
Murytub,XXXIX,VII,CLI,Quinarius,VIII,XIX,CXLIX
Murytub,XXXVI,VI,CXXVIII,Quinarius,V,XIX,CCLXX
Murytub,XXXVIII,XI,C,Aureus,VIII,VII,V
Murytub,XXXVI,VIII,CXL,Denarius,VI,XXIV,DCXXX
Munarg,XXXVIII,IX,CXLV,Quinarius,III,X,LXV
Murytub,XXXVIII,X,CLXXVII,Denarius,IV,XXVIII,DLXXXVI
Munarg,XL,VI,CXI,Denarius,V,XXIII,CCII
Munarg,XXXVI,IV,CXVIII,Aureus,III,XXIII,IV
Suilis,XXXVII,III,XVII,Denarius,VI,XIX,MMMCDLXXIII
Munarg,XXXVI,III,CXXXVIII,Denarius,VIII,XXV,CCCLXI
Munarg,XXXIX,VIII,CLXXXIX,Denarius,V,XXIII,CCLXI
Muniv,XXXVIII,I,XXV,Denarius,VIII,XXVIII,CDLXV
Murytub,XXXVI,V,CXXXV,Quinarius,VI,XIII,CCLXXVIII
Munarg,XXXVIII,XI,CLVI,Quinarius,VI,V,LXXIII
Munarg,XL,VII,CXLIII,Quinarius,V,XVI,LXXXV
Munarg,XXXV,IX,CLXX,Denarius,IX,XXIII,CCCXCI
Munarg,XXXVI,VIII,CLXXXVIII,Quinarius,IV,XXIII,CXIII
Muniv,XXXVIII,VII,XXIII,Denarius,VI,I,DXXIX
Munarg,XXXVIII,V,CLXIII,Denarius,V,XIV,CCLXXXVII
Munarg,XXXIX,VIII,CXLIX,Denarius,V,XVI,CDXXXIII
Munarg,XXXVI,VIII,CXXXIV,Denarius,VII,XXII,CCCXCVI
Munarg,XXXV,I,CXLVI,Quinarius,III,XXVI,CCIX
Munarg,XXXIX,V,CXCIX,Denarius,VI,I,CCXIV
Murytub,XXXVI,XII,CXLV,Denarius,VIII,XV,DCLXXIX
Muniv,XXXVII,XII,XXIX,Denarius,V,XII,DVIII
Muniv,XXXVII,I,XXII,Denarius,V,XXIII,DXLIII
Murytub,XXXVI,XII,CXXI,Quinarius,VIII,V,CCXLVII
Murytub,XXXV,I,CXXXIX,Denarius,VII,VI,DCLXXIX
Murytub,XXXIX,VIII,CXLIX,Denarius,IX,XI,DLXIII
Murytub,XXXVII,I,CLXVIII,Denarius,IX,IV,DCCVII
Murytub,XXXIX,IX,CLXVII,Denarius,VIII,I,DCIV
Munarg,XL,IV,CXLVIII,Denarius,II,XX,CXCV
Munarg,XXXVIII,VII,CXCVIII,Denarius,VII,VII,CDXLVII
Suilis,XXXVI,XI,LIX,Denarius,VII,XXIII,MMMCCLXIII
Muniv,XXXVI,IV,XXI,Denarius,V,XXVII,CDLXXXIII
Murytub,XXXV,I,CLIX,Denarius,V,IX,DCCXVII
Munarg,XXXIX,I,CLXII,Quinarius,VII,XV,L
Muniv,XXXVII,VI,XLI,Denarius,VII,XIII,DXXVII
Murytub,XXXVII,VIII,CCXVI,Denarius,VIII,IX,DCXXII
Muniv,XXXVI,I,XXVII,Denarius,V,XII,DXL
Suilis,XXXVIII,IV,XXV,Quinarius,IV,VIII,MXXI
Munarg,XXXVI,I,CXLI,Quinarius,IV,XIV,CLXVII
Munarg,XXXIX,X,CXCV,Denarius,VII,XXI,CDXXXI
Munarg,XXXVI,VII,CXXIX,Quinarius,VIII,XVI,CXXVII
Suilis,XXXVIII,I,XIV,Denarius,VI,IX,MMMDCCCXIV
Muniv,XXXVI,IV,XXVI,Denarius,VIII,XXV,CDLXVII
Munarg,XXXIX,IX,CXLVI,Denarius,VII,XXVI,CDXLIX
Munarg,XXXV,VI,CXVI,Denarius,VIII,VIII,CCCLXX
Munarg,XXXVI,XII,CXVI,Denarius,VI,VIII,CCCXXXVI
Murytub,XXXVIII,XII,CLVIII,Denarius,VI,XXV,DCXXIV
Munarg,XXXVI,IV,CLXII,Quinarius,VI,VII,CXXXIX
Murytub,XXXVI,III,CLXXI,Aureus,IV,XXI,VIII
Muniv,XXXIX,VII,XXIX,Denarius,VI,XVIII,DCI
Suilis,XXXVI,I,XIX,Quinarius,VII,XXIII,MDCXCVI
Munarg,XXXV,I,CLXXIV,Quinarius,VII,XXVII,CLXXIII
Muniv,XXXIX,I,XXIX,Quinarius,VII,XV,CXXXVI
Munarg,XXXIX,XII,CXCVI,Denarius,V,XXX,CCXXXIII
Muniv,XXXIX,XII,XXIII,Denarius,VIII,V,DXI
Murytub,XXXVIII,IV,CXLV,Quinarius,IX,XIX,CXCIX
Munarg,XXXVI,XII,CXVII,Aureus,X,XIII,III
Munarg,XXXIX,IX,CXXIII,Quinarius,VI,XXVII,LV
Munarg,XXXVI,VII,CVI,Quinarius,VI,XII,CXXXIV
Murytub,XXXIX,X,CXLV,Aureus,VII,IV,VI
Munarg,XXXVII,XII,CLXII,Denarius,VII,XI,CDXL
Suilis,XXXIX,XII,XI,Aureus,IV,XIV,XXXVIII
Munarg,XXXV,XI,CLIV,Denarius,VI,XI,CCCXXVIII
Murytub,XXXVII,VIII,CXVII,Quinarius,VIII,XVI,CCLI
Munarg,XXXVI,V,CXCV,Quinarius,III,XXVI,CXVIII
Suilis,XXXV,X,XXIV,Denarius,VI,XII,MMMCCCXXIX
Munarg,XXXVII,VIII,CXXXI,Quinarius,VI,XXII,CXXXIV
Munarg,XXXV,XII,CLXXXI,Quinarius,IV,XXII,CLIV
Murytub,XXXVII,XII,CXXI,Aureus,III,XV,VII
Munarg,XL,VI,CXCIII,Quinarius,VI,II,LIII
Murytub,XL,VII,CXLVII,Denarius,VI,XII,DLXXIX
Munarg,XXXV,X,CX,Aureus,VII,II,V
Murytub,XXXIX,X,CXL,Denarius,II,XXII,DLXXXI
Atamora,XXXV,V,IX,Quinarius,VII,III,MDXCII
Munarg,XXXVII,X,CLXXX,Denarius,IV,XXVIII,CCCXLVII
Atamora,XXXVII,XII,XIII,Denarius,VIII,VI,MMDXCII
Atamora,XXXV,XI,XIII,Denarius,V,XX,MMMXVI
Murytub,XXXVIII,II,CLI,Denarius,VII,XXVI,DCXCII
Muniv,XXXVI,V,XXXIV,Denarius,IX,XXVII,CDXLV
Munarg,XXXVII,I,CXXIV,Quinarius,IX,XXX,CXL
Munarg,XXXVI,X,CLXX,Aureus,VI,VIII,IV
Suilis,XXXV,X,XVII,Quinarius,VII,XXIII,MDCCCXLVII
Munarg,XXXVIII,V,CLXIII,Quinarius,VII,II,LXXX
Murytub,XL,III,CXCV,Quinarius,IX,XIII,CXXVIII
Muniv,XXXVIII,VII,XXII,Denarius,VI,XXV,DC
Muniv,XXXV,IV,XX,Quinarius,VII,VII,CCXXVIII
Muniv,XXXVIII,X,XXVII,Aureus,III,XXV,IV
Murytub,XL,I,CCXIII,Quinarius,IV,XX,CXXXIV
Munarg,XXXV,VIII,CVIII,Quinarius,VII,XVI,CLXXV
Munarg,XXXV,IX,CXXII,Denarius,IV,VI,CCCLXIV
Munarg,XXXV,II,CLXIV,Denarius,VI,XI,CCCXLII
Murytub,XXXVII,VII,CXXV,Quinarius,V,VII,CCCXXX
Murytub,XXXIX,XII,CXXXIII,Aureus,V,XIII,VI
Murytub,XXXV,V,CXXXIII,Aureus,I,IV,IX
Munarg,XXXIX,VII,CLXXXVIII,Quinarius,VI,XVIII,CXV
Munarg,XL,VII,CX,Denarius,VIII,XXVI,CCXXVI
Munarg,XXXVIII,IX,CXXI,Quinarius,V,VI,LXVIII
Munarg,XXXVII,IX,CII,Denarius,VII,XVII,CCCXXIX
Murytub,XL,X,XCI,Denarius,V,XXIII,DXLIV
Munarg,XXXVII,V,CXX,Denarius,IV,XX,CCCLXVIII
Munarg,XXXIX,III,CXCIII,Denarius,V,VI,CCXVI
Muniv,XXXVIII,VII,XX,Quinarius,VI,XV,CXLVII
Murytub,XL,II,CXXXV,Denarius,V,XIV,DLXXV
Murytub,XXXIX,VI,CXXXII,Quinarius,VII,XIX,CXLVIII
Munarg,XXXVIII,VII,CXV,Aureus,IV,XIV,II
Murytub,XXXV,VI,CXV,Denarius,VIII,XXIX,DCLXVIII
Munarg,XXXVIII,IX,CLXXVIII,Denarius,V,VII,CCCLXVIII
Munarg,XXXIX,V,CLXXIV,Denarius,VI,XXVII,CCXX
Murytub,XXXV,XI,CXXXVIII,Denarius,VII,XXVIII,DCCI
Munarg,XXXV,III,CLXXIII,Denarius,IX,XXIV,CCCLV
Murytub,XXXVIII,VII,CLIV,Quinarius,VI,XXV,CXLII
Atamora,XXXV,III,XI,Quinarius,IX,XXIV,MDCCXCIV
Muniv,XXXVII,X,XXVI,Quinarius,VII,XXIII,CLXVI
Murytub,XL,IX,CXLII,Denarius,III,XVII,DXXXI
Atamora,XXXVIII,III,XI,Denarius,V,XXVI,MMMCDXXI
Suilis,XXXIX,II,XIV,Denarius,V,XIV,MMMCDLXXXI
Murytub,XXXIX,XI,CLXVI,Denarius,VI,XXVII,DLXXVII
Murytub,XL,II,XCIX,Denarius,IV,XX,DCV
Muniv,XL,X,XXXIV,Denarius,VIII,IX,CDIV
Munarg,XXXVII,V,CXI,Denarius,VII,V,CCXCIV
Murytub,XL,VII,CI,Denarius,III,XV,DXLIV
Muniv,XXXV,XII,XVI,Denarius,V,XXXI,DLXVIII
Atamora,XL,V,XIII,Denarius,VI,I,MMCMLI
Muniv,XLI,I,XXXII,Denarius,VI,I,DXLI
Murytub,XXXV,VII,CXLIV,Aureus,V,XI,IX
Munarg,XL,X,CLXXXV,Denarius,VI,XXVII,CCCLXXXIV
Munarg,XXXVIII,VII,CX,Denarius,VI,XV,CCCLVI
Murytub,XXXVIII,IV,CXXXIX,Quinarius,VI,XIII,CLXXXI
Muniv,XL,III,XXXV,Denarius,VI,XII,DLXXIX
Muniv,XXXV,III,XXI,Quinarius,IV,VIII,CCXXXVI
Munarg,XXXIX,II,CLXXXIII,Quinarius,VII,II,XCIX
Muniv,XXXVII,IX,XVII,Denarius,VII,X,DCII
Muniv,XXXIX,IX,XXV,Denarius,VI,XXIX,DLX
Murytub,XXXIX,X,LXXXVIII,Quinarius,IV,V,CXXIII
Muniv,XXXIX,III,XXVI,Quinarius,VIII,XX,XCIII
Munarg,XXXIX,VI,CXXIII,Denarius,VI,XI,CDV
Munarg,XXXVIII,III,CXX,Denarius,VII,XXVIII,CCLI
Munarg,XL,I,CLXXXIX,Aureus,VII,VI,II
Murytub,XXXVI,VI,CXXIX,Denarius,IV,XI,DCLV
Murytub,XL,VII,CXXII,Denarius,VI,II,DXLI
Munarg,XXXIX,IV,CII,Denarius,V,XVII,CCLXIII
Muniv,XXXVI,IX,XXX,Quinarius,VI,VIII,CCLXII
Murytub,XXXIX,XI,CXIX,Denarius,VIII,XIII,DLVII
Munarg,XL,VII,CIII,Denarius,V,XXII,CDXXXIX
Murytub,XXXVI,IX,CXXXIV,Denarius,VI,XXX,DCLXVIII
Munarg,XXXV,II,CXCVII,Aureus,VII,XXIII,IV
Muniv,XXXVI,IX,XXIII,Denarius,IV,XXVI,CCCXCIII
Munarg,XXXVIII,XII,CLXXIX,Denarius,VI,II,CCCLII
Atamora,XXXIX,VII,VI,Denarius,VI,XII,MMCCXV
Muniv,XXXVII,XI,XXVIII,Quinarius,VI,X,CCVI
Munarg,XXXVIII,IV,CXLVI,Denarius,VIII,X,CDXLIV
Atamora,XXXVIII,VIII,XI,Denarius,VIII,X,MMDCCCLXXX
Munarg,XL,II,CLIV,Quinarius,VI,XII,XCIV
Munarg,XL,II,CLXXVIII,Quinarius,V,XXIX,XCII
Munarg,XXXVII,XI,CLIII,Quinarius,V,XX,CIII
Murytub,XL,VII,CXIX,Denarius,VIII,XXVIII,DLXXII
Munarg,XXXIX,V,CLXIX,Denarius,IV,XVI,CCLIV
Murytub,XXXIX,II,CXCVIII,Denarius,VIII,XIX,DCXV
Murytub,XL,XII,CLXXXII,Aureus,VI,XXIX,IV
Murytub,XXXVI,VI,CC,Quinarius,VI,IV,CCLXXXIV
Muniv,XXXIX,IX,XXXII,Denarius,V,XVII,DLV
Muniv,XXXVII,IV,XX,Denarius,VI,XIV,DIX
Munarg,XXXV,XII,CXCIX,Quinarius,IX,IX,CLXXIV
Muniv,XXXV,XI,XXIX,Denarius,VI,XVI,CDXXI
Murytub,XXXVII,V,CCXIV,Denarius,VII,IV,DCCCL
Muniv,XXXVI,XI,XV,Aureus,VI,XXX,V
Muniv,XXXVII,VII,XXVIII,Quinarius,VII,XX,CCXLII
Munarg,XXXVII,VI,CXXXV,Denarius,VII,XIX,CCCLXII
Munarg,XL,IX,CLXXI,Denarius,VII,XXVI,CDXL
Murytub,XXXVII,XII,CCI,Quinarius,VI,XXVII,CCIV
Suilis,XXXV,IX,XV,Denarius,VII,IX,MMMLXXXIX
Suilis,XXXVII,II,XVIII,Quinarius,VIII,IX,MCDLXXXVII
Murytub,XXXVII,VII,CLVI,Quinarius,VII,VIII,CCCXLVI
Muniv,XXXIX,VI,XXVI,Denarius,V,VIII,CDXCIX
Atamora,XXXVII,II,XII,Aureus,VIII,XIX,XXXIV
Munarg,XL,IV,CLVIII,Denarius,IV,IX,CCXXXVII
Suilis,XXXV,XII,XXXVII,Denarius,IV,XIV,MMMCCLXXIV
Murytub,XXXVII,V,CXXX,Aureus,V,XV,IX
Munarg,XXXIX,IX,CXXI,Aureus,V,XV,IV
Murytub,XXXIX,V,CCXII,Quinarius,VII,XIX,CXXIX
Munarg,XXXVI,IV,CXXVI,Denarius,IX,XI,CCLXXIX
Murytub,XXXIX,X,CLII,Quinarius,VI,XXX,CXXVII
Murytub,XXXIX,X,CXXX,Denarius,VII,XXXI,DLX
Munarg,XXXVIII,V,CLXXXIII,Denarius,III,XXII,CCXXXVI
Muniv,XXXIX,XI,XXVIII,Aureus,III,XVI,V
Murytub,XXXVIII,I,CLXI,Denarius,V,XXX,DXCII
Suilis,XXXVII,IV,LXVIII,Quinarius,VI,XXIII,MCDXLVI
Munarg,XXXV,I,CLVII,Denarius,V,XXV,CCCXLIV
Munarg,XXXVIII,IX,CXLVII,Aureus,III,X,II
Murytub,XXXV,IX,CLXXIII,Denarius,VI,XIV,DCCXLIII
Munarg,XXXIX,XII,CXCVI,Quinarius,IV,VIII,LIV
Murytub,XXXVI,XII,CLXXIV,Quinarius,V,XVI,CCXLII
Muniv,XXXV,IV,XXXIII,Denarius,VIII,XXII,DXII
Murytub,XXXVIII,IX,CVI,Quinarius,VII,XXII,CLXII
Munarg,XXXVII,XII,CLXVI,Denarius,VIII,X,CCCXLVIII
Suilis,XXXIX,VII,X,Denarius,IV,VIII,MMMDXXVIII
Murytub,XXXIX,X,CXX,Denarius,VIII,X,DLXI
Murytub,XXXIX,VIII,CLXXIX,Denarius,IV,XIX,DXCIV
Murytub,XXXVII,VI,CLXXXVII,Quinarius,VI,V,CCCLXVIII
Munarg,XXXV,X,CIX,Aureus,VI,XII,V
Murytub,XXXVIII,III,CXCIV,Denarius,VIII,XXV,DXCVII
Munarg,XXXVII,VII,CXXXIII,Denarius,IV,III,CCCLXXXIII
Munarg,XL,XI,CII,Denarius,IX,XXIV,CLXX
Munarg,XL,VI,CXVIII,Aureus,VI,X,IV
Muniv,XL,I,XXV,Denarius,III,XXVIII,DXIV
Murytub,XXXVI,IV,CIV,Denarius,II,VIII,DCXCIII
Murytub,XXXVIII,VIII,CXL,Aureus,IV,XIV,V
Murytub,XXXVII,VIII,CXVII,Denarius,VI,XXX,DCXLVI
Munarg,XL,I,CXXXIII,Denarius,V,XVI,CCCLXXXII
Munarg,XXXVI,X,CLXXXII,Aureus,VII,XVII,IV
Murytub,XXXVI,V,CXVIII,Quinarius,IX,XXVII,CCLXXXVIII
Munarg,XXXVI,X,CXXVI,Denarius,VI,VIII,CCCLXXI
Munarg,XXXIX,XII,CLI,Denarius,VI,XI,CCCLXXVI
Munarg,XL,II,CLXVII,Denarius,VII,VII,CDLXIV
Muniv,XXXV,IX,XXV,Quinarius,VI,VII,CCXXVIII
Muniv,XXXV,VI,XXIX,Denarius,VI,XXX,DXXV
Munarg,XXXIX,II,CXXXIV,Quinarius,IX,XXI,LII
Munarg,XL,VI,CXXXVI,Quinarius,II,XI,CII
Murytub,XXXVIII,II,CLXX,Denarius,VIII,XI,DCVIII
Murytub,XXXIX,XI,CLXXIV,Denarius,VIII,XIII,DXCVI
Murytub,XXXIX,VIII,CLVII,Quinarius,VII,VI,CXLIV
Murytub,XXXVIII,V,CXXXVI,Aureus,VII,XIX,VI
Munarg,XL,X,CXLIII,Quinarius,VIII,XV,LXXX
Muniv,XL,IX,XXII,Denarius,VIII,XXIX,DXIX
Munarg,XXXVI,VIII,CXXXIX,Quinarius,VI,XIII,CXXVI
Murytub,XXXVI,XII,CXXIX,Denarius,IV,XXI,DCXXXI
Muniv,XXXVIII,VII,XXXIV,Denarius,IV,XVII,CDLXXV
Murytub,XXXVII,VI,CXXV,Quinarius,VII,XXI,CCCXXII
Murytub,XXXVIII,VIII,CLXVI,Denarius,IV,XXIX,DCXXXVI
Munarg,XXXV,III,CLVIII,Denarius,VII,IV,CCCXLVI
Murytub,XXXVII,III,CCVIII,Quinarius,VI,III,CCXCIX
Munarg,XL,VII,CXLVI,Denarius,VI,XII,CCXXIV
Murytub,XXXVI,IX,CXIX,Quinarius,V,XIV,CCLXVI
Munarg,XXXVII,XI,CXXX,Quinarius,V,VIII,LXXXVI
Muniv,XXXVII,I,XXVI,Denarius,IV,XII,CDXCV
Munarg,XXXVIII,I,CIII,Denarius,III,XXI,CDXXXII
Atamora,XXXVII,II,IX,Quinarius,VI,XVII,MCCLXXXVII
Murytub,XXXV,V,CLXXI,Denarius,V,XXXI,DCLXXXII
Munarg,XXXVI,II,CXXXIX,Denarius,V,XXVIII,CCCXLVI
Murytub,XXXVI,VI,CXXXI,Denarius,VIII,XX,DCXXXV
Murytub,XL,VII,XCVIII,Denarius,VIII,XIV,DLXV
Murytub,XL,VII,CXCIII,Denarius,VIII,XIV,DL
Murytub,XXXIX,XII,CXLVIII,Denarius,IV,XIV,DLXIV
Munarg,XXXVII,I,CXXV,Denarius,IX,XXX,CCLXII
Munarg,XXXV,I,CXCII,Denarius,V,XVIII,CCCLXVI
Murytub,XXXVIII,I,CXXI,Quinarius,VI,XXVI,CCVIII
Muniv,XXXVI,I,XXI,Denarius,V,XVIII,DXLIX
Muniv,XXXVI,VII,XXI,Denarius,V,I,CDLI
Muniv,XXXVI,II,XXVIII,Quinarius,VIII,XXI,CCXIX
Muniv,XXXVI,VIII,XXVIII,Denarius,VII,VII,DV
Munarg,XXXIX,VIII,CXIII,Quinarius,VI,IV,LXXXIX
Munarg,XXXV,XII,CLI,Aureus,VI,III,IV
Suilis,XXXVIII,VI,XV,Quinarius,IV,XVI,MCX
Munarg,XXXVI,VII,CVII,Denarius,VI,XVII,CCCLVIII
Munarg,XXXV,V,CLXXXII,Denarius,V,XI,CCCXVII
Murytub,XXXIX,I,CLII,Aureus,VIII,XXIX,V
Munarg,XXXVIII,VIII,CLXIV,Quinarius,IV,XXIX,LXIV
Murytub,XXXVII,XI,CCI,Denarius,VI,X,DCXIX
Murytub,XXXV,VII,CXLIV,Denarius,IV,XXIV,DCXL
Muniv,XXXVIII,VII,XX,Aureus,II,XIII,VI
Munarg,XXXIX,I,CLVI,Denarius,IX,XXVIII,CCCXCI
Munarg,XXXV,VIII,CVI,Quinarius,VI,VII,CLXXVI
Muniv,XXXV,IX,XXIV,Quinarius,VI,XX,CCLI
Murytub,XXXIX,XI,CXLVII,Denarius,X,XI,DCXI
Suilis,XXXVI,IX,XL,Quinarius,VI,XXX,MCDLXXV
Murytub,XL,I,CXV,Denarius,VII,VI,DLXXIII
Murytub,XXXV,VI,CXXXIV,Denarius,I,III,DCLXXXIX
Munarg,XXXIX,I,CLIX,Quinarius,VII,VI,L
Munarg,XXXVIII,II,CLXX,Denarius,VI,IX,CCXLV
Munarg,XXXV,VIII,CIII,Denarius,V,IV,CCCXLVI
Munarg,XXXVIII,IV,CXCVIII,Quinarius,V,XIV,LXXIV
Murytub,XL,IV,CXCIV,Denarius,II,XX,DLVIII
Munarg,XXXV,IV,CXLV,Denarius,V,XX,CCCLIII
Atamora,XXXVII,I,XIII,Quinarius,IX,XXX,MCDXX
Munarg,XXXVIII,II,CLI,Denarius,V,XXVII,CCCIII
Murytub,XXXVIII,XII,CXLIX,Denarius,VI,XVII,DCXV
Atamora,XXXIX,VII,IX,Denarius,V,VI,MMDLVII
Muniv,XXXV,XII,XXV,Quinarius,VI,III,CCXXXV
Muniv,XL,V,XXV,Quinarius,VI,XVI,CXIX
Munarg,XXXVIII,III,CLXVI,Quinarius,VI,XX,CXXV
Munarg,XL,I,C,Denarius,VI,XXVI,CCII
Murytub,XXXIX,II,CXXV,Denarius,VI,XXIV,DLXXXVI
Murytub,XL,VII,CLXXXI,Denarius,VIII,XXVIII,DXX
Murytub,XXXVII,VII,CXX,Quinarius,VII,IV,CCCLI
Munarg,XL,II,CXLVIII,Quinarius,VII,XVIII,CV
Munarg,XXXV,VIII,CXXXII,Denarius,VI,XII,CCCXXI
Muniv,XXXVII,I,XXXIV,Denarius,IV,XII,CDXXXVII
Murytub,XXXVI,I,CLVII,Denarius,V,XII,DCLXXXVII
Suilis,XXXIX,IX,XLIII,Denarius,VII,VI,MMMDXCIV
Munarg,XL,VI,CXX,Denarius,VIII,XXX,CCVIII
Muniv,XXXV,III,XXX,Quinarius,VII,XXVI,CCXL
Munarg,XXXVII,XI,CI,Denarius,VIII,XIX,CDXVI
Muniv,XXXIX,X,XIX,Aureus,V,VIII,IV
Muniv,XXXV,XI,XVIII,Denarius,VII,III,CDLXXIV
Suilis,XXXVIII,XII,XXXII,Denarius,IV,IV,MMMDCCXCVI
Murytub,XXXVII,II,CXLIV,Denarius,V,XV,DCCXXIV
Munarg,XXXVII,II,CLXVI,Quinarius,IV,XVIII,CLXXIX
Munarg,XXXIX,VIII,CLXXV,Quinarius,VII,X,LXIII
Muniv,XXXVI,X,XXVII,Denarius,IV,XX,CDL
Muniv,XXXVI,IV,XXI,Denarius,VI,VII,DX
Munarg,XXXV,VI,CXII,Quinarius,VIII,VIII,CXCII
Munarg,XXXIX,XII,CLXXXIII,Denarius,VIII,XVI,CCXXVIII
Atamora,XXXIX,XII,VII,Quinarius,III,IX,DCX
Murytub,XXXV,XII,LXXXI,Denarius,VIII,XVIII,DCLII
Suilis,XXXIX,II,XXX,Denarius,VII,XVIII,MMMDCLXXXVI
Murytub,XXXVII,II,CLI,Quinarius,VII,XXV,CCLXXXIX
Muniv,XXXVII,VII,XXXI,Denarius,V,X,CDXXXVI
Munarg,XXXV,XI,CIV,Aureus,V,XX,IV
Munarg,XXXV,XII,CX,Denarius,VI,I,CCCLXXXII
Suilis,XXXV,VII,XXVII,Aureus,VI,I,XL
Murytub,XXXVI,X,CLXIX,Aureus,VI,II,VII
Murytub,XXXIX,X,CXLV,Denarius,VI,XXIII,DXLI
Murytub,XXXVIII,I,CXCIII,Denarius,V,VI,DLXVI
Munarg,XXXVII,VII,CXCIV,Aureus,VI,XXVIII,II
Murytub,XXXVII,II,CCII,Quinarius,VI,XI,CCCXVII
Munarg,XXXVI,IV,CXX,Aureus,IX,XI,IV
Munarg,XXXVII,IV,CXXXIII,Quinarius,VIII,IX,CLXII
Munarg,XXXIX,IV,CXXXI,Denarius,VIII,XIII,CCCXCI
Munarg,XXXV,VII,CXXIX,Quinarius,VII,XX,CXLIII
Muniv,XXXIX,VI,XXV,Denarius,V,XXIX,DXXIII
Atamora,XXXVIII,I,IX,Quinarius,VI,XXVI,MXXIX
Munarg,XXXVII,X,CXLVIII,Denarius,IV,XVII,CCCLXXIX
Munarg,XXXV,X,CXCI,Denarius,VII,XI,CCCXLVII
Muniv,XXXIX,XI,XXXI,Denarius,VII,IV,CDXCIII
Muniv,XXXV,II,XXX,Quinarius,VI,XXVIII,CCXLVIII
Murytub,XXXVII,IV,CLXXVIII,Denarius,VI,XXIII,DCCCXCVII
Munarg,XL,IV,CLII,Denarius,IV,II,CCXXXIII
Murytub,XXXVI,VII,CXLIV,Denarius,VII,XXX,DCLXXIII
Munarg,XXXVI,IV,CLXXX,Denarius,IV,VI,CCCLXXV
Atamora,XXXVI,XI,VIII,Denarius,VI,XXX,MMCDXC
Murytub,XXXIX,IV,CXXX,Denarius,VII,XXI,DLXVIII
Muniv,XXXIX,VI,XXIX,Denarius,V,XVII,DXLIII
Suilis,XXXVIII,V,XXXI,Denarius,IV,IV,MMMDCCXII
Muniv,XXXV,VI,XXI,Denarius,IV,XX,DLVI
Murytub,XXXIX,VIII,CXXV,Quinarius,VIII,XXVIII,CXXXVIII
Murytub,XXXVIII,XII,CLXIII,Quinarius,III,VII,CXLVI
Muniv,XXXV,V,XXIV,Denarius,IV,XX,DXXIV
Munarg,XXXV,V,CXLIII,Denarius,IX,IX,CCCXLVI
Munarg,XL,I,CXVII,Denarius,VII,X,CCCLXXXVIII
Murytub,XXXIX,I,CXXIV,Quinarius,V,XII,CXLI
Muniv,XXXVIII,XII,XXXIII,Denarius,VIII,XXVI,DXXIII
Munarg,XL,I,CVII,Aureus,VII,X,II
Munarg,XL,IX,CXXXIX,Quinarius,VII,I,XCVII
Munarg,XL,XI,CXXI,Denarius,VII,XIII,CDLVI
Munarg,XXXVI,VII,CLXXXIV,Aureus,VI,XVIII,IV
Murytub,XXXVII,IX,CCXIV,Denarius,IV,III,DCXXXVII
Munarg,XXXV,XII,CLXII,Denarius,VIII,XXIV,CCCXLIV
Murytub,XXXVI,X,CLXVII,Aureus,VI,VI,VII
Muniv,XXXIX,VII,XVII,Quinarius,IV,VIII,CXLV
Murytub,XXXVI,VIII,CXCV,Denarius,III,IV,DCLXV
Munarg,XXXVI,VI,CLXXXIX,Denarius,VIII,XVII,CCCXCII
Munarg,XXXVIII,VI,CLII,Denarius,VII,VI,CCLXIII
Murytub,XXXVII,X,CLXIX,Denarius,VI,XVI,DCVI
Suilis,XXXVII,XI,XI,Denarius,IX,XVI,MMMCDXXXIV
Suilis,XXXVI,I,XIV,Denarius,VII,XXIII,MMMCCCX
Atamora,XXXVI,IV,VI,Quinarius,V,IV,MCDLXXII
Murytub,XL,IX,CLXIII,Quinarius,IX,XI,CXXXIII
Murytub,XXXVII,IX,CXCVI,Quinarius,V,II,CCLXIII
Munarg,XXXIX,VI,CXXI,Denarius,IV,III,CCXLIV
Munarg,XXXVI,III,CXCVIII,Denarius,V,XV,CCCLXX
Muniv,XXXV,XII,XXIII,Denarius,VII,XVII,CDLXXX
Munarg,XXXVI,IV,CXLI,Aureus,V,I,IV
Munarg,XXXIX,I,CXLIX,Quinarius,IV,XVI,LXXXV
Munarg,XL,IV,CLXI,Denarius,VI,XVIII,CCCXCII
Muniv,XL,VII,XXX,Denarius,III,XV,DLIV
Murytub,XXXVI,IX,CXLV,Aureus,V,XXV,VII
Atamora,XXXVII,XI,XIII,Quinarius,VII,XVIII,DCCLVII
Murytub,XXXVIII,V,CXXVIII,Denarius,IV,XIII,DCXIV
Murytub,XL,IV,CLII,Denarius,IV,XV,DXLIX
Suilis,XL,III,XV,Quinarius,VI,XXVI,DCCLXXXIV
Murytub,XXXIX,I,CLXXXI,Denarius,IV,V,DLXII
Murytub,XXXVI,VII,CLXXIX,Aureus,VI,XXVII,VII
Murytub,XXXVII,IV,CCXIII,Quinarius,VIII,IV,CDII
Suilis,XXXVI,III,XLIII,Denarius,VI,I,MMMCDVIII
Munarg,XXXVII,VII,CXLVIII,Quinarius,IV,III,CII
Murytub,XXXVIII,VII,CXLII,Denarius,VI,XXV,DLXV
Muniv,XXXIX,IV,XXI,Denarius,V,XXIX,DXIV
Suilis,XXXIX,I,XXXII,Quinarius,VIII,XXII,DCCCLXXXI
Murytub,XXXVIII,V,CLVIII,Quinarius,V,XXXI,CXCII
Murytub,XXXVIII,IX,CLXVII,Aureus,VIII,XIII,V
Murytub,XL,VIII,CXLV,Denarius,IV,V,DIX
Murytub,XXXVII,VI,CLXXI,Quinarius,VI,XXIX,CCCLIV
Muniv,XXXVI,XI,XIX,Denarius,VII,XXIII,DXLIV
Murytub,XXXVII,V,CLVI,Denarius,III,VI,CMLVI
Munarg,XXXVIII,III,CLV,Denarius,VI,XX,CCXL
Murytub,XXXVII,XI,CLXXVIII,Quinarius,VI,I,CCXX
Murytub,XXXVI,VI,CXXVIII,Denarius,VII,XVI,DCCXIII
Muniv,XXXV,IV,XL,Denarius,IX,II,D
Murytub,XXXIX,VIII,CLXXXVII,Denarius,VIII,XIII,DLXXXVII
Munarg,XL,IX,CXCII,Quinarius,V,II,XCVIII
Munarg,XL,IX,CLXXIX,Denarius,III,XIV,CLXXXV
Murytub,XXXVI,VIII,CLXXXI,Denarius,VI,XXIV,DCXXX
Murytub,XXXVIII,XII,CXLI,Denarius,VII,XIII,DCXIII
Munarg,XXXVII,X,CXXVII,Quinarius,VIII,IV,CXV
Munarg,XL,I,CXLVIII,Denarius,VI,XXIII,CXCII
Murytub,XXXVI,XI,CXLVIII,Quinarius,VII,XVI,CCLXVIII
Munarg,XXXV,III,CL,Quinarius,VII,XVI,CLXXI
Murytub,XXXVI,II,CXXXIX,Quinarius,VII,XXIV,CCCXVII
Murytub,XXXVIII,XII,CXXV,Denarius,IX,XVIII,DLXXVIII
Muniv,XL,XI,XXIII,Quinarius,III,IV,CXIV
Murytub,XXXVII,VIII,CXLIII,Aureus,VII,XXIV,VII
Munarg,XXXIX,XII,CLXVI,Denarius,V,XIII,CCCLXXXVI
Munarg,XXXVII,VIII,CLVI,Quinarius,VI,XXIX,CXLVI
Murytub,XXXVIII,V,CXXVIII,Denarius,V,XI,DCXXIX
Muniv,XL,I,XIX,Denarius,VI,VIII,CDXCIII
Munarg,XXXIX,VII,CXXII,Quinarius,IX,XVI,LI
Murytub,XXXVII,III,CLXII,Denarius,X,IV,DCLX
Muniv,XXXVIII,II,XXVI,Denarius,IX,XX,DXVI
Munarg,XXXVI,V,CXVI,Denarius,VIII,III,CDXV
Murytub,XXXIX,VI,CXXXV,Quinarius,VIII,XVI,CXLIII
Muniv,XL,IX,XXIV,Denarius,V,XIX,CDLXIII
Munarg,XXXVIII,II,CLIV,Denarius,VIII,VII,CCCLXXX
Murytub,XXXVII,II,CLXXXIV,Denarius,VIII,IX,DCCXXXVI
Suilis,XXXV,VII,XXXII,Denarius,VII,XXIX,MMMCXXXVIII
Murytub,XL,II,CXXII,Denarius,II,XVII,DXXXV
Murytub,XXXV,XI,CV,Quinarius,VI,XI,CCCLVI
Munarg,XXXVII,II,CXC,Denarius,VII,XXV,CCCXCI
Suilis,XXXV,IV,XXII,Denarius,III,IX,MMMCCCLXXVI
Suilis,XXXIX,II,XXVI,Denarius,VI,XXIII,MMMDCLV
Munarg,XXXV,VIII,CLXXVII,Denarius,VI,VII,CCCXLVIII
Munarg,XXXVIII,XI,CLX,Denarius,VI,XXVI,CCLXVIII
Munarg,XXXV,X,CLIII,Denarius,V,XIII,CCCXXI
Murytub,XXXVIII,VI,LXX,Denarius,VI,IX,DCXLVII
Murytub,XXXV,III,CLXV,Aureus,VI,XXIX,IX
Murytub,XXXIX,X,CXLV,Quinarius,V,XIII,CXVII
Munarg,XXXV,VIII,CLXXXVIII,Denarius,V,IV,CCCII
Muniv,XL,III,XX,Denarius,VI,VIII,CDXCII
Munarg,XXXVII,X,CXIX,Aureus,VI,XXII,III
Munarg,XXXVIII,VIII,CXII,Denarius,X,XXIV,CCLXXVII
Murytub,XXXVI,V,CC,Denarius,III,XII,DCLIV
Suilis,XXXVIII,I,XXV,Denarius,III,XXI,MMMCCCLXXXII
Muniv,XL,VI,XXIII,Denarius,VI,X,CDLXXXIV
Munarg,XXXV,IX,CXI,Quinarius,IV,VI,CXCVI
Muniv,XXXIX,I,XXV,Denarius,IV,XVI,DII
Munarg,XL,II,CLXXXIX,Denarius,VIII,XVI,CDI
Munarg,XL,I,CLXI,Denarius,IV,IX,CCXX
Murytub,XXXVI,XII,CXCVI,Quinarius,IV,XXI,CCLII
Murytub,XXXVI,VI,CLII,Aureus,VIII,XXX,VII
Munarg,XXXVII,IV,CX,Quinarius,VI,XXX,CXVIII
Munarg,XL,V,CLVII,Denarius,VI,XVI,CCV
Munarg,XL,IX,CLXXXIV,Denarius,VIII,XXIX,CCXXVIII
Munarg,XXXVIII,V,CXXVI,Denarius,VI,XXVI,CCLXI
Munarg,XXXVIII,III,CLXXX,Quinarius,IX,XXIII,CXVII
Munarg,XXXVIII,I,CLXXXVI,Denarius,IV,XXIX,CCLII
Munarg,XXXV,XII,CXIV,Denarius,IV,XXVIII,CCCXCVI
Suilis,XXXVI,VI,XXIX,Denarius,IV,XXV,MMMDXIX
Munarg,XL,IX,CVII,Denarius,V,XXX,CXCV
Munarg,XXXV,VI,CLXXXVIII,Quinarius,X,V,CLXXVIII
Munarg,XXXIX,V,CIII,Denarius,VI,I,CCXLII
Murytub,XXXVI,IV,CLXXII,Denarius,VIII,XXX,DCLXXXVIII
Suilis,XL,VI,XII,Quinarius,IX,XIX,CMXL
Muniv,XXXIX,X,XXVIII,Quinarius,VI,XXVIII,XCIV
Munarg,XXXV,XII,CLXXIX,Quinarius,VIII,XXIV,CLIX
Murytub,XXXIX,X,CCXV,Quinarius,V,XVI,CXX
Suilis,XXXVI,II,LXI,Quinarius,IV,XXVII,MCDLXXXIX
Muniv,XXXVI,V,XXXI,Denarius,VII,XXI,DCVI
Murytub,XXXIX,I,CXIII,Denarius,VI,XXI,DLXIX
Murytub,XXXVIII,II,CLXIV,Quinarius,VII,XXVI,CXCVII
Munarg,XXXVII,I,CXXIII,Denarius,VI,V,CCCLXVIII
Munarg,XXXVI,IX,CVII,Denarius,VI,XI,CDXXIII
Muniv,XXXIX,XII,XXXII,Quinarius,V,XIII,CXXVII
Murytub,XXXIX,II,CXLI,Quinarius,VI,X,CXXXVII
Murytub,XXXVII,XII,CXLIX,Quinarius,III,XVI,CCIV
Muniv,XL,X,XXVIII,Denarius,VII,XVII,CDLXI
Munarg,XXXV,V,CXC,Denarius,VII,V,CCCXXI
Munarg,XXXIX,II,CXXIX,Denarius,VIII,XIX,CCXXVIII
Munarg,XL,XI,CIII,Quinarius,V,XXIII,LXXXV
Muniv,XXXV,XI,XIX,Denarius,V,XVII,CDLXXIV
Muniv,XXXIX,VI,XXIX,Denarius,VI,XI,CDXC
Munarg,XL,X,CLVIII,Denarius,V,XI,CLXXXII
Murytub,XL,I,CLXXXIX,Denarius,VII,VII,DLXXVII
Munarg,XXXVII,VIII,CXCVIII,Denarius,VI,IV,CCCXIII
Munarg,XXXVI,II,CLXII,Denarius,V,XXVIII,CCLXXXVI
Muniv,XXXVI,II,XXV,Denarius,V,XXVIII,DLXXXVI
Munarg,XXXVIII,II,CXCVI,Denarius,VII,III,CCLXXXVIII
Munarg,XXXV,IV,CXLVIII,Quinarius,IV,XIII,CLXVIII
Munarg,XXXIX,IV,CXCVII,Aureus,X,XX,II
Munarg,XXXVII,XII,CLXXVI,Denarius,VI,XXII,CCCLXVIII
Murytub,XXXVII,XI,CLXXV,Denarius,IX,XXIII,DCXLVI
Murytub,XXXVIII,I,CXXVI,Denarius,VII,XX,DCXII
Munarg,XXXV,IV,CLVII,Quinarius,V,XXV,CLXXXV
Munarg,XXXVIII,VI,CXXVII,Quinarius,VI,IX,CXXXV
Murytub,XXXVIII,XI,CXII,Denarius,VI,V,DLXXXI
Munarg,XXXIX,X,CXLI,Denarius,V,XI,CCXXXIII
Murytub,XXXVIII,XI,CXXXIX,Quinarius,IV,XXI,CLXIII
Suilis,XL,XII,LXIV,Denarius,VII,XXXI,MMMMLXV
Murytub,XXXV,VII,CXX,Denarius,VII,XX,DCCIX
Muniv,XXXVI,IX,XXII,Denarius,V,V,DLXXXIII
Muniv,XXXVI,I,XXIX,Quinarius,X,III,CCLXXXVIII
Murytub,XXXVI,X,CLIX,Quinarius,VI,II,CCLVIII
Muniv,XXXIX,V,XXVII,Denarius,IV,XIII,DXXII
Murytub,XXXV,VII,CIV,Denarius,VII,II,DCXC
Murytub,XXXV,XI,CXVIII,Aureus,VII,XVIII,IX
Munarg,XXXV,XII,CLXXX,Denarius,VI,XXVI,CCCLIX
Murytub,XXXVIII,VIII,CXXXIX,Quinarius,IV,XXV,CLV
Munarg,XXXVII,III,CXXXVIII,Denarius,VI,XXI,CCCI
Munarg,XXXIX,I,CV,Denarius,VII,VI,CDLVII
Munarg,XXXVII,XII,CXXXIII,Aureus,VIII,X,III
Murytub,XXXIX,IV,CXXXVII,Denarius,VII,III,DXCIII
Munarg,XXXVII,III,CXLII,Denarius,V,XXII,CCXC
Munarg,XL,VIII,CXVIII,Denarius,VI,VII,CDLV
Muniv,XXXVI,IV,XXII,Denarius,IV,XXI,DXI
Munarg,XXXIX,V,CLVI,Denarius,VI,XXVII,CCXXV
Murytub,XXXVIII,VIII,XCVII,Denarius,V,XXIII,DLXXXVII
Munarg,XXXVI,IX,CLIII,Quinarius,IX,XX,CXXXV
Murytub,XXXVI,V,CLXVII,Denarius,IX,I,DCLXVII
Murytub,XXXIX,III,CXXV,Aureus,V,VI,V
Munarg,XXXIX,XI,C,Denarius,IV,XXI,CCXXIV
Munarg,XXXVIII,II,CXLIV,Denarius,VIII,X,CCLXXXI
Muniv,XXXVIII,XI,XXII,Denarius,VI,XXII,CDLXXX
Munarg,XXXIX,V,CLXXXIX,Denarius,VII,XIX,CCXXXVIII
Muniv,XXXIX,II,XXII,Denarius,VII,I,DCXXXIII
Munarg,XXXV,V,CLXVI,Denarius,VII,X,CCCXLIV
Murytub,XXXVI,V,CXLIV,Quinarius,III,XII,CCLXXIV
Munarg,XL,V,CVIII,Quinarius,VIII,XIX,LXXXIX
Muniv,XL,XI,XXV,Denarius,IX,XXIV,DXIV
Munarg,XXXVII,XII,CXI,Quinarius,VII,IX,CXLVIII
Munarg,XL,XII,CIII,Denarius,IV,I,CLXXXVIII
Munarg,XXXIX,III,CXVI,Aureus,III,XI,III
Munarg,XXXVII,II,CLXVII,Denarius,IV,II,CCCXIV
Murytub,XXXVII,V,CLXX,Quinarius,VII,V,CCCLVII
Muniv,XL,IX,XXVIII,Denarius,IX,XI,CDLII
Munarg,XXXIX,III,CI,Quinarius,IV,XXIV,XLVIII
Muniv,XXXV,V,XXVI,Quinarius,IV,XX,CCLXXX
Munarg,XXXVII,IX,CLXIX,Denarius,VII,XXI,CCCLXIII
Munarg,XL,III,CXCVIII,Denarius,VI,XXX,CDLIII
Muniv,XXXVIII,VI,XXV,Denarius,V,XI,DLXXXI
Muniv,XXXVIII,IX,XXXII,Denarius,VII,IV,DLVII
Muniv,XXXVIII,VI,XXI,Denarius,VI,XXVII,CDXXXIX
Munarg,XXXVI,X,CLXXIII,Aureus,VI,XXVIII,IV
Munarg,XXXVI,IV,CXCVII,Denarius,VIII,XXV,CCCXXIII
Munarg,XL,I,CLI,Aureus,VII,XXII,IV
Munarg,XXXVI,I,CXXIII,Quinarius,VII,IX,CLXVII
Munarg,XXXVII,VII,CXCVI,Quinarius,IV,II,XCVIII
Murytub,XL,IV,XCV,Quinarius,IX,XXIII,CXVIII
Murytub,XXXV,X,CXXVII,Quinarius,VII,XXV,CCCLIII
Suilis,XXXVI,IX,XIV,Quinarius,VI,XXX,MCDXXIII
Murytub,XXXV,VIII,CLIII,Denarius,V,XIX,DCLXXXI
Muniv,XXXIX,VIII,XXII,Denarius,IX,XXI,DXXIII
Murytub,XXXVIII,IV,CXLIX,Quinarius,V,XXVI,CCXIV
Munarg,XXXVI,I,CXCVIII,Quinarius,VII,IX,CLXII
Murytub,XXXV,III,CX,Denarius,VII,XX,DCCXIII
Murytub,XXXVII,XII,CXXXI,Quinarius,IV,VIII,CCI
Murytub,XXXVII,VIII,CXLI,Quinarius,VIII,XXIII,CCLIX
Murytub,XXXV,XI,LXXVIII,Denarius,VI,XXX,DCL
Atamora,XXXVII,XI,IX,Denarius,V,IV,MMCCLXXIV
Munarg,XXXVI,XI,CXXVI,Aureus,VII,XXIII,IV
Muniv,XXXVI,III,XXX,Quinarius,VI,X,CCXXXV
Murytub,XXXV,III,CXLII,Quinarius,III,XV,CCLXXX
Muniv,XL,V,XXI,Denarius,VII,IX,CDIII
Atamora,XXXIX,I,VII,Aureus,V,XXX,XXIV
Murytub,XXXVI,VI,CLXXXI,Denarius,VIII,XII,DCLXVIII
Munarg,XXXV,VII,CLXIV,Denarius,VII,II,CCCXX
Munarg,XL,XI,CXLVIII,Denarius,V,XX,CDLXIV
Munarg,XL,VII,CXXXI,Denarius,VII,X,CLXXX
Murytub,XXXVIII,II,CLXXII,Quinarius,VIII,XI,CXCIII
Suilis,XXXVIII,V,XV,Quinarius,III,XVIII,MCCLIII
Atamora,XXXVIII,II,X,Quinarius,VIII,XI,MXXXII
Munarg,XXXV,XI,CLXXXI,Aureus,IX,XXVI,IV
Suilis,XXXIX,IV,XXVII,Denarius,VII,XXI,MMMMXXIX
Murytub,XXXVI,V,CLXXIII,Denarius,III,XXII,DCLXXIX
Munarg,XXXV,I,CLXIII,Aureus,VI,XXI,V
Muniv,XXXV,XI,XXXIII,Quinarius,IV,XXI,CCLI
Murytub,XXXVI,IX,XCVIII,Denarius,VIII,XIII,DCLXXV
Murytub,XXXVII,V,CXL,Quinarius,VIII,X,CCCLXII
Muniv,XXXIX,IV,XXXVII,Quinarius,V,XXVIII,XCVIII
Munarg,XXXVII,X,CXLIX,Quinarius,VII,I,CXXVI
Munarg,XXXVIII,VI,CLXX,Denarius,VII,XX,CCCXLV
Munarg,XXXIX,IX,CXVI,Quinarius,VI,XXIX,LXXVIII
Munarg,XXXVII,VI,CXI,Denarius,VII,XXI,CCLXVIII
Murytub,XXXV,XI,CLIII,Denarius,III,I,DCLXVI
Murytub,XXXVI,I,CXXXVII,Quinarius,VII,XXIII,CCCXXVII
Muniv,XXXVI,XII,XX,Quinarius,IV,XXIV,CCXI
Muniv,XL,X,XXIX,Quinarius,VII,XVI,CXII
Murytub,XXXVIII,VI,CLVIII,Aureus,V,XXIV,VI
Murytub,XXXVIII,VII,CLVIII,Denarius,VI,I,DCVII
Munarg,XXXVII,VI,CI,Denarius,VIII,XXVI,CDXVII
Murytub,XL,X,CXCIII,Quinarius,IV,XXII,CXI
Muniv,XXXVIII,VI,XIX,Denarius,VII,XXI,DXXXVIII
Munarg,XXXVI,III,CLIV,Quinarius,VI,X,CXXXVIII
Suilis,XXXIX,I,XVII,Denarius,V,XII,MMMCMLXXI
Murytub,XXXVI,VIII,CXXIV,Denarius,III,IV,DCXXXIII
Muniv,XXXVII,I,XXVIII,Quinarius,VI,XVIII,CCXL
Murytub,XXXVIII,XII,CXXXV,Denarius,VI,XXV,DCII
Murytub,XL,IV,CXXXVI,Quinarius,IV,IX,CXXVII
Muniv,XXXVII,VI,XXXV,Aureus,VII,XIII,VI
Munarg,XXXV,V,CXXII,Quinarius,IX,XXVIII,CLXXIX
Muniv,XXXVII,X,XXIV,Aureus,IX,XI,V
Munarg,XXXVII,VI,CXXIII,Quinarius,VI,V,CLIV
Atamora,XXXVIII,VIII,X,Denarius,VI,XX,MMDCLXVII
Munarg,XXXVI,VI,CLVII,Denarius,V,VIII,CCCLXXVII
Murytub,XXXVII,VIII,CXXV,Denarius,VI,XXX,DCLV
Murytub,XXXVI,IV,CLX,Denarius,V,XIX,DCLII
Muniv,XXXV,II,XXVII,Denarius,V,XVI,CDLII
Suilis,XXXVII,X,LXIV,Denarius,VI,XXXI,MMMDCCCXVIII
Murytub,XL,VII,CLXXVI,Aureus,VI,III,V
Muniv,XL,VI,XVI,Denarius,V,VIII,CDXXXIII
Munarg,XXXVI,II,CXLIV,Denarius,V,XIX,CCLXXVII
Murytub,XXXIX,X,CXXXVIII,Aureus,II,XXII,VI
Murytub,XL,IX,CCX,Quinarius,IV,IV,CXVIII
Muniv,XL,II,XXXI,Quinarius,II,XVII,CXLV
Munarg,XXXVI,XI,CLXXVII,Aureus,VIII,XVII,III
Murytub,XL,IX,CXC,Denarius,IV,III,DXXXIII
Munarg,XXXVI,I,CXLII,Denarius,VII,IX,CCXC
Murytub,XL,X,CXXVI,Quinarius,V,XXVIII,CIX
Munarg,XXXVII,IV,CXXXVIII,Quinarius,VIII,XII,CLIV
Munarg,XXXVI,V,CLXXIV,Quinarius,III,XII,CLXI
Munarg,XXXVI,X,CXLV,Denarius,V,XXIX,CCCXXXVI
Muniv,XXXVIII,I,XXII,Denarius,V,V,CDL
Munarg,XL,IX,C,Denarius,VII,XVIII,CCCLXXXVII
Munarg,XXXVIII,I,CXXXI,Denarius,VI,X,CCLXIX
Murytub,XXXVIII,III,CLXXXIX,Denarius,VII,XII,DCVIII
Muniv,XL,I,XXI,Denarius,VI,XIII,DXCII
Munarg,XL,I,CXXXVIII,Quinarius,VI,VIII,LVIII
Murytub,XXXIX,VII,CLIV,Quinarius,VII,II,CXL
Munarg,XXXVII,XI,CLXXXII,Denarius,VII,XXX,CDXXXIX
Munarg,XXXVIII,V,CXIII,Denarius,VII,II,CCLVI
Suilis,XXXVII,VIII,XVIII,Denarius,V,XXVIII,MMMCDXC
Murytub,XXXVII,X,CVIII,Denarius,IV,XXX,DCXXXI
Munarg,XXXV,VII,CXXXIII,Denarius,IV,XXIII,CCCXLV
Munarg,XXXVIII,IX,CLVII,Denarius,VII,XXII,CCLI
Murytub,XXXVI,IV,CXXIX,Denarius,VIII,XXV,DCCXVIII
Muniv,XL,II,XXII,Denarius,VII,III,CDL
Munarg,XXXIX,XI,CLXXXVII,Denarius,III,VII,CDLX
Munarg,XL,V,CLXIII,Denarius,VII,V,CDXLIV
Munarg,XXXVI,V,CLI,Quinarius,V,XIX,CLXXIX
Munarg,XXXVI,XI,CLXXXIII,Aureus,VII,V,III
Murytub,XXXVII,II,CXCI,Aureus,VIII,IX,VII
Munarg,XXXV,VI,CXXXIV,Quinarius,VI,XIII,CLX
Munarg,XXXVI,XI,CLIV,Denarius,VII,I,CCLXXXI
Munarg,XXXV,V,CLXIII,Denarius,IX,XXIII,CCCLXV
Muniv,XL,X,XXX,Denarius,VI,XIV,DLXXX
Muniv,XXXVII,III,XX,Denarius,VIII,XXVI,DXLII
Munarg,XL,IX,CLXXVIII,Denarius,VII,XVIII,CCX
Murytub,XXXVIII,XI,CVIII,Denarius,IV,XVIII,DC
Muniv,XL,III,XXVI,Denarius,IX,XIII,DXXII
Murytub,XL,II,CLXXXVII,Denarius,V,XV,DLXXVII
Munarg,XXXIX,III,CLXVII,Denarius,V,VI,CDXXVIII
Munarg,XXXIX,XI,CLXXIV,Quinarius,VI,XIX,C
Munarg,XXXV,IV,CV,Denarius,III,IX,CCCLXXXIV
Muniv,XXXV,IX,XXIV,Aureus,VII,I,VI
Muniv,XXXV,XI,XXIV,Aureus,IV,XXIV,VI
Atamora,XXXIX,VII,VII,Denarius,VIII,XXVI,MMDCLXXVI
Muniv,XXXV,VIII,XXII,Denarius,VII,XI,DIV
Murytub,XXXV,XI,CXXXIV,Quinarius,VII,X,CCCXXXVIII
Munarg,XXXIX,XI,CXXX,Denarius,VI,III,CCXXVIII
Munarg,XXXIX,VI,CIV,Denarius,V,XVII,CCCXCVI
Murytub,XXXVIII,XI,CLVIII,Denarius,VIII,X,DLXXV
Murytub,XXXVII,II,CLIX,Quinarius,VII,XXV,CCLXXI
Murytub,XXXVII,II,CLXXIX,Denarius,VII,VI,DXCVIII
Murytub,XXXIX,XI,CXII,Denarius,VI,XII,DCXIII
Murytub,XXXVII,XI,CLXXX,Denarius,IV,XVII,DCXLVIII
Munarg,XXXVI,III,CXCIV,Denarius,V,III,CCCXCVIII
Munarg,XXXVIII,X,CXLII,Denarius,V,XIII,CDXXIX
Suilis,XXXVII,XII,XX,Denarius,VI,XXIII,MMMDIX
Munarg,XL,VI,CVI,Quinarius,VIII,XXI,XCI
Atamora,XXXIX,XII,XI,Denarius,V,XXXI,MMDCXXXIX
Suilis,XXXVIII,II,XXXI,Quinarius,VI,XXI,MXX
Suilis,XL,XII,XXIX,Denarius,III,XII,MMMDCXCI
Murytub,XXXVI,VII,CLIX,Denarius,IV,XX,DCLVIII
Murytub,XXXVIII,III,CXXX,Denarius,IV,XXIX,DCLVI
Murytub,XXXIX,V,CXXV,Denarius,IX,IX,DCXVIII
Munarg,XXXIX,IV,CLII,Denarius,V,XXVIII,CDXLIV
Murytub,XXXIX,III,LXXXIV,Quinarius,IV,V,CXL
Murytub,XXXVI,III,CXXX,Denarius,VII,XXXI,DCXCVIII
Murytub,XXXVII,IV,CLI,Denarius,VIII,X,CMXCIII
Atamora,XXXVIII,XII,XII,Denarius,IV,IV,MMDCLXXXVII
Munarg,XXXV,III,CXI,Quinarius,VII,XXXI,CLX
Murytub,XXXVI,VII,CLXIX,Denarius,IV,V,DCLXXIII
Muniv,XXXVI,VI,XXIX,Denarius,VIII,XXI,DL
Muniv,XXXVI,VI,XXVIII,Quinarius,V,X,CCVI
Munarg,XXXVI,V,CXVIII,Denarius,III,XXII,CDXII
Munarg,XXXVII,XII,CLXXXIV,Quinarius,IV,II,LXXXVII
Murytub,XXXVIII,IX,CLIX,Quinarius,VII,XXV,CLXV
Munarg,XXXVII,I,CXXIX,Denarius,V,XXV,CCCXXIX
Munarg,XXXIX,V,CXXIV,Denarius,IV,XIII,CDXXIV
Muniv,XXXVIII,XI,XXV,Quinarius,III,XXV,CXXXIV
Suilis,XXXVI,X,XXVII,Quinarius,VI,II,MCCCLXXIII
Murytub,XXXVI,VIII,CXXII,Denarius,IV,XIV,DCLXIV
Munarg,XXXVIII,I,CXL,Quinarius,VI,III,XCVIII
Munarg,XXXVI,X,CX,Quinarius,II,IX,CLXXII
Munarg,XXXIX,IV,CLXXXVI,Denarius,III,XXVI,CDXXVIII
Murytub,XXXIX,II,CLII,Denarius,III,IV,DLIV
Murytub,XXXIX,IX,CLXVIII,Quinarius,V,XIX,CXV
Suilis,XXXVIII,IV,XXXI,Quinarius,III,XVII,MLXXXII
Atamora,XXXVII,X,XII,Quinarius,IX,XI,MCLXXIX
Suilis,XXXVIII,IV,XLVI,Denarius,V,IV,MMMDCCLXXVIII
Murytub,XXXVIII,IX,CLXXXIV,Quinarius,VII,XXII,CLI
Murytub,XXXV,I,CXCIII,Quinarius,IV,XXXI,CCCXCIII
Munarg,XXXVI,V,CLXXXI,Denarius,IV,XXX,CCCLXXXIV
Suilis,XXXVIII,VIII,XVI,Quinarius,VIII,X,MVIII
Murytub,XXXVI,VII,CXXI,Aureus,IV,XX,VII
Murytub,XXXV,IX,CXLV,Quinarius,VII,IX,CCCXXXIV
Muniv,XXXV,XI,XIX,Quinarius,VI,XXX,CCLXXIII
Murytub,XL,VII,CXV,Denarius,V,XVI,DLXVII
Munarg,XXXV,IV,CLIV,Denarius,IX,II,CCCXIV
Muniv,XXXVIII,VII,XXXVII,Denarius,IV,XIV,CDXCIV
Muniv,XXXV,XI,XXXIX,Quinarius,III,I,CCLIX
Murytub,XXXV,X,CXXIII,Denarius,III,XIX,DCLXVII
Suilis,XXXIX,X,XXIX,Quinarius,VII,XXVII,DCCCXVI
Munarg,XXXVII,VII,CXLVII,Aureus,V,X,IV
Munarg,XXXIX,V,CIV,Quinarius,VIII,VIII,LV
Munarg,XXXIX,IV,CLI,Quinarius,III,XV,LIII
Munarg,XXXVI,X,CXX,Denarius,II,IX,CCCXLIII
Munarg,XXXVIII,XII,CLXXXIX,Denarius,VI,XXX,CDIV
Murytub,XL,XI,CIX,Aureus,VI,VI,IV
Murytub,XXXVIII,XII,CLXXX,Aureus,IV,VIII,VI
Muniv,XL,II,XXVI,Denarius,VI,XII,DXIX
Munarg,XXXVIII,VI,CLXXVI,Denarius,VIII,III,CCCLII
Munarg,XXXIX,VIII,CLXXV,Denarius,VII,VI,CCXLII
Murytub,XXXVIII,IX,CXXXIV,Aureus,VII,XVIII,VI
Muniv,XXXV,X,XXXIII,Quinarius,VI,XVIII,CCLXX
Muniv,XXXV,IX,XXII,Denarius,VII,XXIV,DXXIII
Munarg,XXXVII,V,CLXXXVII,Denarius,III,XXIII,CCCXXX
Murytub,XXXV,IX,CLXXV,Quinarius,IX,XXIII,CCCLXIII
Murytub,XXXVII,V,CXLI,Quinarius,VI,XIV,CCCLXXI
Munarg,XXXVIII,VII,CXLII,Denarius,VI,VI,CDVII
Munarg,XXXV,IX,CX,Quinarius,VIII,XV,CLV
Murytub,XL,IV,CLXXXVIII,Quinarius,VI,XXI,CXXV
Murytub,XXXIX,X,CLXXXV,Denarius,V,XXVI,DXLVIII
Murytub,XXXVII,V,CXLII,Aureus,VIII,III,X
Munarg,XXXVII,I,CXVIII,Denarius,VIII,IX,CCLXVIII
Murytub,XXXIX,XII,CXXVIII,Quinarius,V,XXIII,CXXXV
Murytub,XXXVI,XI,CXVI,Quinarius,VI,XIII,CCXXXIX
Muniv,XXXVI,VIII,XXIV,Denarius,VI,XIX,CDXLVIII
Murytub,XL,XI,CLXVI,Denarius,IX,XXIV,DXXXIV
Munarg,XXXVIII,XII,CLXXVIII,Denarius,VI,XXX,CDLI
Murytub,XL,I,CXXX,Quinarius,VI,XII,CXLVII
Murytub,XXXVII,X,CLXVII,Quinarius,II,XII,CCXXXIV
Muniv,XXXVI,VI,XXVII,Denarius,V,XXVII,CDLXIII
Muniv,XL,VI,XXX,Quinarius,VI,XXII,XCII
Munarg,XXXVII,VII,CXXXVI,Denarius,VIII,XXXI,CCCXXXIX
Murytub,XXXIX,V,CLXIV,Denarius,VI,XVIII,DCXXII
Munarg,XXXVI,IX,CXXXIX,Denarius,VI,IV,CCCLXXXIII
Muniv,XXXVI,I,XXIX,Denarius,VIII,XXV,DIII
Munarg,XXXIX,XI,CLI,Denarius,VII,IX,CCXIII
Munarg,XXXIX,VII,CV,Denarius,VIII,XXV,CCLVIII
Murytub,XXXIX,III,CX,Quinarius,VI,XXIX,CXXV
Murytub,XXXVI,V,CL,Quinarius,VI,XV,CCLXXXIII
Munarg,XXXVII,V,CXCV,Denarius,VI,XXVII,CCCXCV
Murytub,XXXVIII,VII,CLIX,Denarius,VI,I,DXCVII
Munarg,XXXVII,X,CLXXIV,Denarius,VI,XXVII,CCLIII
Atamora,XXXVII,VII,VIII,Aureus,IV,XXIX,XXII
Muniv,XXXV,VIII,XXI,Quinarius,V,XXIII,CCLXXIX
Munarg,XXXVII,IV,CXCIX,Denarius,VI,XI,CCCLXVII
Muniv,XXXVII,IX,XXIX,Denarius,VII,XIX,CDXCVI
Munarg,XL,II,CLXXVII,Denarius,V,XIX,CCXLIII
Murytub,XXXVII,VI,CLXXIX,Denarius,III,XXV,CMXLII
Muniv,XXXVI,XI,XXXII,Denarius,VIII,VIII,CDLXXIX
Muniv,XL,IX,XXII,Aureus,V,XVI,IV
Murytub,XL,VII,CLXIV,Denarius,VI,IV,DLIX
Murytub,XXXVI,III,CLVII,Quinarius,V,XV,CCCXXIX
Murytub,XXXV,XII,CLXXXVIII,Denarius,IV,XV,DCCV
Murytub,XXXVII,VII,CLIV,Denarius,V,X,CMXXV
Murytub,XXXVII,III,CXXX,Denarius,IV,XXIII,DCXI
Muniv,XXXVI,V,XXX,Denarius,VI,XXV,DLXXIV
Munarg,XXXVII,II,CXII,Denarius,VII,VIII,CCCXLIII
Munarg,XXXVII,VI,CIX,Denarius,VII,XXI,CCCXI
Muniv,XXXVII,V,XXIII,Denarius,IV,XIX,CCCXCVI
Munarg,XXXVII,II,CLXXXIII,Denarius,VII,XXV,CDXV
Munarg,XXXVIII,VII,CXXII,Denarius,V,X,CCLXII
Murytub,XXXVI,XII,CLXXII,Denarius,VII,XIV,DCLXVII
Muniv,XXXVIII,II,XXVII,Quinarius,VII,XVIII,CLVIII
Munarg,XXXVIII,III,CXCII,Denarius,VIII,XXXI,CCXXVIII
Munarg,XXXVII,II,CXI,Denarius,VI,V,CCLXXVII
Munarg,XXXIX,IX,CXXXVIII,Denarius,VI,II,CDLXIV
Munarg,XXXV,V,CLIX,Denarius,VI,XIV,CCCIV
Munarg,XXXVIII,XII,CXXXIII,Denarius,IV,XIX,CCXLI
Suilis,XL,VIII,XX,Denarius,V,XIX,MMMMCLV
Munarg,XL,X,CLXXVI,Quinarius,V,XXVIII,LXXIV
Munarg,XXXVII,V,CLXXIII,Quinarius,V,XI,CXXXVI
Munarg,XXXVII,IV,CXXV,Quinarius,VIII,XVII,CLXX
Munarg,XXXVI,V,CXXXV,Denarius,IX,I,CCCL
Murytub,XXXV,IX,CXVI,Denarius,V,XXV,DCXXXVII
Muniv,XXXVII,VIII,XXIII,Denarius,IV,VII,CDLVIII
Munarg,XXXVIII,V,CI,Denarius,V,XVI,CDXXXIII
Murytub,XXXVIII,I,CXLV,Aureus,VII,II,VI
Munarg,XXXV,VI,CXLIV,Denarius,IV,XXI,CCCLXX
Munarg,XXXVIII,XII,CLXI,Quinarius,VII,XXIV,CXIV
Munarg,XXXV,X,CXI,Denarius,IV,XXVII,CCCXVIII
Murytub,XXXIX,VII,CLIX,Denarius,V,XIV,DLXXVII
Munarg,XXXVI,IX,CLXXXVIII,Denarius,VI,VIII,CCCLXVI
Suilis,XL,X,XV,Quinarius,V,XXVIII,DCCCXV
Murytub,XXXVII,VIII,CLXXII,Denarius,VIII,XXIII,DCXCVI
Atamora,XXXIX,XII,XIII,Denarius,IX,XXVI,MMCCCXXIX
Munarg,XXXVIII,XII,CLIII,Quinarius,III,XXVIII,LIX
Suilis,XXXVI,X,XIX,Quinarius,III,I,MCCCXCIII
Muniv,XXXVIII,XII,XVIII,Denarius,V,XXVII,CDXXXVIII
Murytub,XXXVI,IX,CXXXVIII,Denarius,V,XXVIII,DCXXXVI
Munarg,XXXIX,VIII,CXLV,Aureus,VIII,XX,IV
Murytub,XXXVI,IV,CLVII,Denarius,IV,XX,DCXV
Munarg,XXXVIII,X,CXXXVII,Quinarius,VII,XII,LXXI
Munarg,XXXVI,III,CXVIII,Denarius,IV,XXX,CCCXLIV
Murytub,XXXV,III,XCI,Denarius,VI,XIV,DCCXI
Munarg,XXXVII,VIII,CXLIX,Quinarius,V,XXI,CXIII
Murytub,XXXVI,XII,CXIV,Denarius,I,II,DCXC
Munarg,XXXV,V,CVII,Denarius,VII,XXI,CCCXCVI
Murytub,XXXIX,VIII,CLI,Denarius,IV,XXVI,DLXXV
Munarg,XXXV,VIII,CLIV,Aureus,VI,XIII,IV
Murytub,XXXVII,XII,CXXXVIII,Quinarius,V,IV,CCXIV
Murytub,XXXVI,VI,CXXIII,Denarius,VI,XXVI,DCLVI
Murytub,XXXVII,II,C,Denarius,VI,XXIV,DCXCVII
Munarg,XXXV,X,CVII,Denarius,IV,XXI,CCCXCIV
Murytub,XXXV,IX,CLXXX,Quinarius,VI,XI,CCCLXVII
Munarg,XXXVIII,II,CXIX,Denarius,VIII,XI,CCLXXXI
Murytub,XXXVI,III,CLXIV,Quinarius,III,XXII,CCCXII
Murytub,XXXVII,VI,CXLIX,Quinarius,V,X,CCCXLIV
Murytub,XXXVI,XII,CXXX,Denarius,VI,XXII,DCXXVI
Munarg,XXXVI,VII,CLXXII,Denarius,VII,XXXI,CCCXXXII
Munarg,XXXVII,II,CLXXIX,Denarius,VI,I,CCLXXVI
Murytub,XXXVI,III,CXIX,Quinarius,VI,VIII,CCCXXI
Munarg,XXXVII,XI,CLXXXI,Denarius,VI,XXVI,CDXII
Murytub,XXXV,IV,CLXIII,Quinarius,IV,XXIV,CCCLXXI
Murytub,XXXIX,X,CXXVII,Quinarius,VI,XX,CXXIV
Muniv,XXXIX,XI,XXXII,Denarius,VII,I,DL
Suilis,XXXV,VI,XXXI,Denarius,VIII,XVIII,MMMCCCLXXI
Suilis,XL,XI,LVI,Aureus,V,XV,XXXII
Munarg,XXXVIII,IV,CXCVI,Denarius,VIII,XII,CCCXCII
Murytub,XXXVIII,X,CXXV,Quinarius,V,XXII,CLXX
Suilis,XXXV,III,XVII,Denarius,VII,III,MMMCCXIX
Atamora,XXXV,X,IX,Denarius,III,XIX,MMMCCXXVIII
Muniv,XXXVI,III,XXV,Quinarius,IV,XXX,CCXX
Munarg,XXXV,VIII,CLIII,Denarius,VIII,XXIX,CCLXXXVIII
Munarg,XXXVIII,IV,CLX,Quinarius,IX,XIX,XCIII
Murytub,XL,VII,CLXII,Denarius,VI,III,DIII
Murytub,XXXIX,VIII,CXLVI,Quinarius,IX,XI,CXLVII
Munarg,XXXV,VII,CLI,Denarius,V,XXII,CCCLXXI
Muniv,XXXVI,IV,XVIII,Aureus,VIII,XIII,VII
Muniv,XL,II,XXVIII,Quinarius,V,XIX,CX
Munarg,XXXIX,VI,CLXXXVIII,Quinarius,V,XVIII,LXV
Munarg,XXXVII,I,CVI,Denarius,VI,III,CCXCIII
Muniv,XL,I,XX,Quinarius,VII,XXXI,CXXXIX
Munarg,XXXVII,II,CXXXVIII,Quinarius,VI,XII,CXXXII
Munarg,XXXIX,XII,CXVI,Denarius,V,XIII,CCCLXXXII
Murytub,XL,V,CCIX,Denarius,VII,XXI,DCV
Suilis,XL,X,LVIII,Denarius,IV,VIII,MMMMXI
Munarg,XXXVIII,IX,CXXXVI,Denarius,VII,XVIII,CCLXXVIII
Murytub,XXXVIII,VI,LXXIX,Denarius,IX,VII,DLXXXV
Munarg,XXXVIII,V,CLXXXI,Denarius,IV,XXX,CCLXXI
Muniv,XL,VII,XXIII,Denarius,VI,III,DVIII
Munarg,XXXVI,I,CXC,Denarius,V,XIX,CCCL
Muniv,XL,IV,XXXIII,Quinarius,IV,IV,CI
Munarg,XL,X,CLXXI,Aureus,V,XXVIII,IV
Murytub,XXXVI,V,CXCV,Denarius,VI,XV,DCLXXII
Munarg,XXXV,XI,CLXXXIII,Denarius,IV,XXIV,CCCLII
Murytub,XL,XI,CLVIII,Quinarius,VII,XXVII,CXVIII
Munarg,XL,V,CLVII,Denarius,III,II,CCXXXIII
Murytub,XL,III,CXIX,Aureus,V,V,V
Muniv,XXXVIII,XI,XXVI,Denarius,VI,XI,CDLVIII
Muniv,XXXVII,III,XXX,Denarius,IV,XXVIII,DIV
Munarg,XXXVI,I,CLXXIX,Denarius,VII,VIII,CCCLXV
Muniv,XL,II,XX,Denarius,IV,XI,CDXXV
Muniv,XXXVI,X,XIX,Aureus,IX,XV,V
Munarg,XL,XII,CVIII,Quinarius,VII,IV,XLVI
Muniv,XXXVI,VIII,XXIV,Quinarius,V,XV,CLXXXIX
Murytub,XXXIX,V,CXLIX,Denarius,VI,XXIII,DCXXIV
Munarg,XXXV,XII,CIX,Denarius,IV,VIII,CCLXXXV
Murytub,XXXIX,VI,CI,Quinarius,VIII,XX,CXLVIII
Suilis,XXXV,XII,XIX,Quinarius,IV,XV,MDCXXXIII
Murytub,XXXIX,V,XCV,Denarius,VIII,XVII,DCXXX
Murytub,XL,III,CLXII,Denarius,IV,XX,DLXXIX
Murytub,XXXVI,VIII,CLXII,Denarius,V,V,DCLX
Suilis,XXXV,V,XXIII,Denarius,VIII,XXIX,MMMCXIX
Munarg,XXXV,VII,CVII,Denarius,VI,XII,CCCXLI
Suilis,XXXVII,XI,XXV,Quinarius,V,XXI,MCCXIX
Muniv,XL,VIII,XXX,Denarius,VII,IV,CDLXXIX
Murytub,XXXVIII,VIII,CXXI,Denarius,III,XVI,DC
Murytub,XXXVIII,VII,CXLV,Quinarius,VI,XV,CLXXXI
Munarg,XXXVIII,XI,CXXXII,Denarius,V,XXVII,CCLVIII
Munarg,XXXVII,XI,CLXXXIV,Quinarius,VII,III,LXXXIX
Murytub,XXXVII,III,CLXXXVIII,Denarius,VI,XXI,DCLXVII
Munarg,XXXVII,II,CLV,Denarius,VI,I,CCXCI
Muniv,XXXVI,II,XXX,Denarius,V,VIII,DLII
Munarg,XXXV,IX,CLI,Quinarius,VII,XXIV,CLXXXIV
Murytub,XL,XII,CXX,Denarius,VII,XXI,DXXXII
Murytub,XXXVIII,IV,XCII,Quinarius,III,XVII,CXCVIII
Munarg,XXXVIII,VIII,CVIII,Denarius,IV,IX,CCLV
Murytub,XXXVIII,I,CCVI,Denarius,VI,XIII,DCXXVIII
Munarg,XL,III,CXLII,Denarius,IX,XIII,CCCLXXVIII
Muniv,XXXIX,XII,XXVI,Aureus,VI,VII,VI
Munarg,XXXVI,V,CLXXVII,Quinarius,V,VIII,CXVI
Munarg,XXXVII,X,CLXXVI,Denarius,IV,XXVIII,CCCVII
Munarg,XXXVI,VIII,CVI,Denarius,VIII,XXVIII,CCCXLIX
Munarg,XL,X,CXXXVII,Aureus,IV,VIII,II
Munarg,XXXVI,III,CLIV,Denarius,VII,II,CCCLIII
Murytub,XXXVIII,IV,CLXVI,Denarius,VI,IX,DCXXV
Munarg,XXXVII,VII,CV,Aureus,VII,XXIII,IV
Munarg,XL,I,CLXXXIV,Quinarius,V,XXIV,XCIX
Munarg,XXXV,II,C,Denarius,VI,XXI,CCCII
Muniv,XXXVI,I,XXVII,Denarius,V,XIX,DXXX
Munarg,XXXV,III,CXLVI,Denarius,VII,XXVII,CCCXXXVIII
Muniv,XXXIX,V,XXXII,Denarius,VI,II,CDLXXXVI
Murytub,XXXVIII,II,CLVII,Denarius,VI,I,DLXXX
Munarg,XXXVI,X,CXXIII,Aureus,V,XXIX,III
Munarg,XXXVIII,III,CLV,Denarius,VI,XXII,CCXCII
Murytub,XXXIX,VI,CI,Quinarius,VIII,XX,CL
Murytub,XL,V,CLIX,Denarius,VI,XXVI,DXXX
Atamora,XXXVI,X,X,Quinarius,VII,XXII,CMLIX
Munarg,XL,XII,CXVI,Quinarius,V,XXVIII,XCVII
Munarg,XXXV,III,CLXVIII,Denarius,VI,XII,CCCX
Murytub,XL,VI,CXXXVII,Quinarius,V,XVIII,CXX
Murytub,XXXVII,XII,CLXV,Aureus,IX,XXVI,VI
Munarg,XL,XI,CXIX,Quinarius,VII,XXII,XL
Munarg,XL,IX,CXC,Quinarius,VI,VII,XLVII
Munarg,XXXVI,V,CLXVIII,Quinarius,VII,XXXI,CXXVII
Munarg,XXXVII,VI,CLXXXVIII,Denarius,VII,IX,CCCXXI
Munarg,XXXV,III,CXL,Denarius,VII,XXXI,CCCXCIII
Murytub,XXXVII,VIII,CLVI,Denarius,VI,XXX,DCLXXIX
Murytub,XXXVIII,XII,CXLI,Quinarius,VII,XIII,CXXXVIII
Murytub,XXXIX,XII,CLXXV,Quinarius,V,XXIII,CXXXIII
Munarg,XXXVI,IV,C,Quinarius,V,V,CLIX
Murytub,XXXIX,I,CLXXVIII,Denarius,VII,XXXI,DXCIII
Munarg,XL,IV,CLXXXIX,Denarius,VII,VI,CCCLXXXI
Munarg,XXXVI,VII,CXLIII,Denarius,VII,XXIX,CCCXXV
Muniv,XXXIX,VII,XXI,Quinarius,V,XXVIII,CXXVI
Muniv,XXXVIII,IX,XXIX,Denarius,VII,XXVI,CDXCIX
Munarg,XXXIX,XI,CLVII,Denarius,X,VI,CCLVI
Murytub,XXXVI,IX,CXLVII,Aureus,VIII,XIII,VII
Munarg,XXXVIII,VIII,CLIV,Denarius,IV,XXIX,CCLXXXVII
Murytub,XXXVII,X,CXXXVI,Quinarius,IX,XXIX,CCXXII
Munarg,XL,VI,CLXXXV,Aureus,V,XXIII,IV
Muniv,XXXVIII,VI,XXIV,Quinarius,IV,XIX,CLXXI
Suilis,XL,V,XIX,Denarius,IV,XXV,MMMMXXXIII
Munarg,XXXV,XI,CXVI,Denarius,V,IV,CCCXLVII
Munarg,XXXVIII,IV,CXCVI,Quinarius,VI,V,CXXIX
Murytub,XXXIX,II,CLXVII,Denarius,VI,VII,DLXXVIII
Munarg,XXXVII,V,CLX,Quinarius,IV,XIX,CLXVI
Munarg,XXXVIII,IX,CLI,Aureus,V,XXIX,II
Munarg,XXXVIII,XII,CXLV,Quinarius,IX,XXIII,XCIV
Murytub,XXXIX,IV,CCVII,Denarius,V,XXVIII,DLXXXVIII
Murytub,XL,IX,CXXXI,Quinarius,VII,XXII,CXVI
Murytub,XXXVII,II,CXCIII,Denarius,VI,XI,DCLXXXVII
Munarg,XXXIX,V,CXVI,Denarius,VII,X,CCXXV
Munarg,XXXVII,V,CXXXIX,Quinarius,VIII,XXII,CXIV
Muniv,XXXIX,XI,XVIII,Denarius,VIII,XIII,CDLXXI
Murytub,XXXVII,VI,CXXXII,Aureus,VI,I,X
Atamora,XXXVI,III,X,Denarius,III,XVIII,MMDCCCLII
Murytub,XXXV,I,CXCIV,Denarius,V,XVI,DCCIX
Muniv,XXXVIII,VI,XXVIII,Denarius,VI,XXVIII,DXCII
Murytub,XXXV,XII,CXVI,Quinarius,VI,XI,CCCXI
Muniv,XXXIX,XI,XVII,Denarius,VI,XVIII,DXLIII
Munarg,XXXIX,I,CLXXXIX,Quinarius,VII,XXVI,LVI
Munarg,XXXVI,X,CXXXIV,Denarius,VI,IV,CCLXXI
Murytub,XXXVII,VI,C,Aureus,VII,XIII,IX
Muniv,XXXVIII,VIII,XXVII,Denarius,III,XVI,CCCXCVII
Munarg,XXXVIII,VI,CLXXXI,Denarius,IV,XIX,CDXLIV
Munarg,XXXIX,XI,CLXXXVIII,Denarius,VIII,XXIV,CDXXXVI
Muniv,XXXVI,V,XXIV,Quinarius,IX,XXVII,CLXXXI
Muniv,XXXVII,XII,XXVIII,Quinarius,V,XIX,CLII
Murytub,XXXV,III,CXCIII,Denarius,V,XXX,DCCXIII
Muniv,XXXVI,III,XXII,Denarius,V,III,DXIV
Munarg,XXXVI,I,CXXI,Aureus,V,XVIII,IV
Muniv,XXXVI,IX,XXII,Denarius,IV,XXVI,DXLI
Murytub,XXXV,IV,CXXVIII,Quinarius,V,I,CCCXXXII
Munarg,XXXIX,VIII,CV,Aureus,IV,XXV,II
Munarg,XXXV,VII,CLXXVI,Denarius,VII,II,CCCXXXI
Murytub,XXXIX,IX,XCVII,Denarius,IV,XXX,DXXXIII
Suilis,XL,VI,XX,Denarius,VIII,XXI,MMMMCXCIV
Murytub,XXXVIII,II,CLXXXIII,Quinarius,VI,XXI,CLXXXIX
Munarg,XXXIX,V,CV,Denarius,IV,XVI,CCLIX
Murytub,XXXIX,XI,CLXIII,Denarius,VII,IV,DLI
Murytub,XXXV,III,CLIV,Denarius,VII,XXVI,DCCLI
Munarg,XL,XI,CLVI,Denarius,V,V,CCCLXVII
Muniv,XXXVII,III,XXVIII,Denarius,X,IV,DXXXIII
Murytub,XL,III,CLXXXVIII,Denarius,VI,XXX,DLIX
Murytub,XXXV,VI,XCV,Denarius,V,XVII,DCLXIV
Murytub,XXXIX,III,CLXXXVII,Denarius,VI,II,DLXXX
Munarg,XXXVII,IV,CIX,Denarius,VIII,XII,CCLXXXVIII
Munarg,XXXVIII,III,CXCVI,Aureus,VII,XXX,IV
Munarg,XXXVIII,I,CXXXIII,Denarius,VI,X,CCCXCIII
Muniv,XXXV,VIII,XXIV,Aureus,VII,XVI,VI
Murytub,XXXV,VIII,CXXII,Denarius,IX,XVIII,DCXLVI
Murytub,XXXIX,XII,CLXX,Denarius,VI,XX,DLXII
Munarg,XXXVI,V,CLXIV,Denarius,VII,VII,CCLXXV
Murytub,XXXV,X,CXXXVI,Quinarius,VII,VII,CCCXXXVIII
Suilis,XXXVIII,X,XVII,Quinarius,III,XXV,MXXXIX
Munarg,XXXVIII,VIII,CLXVI,Denarius,III,XVI,CCLXIV
Murytub,XL,VII,XCVI,Denarius,VIII,XXIV,DLXIII
Munarg,XXXV,I,CXC,Denarius,VI,XIV,CCCXXIII
Murytub,XXXV,IX,CXXVII,Denarius,VI,IV,DCXLV
Murytub,XXXV,IV,CXLI,Denarius,VI,XXI,DCXCVIII
Murytub,XXXVIII,X,CLX,Denarius,VII,IV,DLIV
Murytub,XXXIX,X,CLI,Denarius,III,XII,DLXVIII
Murytub,XXXVIII,IX,CXXXIX,Quinarius,II,VIII,CLXVIII
Munarg,XXXVI,III,CLII,Denarius,VI,X,CCCLXIX
Munarg,XXXV,XI,CXC,Aureus,VII,XIX,V
Murytub,XL,VII,CXLIII,Denarius,VI,II,DLVIII
Murytub,XXXIX,I,CXL,Quinarius,VIII,XX,CXL
Murytub,XXXIX,I,CXCVI,Quinarius,V,XVII,CXXXII
Munarg,XXXVIII,I,CLXXV,Quinarius,II,XII,XCVIII
Munarg,XXXVII,VI,CXLVI,Denarius,VI,XVII,CCCXXVI
Munarg,XXXIX,IV,CLXXXVII,Quinarius,VI,VIII,LIX
Munarg,XXXIX,XI,C,Denarius,VIII,VIII,CDXXVI
Munarg,XXXV,IV,CL,Quinarius,IV,XII,CLXXXIV
Munarg,XXXVI,I,CXC,Quinarius,VII,XXIII,CLXXV
Murytub,XL,IX,CXCVI,Denarius,VI,VII,DXLI
Munarg,XXXVII,XII,CXXX,Denarius,VIII,X,CCXCVII
Munarg,XXXVIII,III,CXCIII,Aureus,X,XXVII,II
Munarg,XXXV,X,CLXXXV,Quinarius,IV,XXI,CXCIV
Munarg,XXXVI,II,CXXV,Denarius,VIII,XII,CCCXXXIV
Muniv,XXXVII,VI,XXXI,Denarius,IV,VI,DXIV
Muniv,XXXVIII,III,XXIX,Quinarius,V,I,CLXV
Murytub,XXXIX,VII,CXXXIX,Denarius,V,XVII,DXCVIII
Murytub,XL,VIII,CLXXXVII,Denarius,V,XIII,DLV
Muniv,XXXV,X,XXXII,Denarius,V,XIII,CDXXIV
Suilis,XXXIX,V,XLIV,Aureus,VII,X,XXXVI
Munarg,XL,II,CLXXXIII,Aureus,VII,IV,II
Murytub,XXXVII,I,CXLIX,Denarius,VII,XV,DCXLVIII
Murytub,XXXVI,II,CXXXII,Denarius,V,XXVIII,DCL
Munarg,XXXIX,X,CLXXVII,Quinarius,VI,XXV,C
Muniv,XXXVI,V,XXVI,Denarius,VII,XXI,CDLXXVIII
Muniv,XL,XI,XVIII,Quinarius,V,XXV,CXXX
Munarg,XXXVIII,XI,CXVI,Denarius,VI,XXII,CCLIV
Munarg,XL,I,CLXXV,Denarius,VII,XIX,CCXXII
Murytub,XXXVII,I,CLXVII,Denarius,VII,XV,DCXXXVI
Munarg,XXXIX,XI,CLXIII,Quinarius,III,VII,XLIV
Muniv,XXXVI,VII,XXVI,Denarius,V,XXVIII,DXXXVII
Murytub,XXXV,IX,C,Quinarius,VII,III,CCCXLVIII
Munarg,XXXIX,IV,CXC,Aureus,V,XXII,III
Muniv,XXXIX,VII,XXVIII,Quinarius,VII,XXVII,CXXXIV
Munarg,XXXVIII,II,CXCVIII,Quinarius,VII,XXIV,LXXXIII
Atamora,XXXVIII,II,X,Denarius,VII,III,MMCDIX
Munarg,XXXVII,V,CLV,Quinarius,VII,XXI,XCVIII
Munarg,XL,VIII,CLXIV,Quinarius,V,XXX,XCVI
Murytub,XL,VIII,CXXXV,Denarius,IV,V,DLXIV
Murytub,XXXIX,XII,CLXIV,Denarius,IV,VIII,DLXVII
Muniv,XXXIX,X,XXI,Denarius,V,XI,DXXX
Murytub,XXXVIII,I,CXXIII,Denarius,VI,XIII,DXCI
Murytub,XXXVI,VI,CXXXVII,Denarius,V,II,DCXLVIII
Murytub,XXXVII,I,CXL,Quinarius,VII,XXXI,CCLXXX
Murytub,XXXVII,I,CXXXII,Denarius,V,XXIII,DXCII
Murytub,XXXVI,IX,CLXIV,Quinarius,V,XXV,CCLVII
Muniv,XXXVIII,XII,XXI,Denarius,III,XXVIII,DLXXXIV
Munarg,XXXVI,XI,CLVI,Denarius,III,X,CCCXVIII
Murytub,XL,XI,CXVII,Quinarius,VI,XVIII,CXV
Munarg,XL,IX,CXIV,Quinarius,III,XIV,LXXXVIII
Murytub,XXXVI,I,CXXX,Denarius,VII,XXIII,DCLXXIX
Suilis,XL,III,XVI,Denarius,VI,XIX,MMMDCLXXX
Munarg,XL,XI,CXVIII,Denarius,IX,XII,CLXXVIII
Munarg,XXXV,X,CXIX,Denarius,VIII,XXIX,CCCLXIII
Muniv,XXXVII,VI,XVII,Denarius,IV,XV,DXX
Muniv,XL,VII,XXIV,Aureus,IV,XXXI,V
Munarg,XXXIX,III,CVI,Aureus,VIII,XXV,II
Murytub,XXXVIII,VI,CLXXXII,Quinarius,VII,XX,CLXXXVI
Murytub,XXXVIII,V,CLXVI,Quinarius,VI,XII,CCIX
Muniv,XL,XII,XXI,Denarius,VI,XXIX,DLIII
Munarg,XXXVIII,VIII,CXLVI,Quinarius,VI,VII,LXVI
Munarg,XXXVI,IV,CXX,Denarius,VI,VII,CCCXIV
Murytub,XXXV,VII,CLXXVIII,Denarius,IV,XXIII,DCXLIV
Murytub,XXXV,III,CXXXVI,Denarius,VIII,XI,DCCVIII
Murytub,XXXVIII,VIII,CXXXIII,Quinarius,IV,XIV,CLXXI
Munarg,XXXV,III,CXCV,Quinarius,VI,X,CLX
Munarg,XL,III,CLXXXVIII,Quinarius,VI,III,XLVIII
Munarg,XL,IV,CXXI,Denarius,V,XXVIII,CXCVIII
Muniv,XXXIX,III,XXXIII,Quinarius,VI,III,XC
Atamora,XXXVIII,VI,XIV,Denarius,VII,VIII,MMDCCXCVII
Murytub,XXXV,V,CXXXII,Denarius,VI,XVIII,DCL
Munarg,XXXVI,VIII,CXCVIII,Denarius,III,IV,CDVI
Munarg,XXXVII,III,CLX,Denarius,VI,XIV,CDXXVIII
Muniv,XL,III,XXV,Quinarius,VI,XXX,CXXXIV
Murytub,XXXVI,XII,CLVIII,Quinarius,IV,XVII,CCLXVII
Atamora,XXXVIII,VI,XII,Denarius,VII,XXX,MMCDXLIII
Murytub,XL,VII,CLXXII,Denarius,VI,II,DLXXXIII
Suilis,XL,V,XII,Denarius,IV,XIII,MMMCMIX
Muniv,XL,I,XVII,Quinarius,VI,VIII,CVIII
Munarg,XXXV,IV,CXCIV,Denarius,VII,VII,CCXCVIII
Muniv,XL,I,XXVIII,Quinarius,VII,I,CXXXIII
Munarg,XXXIX,V,CXCIII,Denarius,V,XXVI,CDVII
Murytub,XXXV,IV,CI,Quinarius,VIII,XIX,CCCLXXVI
Atamora,XXXVIII,II,IX,Denarius,VIII,XVII,MMDCLVII
Murytub,XXXIX,VIII,CXCV,Denarius,VII,XIV,DXCII
Murytub,XL,VI,CXXI,Aureus,V,XII,V
Munarg,XXXVII,XI,CLXXIV,Denarius,V,VII,CCCLVII
Murytub,XXXIX,V,CXXXI,Quinarius,VII,V,CXXVIII
Murytub,XXXIX,VIII,CLVII,Quinarius,VII,XVIII,CXXXIX
Murytub,XXXVIII,XII,CXXXVII,Denarius,III,XXVIII,DXCII
Munarg,XL,XII,CVII,Aureus,IX,XIII,III
Munarg,XXXVI,VI,CLX,Quinarius,VI,XXVI,CXXIV
Suilis,XXXV,X,LXXIV,Denarius,V,XX,MMMDXCIV
Munarg,XXXVIII,XI,CXCI,Aureus,VI,XXIII,III
Munarg,XXXVII,III,CXXXIV,Quinarius,IV,XXV,CXLIII
Murytub,XXXVII,XII,CLXX,Quinarius,VII,I,CCI
Munarg,XXXIX,X,CVI,Denarius,VI,III,CCCXCVI
Munarg,XXXVII,IX,CXCVIII,Denarius,V,XIII,CCCLXXV
Munarg,XL,II,CXXXVII,Denarius,IV,XI,CDXLVII
Munarg,XXXVIII,XII,CXLIII,Denarius,VI,XVII,CCXXVI
Murytub,XXXV,XI,CXIII,Quinarius,V,XX,CCCXXX
Munarg,XXXVI,V,CXCVI,Quinarius,VIII,III,CLXIV
Murytub,XXXVIII,XII,CLX,Denarius,VI,II,DXCIX
Murytub,XXXV,V,CCXIX,Denarius,I,IV,DCLXXI
Suilis,XXXVI,X,XVIII,Denarius,IX,XVIII,MMMDCCII
Murytub,XXXVI,V,CXIV,Quinarius,II,XVII,CCXCIV
Munarg,XXXVIII,XI,CIV,Quinarius,VIII,X,LXXV
Murytub,XXXVIII,XI,CXL,Aureus,IV,XXIX,VI
Murytub,XXXV,X,CLXV,Denarius,IV,IX,DCLXXV
Atamora,XXXVI,III,XI,Denarius,VII,XXXI,MMMCCXIX
Atamora,XXXV,V,VI,Denarius,IX,XXX,MMMCCCXIX
Atamora,XXXVII,VI,IX,Denarius,III,XXV,MMLXX
Munarg,XXXIX,III,CXXXVI,Denarius,VIII,IV,CCCXCIV
Munarg,XXXVIII,X,CLXV,Denarius,V,III,CCCLXXXVI
Munarg,XXXVIII,VIII,CXXXVIII,Denarius,VIII,VI,CCXXIII
Suilis,XXXIX,II,X,Denarius,VII,XVII,MMMDCCXIX
Murytub,XXXVII,V,CXXIX,Quinarius,VII,XXXI,CCCLXXIX
Munarg,XXXIX,V,CLII,Denarius,IV,XI,CDVI
Munarg,XXXVI,IV,CXXXV,Denarius,IV,XXI,CCCXXI
Munarg,XXXVI,VI,CXLII,Denarius,VIII,XXX,CCCLIV
Munarg,XXXVIII,II,CXXXI,Denarius,IV,XVI,CDXXIV
Murytub,XXXIX,V,CXXVI,Denarius,VI,XII,DLII
Murytub,XXXVII,III,XL,Quinarius,VII,VIII,CCLXXIX
Munarg,XXXIX,VII,CXCI,Denarius,VII,II,CCXV
Suilis,XXXVII,II,XI,Denarius,V,XIV,MMMCCXXXV
Munarg,XXXV,III,CLXXXIII,Denarius,VII,XX,CCCLXX
Murytub,XL,II,CC,Denarius,VII,XXI,DLXXXI
Muniv,XXXV,III,XXI,Denarius,V,IX,DII
Murytub,XXXVII,VI,CLVIII,Denarius,VIII,XI,CMXX
Suilis,XXXVIII,X,XVIII,Quinarius,III,XXV,MXXX
Atamora,XXXV,VI,VII,Denarius,III,XIV,MMMDCXXIX
Munarg,XL,I,CLVI,Denarius,VIII,XVII,CCV
Munarg,XXXIX,II,CLXXXI,Denarius,IX,XXI,CDXLIV
Munarg,XXXVIII,XI,CXXV,Quinarius,VI,XX,LIX
Murytub,XXXV,XI,CLXXX,Denarius,VII,XV,DCLIII
Munarg,XXXVIII,X,CLXX,Denarius,VIII,II,CDXXX
Murytub,XXXVIII,VII,CXLI,Denarius,VI,XXIII,DCXLV
Munarg,XXXIX,VI,CLX,Quinarius,VII,XXVII,LV
Murytub,XXXVIII,II,CXLIX,Denarius,IV,V,DXCIII
Munarg,XXXVII,III,CXXXV,Quinarius,V,V,CXLIII
Murytub,XXXIX,VII,CXLVI,Quinarius,IX,XVI,CXXXIX
Munarg,XXXVI,XI,CXIII,Quinarius,VIII,XXIX,CXXII
Munarg,XXXVI,IX,CLXXXIV,Aureus,VII,X,III
Munarg,XXXV,IV,CXLVII,Aureus,VIII,XXII,V
Atamora,XL,II,IX,Quinarius,VIII,XVI,DCXLIX
Murytub,XXXIX,XII,CXLV,Denarius,V,XXVIII,DLXXIII
Munarg,XXXIX,V,CLVI,Quinarius,III,XXVIII,LXXXII
Murytub,XXXVIII,VIII,CCXII,Quinarius,IV,XIV,CLXXIV
Murytub,XXXVI,II,CLXI,Denarius,VII,XI,DCXCIV
Suilis,XXXIX,IV,XXII,Aureus,VIII,V,XXXVI
Munarg,XXXVI,VI,CLI,Denarius,VIII,VI,CCCXIX
Murytub,XXXVII,VIII,CCXLVII,Denarius,IV,XIX,DCLXI
Munarg,XXXVIII,II,CXCIX,Quinarius,V,XXVII,CXII
Suilis,XXXV,IV,XI,Quinarius,VII,XXX,MDCCLXX
Munarg,XXXVII,II,C,Denarius,VIII,XIX,CCXCVIII
Murytub,XXXVIII,V,CXII,Quinarius,VII,II,CCII
Munarg,XXXIX,X,CXXVI,Quinarius,VI,XVIII,XCVIII
Munarg,XXXVI,II,CVII,Aureus,V,XVIII,IV
Murytub,XXXIX,III,XCIX,Denarius,VIII,XXVII,DCXXXVIII
Munarg,XL,VI,CLXV,Aureus,VIII,XXIV,IV
Munarg,XXXVI,VII,CLXXI,Denarius,VI,XV,CCCXXXIII
Murytub,XXXIX,VI,CXXVIII,Denarius,VII,IV,DLVIII
Munarg,XXXIX,IX,CLXXIV,Quinarius,X,XII,XCII
Munarg,XXXV,XII,CXXV,Denarius,VI,XI,CCCXLV
Munarg,XXXVII,I,CXXVI,Denarius,VI,XXVI,CCLXIV
Munarg,XXXVIII,X,CLVI,Denarius,VIII,VIII,CCLXVII
Murytub,XXXV,I,CXIX,Quinarius,VI,XXIII,CCCLXIX
Murytub,XXXV,VIII,CXLI,Quinarius,IX,II,CCCXLIX
Muniv,XXXVIII,IX,XXVI,Denarius,X,XIV,DXXXIII
Murytub,XXXVII,IV,CLV,Denarius,VI,XVI,CMXII
Munarg,XXXIX,VIII,CVIII,Denarius,VIII,XXVII,CCCLXXXVII
Munarg,XL,V,CXXXII,Aureus,VII,IV,III
Munarg,XXXVI,IV,CLVI,Denarius,VIII,XXX,CCCXVI
Munarg,XXXVII,VII,CXX,Denarius,VI,XXVI,CCCXLIX
Murytub,XXXVIII,I,CXLVI,Denarius,VI,XVIII,DCXL
Munarg,XXXVI,X,CLIII,Denarius,IV,XX,CCCLV
Munarg,XL,VI,CLXXXI,Denarius,IX,VII,CXCVI
Munarg,XL,VI,CXXXVII,Quinarius,VII,XVII,CVII
Munarg,XXXVI,XI,CXXXVI,Denarius,VII,XXVI,CCCXXXII
Munarg,XXXVII,XI,CXIX,Denarius,VI,V,CCXLII
Munarg,XXXIX,II,CXVII,Denarius,VII,VI,CDII
Murytub,XXXV,I,CLI,Quinarius,VI,XIV,CCCLXXXVIII
Muniv,XL,VI,XXI,Denarius,V,V,DXXXI
Muniv,XXXVIII,IX,XXIII,Denarius,VIII,XIII,CDLXXX
Muniv,XXXVII,II,XXI,Denarius,VI,IV,DIV
Murytub,XXXV,V,CXXII,Quinarius,VII,V,CCCXLI
Murytub,XXXVIII,V,CLXXXIX,Aureus,IX,XXIV,VII
Muniv,XXXV,VIII,XXX,Denarius,VII,XI,CDLXVII
Murytub,XXXV,IX,CXXX,Denarius,VI,XXVI,DCXCIV
Munarg,XXXVI,XII,CLVIII,Aureus,IV,XVII,III
Suilis,XL,IV,XV,Quinarius,V,XXVIII,DCCLXXXV
Muniv,XXXVII,I,XXX,Denarius,VI,V,CDXCVIII
Muniv,XXXV,X,XXIII,Denarius,VI,XII,CDXIX
Munarg,XXXVIII,VII,CXXII,Denarius,V,X,CDXLIV
Munarg,XXXVIII,V,CVI,Quinarius,V,XVII,CXXXI
Muniv,XXXVII,III,XXII,Quinarius,V,XXII,CCXLIII
Munarg,XXXV,III,CLXXXI,Quinarius,III,XV,CXLV
Murytub,XL,XII,CLXXVIII,Quinarius,III,XII,CXVII
Muniv,XXXVIII,XI,XXII,Denarius,VII,XVI,CDXCI
Munarg,XXXVI,IX,CXXVII,Denarius,VI,IV,CDXII
Munarg,XXXVI,V,CX,Quinarius,V,XIX,CXLVIII
Munarg,XXXIX,VII,CXCVI,Quinarius,VII,III,LXII
Suilis,XL,X,XII,Denarius,VI,I,MMMCMLXXXIV
Munarg,XXXIX,XII,CXXXII,Aureus,IV,XIV,V
Murytub,XXXVIII,VII,CLI,Denarius,VI,II,DLXVI
Muniv,XXXVI,X,XXXV,Quinarius,VI,VIII,CXCII
Munarg,XXXVI,IX,CXIII,Denarius,VII,X,CCCLXXVI
Suilis,XXXV,XII,XVIII,Aureus,VI,V,XXXIX
Murytub,XXXIX,XII,CL,Quinarius,VII,XIX,CXLIII
Munarg,XXXV,III,CLIV,Denarius,VI,XIII,CCCXXXIII
Murytub,XXXIX,VIII,CLXXXI,Denarius,V,VIII,DLXXXIV
Atamora,XXXVIII,VII,X,Denarius,VI,II,MMDLXII
Munarg,XXXVI,VII,CLXXI,Quinarius,VII,XXIX,CXXVI
Muniv,XXXVIII,V,XVI,Denarius,VI,XII,CDLXII
Murytub,XL,VIII,CLXV,Aureus,VI,XVI,V
Munarg,XXXVI,V,CXC,Quinarius,VII,XXXI,CXV
Suilis,XXXVII,XI,XLVII,Quinarius,IX,XVI,MCCXV
Murytub,XXXVI,IV,CXXIII,Denarius,VIII,XIV,DCXLVI
Murytub,XXXVI,XI,CXXXVI,Aureus,III,XI,VII
Munarg,XXXVII,XII,CLXIII,Denarius,IV,II,CCLII
Muniv,XXXVI,X,XXII,Aureus,II,IX,V
Munarg,XXXIX,IX,CL,Denarius,VII,XXVI,CDXVI
Munarg,XXXV,X,CVI,Quinarius,IV,V,CLXXI
Muniv,XL,V,XXVI,Quinarius,VI,XXXI,CXXIV
Murytub,XXXIX,XII,CXLII,Denarius,VIII,V,DLXXXVIII
Murytub,XXXIX,XI,XCII,Denarius,VIII,XIII,DLXXI
Munarg,XXXVIII,VI,CLXIX,Denarius,VII,VIII,CCXXXIX
Munarg,XXXV,IX,CLXVI,Denarius,IX,XXIII,CCCXXII
Munarg,XXXVII,VII,CLV,Denarius,V,XXV,CCCXII
Murytub,XXXIX,III,LXXIV,Denarius,VII,XIII,DLXXVI
Munarg,XXXVIII,VII,CLXXXI,Quinarius,VIII,IV,LXXVI
Murytub,XXXIX,II,CLXXVI,Aureus,VI,XXIII,V
Murytub,XXXVII,II,CXXXVII,Denarius,VIII,XXIII,DCLXXX
Munarg,XL,II,CXXII,Denarius,V,XXV,CCXII
Munarg,XL,VII,CLXX,Denarius,VI,XXV,CDVII
Murytub,XXXVIII,VII,CXCIII,Denarius,VI,XV,DCXIII
Atamora,XXXVII,III,XI,Denarius,VII,XXX,MMDCCXXXIII
Murytub,XXXVI,X,CLXVIII,Quinarius,VI,VIII,CCXLVII
Munarg,XXXVII,IV,CLXXIX,Denarius,IV,XIX,CDII
Murytub,XXXVIII,IX,CLV,Quinarius,VII,XXV,CLXVIII
Muniv,XXXVIII,X,XXI,Quinarius,IV,XXX,CXLVIII
Murytub,XXXIX,II,CXI,Quinarius,VII,XXVII,CXXI
Murytub,XXXVII,IV,CXL,Aureus,I,XXIV,XI
Murytub,XL,II,CLXXXVI,Quinarius,VI,XXVII,CXXX
Munarg,XXXVIII,IV,CXLII,Denarius,VIII,XXVIII,CCLXXII
Muniv,XXXIX,VII,XXV,Denarius,V,XXX,CDXCII
Munarg,XXXIX,III,CXX,Denarius,VIII,XXX,CCCXLVII
Suilis,XL,I,XLII,Denarius,VII,I,MMMDCCCXXXII
Muniv,XL,II,XXXII,Quinarius,IV,IX,CXIII
Munarg,XL,VIII,CLXXXV,Quinarius,VI,II,CIII
Atamora,XL,V,XII,Quinarius,III,II,DXCII
Munarg,XXXIX,II,CLXXII,Quinarius,VII,XXVII,CI
Munarg,XXXV,X,CLXVI,Quinarius,VI,VI,CXCI
Munarg,XXXVII,IX,CXXXV,Denarius,V,XI,CCCXXXIX
Munarg,XL,I,CLXXXVIII,Denarius,VII,XI,CCCXCV
Murytub,XXXVIII,I,CLXXIII,Aureus,IV,XXIV,VI
Murytub,XXXV,XI,CXXXIII,Quinarius,VII,XII,CCCXXXII
Murytub,XXXVI,II,CXXXI,Denarius,VI,XIV,DCXCIX
Murytub,XXXVIII,I,CXXXIII,Aureus,VI,XI,VI
Murytub,XXXVII,IX,CLV,Quinarius,VIII,XV,CCXXIX
Murytub,XXXVI,IX,XCIII,Quinarius,VI,IV,CCLIX
Munarg,XXXV,V,CLXII,Denarius,IX,XXVIII,CCCXLIX
Munarg,XXXV,IV,CXIX,Aureus,VI,V,IV
Munarg,XXXVII,X,CXX,Aureus,IV,XXX,III
Munarg,XL,IX,CLIV,Denarius,VII,I,CCXIX
Munarg,XXXVIII,XI,CLXXXIX,Denarius,III,XXV,CCLXIX
Muniv,XXXV,VI,XXIV,Aureus,IV,XXI,VI
Munarg,XXXIX,III,CLXIV,Denarius,V,VI,CCXXV
Munarg,XL,I,CXXXIII,Denarius,V,XXIV,CXCII
Suilis,XXXVI,VII,XII,Denarius,VII,XI,MMMCCLXI
Atamora,XXXV,II,VIII,Denarius,V,XXVII,MMMCCIII
Muniv,XXXIX,XII,XXVII,Quinarius,V,XXVIII,CXXVI
Atamora,XL,XI,VI,Denarius,V,XXIII,MMCCLXXXII
Murytub,XXXVII,II,CLX,Quinarius,VI,IV,CCLXVIII
Munarg,XXXVII,V,CIV,Denarius,IV,XIX,CCCXLI
Munarg,XXXVI,VIII,CL,Quinarius,VIII,XVI,CXL
Suilis,XXXIX,IV,XVI,Aureus,VIII,XXX,XXXIV
Munarg,XL,III,CX,Quinarius,V,XXVIII,L
Munarg,XXXVI,XI,CXLIX,Denarius,VIII,XX,CCC
Muniv,XL,VII,XXI,Denarius,VI,IV,DC
Murytub,XXXV,III,CXLVI,Denarius,IV,XXII,DCLXXII
Murytub,XXXIX,II,CLIII,Denarius,VII,II,DLXXIV
Munarg,XXXIX,XII,CXCVIII,Denarius,VIII,II,CCXVI
Suilis,XXXVIII,I,XIV,Aureus,VII,II,XXXVIII
Murytub,XL,IX,XCVI,Quinarius,V,XIX,CVI
Murytub,XXXIX,VIII,CXXXIX,Denarius,V,XXII,DLXXIII
Murytub,XXXVIII,VII,CVII,Quinarius,VIII,IV,CLXXXI
Murytub,XXXV,II,CXI,Quinarius,VII,XV,CCCLV
Munarg,XXXIX,V,CXXVII,Denarius,VII,V,CCCLXXXIX
Munarg,XXXVIII,IV,CLXXXIII,Aureus,IV,XXVII,IV
Murytub,XXXVII,I,CXXX,Denarius,VII,XXXI,DCLXIV
Munarg,XXXVI,VII,CLXXXIII,Quinarius,VII,XXX,CXLI
Munarg,XXXVII,XI,CXVI,Denarius,VI,XXVI,CDXXXVII
Munarg,XXXIX,VI,CXIV,Denarius,IV,XXI,CCXLII
Muniv,XXXIX,XI,XXXVII,Quinarius,III,VII,CXXV
Munarg,XXXVII,VIII,CL,Quinarius,VII,V,CIX
Murytub,XL,VII,CXXXI,Denarius,VIII,V,DLXXIV
Murytub,XL,II,CLXXXI,Denarius,VII,IV,DXLIV
Murytub,XXXVIII,VIII,CLVIII,Aureus,V,XXIII,VI
Murytub,XXXVII,VIII,CXXXVIII,Denarius,V,XXVIII,DCLXX
Atamora,XXXVI,XII,VII,Denarius,VIII,XXIII,MMDCCLXXIX
Munarg,XXXV,IV,CII,Quinarius,VII,VII,CLXXXI
Murytub,XXXV,VI,CXXXI,Denarius,VI,XVI,DCLXXXIX
Murytub,XXXVIII,III,CXL,Quinarius,VI,VIII,CLXXII
Munarg,XXXIX,III,CXXXIX,Quinarius,VI,XXXI,XLVIII
Muniv,XXXV,IX,XXVI,Aureus,VII,VIII,VII
Murytub,XXXIX,VIII,CXVI,Denarius,V,VII,DLXII
Murytub,XXXVI,XII,CXXXVI,Denarius,VI,XIX,DCXXXIII
Munarg,XL,III,CLVIII,Denarius,V,XXV,CDLVII
Munarg,XXXVIII,VI,CLII,Denarius,VII,XXX,CDIX
Murytub,XXXVI,V,XCV,Denarius,VII,VII,DCLX
Muniv,XXXVIII,V,XXXII,Quinarius,VII,XXIX,CLXXV
Muniv,XXXV,V,XXII,Denarius,VII,XXI,DXXVII
Suilis,XXXVII,VII,XI,Quinarius,V,XIV,MCCLXXV
Murytub,XXXIX,IV,CLXXV,Denarius,III,XXVI,DXCV
Munarg,XXXIX,II,CXXXVIII,Quinarius,III,III,XC
Munarg,XXXVII,I,CXXXVII,Aureus,VIII,XXI,III
Muniv,XXXVII,XI,XIX,Denarius,IX,XXIX,CDLXXXIX
Muniv,XXXVIII,XII,XXVII,Denarius,VII,XXIV,CDXCVI
Munarg,XXXVI,X,CXCIV,Aureus,VI,XIX,III
Muniv,XXXIX,IX,XXII,Quinarius,V,VIII,CXXI
Munarg,XXXVI,IX,CLXXIV,Denarius,IX,XX,CDXXI
Munarg,XL,VI,CXCIII,Quinarius,VIII,III,LXXXVII
Suilis,XL,VIII,XXXIV,Denarius,V,XIX,MMMMLX
Muniv,XXXVII,VIII,XXVI,Aureus,V,XXI,V
Muniv,XL,V,XXVI,Denarius,VII,V,CDLXXI
Munarg,XL,I,CLXII,Denarius,VII,XXII,CDXXXII
Murytub,XXXVI,II,CXLVII,Quinarius,V,I,CCCII
Munarg,XXXVIII,VIII,CLV,Denarius,III,XVI,CDXXXIX
Muniv,XXXVI,VIII,XXIV,Aureus,VI,XVII,V
Murytub,XXXVIII,VIII,CVIII,Quinarius,VI,XXXI,CLIX
Muniv,XL,III,XXIV,Quinarius,VII,II,CXXVIII
Munarg,XL,VIII,CXXXII,Denarius,IV,XIV,CDL
Atamora,XXXVII,XI,IX,Aureus,VI,XIV,XXXVII
Muniv,XXXVI,III,XXIII,Denarius,VIII,VII,CDLXXXVIII
Muniv,XXXVIII,VII,XXIV,Denarius,VI,VI,DCXI
Murytub,XXXVII,IX,CLVII,Aureus,VI,XXIII,VII
Munarg,XXXV,IX,CXCIII,Quinarius,IV,VI,CCI
Murytub,XXXVII,XII,CLVI,Denarius,VI,XIII,DCXL
Munarg,XXXV,VII,CLVI,Denarius,VII,XXIX,CCCXI
Muniv,XL,V,XX,Denarius,VII,XXI,CDXXXVII
Murytub,XL,VIII,CXLVI,Denarius,III,III,DXLII
Munarg,XXXVII,XI,CXLVIII,Denarius,VI,XIV,CCCXCVIII
Murytub,XXXVII,VII,XCV,Denarius,IX,XIX,DCCCLXXXVI
Atamora,XXXVIII,IX,VIII,Quinarius,III,XI,DCLII
Murytub,XXXIX,III,CLXXXI,Denarius,VIII,XXX,DLXVIII
Murytub,XXXV,VIII,CLXXXVI,Quinarius,VI,VI,CCCXXIX
Munarg,XL,XI,CXI,Quinarius,IX,XXIV,XXXIX
Murytub,XXXV,IX,CXXXIV,Denarius,VI,XXI,DCXCII
Munarg,XXXV,VIII,CXXXIV,Denarius,V,XXII,CCCLV
Murytub,XXXVIII,VI,CLII,Denarius,VII,VIII,DCXXXI
Munarg,XXXIX,III,CL,Denarius,VI,II,CCCLXXXIV
Murytub,XXXV,IX,CXCVIII,Quinarius,VII,XXII,CCCLXIX
Muniv,XXXV,XII,XXXIII,Denarius,VIII,XVIII,CDLXXXIII
Murytub,XXXVII,VII,CLXXVII,Denarius,IV,XXVII,CMLIII
Muniv,XL,I,XXV,Denarius,V,XXIV,CDLXII
Munarg,XL,XI,CLXXXII,Quinarius,IV,VIII,LXXXVI
Muniv,XXXVIII,VII,XXVI,Denarius,VIII,XXVII,CDLVI
Munarg,XXXV,IX,CXXXIX,Quinarius,VI,XXI,CLXV
Murytub,XXXIX,VII,CXL,Denarius,VII,X,DLXXXIX
Munarg,XXXVII,XI,CLIV,Quinarius,V,XXI,LXXXV
Muniv,XXXVIII,III,XXVIII,Denarius,VII,XXVIII,DXIX
Munarg,XXXVIII,XII,CLXX,Quinarius,V,XXIX,CVIII
Munarg,XXXVIII,VI,CII,Aureus,IV,XVI,II
Muniv,XXXVI,IX,XXII,Denarius,IX,XX,CDXXXIII
Murytub,XXXVI,V,CLXIX,Quinarius,VI,XVI,CCLXXVII
Munarg,XXXIX,IX,CLXXXVII,Denarius,V,XXI,CCCLXIII
Suilis,XL,II,XXVI,Denarius,VIII,XVI,MMMDCCCXXIII
Munarg,XL,VIII,CLXXVI,Denarius,III,XVIII,CLXXXII
Atamora,XXXVIII,II,XII,Quinarius,IX,II,DCCXXXIX
Munarg,XXXVII,VI,CLVII,Aureus,III,XXV,III
Muniv,XXXVIII,VI,XXV,Denarius,VII,VI,DXXVII
Munarg,XXXVII,VIII,CLIV,Denarius,VII,XXIV,CCCXLVII
Munarg,XXXVI,XI,CLXXI,Quinarius,V,XXIV,CLIX
Muniv,XXXIX,VII,XXIV,Denarius,V,XXX,DXC
Murytub,XXXV,VII,CLXXII,Denarius,II,IX,DCXLVII
Murytub,XXXIX,V,CXLVIII,Quinarius,VI,XXIX,CXXII
Murytub,XXXV,XII,LXX,Denarius,VI,III,DCCX
Munarg,XL,X,CXXX,Quinarius,VI,I,XXXVII
Muniv,XXXV,XI,XX,Denarius,VI,XXX,CDXL
Munarg,XXXVIII,XI,CLII,Denarius,VII,VI,CCCLXXV
Murytub,XXXV,X,CXCIX,Denarius,VI,VI,DCLXV
Munarg,XXXIX,IX,CLXXVII,Denarius,VI,XXVII,CCCXCV
Munarg,XXXVI,I,CXXVIII,Denarius,VII,XVII,CCXCII
Munarg,XL,III,CXXXI,Denarius,VI,IV,CCXLIII
Muniv,XXXV,XII,XXVI,Denarius,IV,XIV,DXLII
Muniv,XXXIX,IV,XXIII,Quinarius,VI,VIII,CXIII
Muniv,XXXV,II,XXX,Aureus,V,IV,VII
Murytub,XXXIX,XI,XCII,Denarius,VIII,XXIV,DLXXVII
Atamora,XXXIX,XI,VII,Denarius,III,XVI,MMCCCXLIX
Munarg,XXXV,XII,CXXXIX,Denarius,V,II,CCCLII
Munarg,XXXIX,IV,CXIX,Denarius,V,I,CCXLII
Murytub,XXXVI,VI,CXXXII,Quinarius,VIII,XX,CCCXI
Munarg,XXXIX,VI,CXI,Quinarius,V,XVII,C
Munarg,XXXIX,II,CXXVI,Aureus,III,III,III
Murytub,XXXIX,XII,CLXXIX,Denarius,V,XIII,DLXXVIII
Munarg,XXXVIII,V,CLXIII,Quinarius,VII,XIX,XCV
Munarg,XXXVII,XI,CXIV,Quinarius,VI,V,XC
Murytub,XL,III,CXCVI,Quinarius,VII,II,CXXIII
Murytub,XXXVIII,VIII,CCIX,Denarius,VIII,VI,DXCV
Muniv,XXXIX,VI,XXVIII,Denarius,V,XII,DCXVII
Murytub,XXXVI,X,LXXXVII,Denarius,IV,XXIII,DCLXXIX
Munarg,XXXVII,II,CLX,Denarius,VI,XIII,CCCXVI
Murytub,XXXV,XII,CLXIV,Denarius,IV,XXIII,DCLXI
Munarg,XXXIX,III,CXX,Denarius,V,VI,CDLIX
Suilis,XL,V,XXVII,Aureus,VIII,XVII,XXXIV
Murytub,XXXVII,V,CL,Denarius,VI,XXVII,MXX
Murytub,XXXV,II,CXIV,Denarius,V,IV,DCLXXXIX
Murytub,XXXVI,VII,CXXV,Denarius,VI,XXII,DCLXXXII
Munarg,XXXVI,XII,CXLI,Denarius,VI,VIII,CCCXLI
Munarg,XXXIX,I,CLVIII,Denarius,VIII,II,CDXIX
Suilis,XXXVII,IX,XIV,Quinarius,IV,XXVI,MCCCXCVIII
Munarg,XXXIX,III,CXXXII,Quinarius,III,XI,XCVIII
Muniv,XXXVIII,I,XXV,Denarius,VI,VII,DII
Munarg,XXXVII,VI,CLXIX,Denarius,V,XXVIII,CDI
Munarg,XXXV,IX,CXX,Denarius,IV,XXVII,CCXCI
Muniv,XL,IX,XXVII,Quinarius,VIII,XIII,CIII
Atamora,XXXVI,X,X,Denarius,IV,VII,MMCDXXXIII
Suilis,XXXVI,VI,XVIII,Quinarius,VII,XVIII,MDXLVII
Muniv,XXXIX,I,XXVII,Quinarius,V,XVII,CXIV
Munarg,XXXVII,IV,CLI,Quinarius,IV,XIX,CVI
Munarg,XXXIX,X,CXLII,Quinarius,V,XIV,XCI
Muniv,XXXV,III,XXI,Denarius,VI,XXVIII,DVII
Murytub,XXXVIII,III,CLIX,Quinarius,V,XXVI,CLXXXVII
Murytub,XXXVII,XI,CLXXIX,Aureus,VII,XXX,VI
Murytub,XXXVIII,VII,CXVII,Denarius,VIII,V,DXC
Munarg,XXXVIII,X,CLXIX,Denarius,IV,XXXI,CCCLXIX
Murytub,XXXIX,VIII,CLVII,Denarius,IV,XXV,DLXXI
Munarg,XXXIX,I,CIX,Quinarius,V,XXVII,CI
Murytub,XXXVII,VIII,CLXVII,Denarius,IV,XII,DLXXVII
Murytub,XXXVI,VIII,CXV,Denarius,V,XV,DCLIII
Munarg,XXXVIII,VI,C,Quinarius,IV,XIX,LXXXV
Munarg,XL,V,CIII,Denarius,VII,XII,CDLXXII
Munarg,XXXVIII,V,CLXXIX,Quinarius,V,XI,CXII
Munarg,XXXVIII,IV,CXIX,Denarius,VIII,X,CCCXCVIII
Munarg,XXXVII,IV,CXVII,Denarius,IX,XIII,CCLXXVII
Suilis,XXXVIII,III,XXIII,Denarius,IX,XV,MMMDCCXLIX
Murytub,XXXVIII,IX,CLXIV,Aureus,VII,IV,VI
Munarg,XXXVIII,V,CLIV,Quinarius,IV,IV,LXXX
Atamora,XXXIX,IX,IX,Aureus,V,XXII,XXII
Muniv,XXXIX,IV,XXVIII,Quinarius,V,XXII,CXII
Munarg,XXXVIII,I,CXCIX,Aureus,VIII,XXV,III
Munarg,XL,VII,CXXXV,Denarius,VI,VI,CDXXXI
Munarg,XXXVIII,III,CLVII,Denarius,VI,V,CCCXXXV
Murytub,XL,III,CXVII,Quinarius,VI,IX,CXXI
Murytub,XXXVII,VII,CXCVI,Denarius,IV,XVII,CMX
Murytub,XXXV,X,CXLIV,Aureus,III,III,VIII
Murytub,XXXVII,I,CXXXVII,Denarius,IV,XII,DCXIX
Muniv,XXXVII,VIII,XXXI,Denarius,V,III,CDLXXI
Suilis,XXXVIII,X,XLVI,Denarius,VII,XI,MMMDCLXXV
Suilis,XXXVII,VIII,XXI,Denarius,VI,XXII,MMMDCCCXXVI
Munarg,XXXVIII,I,CII,Aureus,VII,XXII,III
Muniv,XXXVI,VI,XXII,Denarius,VI,XXVI,CDLXXVI
Muniv,XL,II,XVII,Quinarius,V,XXIII,CXXVII
Murytub,XXXVIII,III,CLXIII,Denarius,VIII,XVI,DLXXXVII
Murytub,XL,XI,CXLII,Denarius,V,XV,DXLV
Murytub,XXXVII,VIII,CLX,Denarius,VII,XI,DCXLII
Atamora,XXXVI,X,XI,Denarius,VI,XIX,MMMDLXIX
Murytub,XXXVI,IV,CLXXXVIII,Quinarius,III,XII,CCCVI
Murytub,XXXV,XII,LXXXVIII,Denarius,VIII,XXIV,DCLIX
Munarg,XXXVII,I,CLXXVIII,Denarius,V,VII,CDVI
Munarg,XXXV,IV,CXCIX,Denarius,IV,XXIV,CCCXXIV
Murytub,XXXV,XII,CLXXV,Denarius,IV,VIII,DCLXXVI
Murytub,XXXV,X,CXLVII,Quinarius,IV,VIII,CCCLXII
Murytub,XL,I,LXIII,Denarius,IV,IX,DCX
Muniv,XL,X,XXV,Denarius,II,III,DXI
Munarg,XXXIX,V,CXCIX,Quinarius,IV,XI,LIV
Suilis,XXXVI,VI,LIV,Quinarius,VI,XXII,MCDXXXVI
Muniv,XXXVI,XII,XXI,Denarius,VI,XXX,CDLXXXV
Murytub,XXXVI,II,CXXIII,Denarius,V,XXVIII,DCXLIII
Murytub,XXXVI,I,CXXVII,Quinarius,VII,XVII,CCCXXIX
Munarg,XXXVIII,III,CXXIV,Quinarius,VI,XXII,CIV
Muniv,XXXIX,XII,XXIV,Quinarius,VII,XIX,CXXXIV
Muniv,XXXVI,II,XXVII,Denarius,V,VIII,DX
Munarg,XXXVII,III,CXVII,Denarius,IV,XXV,CCCXXVII
Munarg,XXXVII,I,CXL,Denarius,VII,XX,CCCLXXXIX
Murytub,XXXVII,III,CXXVIII,Denarius,IV,XXV,DCCXIII
Munarg,XXXVI,XII,CXIX,Quinarius,VIII,XV,CLXVI
Muniv,XXXVII,XII,XXVI,Denarius,IV,XXX,CDLXXVIII
Muniv,XXXV,VIII,XXII,Denarius,IV,IX,DXVII
Munarg,XXXVI,VII,CXCII,Aureus,VII,XXX,III
Munarg,XXXVI,XI,CXCVIII,Denarius,VII,XXIII,CCLXXVI
Murytub,XXXVI,I,CXXXVIII,Quinarius,V,XIX,CCXCVIII
Munarg,XXXVI,X,CLII,Quinarius,IX,III,CLXIII
Munarg,XL,V,CXLVII,Denarius,VI,XVI,CCXX
Muniv,XXXVII,VIII,XXIX,Denarius,VII,XXIV,CDXXXVII
Muniv,XXXV,VII,XXIX,Quinarius,V,XI,CCLX
Munarg,XXXVIII,V,CLXXXIX,Quinarius,V,VI,CXIV
Munarg,XXXVIII,VIII,CXXXIX,Denarius,VI,XII,CDXV
Munarg,XL,X,CXCV,Denarius,VI,XXIX,CLXXVIII
Munarg,XL,IV,CXCIV,Denarius,VI,XXII,CCXX
Muniv,XXXV,I,XXIX,Denarius,III,XXII,DVII
Murytub,XL,VIII,CXLIV,Denarius,V,XIX,DXL
Murytub,XL,IX,CV,Quinarius,IV,III,CXV
Murytub,XXXV,XII,CLXXII,Aureus,IX,IX,VIII
Munarg,XXXV,I,CLXV,Quinarius,III,XXII,CLXXIX
Munarg,XXXVI,VIII,CXCIV,Denarius,VII,XXII,CCXCIII
Murytub,XXXV,VI,CXLVI,Quinarius,VIII,VII,CCCXXXIII
Murytub,XXXVIII,V,CLXVIII,Quinarius,IX,XXIV,CC
Munarg,XXXV,II,CXV,Denarius,V,III,CCCLXXII
Muniv,XL,XII,XIX,Quinarius,V,IX,CXXIII
Murytub,XXXVIII,VII,CLXV,Denarius,V,III,DCVII
Murytub,XL,I,CLXIII,Denarius,VII,XXV,DLXVIII
Munarg,XL,XI,CLVI,Denarius,VII,XIII,CDLXII
Murytub,XXXV,X,CXXXV,Denarius,V,XX,DCLXXXIX
Muniv,XXXVII,X,XXII,Denarius,IV,XXX,DLXIV
Murytub,XXXVII,III,CLXIV,Aureus,IV,XXVIII,VII
Murytub,XXXVIII,VII,CX,Denarius,V,XII,DCXX
Murytub,XXXVII,XII,CLIV,Denarius,VI,XXIV,DXCV
Munarg,XL,VIII,CXXXVIII,Quinarius,III,XXIX,CII
Munarg,XXXV,IV,CL,Quinarius,IV,XVIII,CLXXVI
Munarg,XL,VI,CLXV,Denarius,VI,XXII,CDXXXVII
Muniv,XXXVII,VI,XXVIII,Denarius,VII,XIII,DLXXVI
Suilis,XXXVIII,V,XVIII,Denarius,VI,X,MMMDCCCIII
Murytub,XXXVII,II,CLXXII,Quinarius,VII,XXVII,CCXCII
Murytub,XXXIX,IX,CXXV,Quinarius,IV,XXX,CXXXII
Atamora,XXXV,III,XII,Denarius,VII,IV,MMMDCCXXVI
Murytub,XL,XI,CXXVIII,Denarius,VII,XXVII,DLIV
Murytub,XL,III,CCXI,Denarius,VI,IX,DLXII
Murytub,XXXVI,XI,CXXXVI,Quinarius,VI,XII,CCXCII
Murytub,XXXVIII,VIII,CXI,Denarius,VIII,X,DCXXXVI
Muniv,XXXV,VII,XXXI,Denarius,VI,XIII,DVII
Munarg,XXXV,X,CXCIV,Quinarius,VII,II,CXCIX
Murytub,XL,VIII,CXLVII,Denarius,VIII,XXII,DXLIX
Suilis,XXXIX,X,XIV,Quinarius,VI,XVIII,DCCCIX
Munarg,XL,IV,CI,Aureus,VIII,III,II
Suilis,XL,VII,XII,Quinarius,VI,III,CMLXXXV
Murytub,XXXIX,V,CXXX,Denarius,VII,XIV,DLXXVIII
Muniv,XL,VIII,XXI,Quinarius,VI,XVI,CXXII
Atamora,XXXVIII,VII,XII,Denarius,IV,XI,MMCCXLIX
Munarg,XL,XII,CLXXVI,Denarius,VI,XXV,CDXXII
Munarg,XL,VI,CXXX,Denarius,V,XXIII,CDXXXV
Munarg,XXXV,VIII,CVI,Quinarius,IX,XX,CXLIV
Murytub,XXXVIII,X,CLXVIII,Denarius,V,XIII,DCXVIII
Murytub,XXXVII,III,CCXXXIV,Denarius,VIII,XXVI,DCCXLVII
Munarg,XXXV,III,CXL,Denarius,VII,XXVI,CCCXLI
Munarg,XXXVIII,II,CLXIX,Aureus,VI,XV,IV
Murytub,XXXV,VI,CXXXIX,Denarius,VIII,VIII,DCLXXVII
Murytub,XXXIX,IX,CII,Quinarius,VII,XVI,CXXXVIII
Munarg,XXXVIII,IV,CLVII,Denarius,VI,V,CCCXCIII
Muniv,XXXVI,IX,XXII,Aureus,VII,XXVII,V
Munarg,XXXVIII,IX,CXIV,Denarius,V,III,CCLX
Munarg,XXXVI,III,CXIV,Aureus,IX,XIV,IV
Munarg,XXXVIII,II,CXCVII,Quinarius,V,IV,LXXV
Munarg,XXXVIII,I,CLXIV,Denarius,IV,XXIV,CCXXXIX
Murytub,XXXV,VII,CXL,Aureus,VII,III,IX
Munarg,XXXVIII,V,CXXXII,Denarius,VII,II,CCLXXXIX
Murytub,XL,XII,CXXXVIII,Denarius,V,XXVIII,DLXXXIX
Suilis,XXXVIII,X,XXVI,Quinarius,VII,XI,MXIV
Murytub,XXXVI,VI,CXLI,Denarius,VII,XXIV,DCLIII
Munarg,XXXV,X,CLXVI,Denarius,VI,IV,CCCX
Muniv,XXXV,X,XXV,Denarius,V,XIV,CDLX
Munarg,XXXVI,I,CLXXXV,Denarius,IV,XXVI,CCCXXXVI
Munarg,XXXVIII,V,CXXXII,Quinarius,IX,XXIV,LXXXIII
Munarg,XXXVI,XI,CVII,Quinarius,II,III,CXLI
Munarg,XXXV,XII,CLXXIV,Aureus,VII,XXVII,IV
Murytub,XXXV,XII,CLVII,Denarius,VII,VII,DCCVIII
Munarg,XL,IX,CXIII,Denarius,VI,VII,CDXLV
Murytub,XXXVI,VII,CXXXVIII,Denarius,VI,XII,DCLXII
Munarg,XXXIX,III,CIV,Denarius,VI,XXVI,CCCLXXXVI
Muniv,XL,I,XXI,Aureus,VI,XIII,V
Munarg,XXXV,V,CLXXXVIII,Denarius,VIII,XVII,CCCLXXXI
Munarg,XXXVIII,IX,CXI,Denarius,IV,XXVIII,CCLII
Suilis,XXXVIII,XI,XXXI,Quinarius,VI,XXVI,MXC
Munarg,XXXVII,VII,CXXXI,Denarius,VII,XX,CCXLVIII
Munarg,XXXVI,V,CLXV,Denarius,IX,XXVII,CCCXIX
Munarg,XXXVI,IV,CXVI,Quinarius,II,VIII,CXLVII
Munarg,XXXV,II,CLXXV,Aureus,V,XVI,IV
Munarg,XXXVIII,XI,CLVI,Denarius,VII,VI,CCLXVIII
Munarg,XXXIX,VI,CXLIV,Quinarius,VII,IV,LVII
Murytub,XXXVI,VI,CLX,Denarius,VII,XXIX,DCCXIII
Munarg,XXXVIII,V,CLXIX,Denarius,III,XVIII,CCLXXI
Atamora,XXXVI,XII,V,Aureus,VIII,XI,XXVIII
Murytub,XXXV,X,CXIX,Denarius,V,XX,DCC
Murytub,XXXIX,VIII,CLXV,Denarius,IV,XIX,DCIX
Suilis,XXXV,X,X,Quinarius,VI,IV,MDCCCXXVIII
Munarg,XXXVIII,VI,CXCVI,Denarius,IX,VII,CCXCIX
Murytub,XXXVII,I,XCVIII,Aureus,IV,XXVII,VII
Murytub,XXXV,XII,LXXVI,Denarius,V,XII,DCXCV
Murytub,XXXV,I,CXLVIII,Denarius,III,III,DCLXII
Murytub,XXXVII,XI,CXI,Denarius,VIII,XIX,DCXL
Murytub,XXXIX,II,CLIII,Denarius,VII,II,DCXIX
Munarg,XXXV,II,CXXVI,Denarius,VII,XXIV,CCCXXXII
Munarg,XXXVII,XI,CXXIV,Quinarius,VII,XV,CXXXII
Muniv,XXXVI,III,XX,Denarius,III,XVIII,CDLXVII
Munarg,XXXVI,II,CXVII,Quinarius,VI,VII,CLVI
Muniv,XL,VII,XXIV,Denarius,VIII,XXIII,CDLXIV
Munarg,XXXV,XII,CLXXXV,Denarius,VI,XXI,CCCLV
Munarg,XXXVI,II,CXCVI,Denarius,III,XVII,CCCXLVII
Muniv,XL,IV,XX,Denarius,V,XI,CDLXXXVI
Munarg,XXXVII,I,CXXXI,Quinarius,VII,XIV,CLXVIII
Munarg,XXXVIII,VII,CLXXXVII,Denarius,VI,I,CCXCVI
Munarg,XXXVI,IX,CXXIII,Denarius,X,XVII,CCLXXX
Murytub,XXXV,IX,CXCII,Quinarius,V,XXV,CCCXXXVI
Munarg,XXXV,IV,CXC,Denarius,V,X,CCCLXXXVIII
Muniv,XXXIX,I,XXXVII,Aureus,IX,XXVIII,IV
Murytub,XXXIX,IV,CLXIX,Quinarius,III,XV,CXXIX
Murytub,XL,XII,CXXXVI,Denarius,VII,XIV,DXXXVI
Munarg,XL,V,CXXV,Quinarius,IV,XXV,XLIV
Murytub,XXXVII,V,CXCIV,Denarius,VII,IX,CMXXVI
Munarg,XXXVI,III,CLXXIII,Denarius,III,V,CCCXCI
Murytub,XXXVI,VI,CLXII,Quinarius,VIII,XXX,CCLXXXVI
Murytub,XL,XI,CXXXIII,Denarius,III,III,DLXXXIX
Munarg,XXXV,VI,CLXXXVI,Quinarius,II,XXIII,CLXXIV
Munarg,XXXV,XII,CVIII,Denarius,VI,V,CCCXXVII
Munarg,XXXIX,VI,CLIV,Denarius,VI,XI,CCCLXXIV
Murytub,XXXVII,V,CXXVIII,Denarius,VI,VII,CMLI
Murytub,XXXVI,I,CXXIX,Denarius,V,XIII,DCXCVII
Munarg,XXXV,I,CLXIX,Aureus,III,III,IV
Muniv,XXXIX,X,XXII,Denarius,VI,XVII,DXLI
Murytub,XL,IV,CLVI,Aureus,V,XXX,V
Murytub,XL,VI,CXXXVII,Aureus,IX,VII,V
Muniv,XXXIX,II,XXVII,Quinarius,VI,XXVIII,CXXV
Atamora,XL,X,IX,Denarius,VI,XXVII,MCMLXXIX
Muniv,XXXVI,VIII,XXX,Denarius,VII,III,CDLXXIV
Munarg,XXXIX,II,CLXXXI,Aureus,VI,V,II
Munarg,XXXV,V,CLXXX,Quinarius,VIII,VII,CLXXIV
Murytub,XXXIX,XII,CLXIII,Denarius,VIII,II,DXLVII
Munarg,XL,XI,CXCII,Quinarius,VI,XI,XXXIX
Munarg,XXXVII,XII,CXCVI,Denarius,IV,VII,CDXVIII
Munarg,XXXVIII,X,CXCVI,Denarius,V,XIII,CCLXXXIII
Murytub,XXXVI,XI,CXVII,Quinarius,V,XXI,CCLXVIII
Muniv,XXXV,XI,XXII,Denarius,IX,XXVI,D
Munarg,XXXIX,VI,CXCI,Denarius,IV,V,CCCLXXV
Suilis,XXXV,IV,LV,Denarius,VII,XIV,MMMCCCXLVI
Munarg,XXXV,XII,CLXX,Denarius,IV,XXVIII,CCCXVIII
Muniv,XXXVI,V,XX,Denarius,VII,XXXI,DX
Munarg,XXXVI,V,CLVII,Quinarius,VI,XV,CXXXVIII
Muniv,XL,XI,XXIX,Aureus,V,XV,IV
Munarg,XL,III,CXLIX,Quinarius,VIII,XVIII,LI
Murytub,XXXVII,X,CLXIX,Quinarius,VI,XXVII,CCXVI
Munarg,XXXVI,VI,CLXIX,Denarius,IV,XI,CCLXXXVIII
Atamora,XL,VIII,XI,Quinarius,III,X,DLXXVIII
Suilis,XXXVIII,II,XV,Denarius,VI,XXI,MMMDCCCXXIX
Murytub,XXXVII,XI,CXLV,Denarius,VI,XIV,DCXXXVIII
Suilis,XXXVI,VI,LVI,Denarius,VIII,III,MMMDCXLII
Munarg,XXXVIII,III,CXXX,Denarius,VII,IV,CCXCII
Murytub,XXXV,VI,CVIII,Quinarius,X,V,CCCXLVIII
Murytub,XXXVIII,VII,CLXXII,Denarius,VI,XXII,DCXX
Murytub,XXXVII,XI,CLXXVI,Denarius,V,VIII,DCXXXVI
Murytub,XXXV,IV,CXIII,Quinarius,III,XVII,CCCLVII
Suilis,XXXVII,VI,XVI,Quinarius,III,XXV,MCCCLX
Muniv,XL,I,XXIV,Denarius,V,XXIV,DXXVIII
Suilis,XXXIX,VI,XVII,Denarius,III,XXX,MMMCMLXIX
Murytub,XXXVIII,I,CLIV,Denarius,VI,III,DCL
Suilis,XL,II,XXIV,Denarius,VIII,XIII,MMMMCXXII
Munarg,XXXVIII,X,CLXIX,Quinarius,II,VI,LXIII
Murytub,XL,I,CLXX,Quinarius,III,XXVIII,CXXXII
Atamora,XXXV,XI,X,Denarius,VII,XVIII,MMCMXCIV
Muniv,XL,VIII,XIX,Denarius,IX,VIII,DLVII
Munarg,XXXVI,X,CXL,Denarius,II,V,CCLXXVI
Murytub,XXXVII,XII,CXLII,Denarius,V,XVIII,DCXVIII
Murytub,XXXVII,IX,CXLVIII,Denarius,VI,XXIX,DCCXXVI
Murytub,XXXVI,X,CXXXVIII,Quinarius,II,V,CCLII
Murytub,XXXVIII,VIII,CLXVIII,Quinarius,VI,XII,CLXVIII
Murytub,XL,V,CLIX,Denarius,VII,XI,DXLVIII
Munarg,XXXIX,VI,CLXIV,Quinarius,VI,XV,LXIII
Munarg,XL,VII,CLXXIII,Denarius,VI,II,CDLXXIV
Murytub,XXXIX,I,CLXI,Denarius,VII,XV,DCXXXII
Muniv,XXXVI,II,XXII,Aureus,VII,XXIII,VI
Murytub,XXXVII,V,CXLVIII,Denarius,VI,XIV,CMLXVI
Munarg,XL,XII,CLXVIII,Denarius,III,XII,CXCII
Muniv,XXXVI,V,XXIV,Denarius,V,VIII,CDLXXXIV
Munarg,XXXV,VI,CXXXII,Aureus,VI,XIII,IV
Muniv,XXXVI,I,XXIII,Aureus,IV,XIV,VI
Suilis,XXXVII,VIII,X,Denarius,VIII,XVI,MMMCCCLXXXIX
Murytub,XXXVII,VIII,CXXXVIII,Denarius,V,XXVIII,DXCV
Murytub,XL,VII,CLII,Denarius,V,XVIII,DLXIX
Murytub,XXXIX,III,CXXXIX,Aureus,VIII,XVIII,VI
Murytub,XXXVII,IV,CLXVI,Denarius,VIII,XV,CMXXI
Muniv,XXXVII,VII,XXIX,Quinarius,VII,XX,CXCV
Munarg,XXXV,IV,CLXXIII,Denarius,IV,XIII,CCCVI
Muniv,XXXIX,VI,XVII,Aureus,IV,XXI,IV
Suilis,XXXVI,II,XXVI,Denarius,V,XXII,MMMCCCLXI
Munarg,XL,IX,CXLIX,Quinarius,V,X,XLIII
Munarg,XXXVII,IX,CXI,Denarius,VI,XXIV,CDXXXI
Munarg,XXXIX,VII,CLXXIV,Denarius,V,XXX,CCCLXVII
Munarg,XL,II,CLXVIII,Quinarius,IX,XXVIII,XLVII
Murytub,XXXVIII,II,CV,Denarius,VI,IX,DXCV
Murytub,XXXVI,IX,CXXXVII,Quinarius,VI,IV,CCLXVI
Murytub,XXXVII,VIII,CXXXVI,Denarius,V,XXVI,DCXX
Muniv,XXXVII,VI,XVII,Denarius,VI,XXIX,DXXI
Murytub,XXXVII,II,CXVI,Denarius,IV,XVIII,DCXLVIII
Suilis,XXXVII,XII,XXXII,Aureus,IV,VIII,XXXVII
Suilis,XXXVIII,XI,XXVII,Denarius,VIII,XIX,MMMCM
Muniv,XXXVIII,IV,XXVIII,Quinarius,VIII,X,CXXXV
Munarg,XXXVII,IV,CXXIX,Quinarius,VII,VI,CV
Suilis,XXXVI,XI,XLI,Denarius,VII,V,MMMCCLIX
Munarg,XXXV,X,CVI,Denarius,VII,XXIII,CCCLXXIV
Munarg,XXXVIII,VII,CL,Denarius,VI,XXIII,CCLXVIII
Munarg,XXXV,IV,CXCVII,Aureus,VII,VII,IV
Murytub,XXXVII,IV,CLXXXIII,Denarius,VIII,XVII,DCCCXCVII
Muniv,XXXVIII,II,XXXII,Quinarius,VIII,XXII,CLXX
Munarg,XXXVI,IX,CIX,Denarius,V,XXVIII,CCCXXV
Munarg,XXXVI,X,CXXXVI,Denarius,IV,XX,CCCXXXIX
Muniv,XXXVI,IX,XX,Quinarius,V,XXI,CLXXXVIII
Munarg,XXXIX,XII,CII,Denarius,VI,XV,CCXLV
Murytub,XXXVI,XII,CXXXVII,Denarius,VII,XXV,DCLXV
Murytub,XXXIX,IX,CXLIV,Denarius,V,XV,DLXIX
Muniv,XXXVII,III,XXXI,Denarius,X,IV,CDXCVIII
Munarg,XXXVII,VIII,CVI,Denarius,V,XXI,CCCLXXX
Munarg,XXXVIII,III,CX,Denarius,VIII,XXV,CCXCII
Muniv,XXXIX,VIII,XXIX,Aureus,IV,XXV,V
Muniv,XXXVII,VII,XXV,Denarius,V,X,DXIV
Suilis,XXXVII,VII,XVI,Denarius,VIII,XXXI,MMMDCXXII
Munarg,XXXVII,IV,CLXXXV,Quinarius,VI,VII,CXXX
Muniv,XXXV,XII,XXXIII,Quinarius,VIII,XVIII,CCXII
Munarg,XXXVI,V,C,Denarius,VI,II,CCCXXX
Murytub,XXXVII,III,CLXXIV,Denarius,VI,XXI,DCXLIV
Munarg,XXXV,VIII,CXX,Denarius,V,XXIII,CCCLXXVI
Murytub,XL,XII,CXLII,Aureus,VI,VI,V
Muniv,XXXIX,VIII,XXXVI,Denarius,VIII,XIII,CDXCI
Suilis,XXXIX,XII,XV,Denarius,VI,XX,MMMDCXCIX
Suilis,XXXIX,VI,XXVIII,Quinarius,VI,XV,CMLI
Munarg,XXXIX,II,CLVII,Aureus,V,XXV,II
Murytub,XXXVII,X,CV,Quinarius,VII,X,CCLIV
Atamora,XXXIX,IX,IX,Denarius,VI,V,MMCCXLIV
Muniv,XXXVI,VII,XXV,Aureus,VII,XXVI,VI
Munarg,XXXV,I,CLVI,Quinarius,VII,XII,CLXXXII
Munarg,XL,IV,CXXXV,Quinarius,VII,XXIV,LXXVIII
Munarg,XXXVIII,IV,CLXIV,Denarius,VII,XI,CCLIII
Murytub,XXXVII,X,CXLI,Denarius,IV,XXVIII,DCXLIX
Muniv,XXXV,X,XIII,Denarius,VII,XXV,DXXII
Munarg,XXXIX,III,CII,Denarius,VI,XV,CCXXVIII
Munarg,XL,III,CXCVI,Quinarius,VI,III,XLIV
Murytub,XXXV,X,CXXXIII,Denarius,IV,IX,DCLII
Murytub,XL,I,CLXXI,Denarius,VII,XXII,DLXVII
Munarg,XXXV,XI,CLXXXVII,Denarius,V,XXIII,CCCL
Atamora,XXXVII,XI,VIII,Denarius,V,XXIV,MMDXXXI
Munarg,XXXIX,IX,CLXXVI,Denarius,VI,XI,CCCLII
Munarg,XXXV,XI,CXIV,Denarius,V,XX,CCCLXIII
Murytub,XXXVI,XI,CLIV,Denarius,III,VII,DCLXXIX
Munarg,XXXIX,III,CLXXVII,Denarius,VII,XII,CCXXXVII
Murytub,XXXVI,IV,CLI,Denarius,V,XIX,DCLXXVIII
Muniv,XXXVII,IV,XXII,Quinarius,VII,XXVIII,CCXII
Suilis,XXXV,X,XII,Quinarius,III,XIX,MDCCXXXII
Suilis,XXXV,IX,XI,Denarius,IV,XXVII,MMMCDVI
Murytub,XL,VI,CXLVII,Aureus,IV,XXVIII,V
Munarg,XXXVI,X,CXCVII,Denarius,VI,XIX,CDXVII
Murytub,XXXVIII,II,CXXXVIII,Aureus,IV,XVI,VI
Munarg,XXXVII,IV,CXCI,Denarius,V,XXI,CCCXLIV
Muniv,XXXVIII,IX,XXVIII,Denarius,VIII,XIII,DLXXXI
Munarg,XXXIX,V,CLXXX,Quinarius,VII,XV,CIII
Murytub,XXXV,VI,CXXXVI,Quinarius,IV,XX,CCCXLV
Murytub,XXXVIII,IV,CLXIV,Denarius,IV,XXI,DCIX
Muniv,XXXVII,X,XXXIII,Quinarius,IX,II,CCXXXIX
Munarg,XL,XI,CXX,Quinarius,VI,IX,XLII
Muniv,XXXVIII,X,XVII,Denarius,VII,IV,CDL
Murytub,XXXVII,I,CLXII,Denarius,VIII,VIII,DCLXXX
Murytub,XXXVI,VII,CXLV,Denarius,VI,XII,DCLXXXV
Munarg,XL,IV,CLXIX,Denarius,VIII,III,CCI
Murytub,XL,I,CXLIX,Quinarius,VII,XXX,CXXXVIII
Murytub,XXXVII,V,CLXIV,Denarius,V,XI,DCCCLXXIV
Munarg,XXXVI,VIII,CXXXIV,Denarius,VI,XIII,CCCX
Munarg,XXXIX,XI,CLXXV,Denarius,VI,XII,CDXVIII
Munarg,XXXVII,VII,CLXXIV,Quinarius,IV,II,CIX
Suilis,XXXVI,II,X,Denarius,VI,XX,MMMCLXVIII
Murytub,XXXVII,XII,CXII,Quinarius,III,XVI,CCVI
Munarg,XXXV,I,CL,Quinarius,VIII,XXIV,CLXXVII
Muniv,XL,VI,XX,Denarius,IV,XIV,DLX
Muniv,XXXV,VI,XXVIII,Denarius,X,V,CDXL
Murytub,XXXVIII,VIII,CLII,Denarius,II,II,DXCI
Muniv,XXXVI,IV,XXX,Denarius,III,XII,DLXVIII
Munarg,XL,XI,CXX,Quinarius,VII,XIII,XLII
Murytub,XXXV,V,CXVI,Denarius,VI,XXV,DCCXV
Murytub,XL,V,CLXXIII,Denarius,VIII,XVII,DLVII
Munarg,XXXVII,IV,CLXVI,Denarius,V,XXI,CDI
Muniv,XL,VI,XVI,Denarius,VI,II,DLV
Murytub,XXXIX,X,CXLII,Denarius,VI,XXV,DXXVIII
Munarg,XL,IX,CLXXVIII,Denarius,V,XXIII,CDLV
Murytub,XXXVIII,VIII,CL,Denarius,VII,XI,DXXX
Murytub,XL,I,CLXIX,Quinarius,V,XXIX,CXXXVIII
Muniv,XXXV,V,XIX,Denarius,V,XXIV,DXXIV
Murytub,XXXV,XI,CXXXVII,Quinarius,VI,VIII,CCCLXV
Munarg,XXXV,XI,CLXXXV,Denarius,V,XX,CCCLIII
Munarg,XXXIX,IV,CXII,Denarius,III,IX,CCLXIX
Murytub,XXXV,III,CXVI,Aureus,IV,XXII,IX
Munarg,XL,III,CXCIX,Aureus,V,XXV,III
Murytub,XL,VIII,CLXXXVI,Aureus,III,XXIX,V
Munarg,XL,VIII,CXLVII,Denarius,VIII,XXII,CXCVII
Murytub,XXXVII,XII,CXXXVII,Quinarius,V,XII,CCXXVI
Muniv,XXXVIII,XII,XXVII,Quinarius,IV,XIX,CXXVI
Murytub,XXXIX,VII,CXXX,Denarius,VII,XXIV,DXC
Munarg,XXXVIII,III,CLXXV,Denarius,VII,XII,CCLIII
Murytub,XXXV,III,CCXII,Quinarius,V,XXIII,CCCXVII
Munarg,XXXVII,I,CXCI,Denarius,IX,IV,CCCXXXIV
Muniv,XXXV,VIII,XXI,Denarius,VII,XXX,CDLVII
Murytub,XXXV,VI,CXIX,Denarius,VIII,VIII,DCCVI
Murytub,XXXV,IV,CXXXVII,Denarius,VII,XXIII,DCXCVI
Munarg,XXXVIII,I,CXL,Aureus,VI,XXVII,II
Munarg,XL,VIII,CLIII,Denarius,V,XXX,CLXXVII
Suilis,XL,III,XXV,Denarius,VI,VIII,MMMDCCLXXII
Murytub,XXXIX,VI,CLXII,Quinarius,VIII,VII,CXXXIV
Muniv,XXXVII,IX,XXX,Aureus,VII,XXI,IV
Murytub,XXXV,XII,CLVIII,Quinarius,VII,VII,CCCXV
Muniv,XXXVII,XI,XXVI,Denarius,V,XII,CDLVIII
Munarg,XXXIX,IV,CLIV,Quinarius,VIII,XI,CI
Munarg,XXXIX,IX,CLI,Denarius,III,III,CDXXXI
Muniv,XXXVIII,VI,XXIII,Quinarius,IX,VII,CL
Muniv,XXXVI,XI,XXXIII,Quinarius,III,X,CLXXVIII
Murytub,XL,I,CLXVII,Aureus,III,XXVIII,VI
Munarg,XXXVI,VII,CLXXXII,Denarius,III,XXIV,CCCLV
Murytub,XXXVII,IV,CLIX,Denarius,VIII,IV,DCCCLXXVII
Munarg,XXXV,VI,CLIII,Denarius,VI,XIX,CCCXL
Munarg,XXXVI,XII,CXLV,Denarius,VIII,XXIII,CCCXL
Munarg,XXXIX,XI,CXCVI,Aureus,V,XX,III
Munarg,XXXVIII,I,CXIX,Quinarius,V,XIV,CXXI
Munarg,XL,XII,CI,Denarius,III,XVII,CCIX
Muniv,XXXIX,I,XXXII,Quinarius,IV,X,CX
Atamora,XXXVIII,VII,X,Denarius,VI,XXII,MMCMXCIV
Munarg,XXXVIII,III,CLVIII,Denarius,VII,XIX,CDXXXVII
Muniv,XXXVII,XII,XXIV,Denarius,III,XVI,DLI
Murytub,XL,VIII,CXXII,Quinarius,IV,XX,CXXXIII
Murytub,XXXV,XII,CXLIV,Quinarius,V,XII,CCCXXXIII
Murytub,XXXIX,IV,CXLI,Quinarius,V,XXVIII,CXXIX
Munarg,XL,VII,CXLVIII,Denarius,VI,XXVII,CLXXXV
Muniv,XXXV,II,XIX,Denarius,VII,XXIII,CDLXXXIV
Murytub,XXXVII,I,CLXXX,Denarius,VI,XXVI,DCXVIII
Munarg,XXXVII,X,CLXXXV,Denarius,IV,XXIV,CCCXCVI
Muniv,XXXV,I,XX,Quinarius,IX,XIX,CCCXV
Munarg,XXXV,IX,CXXXII,Denarius,VII,II,CCCLXXVI
Murytub,XXXV,IV,CI,Denarius,IV,XIII,DCLXXVIII
Munarg,XXXVIII,VI,CXXXIX,Aureus,VIII,XXIII,III
Murytub,XXXVI,VII,CLVII,Quinarius,IV,IV,CCLXXXII
Munarg,XXXV,V,CXLIV,Denarius,V,II,CCCXLVII
Muniv,XXXVIII,IV,XXVII,Denarius,VI,V,DXVII
Munarg,XXXV,VI,CXIII,Aureus,IV,XX,V
Munarg,XXXVI,IX,CXXVI,Denarius,V,XIV,CCCXXXI
Munarg,XL,XI,CLI,Denarius,VII,XIX,CLXXVI
Munarg,XXXIX,III,CXCII,Denarius,III,VIII,CDXI
Munarg,XL,VIII,CLXXXI,Denarius,VIII,XXII,CDLXIX
Suilis,XL,XI,XI,Denarius,III,XXI,MMMMLXXVIII
Murytub,XXXVI,I,CXLV,Denarius,V,XII,DCCIX
Munarg,XXXVIII,VI,CXXV,Quinarius,VI,I,XCV
Murytub,XXXVIII,VIII,CXXVII,Denarius,VI,XXXI,DXLV
Muniv,XL,VI,XXVI,Denarius,VI,XXII,DXII
Murytub,XXXVI,I,CXIII,Denarius,VII,II,DCLV
Muniv,XXXVIII,XI,XXVI,Aureus,IV,XXVIII,IV
Murytub,XL,XII,CXLII,Denarius,VII,IV,DXLIII
Muniv,XXXVII,IV,XXXII,Denarius,VIII,IV,CDLI
Murytub,XXXVI,III,CLXXXIII,Quinarius,VIII,XXVII,CCCIII
Muniv,XXXIX,III,XX,Quinarius,VI,XVI,CXXVI
Munarg,XL,IV,CXCIX,Denarius,VIII,V,CCXXXVII
Munarg,XXXVIII,IV,CXIII,Denarius,V,XIV,CCCLXII
Muniv,XXXVII,III,XXVIII,Quinarius,VI,XVII,CCVI
Munarg,XXXVI,I,CLIX,Denarius,X,XXVIII,CCCLXXIX
Murytub,XXXVII,XII,CLXXXIV,Quinarius,VI,XXVII,CCXV
Muniv,XXXVI,VI,XXVII,Denarius,V,II,DIX
Munarg,XL,IV,CVII,Denarius,VI,XVIII,CXCVIII
Munarg,XXXIX,IV,CLXXX,Quinarius,VIII,V,LIV
Muniv,XL,X,XXIII,Denarius,VI,VII,DXLVIII
Muniv,XXXVI,VIII,XIX,Denarius,VI,XIII,DXXI
Munarg,XXXVIII,VII,CXLVI,Denarius,VI,XV,CCLXIII
Munarg,XXXVI,IX,CXIII,Denarius,VII,XXVII,CDVII
Munarg,XXXVII,I,CXLIX,Quinarius,IV,XII,CXXXIII
Murytub,XXXV,XI,CLXXXIII,Denarius,V,XXIX,DCCXV
Munarg,XXXV,IX,CLX,Denarius,VII,XXII,CCCXVIII
Suilis,XXXVI,IX,XIII,Quinarius,VI,IX,MCDL
Murytub,XL,III,CXXVII,Denarius,VI,XI,DLXXVII
Murytub,XXXVII,IV,CLV,Quinarius,VIII,IV,CDVII
Suilis,XXXVIII,IX,XX,Denarius,IX,XXIV,MMMDCC
Munarg,XXXVII,VI,CLXXXI,Denarius,VII,XXVII,CDXVIII
Murytub,XXXIX,IX,CXXXVI,Denarius,VII,VII,DCIII
Munarg,XL,II,CLXXIII,Denarius,V,XXV,CDXXXV
Munarg,XXXV,XI,CXI,Quinarius,III,I,CLXXV
Muniv,XXXVII,V,XXIX,Quinarius,VII,XXI,CXCIV
Munarg,XXXVIII,V,CXLVIII,Denarius,VI,X,CCLXXXVI
Munarg,XXXIX,IV,CLXXVIII,Quinarius,VII,III,LXXXVII
Murytub,XXXVI,V,CLXI,Denarius,VII,XXXI,DCLX
Muniv,XXXVII,XII,XXV,Denarius,VIII,X,DXVIII
Muniv,XL,IV,XVIII,Quinarius,VIII,V,LXXXIX
Muniv,XXXVI,I,XVI,Aureus,V,XII,VI
Munarg,XXXVI,XII,CIII,Quinarius,IV,XVIII,CXLIX
Murytub,XXXVI,III,CXXXI,Quinarius,VI,XXIX,CCXCVI
Murytub,XXXVII,IV,CLXIX,Denarius,IV,XIX,MVI
Muniv,XXXVIII,II,XXVII,Quinarius,VI,XV,CXXV
Munarg,XXXVIII,VII,CXLVI,Quinarius,IX,XXXI,LXXIV
Munarg,XXXV,II,CXLII,Quinarius,IV,XVIII,CXCVIII
Atamora,XXXVII,IX,XII,Quinarius,VIII,XV,MCCCLXXXV
Munarg,XXXVII,VII,CLI,Quinarius,V,X,CLII
Muniv,XXXVIII,I,XXVI,Quinarius,VII,XXII,CLXXIII
Munarg,XXXVI,III,CLXXXII,Quinarius,VIII,XXIV,CXXIX
Munarg,XXXV,II,CLXIII,Denarius,V,XIX,CCCLXXIII
Suilis,XL,I,X,Quinarius,VI,XXIII,CMXLI
Murytub,XXXVIII,VIII,CXLIV,Denarius,V,III,DCIII
Muniv,XXXVI,II,XXXI,Denarius,VI,XXVI,CDXCVII
Munarg,XXXV,II,CLXXIV,Quinarius,IV,II,CLXXV
Muniv,XXXVIII,V,XXVII,Aureus,IX,VII,VI
Murytub,XL,VI,CI,Quinarius,VI,XXVI,CXXXI
Murytub,XXXVII,VII,CXLII,Denarius,VII,XVIII,CMVIII
Munarg,XXXV,V,CLX,Aureus,V,XI,IV
Murytub,XXXVII,XI,CXX,Denarius,VI,XXV,DCXLVI
Muniv,XXXIX,VII,XXVI,Denarius,VI,XX,CDLXVIII
Munarg,XXXV,XII,CLXII,Aureus,VI,X,V
Murytub,XXXVIII,IX,CXCIV,Denarius,VII,XXVII,DCV
Muniv,XXXVIII,XI,XXXII,Denarius,VII,XIII,CDLII
Munarg,XXXVI,I,CXVIII,Aureus,VII,XXII,IV
Muniv,XXXV,XII,XXVII,Denarius,VIII,XXIV,CDLXXVI
Murytub,XXXIX,IX,CXXV,Denarius,VI,II,DCXXXVI
Munarg,XXXVIII,VI,CXLVII,Denarius,VIII,XXIII,CCCLXXVII
Atamora,XL,VII,X,Denarius,VI,II,MMCCCLXXII
Murytub,XXXVII,VII,CIX,Denarius,IV,II,CMXXVIII
Munarg,XXXVII,XI,CXXII,Denarius,IX,XVI,CCCLXXVII
Muniv,XXXVIII,XI,XXII,Quinarius,III,XXV,CXXIV
Munarg,XL,X,CXXVII,Aureus,IV,VIII,III
Atamora,XXXVI,I,X,Denarius,VII,XXII,MMMCCCXXI
Muniv,XXXVII,II,XXVIII,Denarius,VII,XXVII,DXLVI
Murytub,XXXIX,XII,CXXXIX,Denarius,VIII,XXIX,DLXXIII
Munarg,XL,VII,CXVII,Quinarius,VI,XX,XLIX
Munarg,XXXVII,X,CXLVIII,Denarius,IV,XXIV,CDXIV
Munarg,XL,VII,CXXXI,Denarius,VIII,XXVIII,CLXXIX
Suilis,XXXV,I,XXIX,Quinarius,V,XXV,MDCCCLIX
Murytub,XXXVII,X,CLXXXIII,Denarius,VI,XXVII,DCXXIV
Murytub,XL,X,CCXVI,Denarius,IV,XXI,DLXXVIII
Murytub,XXXIX,VII,CXXII,Denarius,VII,II,DCIII
Murytub,XXXVI,XI,CXXV,Quinarius,II,III,CCLXIX
Murytub,XXXV,VII,CXLV,Denarius,VII,XXIX,DCLXXXVII
Murytub,XXXVI,V,CIII,Quinarius,III,IX,CCLIX
Murytub,XXXVIII,X,CLVIII,Denarius,VI,I,DXCII
Atamora,XXXVII,IV,XIV,Denarius,VI,V,MDXV
Murytub,XXXVI,XI,CXL,Quinarius,VI,XII,CCLXVII
Munarg,XL,IV,CLVII,Denarius,VI,X,CCCLXII
Munarg,XXXVIII,IV,CXXXVI,Denarius,IX,II,CCLXIX
Munarg,XXXV,XI,C,Denarius,V,XXVII,CCCXXI
Suilis,XL,IX,XLII,Denarius,IV,XXVIII,MMMMCLVIII
Muniv,XXXV,VII,XXIV,Denarius,VII,II,DXI
Muniv,XXXVI,XI,XXIII,Denarius,VII,XXVI,DLV
Murytub,XXXVI,I,CXCII,Denarius,V,XXIX,DCLXV
Munarg,XXXV,IV,CLXXXIV,Aureus,VIII,XIX,V
Murytub,XXXIX,I,CXLI,Quinarius,V,XII,CXL
Atamora,XXXVIII,II,IX,Denarius,IX,II,MMMCCIV
Munarg,XXXIX,VIII,CLXXXIX,Aureus,VI,IV,II
Murytub,XXXVIII,VIII,CLVIII,Denarius,VI,XXVIII,DCXXXVII
Munarg,XXXVIII,III,CXCI,Quinarius,IX,XIII,LXXXV
Muniv,XXXIX,III,XXV,Quinarius,IV,XXIV,CXIX
Munarg,XXXVII,VIII,CXCIX,Denarius,V,XXVII,CCLXXXV
Murytub,XXXV,VII,CLVIII,Quinarius,VI,XIII,CCCXXXVII
Suilis,XXXV,III,XXVIII,Denarius,VII,XXXI,MMMCCXL
Muniv,XXXVI,IX,XIX,Denarius,VII,XXVII,DXXX
Munarg,XXXVI,XI,CLXXXVIII,Quinarius,IV,XIX,CXXIII
Murytub,XL,I,CXXXIII,Aureus,VII,X,V
Munarg,XXXVI,XII,CXXX,Quinarius,IV,XVII,CII
Atamora,XL,III,X,Denarius,VI,XXIX,MMMLXXXVIII
Murytub,XL,X,CXLIII,Quinarius,IX,VI,CIX
Munarg,XXXVIII,II,CXXXII,Denarius,V,XXVII,CDXLII
Suilis,XXXVIII,V,XVII,Denarius,V,XIV,MMMDCCCVII
Munarg,XXXIX,XI,CLXXXV,Denarius,III,VII,CCCLXXXI
Murytub,XL,II,CLXXI,Denarius,VIII,XIII,DLXV
Munarg,XXXVI,X,CXI,Quinarius,IX,III,CXXII
Murytub,XXXIX,I,CXII,Denarius,VII,VI,DXCIV
Munarg,XL,IX,CXXXI,Denarius,IV,III,CCXXX
Munarg,XXXVII,IV,CXXXII,Aureus,VIII,XII,III
Munarg,XXXVI,VI,CIX,Quinarius,VIII,XX,CXLV
Muniv,XXXVIII,III,XVII,Denarius,VII,IV,CDXLVI
Murytub,XXXIX,VI,CLXXVI,Quinarius,IV,II,CXLII
Muniv,XXXVII,XII,XXIII,Aureus,VIII,III,VI
Munarg,XXXIX,IV,CXXVIII,Quinarius,V,XII,XCIV
Murytub,XL,X,XCVII,Denarius,VI,VII,DXLIII
Munarg,XXXVII,I,CXCI,Denarius,VI,III,CCCXCVII
Munarg,XXXVI,I,CXXXVII,Aureus,X,XXVIII,IV
Munarg,XXXVI,II,CLXI,Denarius,V,XXII,CDXIV
Munarg,XL,III,CLVIII,Denarius,III,X,CDVII
Munarg,XXXIX,VII,CXLIV,Aureus,VI,XIII,IV
Murytub,XXXIX,II,CXL,Quinarius,VI,XV,CXXI
Munarg,XXXIX,III,CLXXIII,Denarius,VIII,XXVII,CDXLVII
Muniv,XL,I,XXIX,Denarius,VII,XXX,DVII
Atamora,XXXVIII,XI,IX,Denarius,IV,XV,MMMII
Murytub,XXXVII,III,CLXXI,Quinarius,VII,XXVII,CCLXVII
Murytub,XXXVII,III,CXCII,Denarius,V,II,DCLXI
Muniv,XXXVIII,I,XXV,Denarius,IV,XXIV,CDLXXXI
Munarg,XXXV,VI,CLXIII,Denarius,VII,VI,CCCXVIII
Murytub,XXXVI,X,CXXXII,Quinarius,III,XXX,CCXLVI
Muniv,XXXIX,I,XXVIII,Quinarius,V,XXX,CXXVIII
Munarg,XXXVI,II,CXVI,Denarius,VII,XXIV,CCCLXXX
Muniv,XXXVIII,IX,XXIII,Denarius,IV,XV,CDXCV
Suilis,XXXVI,III,XVII,Quinarius,VIII,XXV,MDVIII
Suilis,XXXVI,VIII,XIII,Denarius,II,XXVI,MMMCCXVI
Murytub,XXXVIII,IV,CLII,Denarius,VII,XVIII,DCXLI
Muniv,XXXVI,VII,XXVIII,Denarius,V,XXV,DXIX
Muniv,XL,X,XXII,Denarius,IX,XXXI,CDXCV
Murytub,XXXV,VIII,XCIX,Denarius,VI,VI,DCCIX
Munarg,XL,VIII,CXI,Denarius,VII,XVII,CCXXII
Murytub,XL,XI,CLXXVI,Denarius,VI,XXVI,DLXXXII
Murytub,XXXVI,IV,CXXIX,Quinarius,V,V,CCXCI
Munarg,XXXVI,II,CLXXXIV,Quinarius,V,VIII,CXLIV
Munarg,XXXVI,II,CLXXV,Denarius,VI,XXVI,CCCXXXVII
Munarg,XXXVI,IV,CLVII,Quinarius,IV,XX,CLIV
Murytub,XL,II,CLXVI,Denarius,VI,XXVI,DLXV
Muniv,XXXVIII,XII,XX,Denarius,V,I,DXXIV
Muniv,XXXVIII,II,XXVII,Denarius,V,VI,CDLXXXV
Murytub,XL,III,CLXX,Denarius,VI,IX,DXCVI
Munarg,XXXIX,IV,CLVIII,Denarius,VIII,XIII,CDXXIV
Munarg,XXXVIII,IX,CXLIX,Denarius,V,VII,CCLXXIV
Munarg,XXXVI,VIII,CLXXXIX,Quinarius,VII,XII,CXLII
Murytub,XXXV,I,CXXXIX,Denarius,V,XVIII,DCLXX
Muniv,XXXIX,X,XXXIV,Denarius,V,I,DXL
Suilis,XXXVI,V,XII,Denarius,IV,XXX,MMMDIV
Munarg,XXXV,IX,CXL,Denarius,IX,XXIII,CCXCI
Muniv,XXXVIII,III,XXVII,Denarius,VI,V,CDXIII
Munarg,XXXIX,IV,CIV,Denarius,V,XIV,CCCLIX
Murytub,XXXVIII,II,CIV,Denarius,VI,IX,DCXL
Murytub,XL,IV,CLXIII,Denarius,VII,XXIX,DLXI
Murytub,XXXV,XI,CLXXXVII,Quinarius,V,IX,CCCLIII
Munarg,XXXIX,VIII,CXLIV,Denarius,VIII,XXIX,CDXXXVIII
Murytub,XXXVII,II,CXXXVII,Denarius,IV,XVIII,DCLXXIII
Murytub,XXXV,XII,CLXVI,Quinarius,VI,III,CCCXLVI
Muniv,XXXVII,II,XXVII,Denarius,V,XXVIII,CDLXVII
Munarg,XXXVIII,XII,CXL,Aureus,VII,XXIV,II
Suilis,XXXVII,IV,XXXV,Denarius,IX,XIII,MMMDCCLXXXVI
Munarg,XXXVI,III,CLXXX,Quinarius,VII,XI,CLXXVII
Munarg,XL,X,CLXII,Denarius,VI,II,CXCVI
Munarg,XXXVIII,XI,CXIV,Denarius,VI,XI,CDIX
Munarg,XXXVII,II,CLXXIX,Denarius,V,XXVIII,CCCXLV
Murytub,XL,II,CCXXXII,Denarius,VII,XXI,DLXII
Munarg,XXXIX,XI,CXI,Quinarius,VII,XXIX,XLV
Muniv,XL,IX,XX,Quinarius,VII,V,CXV
Murytub,XL,III,CLI,Quinarius,VII,II,CXXVIII
Murytub,XXXIX,XI,CXXXI,Quinarius,VIII,VIII,CXXI
Munarg,XXXVII,XII,CXCVII,Denarius,V,XIX,CCXXXVII
Murytub,XL,IV,CXCVI,Denarius,V,XXVI,DLXXXVIII
Murytub,XXXVIII,I,CC,Quinarius,VII,XVII,CXCVII
Muniv,XXXVI,II,XXV,Quinarius,IV,XXVII,CCXV
Murytub,XXXVI,III,CLXXXIV,Quinarius,V,III,CCCIII
Murytub,XXXVIII,III,CCXXVII,Quinarius,VII,XIX,CXCIV
Muniv,XL,XII,XXV,Denarius,VII,III,DCXX
Murytub,XXXIX,XII,CXXXIX,Quinarius,VII,XXII,CXXXII
Munarg,XXXV,V,CLXXXVI,Aureus,VI,VIII,IV
Muniv,XXXVII,XII,XXVII,Aureus,VI,XXI,V
Munarg,XXXVII,XI,CVI,Denarius,V,VI,CCCXLIV
Munarg,XL,VIII,CXLIII,Denarius,V,XXI,CCXIV
Munarg,XXXIX,I,CXXXVI,Denarius,VIII,XVIII,CCXXXVI
Murytub,XXXIX,VI,CXXXIV,Denarius,VI,XXIII,DCXXX
Munarg,XXXIX,XI,CXLIV,Aureus,VII,XXX,II
Murytub,XXXVIII,I,CXIV,Quinarius,IV,XXIX,CXCVI
Muniv,XL,III,XXV,Quinarius,V,XIV,CXVI
Munarg,XL,XI,CXC,Quinarius,V,XXIII,LXXXV
Munarg,XL,VII,CLXXXII,Denarius,V,XXII,CCCLXIV
Munarg,XXXVIII,V,CLXXXII,Denarius,V,XXXI,CCXLV
Muniv,XXXIX,II,XXVI,Denarius,VI,XXVIII,DLXXXIV
Suilis,XL,XI,XVI,Denarius,V,XX,MMMMVI
Atamora,XXXVIII,VIII,XIV,Quinarius,VII,XI,DCCLXXIV
Munarg,XXXVIII,X,CXXXVIII,Denarius,IV,X,CCLXV
Munarg,XXXV,XI,CLI,Denarius,V,XXIII,CCCLXVIII
Munarg,XXXVII,III,CLXXXVI,Denarius,V,XVIII,CCCXLVII
Murytub,XXXV,II,CLXXIX,Denarius,IV,I,DCLVII
Murytub,XXXVII,XII,CXXXII,Denarius,VII,XI,DCLXXII
Murytub,XXXVI,IV,CLXX,Aureus,V,XIX,VII
Muniv,XLI,I,XXI,Denarius,VI,I,DLXIII
Murytub,XXXV,III,CXXVII,Denarius,VII,I,DCCXXX
Munarg,XXXV,XII,CXXII,Aureus,VIII,XVIII,IV
Munarg,XXXVIII,XII,CXC,Quinarius,V,I,LXVI
Muniv,XXXVIII,VI,XV,Denarius,VII,XX,DVII
Munarg,XXXV,IX,CXVI,Denarius,II,XXX,CCCLXXIII
Munarg,XXXVIII,VIII,CLXXXVI,Denarius,VI,XII,CCXXXIV
Atamora,XXXIX,II,IX,Quinarius,V,XXV,DXIII
Munarg,XXXVII,XI,CXLVIII,Denarius,VIII,XIX,CCCXIV
Munarg,XXXIX,IX,CXCIX,Denarius,III,III,CCLIX
Muniv,XXXV,IX,XXII,Quinarius,VIII,XXVIII,CCLXI
Suilis,XL,X,XVIII,Quinarius,IX,XXXI,DCCXLVIII
Murytub,XXXIX,IV,CXXIX,Aureus,VIII,XXX,V
Murytub,XXXVII,XI,CV,Denarius,V,XII,DCXLII
Murytub,XXXVII,IV,CLI,Denarius,IX,XIII,CMXXIV
Murytub,XXXIX,IX,CLXXXVII,Aureus,VI,XI,V
Munarg,XXXVI,VII,CLV,Denarius,VII,XXXI,CCXCI
Muniv,XXXV,XI,XXII,Quinarius,V,XXIII,CCXVII
Munarg,XXXIX,V,CXVI,Denarius,VII,XIX,CDXIV
Murytub,XXXV,X,CXL,Aureus,III,III,IX
Murytub,XXXVIII,VI,CLXVII,Denarius,VII,II,DCXXIV
Muniv,XXXVI,VIII,XVIII,Denarius,IV,IX,DXVIII
Atamora,XXXVIII,IV,VII,Quinarius,VI,XXIII,MXXI
Murytub,XXXV,VIII,CXXXII,Denarius,V,XXVIII,DCLXXV
Munarg,XXXVII,VI,CXLIII,Denarius,IV,XV,CCCXVI
Muniv,XXXVII,IX,XXII,Denarius,V,XXVIII,DIV
Murytub,XXXVIII,VI,CVI,Quinarius,V,XXIX,CCIX
Munarg,XXXVII,IX,CLX,Denarius,IV,XXVII,CCCLXXX
Murytub,XXXVIII,X,CXIV,Denarius,V,XX,DCVIII
Murytub,XXXVII,IV,CXLV,Denarius,IV,XIX,CMVIII
Munarg,XXXV,I,CXXV,Denarius,VII,XXVII,CCC
Atamora,XL,I,IX,Denarius,VII,XXV,MMCCIX
Munarg,XXXVII,IX,CLXXVII,Quinarius,VIII,XX,CXXI
Muniv,XXXVI,XII,XIX,Quinarius,V,XVI,CCXV
Atamora,XL,IV,XI,Aureus,V,XXX,XXVII
Munarg,XXXIX,VII,CLXVI,Denarius,VII,XXVII,CCXLII
Munarg,XL,III,CLXIII,Quinarius,IV,XX,XLIX
Murytub,XXXVII,X,CC,Aureus,VII,VIII,VI
Munarg,XXXV,XI,CXV,Denarius,V,XX,CCCXIV
Munarg,XXXVII,III,CXI,Denarius,VIII,XXVI,CCCXCI
Munarg,XXXV,II,CXXXV,Denarius,IV,XVIII,CCCXLVIII
Munarg,XL,V,CXCVIII,Denarius,III,II,CCXVII
Munarg,XXXVI,VII,CXXXI,Denarius,V,XXV,CCCXII
Munarg,XXXIX,V,CXLVIII,Denarius,VI,II,CDXII
Munarg,XXXVI,XII,CXCIII,Denarius,VIII,XX,CCCX
Munarg,XXXIX,II,CXXXVII,Aureus,V,XXV,IV
Murytub,XXXVII,VIII,CVIII,Quinarius,VI,XXIX,CCLXXXI
Atamora,XXXVI,VII,VI,Denarius,VII,XXXI,MMMCCXCIII
Atamora,XL,I,XII,Quinarius,IV,XX,DCCXLVI
Munarg,XXXVII,I,CIV,Denarius,VIII,VIII,CCCXXXVIII
Suilis,XL,V,XXIII,Denarius,III,II,MMMDCCLXII
Murytub,XXXV,III,CXLVII,Quinarius,VI,XVIII,CCCXLIX
Muniv,XXXVII,VI,XXXIII,Denarius,VII,XIII,CDLXXVII
Munarg,XXXVIII,VI,CXXVII,Quinarius,VII,VI,CXII
Munarg,XXXVII,VII,CLXXIII,Denarius,V,X,CCCXI
Murytub,XXXVI,VII,CCIV,Quinarius,IV,IV,CCLXXI
Murytub,XXXIX,XI,CCIV,Denarius,X,XI,DLXXIX
Murytub,XXXVII,V,CXXXVI,Quinarius,VI,II,CCCLV
Murytub,XL,IV,CLXXVIII,Denarius,VIII,XIV,DLXXXVI
Munarg,XXXVII,III,CLXXIV,Aureus,VI,VII,IV
Murytub,XXXIX,VI,CLXXXIX,Denarius,VII,XXII,DLIV
Munarg,XXXV,XII,CXXV,Denarius,V,XII,CDXII
Munarg,XXXVIII,IV,CXXI,Denarius,IX,II,CCCLXXXI
Muniv,XXXVIII,XII,XXIX,Denarius,V,XXIX,CCCXCVI
Suilis,XL,XII,XXIV,Quinarius,VI,XXVII,DCCLVII
Munarg,XXXV,VIII,CLXXXI,Denarius,V,IV,CCCLXVII
Murytub,XXXVI,X,CXXXII,Denarius,V,XII,DCLIV
Murytub,XXXVII,III,CLXXIV,Quinarius,VII,XXIV,CCCXV
Munarg,XXXIX,XII,CVIII,Quinarius,VI,X,L
Murytub,XXXVI,I,CXXXVI,Denarius,V,XV,DCXLVIII
Muniv,XXXVIII,II,XXIV,Aureus,IX,II,V
Murytub,XXXVI,XI,CCXI,Denarius,VI,XXVIII,DCLXIII
Murytub,XXXIX,XII,CXCIX,Quinarius,IV,VIII,CXXXVII
Murytub,XXXIX,IV,CXLIX,Denarius,III,XV,DLX
Muniv,XXXIX,IV,XXIV,Denarius,III,XV,DLXV
Munarg,XXXVIII,IX,CXXVIII,Aureus,V,XXI,III
Muniv,XXXVI,VII,XXXIV,Denarius,VI,XII,CDXIV
Murytub,XXXIX,XI,CXXI,Aureus,VI,XIV,V
Murytub,XXXIX,XII,CLI,Denarius,VIII,XXVII,DCXXI
Munarg,XXXV,I,CVI,Denarius,IV,XVII,CCCXLVIII
Muniv,XXXVI,XI,XXX,Denarius,V,II,DXVI
Murytub,XXXVI,XII,CXVII,Denarius,VIII,XXIII,DCXIII
Munarg,XXXV,XI,CLVI,Quinarius,IV,XXIV,CLI
Murytub,XXXVII,XI,CLXXVIII,Denarius,IX,XVI,DXCIX
Suilis,XXXVIII,I,XLV,Quinarius,VI,VII,MCLXXX
Atamora,XXXVII,III,XII,Quinarius,X,IV,MCLV
Muniv,XXXVI,VII,XXII,Denarius,VI,XII,DXXXVIII
Munarg,XXXIX,VIII,CXX,Denarius,IX,XI,CCVI
Muniv,XXXVI,XII,XXXI,Denarius,VII,IV,DXLII
Munarg,XXXVIII,I,CXCIV,Denarius,V,XXIII,CCCXXXIV
Muniv,XXXIX,XI,XXI,Aureus,X,VI,V
Murytub,XXXVIII,III,CLXXI,Denarius,VI,II,DCLVI
Murytub,XXXV,IX,CLXXVII,Denarius,VII,XXIV,DCXXVII
Muniv,XXXVIII,V,XXXIII,Quinarius,VI,XXVIII,CLXXXVI
Suilis,XXXVI,VI,XXI,Quinarius,VIII,XIV,MCDLXXXIII
Munarg,XXXIX,XI,CLXIII,Quinarius,III,VII,XCIV
Munarg,XL,XII,CXXVI,Quinarius,VII,XXI,XLII
Murytub,XXXVI,VI,CLXXIV,Denarius,VIII,I,DCLXXI
Munarg,XXXVIII,II,CXX,Quinarius,VI,XV,LXXXVII
Murytub,XXXVIII,XI,CXLIII,Denarius,VI,XXIII,DLXXVI
Munarg,XXXVIII,VIII,CXCIV,Quinarius,IV,VIII,LXXI
Munarg,XL,III,CXCIII,Denarius,VI,IX,CCCLXVI
Murytub,XXXVIII,IX,CLXXIX,Aureus,VII,XX,V
Murytub,XL,XI,CXXVII,Denarius,IV,VIII,DLXI
Atamora,XXXVIII,VIII,XII,Quinarius,X,XXIV,DCCXLIV
Munarg,XXXIX,I,CV,Denarius,VIII,IV,CCLVIII
Munarg,XXXVIII,IX,CXL,Quinarius,VII,XXVII,LXVIII
Munarg,XL,VIII,CLXV,Quinarius,VII,XVII,XCII
Murytub,XXXVIII,VII,CLXXXIX,Quinarius,VIII,V,CLXXX
Murytub,XXXVII,V,CXXIII,Denarius,VI,XVII,CMLVII
Suilis,XXXVIII,V,XXIII,Aureus,V,XVII,XXXIX
Atamora,XL,VIII,XI,Denarius,V,XXVI,MMDCCLXXV
Murytub,XXXVIII,X,CLXII,Denarius,V,VII,DLXXXVIII
Murytub,XXXIX,V,CLVIII,Denarius,IV,XI,DXCII
Munarg,XXXVIII,VIII,CLXXV,Quinarius,VIII,VI,LXXX
Munarg,XXXVI,II,CXXXVI,Denarius,VI,XXVI,CCXCVIII
Murytub,XXXVI,IX,CCVII,Denarius,V,V,DCXLVI
Munarg,XXXVI,X,CLXXII,Denarius,IX,XXVII,CCCL
Murytub,XXXV,I,CLVI,Denarius,VII,XXVII,DCLXV
Murytub,XXXV,V,CLXIX,Denarius,VII,X,DCLIII
Murytub,XXXVIII,XI,CLXVIII,Aureus,VIII,XIX,V
Munarg,XL,VIII,CLXV,Quinarius,V,XXI,XLV
Muniv,XXXVI,XII,XXIII,Quinarius,I,II,CCVII
Murytub,XXXVII,VII,CXLIII,Denarius,V,VII,CMLVIII
Suilis,XL,XI,XIX,Aureus,V,XIV,XXXIV
Murytub,XL,XII,CXLVIII,Denarius,VII,XXI,DVI
Suilis,XXXIX,III,XXVII,Denarius,V,XXIII,MMMDCCCXIII
Muniv,XL,IV,XXVIII,Denarius,VI,XXVII,CDLIX
Munarg,XL,IV,CXXV,Denarius,III,XIX,CCXXVI
Muniv,XXXVII,VIII,XXV,Denarius,VIII,IX,DXCIV
Munarg,XL,VIII,CLXXXVII,Aureus,VI,II,II
Munarg,XXXV,X,CLIV,Quinarius,IV,XXI,CLXIV
Murytub,XXXV,I,CLXVI,Quinarius,VI,VIII,CCCXLVII
Munarg,XXXV,VIII,CLXXXII,Quinarius,VII,XXX,CLXXV
Munarg,XL,XII,CLVII,Quinarius,VI,II,LXXXIII
Munarg,XXXVI,V,CIII,Denarius,VI,II,CCCXLVIII
Munarg,XXXVI,V,CLIII,Quinarius,VII,XXXI,CLXXV
Murytub,XXXIX,III,CLVI,Aureus,VIII,XVIII,V
Murytub,XXXVII,IV,CLV,Denarius,VIII,III,CMLXXXIV
Munarg,XXXV,IX,CLXXXIII,Denarius,VII,XXIX,CCCXXXI
Murytub,XXXVIII,XII,CLXXXVIII,Denarius,VI,XXI,DLXXIX
Muniv,XXXVI,VII,XXII,Denarius,VI,XII,CDXV
Murytub,XXXIX,V,XCVII,Denarius,VII,XX,DCXV
Munarg,XXXVIII,VI,CLXIV,Aureus,IV,XVII,III
Suilis,XXXVI,VII,XIV,Aureus,VII,XXXI,XXXVIII
Murytub,XXXVI,III,CXXXIV,Denarius,VI,X,DCLXIV
Muniv,XXXVIII,V,XXIX,Denarius,VI,X,CDLXIII
Murytub,XXXIX,IX,CXXVIII,Denarius,VI,IX,DXCIX
Muniv,XL,I,XXXI,Quinarius,VII,VII,CXVI
Murytub,XXXIX,V,CXLI,Denarius,VII,XIV,DXLII
Murytub,XXXVII,IX,LXXVIII,Denarius,VI,XXIV,DCCIV
Murytub,XL,VI,CLXXI,Denarius,VI,XXVI,DLIV
Suilis,XXXVIII,IX,XVII,Quinarius,IV,XVII,CMXLVIII
Munarg,XL,VI,CXIV,Quinarius,V,XXIII,LII
Murytub,XXXVIII,VI,CVI,Denarius,IV,XIX,DCXIV
Suilis,XL,X,XXXI,Aureus,V,XI,XXX
Murytub,XXXVII,IV,CLXXI,Denarius,VIII,XII,DCCCLXXXIV
Munarg,XXXV,II,CXXI,Quinarius,V,XVI,CLXX
Murytub,XXXVI,VIII,CXVIII,Denarius,III,IV,DCLIV
Munarg,XXXV,IV,CLXXXV,Quinarius,VI,XXI,CLXXVI
Muniv,XXXVIII,VI,XXVII,Quinarius,IX,XXVI,CLX
Muniv,XXXIX,XI,XXXIII,Denarius,VI,XII,DIII
Munarg,XXXVIII,VI,CLXIII,Denarius,VIII,XVIII,CDII
Muniv,XXXVI,XII,XXVI,Denarius,IV,XVII,CDX
Atamora,XL,VII,VI,Denarius,V,XVI,MMCCLI
Murytub,XXXVII,I,CLXXVI,Denarius,IV,II,DCXXVII
Murytub,XXXV,XI,CLXI,Quinarius,IX,XXVI,CCCXXXIII
Suilis,XXXVII,I,XIX,Quinarius,VI,XXVIII,MCDXCVI
Murytub,XL,VIII,CXVII,Denarius,V,XXVI,DXXXVIII
Munarg,XXXIX,V,CXXXVI,Quinarius,VII,V,XC
Munarg,XXXIX,IV,CL,Quinarius,X,XX,XCIII
Munarg,XXXVIII,V,CXCII,Aureus,VII,II,III
Murytub,XXXIX,II,CXLIV,Denarius,VI,IX,DCX
Murytub,XXXVII,X,CXX,Denarius,V,VI,DXCVIII
Muniv,XXXVI,X,XXIV,Denarius,VIII,XI,DV
Suilis,XXXVI,V,XXI,Aureus,IV,XXVIII,XXXVIII
Murytub,XXXVIII,III,CLXXX,Denarius,V,X,DC
Muniv,XXXV,V,XXXIII,Quinarius,VIII,XXIX,CCLXV
Muniv,XXXVI,V,XXVIII,Denarius,III,XXVI,DV
Murytub,XXXVI,VII,CXXXIII,Quinarius,III,XIX,CCLXXIX
Muniv,XXXVII,XI,XXIII,Aureus,V,XX,V
Murytub,XXXV,XI,CLXXIX,Denarius,VII,X,DCLXIII
Muniv,XXXVIII,I,XVII,Denarius,VIII,IV,DXXVIII
Munarg,XXXIX,II,CLXXIII,Quinarius,VIII,VIII,LXXX
Muniv,XXXIX,VIII,XIII,Denarius,VII,X,DXIX
Munarg,XXXIX,II,CXXV,Denarius,III,IV,CCCLII
Murytub,XXXVI,II,CLXXXIX,Denarius,VI,XIV,DCXXXII
Munarg,XXXVIII,X,CXCVI,Quinarius,VIII,II,XCVIII
Murytub,XXXIX,VI,CLXV,Denarius,VII,XXII,DLXXXVI
Murytub,XXXVI,III,CXLV,Denarius,V,XXIII,DCCI
Munarg,XXXVIII,VIII,CLXXXVIII,Quinarius,VII,XIX,CXVI
Munarg,XXXVI,XI,CXCII,Denarius,VI,XXX,CCCLXXVI
Munarg,XXXVII,IX,CXI,Denarius,VII,VIII,CDI
Munarg,XXXVIII,I,CXIX,Quinarius,VIII,XXV,LXXXIX
Munarg,XXXVIII,V,CXI,Denarius,V,XXVII,CCCLXVI
Murytub,XXXVIII,VIII,CLXXXIII,Aureus,IV,IX,VI
Atamora,XXXVII,VI,X,Denarius,IV,III,MDCLXXX
Murytub,XXXV,XII,CLXXII,Denarius,V,II,DCXLVIII
Murytub,XXXVII,III,CXXXIV,Quinarius,III,XXXI,CCCX
Munarg,XL,XII,CXXIII,Aureus,V,XXVIII,IV
Munarg,XXXVII,I,CXXIV,Denarius,IX,IV,CCCXXXIX
Munarg,XXXIX,VIII,CXXIX,Denarius,VI,V,CDXVIII
Munarg,XXXIX,IX,CV,Quinarius,IX,IV,LXXXVIII
Munarg,XXXIX,III,CXLI,Quinarius,VI,XXXI,XCV
Murytub,XXXIX,III,CXC,Denarius,VIII,XXV,DLXXXIV
Murytub,XXXVII,VI,CLXXXIX,Denarius,VII,XXI,CMXXX
Murytub,XXXVII,IV,CLXXIII,Aureus,V,XVIII,IX
Murytub,XXXV,III,CXXXII,Denarius,IX,II,DCLXI
Muniv,XXXVI,II,XXX,Denarius,V,XXV,DCIV
Muniv,XL,III,XXIX,Denarius,VIII,XVIII,CDLXVI
Munarg,XL,III,CXXV,Denarius,VI,XXXI,CDXXXIX
Murytub,XXXVI,IX,CXIX,Quinarius,VI,I,CCLXVIII
Murytub,XXXVII,XI,CLXXXVIII,Aureus,IV,XVII,VII
Murytub,XL,VIII,CLXVII,Denarius,VI,XVI,DXXXIV
Murytub,XXXIX,VII,CLXVII,Denarius,V,XIV,DLXV
Murytub,XL,III,CXXV,Denarius,IV,XX,DLXXXIV
Muniv,XXXV,VII,XXVII,Quinarius,VI,XIII,CCLX
Murytub,XXXVI,VIII,CXLVI,Quinarius,VII,III,CCLXIV
Munarg,XXXVIII,II,CXVII,Denarius,VI,XXI,CCLXXXI
Murytub,XL,V,CXLII,Quinarius,VII,XII,CXXV
Munarg,XXXIX,III,CXLIV,Quinarius,VIII,IV,XCV
Munarg,XXXVI,VIII,CLXXIX,Aureus,VI,XVIII,III
Munarg,XXXVII,IV,CXXXVII,Denarius,VIII,XII,CCCXII
Suilis,XXXVI,V,XI,Denarius,IX,XXVII,MMMCCXV
Murytub,XXXVIII,I,CXLIX,Denarius,VI,III,DCXVI
Munarg,XL,IX,CXXVII,Denarius,IX,XXIV,CDLXX
Murytub,XXXVI,IX,CCXV,Quinarius,VI,XIX,CCLXXXVII
Munarg,XXXIX,IV,CXLI,Denarius,VII,XIX,CCCLVIII
Munarg,XXXIX,II,CLXXXIX,Denarius,VII,I,CCXXII
Munarg,XXXVIII,VI,CXXVI,Quinarius,IX,XXVI,XC
Munarg,XXXVII,VIII,CI,Aureus,V,VI,III
Munarg,XXXVI,VIII,CXXXII,Denarius,VIII,XXVIII,CCCXCVII
Suilis,XXXVI,I,XIII,Denarius,V,XXIX,MMMDLXXXVII
Suilis,XXXIX,V,XIV,Denarius,IV,XI,MMMDCLXXXIV
Murytub,XXXIX,XI,CLI,Denarius,IV,XV,DLXXXII
Murytub,XXXV,XII,CXXXII,Quinarius,IV,IV,CCCXXVII
Suilis,XL,IX,XVIII,Aureus,I,IX,XXXIV
Muniv,XXXVII,I,XX,Denarius,IV,XXVII,CDXCVI
Munarg,XXXVII,VIII,CLXVIII,Quinarius,VIII,XXIII,CLXIII
Murytub,XXXVI,X,CLVIII,Denarius,VIII,XXI,DCLVI
Muniv,XXXIX,V,XXI,Denarius,V,XXIV,DXLIX
Munarg,XXXVII,IV,CLXVIII,Quinarius,VI,XXV,CLXXVI
Munarg,XL,II,CXXVII,Quinarius,VII,VII,LI
Munarg,XXXV,III,CLXXVIII,Aureus,III,XV,V
Munarg,XXXIX,VIII,CXLIX,Denarius,VIII,XV,CDLXI
Munarg,XXXVIII,XI,CXLIII,Denarius,VII,XVI,CDXLVI
Munarg,XXXVII,III,CXXXVII,Denarius,VII,XXVII,CCCIX
Murytub,XXXVI,III,CXIX,Denarius,X,XII,DCLXXXI
Murytub,XXXVIII,XII,CXLVI,Quinarius,IV,V,CLXVIII
Murytub,XXXVI,X,CLXV,Quinarius,VII,XVI,CCLIX
Murytub,XXXVIII,IV,CVII,Denarius,VII,XXV,DCXVII
Suilis,XXXIX,IV,LVII,Denarius,II,IV,MMMDCCCLXXIX
Murytub,XXXV,III,CXXIV,Denarius,VI,XVIII,DCC
Murytub,XL,IV,CXXXIII,Quinarius,VII,VI,CXXVII
Muniv,XXXVI,X,XIX,Quinarius,IV,XXIII,CCVIII
Munarg,XL,VIII,CLXXXI,Denarius,V,XXVI,CDXXXV
Murytub,XL,V,CCVIII,Aureus,VII,V,V
Murytub,XXXIX,X,CXLII,Quinarius,VI,II,CXX
Munarg,XXXVII,III,CXXXII,Denarius,X,IV,CCLXV
Murytub,XL,X,CIII,Quinarius,V,XXIII,CXV
Munarg,XXXV,XII,CXXXVII,Aureus,V,II,IV
Muniv,XXXVII,II,XXIII,Quinarius,VI,XIII,CCXXV
Muniv,XXXVI,II,XXV,Denarius,VII,VI,CDXLII
Munarg,XL,VIII,CXXV,Quinarius,VI,XXVIII,XCVIII
Suilis,XXXV,V,XXII,Denarius,IX,XXIII,MMMCCLXXXI
Muniv,XXXVI,VI,XVIII,Denarius,V,XIX,DXLVII
Murytub,XXXVI,VI,CXLVIII,Quinarius,V,XXIII,CCLXIII
Munarg,XL,III,CLXXVI,Denarius,IV,XXII,CCXIX
Muniv,XXXVIII,VI,XXIX,Denarius,V,XI,DLVII
Munarg,XXXVII,II,CLXXII,Denarius,VI,XVII,CCCLXVI
Munarg,XXXVII,XI,CLXXVII,Quinarius,VIII,XIX,CXIV
Murytub,XXXVI,I,CXXXIX,Quinarius,VII,XX,CCCV
Munarg,XXXVII,II,CVI,Denarius,VI,XXIV,CCLXXXV
Murytub,XXXVII,IX,CXLVI,Denarius,VI,XXIX,DCXVI
Suilis,XXXV,VIII,XI,Denarius,VIII,III,MMMCDLVII
Munarg,XXXVI,II,CXXXI,Denarius,VII,XVI,CCCLXXVI
Muniv,XXXVII,III,XXVIII,Quinarius,V,XIII,CCIV
Munarg,XXXVIII,VI,CXXXII,Denarius,IV,XIV,CCXXV
Murytub,XXXVI,VI,CLV,Aureus,VIII,XIV,VII
Murytub,XXXIX,I,CXXXV,Denarius,IX,XXVIII,DCXXIX
Murytub,XXXVII,XII,CLII,Denarius,V,XIX,DCXV
Atamora,XXXVI,IV,X,Denarius,VIII,XXX,MMMCCCXXIII
Muniv,XXXVIII,XII,XXXI,Denarius,VI,X,DX
Murytub,XXXV,II,CXXXVII,Quinarius,VII,XV,CCCLXVIII
Munarg,XXXVII,VI,CLIII,Quinarius,VI,XIV,CXLVII
Muniv,XL,II,XXI,Quinarius,VII,XVIII,LXXVIII
Munarg,XL,VI,CLXXI,Quinarius,V,V,XLI
Murytub,XXXVII,V,CLIX,Denarius,VII,IX,CMLXVII
Murytub,XXXVII,I,CLXXXI,Denarius,VIII,XXIV,DCXXXIII
Munarg,XXXV,XII,CLXXXIX,Denarius,IV,IV,CCCXLV
Atamora,XXXIX,X,VIII,Denarius,VII,XXI,MMCMLVI
Muniv,XXXV,III,XIX,Denarius,VII,III,DXIII
Murytub,XXXVI,IV,CLXXXVIII,Denarius,V,I,DCXLII
Munarg,XXXVIII,II,CLXXVI,Quinarius,VIII,XVII,XC
Murytub,XXXV,III,CLXXX,Quinarius,III,XV,CCCXV
Muniv,XL,VIII,XXXIV,Aureus,VI,XI,V
Murytub,XXXV,X,CLXXVII,Denarius,VI,XII,DCLXXXVII
Munarg,XL,VII,CXCV,Quinarius,VIII,XXVI,XLIV
Muniv,XXXVII,X,XXV,Denarius,VIII,IV,DXLIX
Munarg,XXXVI,I,CLXVII,Denarius,VII,XVI,CCCXXIII
Murytub,XXXVIII,VIII,CLXIX,Denarius,V,IV,DXCVII
Suilis,XL,V,XII,Denarius,III,II,MMMDCLVI
Munarg,XXXV,I,CLXXX,Denarius,V,XVI,CCCXCIX
Murytub,XXXVI,IV,CXCIV,Quinarius,V,XXVIII,CCXCVII
Munarg,XL,XII,CLVI,Quinarius,V,XXVI,XCIV
Murytub,XXXIX,X,CLV,Quinarius,III,XII,CXXII
Muniv,XXXVII,VIII,XIX,Denarius,VI,XXIX,DVII
Suilis,XXXVII,V,XXXV,Denarius,IV,XX,MMMDCIII
Murytub,XXXVIII,VI,XCVII,Aureus,V,XI,VI
Suilis,XXXIX,IV,XV,Denarius,III,XV,MMMDCCCXXXV
Suilis,XXXIX,V,XII,Denarius,IV,XXI,MMMDCCLXIV
Munarg,XXXVI,VI,CXLI,Denarius,V,XXIII,CCCXXXI
Suilis,XXXVI,XI,XX,Quinarius,VI,IX,MCDXLVII
Muniv,XXXVI,III,XXV,Aureus,V,III,VI
Murytub,XXXV,I,CXXIII,Denarius,VI,XV,DCCXX
Muniv,XL,IV,XXIV,Denarius,VII,XXIV,DXXXVIII
Murytub,XL,VII,CXCI,Quinarius,VIII,XXI,CXXIV
Suilis,XXXV,IV,XIV,Denarius,VII,XIV,MMMCDXLVIII
Munarg,XXXVI,XI,CXIV,Denarius,III,X,CCCLVI
Murytub,XXXVIII,III,CXLII,Denarius,VIII,XXXI,DCX
Murytub,XXXV,X,CLXX,Denarius,VI,XXVIII,DCC
Murytub,XXXVI,IX,CXCVI,Aureus,VI,XXIV,VII
Munarg,XXXVI,IV,CLII,Denarius,VI,XXIX,CCXCVIII
Suilis,XXXVIII,II,XXXI,Denarius,VII,XIX,MMMCDLXX
Atamora,XL,XII,XI,Denarius,IX,XIII,MMCDLXXXIII
Munarg,XXXV,V,CXXII,Denarius,I,IV,CCCXXIII
Suilis,XXXVII,IX,XIII,Denarius,VII,VI,MMMDCXCIX
Muniv,XL,IV,XXI,Denarius,VI,I,CDLI
Atamora,XXXIX,III,X,Quinarius,VIII,IV,DCLX
Muniv,XL,VIII,XXIV,Quinarius,V,XIX,LXXXV
Murytub,XXXIX,VIII,CCIII,Denarius,VII,XVIII,DLXXX
Murytub,XXXVI,II,CLXXX,Denarius,VII,XXIII,DCCXXVI
Munarg,XXXVII,X,CLVIII,Denarius,II,XII,CCCXLI
Munarg,XXXVII,VI,CVIII,Denarius,VII,IX,CCCLX
Murytub,XXXVIII,VI,CLXX,Quinarius,V,XI,CLXI
Munarg,XL,IV,CLXXVIII,Quinarius,VI,XXII,XLVII
Munarg,XXXVI,VIII,CLXXXVIII,Denarius,IV,XI,CCCXXXVII
Munarg,XXXVII,V,CXVIII,Denarius,VIII,X,CCC
Munarg,XXXV,I,CLXIII,Denarius,VI,XXI,CCCXXX
Murytub,XL,V,CXLII,Denarius,IX,III,DCXII
Muniv,XXXVI,IV,XIV,Denarius,IX,XI,DXV
Munarg,XL,VII,CXXVII,Denarius,VIII,XXVI,CDLXX
Munarg,XXXV,VII,CXXXV,Denarius,IX,X,CCCLXXXVII
Murytub,XXXVII,II,CXLVII,Denarius,V,XIV,DCLX
Murytub,XXXVIII,X,CIII,Denarius,V,XX,DCXV
Murytub,XXXVIII,IX,CLXXIX,Denarius,VII,XXII,DCXXIX
Murytub,XL,IV,CXXIX,Aureus,VI,XXV,V
Muniv,XXXVIII,VII,XXXIII,Denarius,V,XIX,CDXCII
Murytub,XXXVII,III,XCIII,Denarius,IV,X,DCCXLI
Munarg,XXXVIII,XII,CXIII,Denarius,VI,II,CDL
Munarg,XXXVI,IV,CXXVI,Quinarius,V,IV,CXLV
Munarg,XXXVI,VII,CXXXVI,Denarius,VI,XII,CCCXXIX
Munarg,XXXVIII,I,CXXIX,Denarius,VI,XXVII,CCCLXXXII
Muniv,XXXIX,I,XXIV,Denarius,VII,VI,DXXII
Munarg,XXXIX,VII,CXC,Aureus,VII,XXVII,V
Munarg,XXXVII,II,CXXV,Quinarius,IV,XX,CXXXVI
Munarg,XXXIX,IX,CXLIV,Denarius,VIII,I,CCCXCIII
Munarg,XXXIX,I,CXXIX,Denarius,VIII,II,CCLXIX
Munarg,XL,I,CLXXIX,Denarius,VIII,XVII,CDVIII
Muniv,XXXVI,VIII,XXIX,Denarius,IX,X,DXX
Murytub,XXXVII,XI,CLXIV,Aureus,VII,XVIII,VI
Munarg,XXXVI,V,CXVII,Aureus,V,XXIII,IV
Murytub,XXXVIII,I,CXLV,Denarius,VI,XIII,DLXX
Munarg,XXXVII,VIII,CXVIII,Quinarius,IV,VII,CXXX
Munarg,XXXVII,II,CXLIII,Quinarius,VII,XXVII,CXLVI
Murytub,XXXVIII,XII,CXVI,Quinarius,VII,XXII,CXXXVIII
Munarg,XL,IX,CIII,Denarius,IV,III,CDXXIV
Munarg,XL,IV,CVI,Denarius,VII,XVII,CCVIII
Munarg,XXXVII,XII,CLXIX,Quinarius,IV,II,XCII
Murytub,XXXVIII,X,CLXXI,Aureus,VIII,II,VI
Munarg,XXXIX,VI,CXCVI,Aureus,VIII,XX,IV
Murytub,XXXIX,III,CLXXXIV,Quinarius,VI,XXIX,CXXX
Munarg,XXXVII,XI,CLXXIV,Denarius,VI,XXVI,CCXCVII
Murytub,XXXV,I,CXL,Denarius,III,III,DCXCII
Munarg,XXXVII,X,CLXXIX,Quinarius,VII,IX,CXI
Muniv,XL,XII,XXXV,Quinarius,VI,VI,CXVII
Munarg,XL,IV,CLXXV,Denarius,VII,XXIX,CCXXXVIII
Murytub,XL,X,CLX,Denarius,IX,VI,DXX
Suilis,XXXVII,V,XLVII,Denarius,V,XV,MMMCCCXV
Munarg,XXXVI,V,CXXXVI,Quinarius,IV,XXIV,CLXIV
Muniv,XXXIX,III,XXV,Denarius,III,XI,DXX
Munarg,XXXVII,VIII,CLXXXIV,Denarius,VI,XV,CCLXXXIV
Suilis,XL,IX,XLII,Denarius,VII,I,MMMMCXCIII
Murytub,XXXVII,V,CLXXVII,Denarius,VII,IX,DCCCLXXVI
Murytub,XXXIX,III,CIX,Denarius,VI,XXXI,DCII
Munarg,XXXVII,VI,CXIV,Denarius,VI,XVII,CCCXXXVI
Muniv,XXXVIII,II,XXIV,Denarius,VIII,XXII,CDXCIX
Muniv,XXXV,III,XV,Denarius,VII,XXI,DLX
Atamora,XXXVI,X,X,Denarius,VI,XXIV,MMCDLIV
Munarg,XL,VIII,CXLV,Denarius,IV,VI,CDLXVII
Atamora,XL,X,XI,Denarius,V,XXX,MMDCCXCIV
Murytub,XXXIX,I,CVIII,Denarius,IV,X,DCXXXVI
Muniv,XXXVII,VIII,XXVIII,Denarius,IV,XII,CDLXXVIII
Muniv,XXXV,X,XXIV,Denarius,VI,XXVI,CDXCVI
Murytub,XL,III,CXVIII,Denarius,VI,III,DLXX
Munarg,XXXV,XI,CXCII,Denarius,V,XXV,CCCLXXVII
Murytub,XL,XI,CLVII,Quinarius,VII,XXII,CXII
Suilis,XXXVIII,III,XXXIII,Denarius,VII,IV,MMMDCCCXCIV
Murytub,XXXIX,X,CXCV,Quinarius,VI,XVII,CXIV
Munarg,XXXVIII,IX,CXLV,Denarius,VII,XXVI,CCCLXXX
Murytub,XXXIX,V,CXV,Aureus,VI,IV,VI
Muniv,XXXV,XII,XXVI,Quinarius,IV,VIII,CCXXIII
Murytub,XXXV,III,CLXXXIX,Quinarius,IV,XXV,CCCLXVI
Muniv,XXXVII,I,XV,Quinarius,VI,XIII,CCXXXVIII
Murytub,XXXVI,VII,CLXIII,Denarius,VII,XXIX,DCCXXVI
Muniv,XXXVII,VII,XXXVII,Quinarius,V,XIV,CLXXXI
Munarg,XXXVIII,IX,CXLVI,Quinarius,V,VII,LXI
Murytub,XXXIX,VII,CXXXVI,Denarius,VII,XXIV,DXCVI
Murytub,XXXVIII,VI,CLXVIII,Denarius,V,XI,DCXXXV
Muniv,XXXVIII,I,XXIV,Denarius,X,XIX,DXLIII
Munarg,XXXVI,III,CXXV,Quinarius,VIII,XXV,CXXII
Muniv,XXXVI,VIII,XX,Denarius,VIII,XVI,DV
Munarg,XXXIX,XI,CLXXXVI,Denarius,VIII,XXVI,CCCLIV
Murytub,XXXIX,V,CXXXI,Denarius,V,XXIV,DLXV
Munarg,XXXVII,XII,CXXXIX,Quinarius,III,XVI,CXX
Murytub,XXXVIII,IV,CLXXXIV,Denarius,VII,I,DCXXXIV
Munarg,XXXV,X,CXXX,Quinarius,III,III,CLXXX
Murytub,XXXIX,I,CV,Quinarius,V,XXVII,CXXXIII
Munarg,XXXVII,XI,CLXXII,Denarius,VIII,XI,CCCLXI
Murytub,XXXVI,I,CXII,Quinarius,VII,VIII,CCCXIV
Murytub,XXXV,VI,C,Denarius,VIII,IV,DCCXVIII
Munarg,XXXVI,IV,CLVII,Aureus,V,V,IV
Munarg,XXXVIII,XI,CLXXXIX,Denarius,VI,V,CCLXIV
Munarg,XXXVIII,IX,CLXXVII,Aureus,VII,XVIII,III
Munarg,XXXVIII,IV,CXCVIII,Quinarius,VIII,XII,CXXXIII
Munarg,XXXVI,VI,CXLVI,Denarius,VIII,I,CCCLIV
Muniv,XXXIX,VII,XXX,Denarius,VI,XVIII,DL
Atamora,XXXVIII,V,XI,Denarius,VI,X,MMMCLXXXIII
Munarg,XXXVIII,V,CXXIII,Denarius,VII,XXIX,CCXC
Murytub,XXXVIII,X,CXXI,Denarius,VI,V,DLXXIII
Muniv,XXXVI,IX,XXVI,Denarius,VIII,XII,DLV
Murytub,XXXIX,XI,CXXXVII,Aureus,III,VII,V
Munarg,XXXVII,VI,CLII,Denarius,V,XXVIII,CCLIV
Munarg,XXXVI,III,CXXVIII,Denarius,VIII,XXIV,CCCXLVI
Suilis,XXXV,VIII,LXXXIII,Denarius,VI,XXVII,MMMLXXXV
Murytub,XXXV,X,CLII,Quinarius,VI,IV,CCCLIII
Murytub,XL,XII,XCII,Denarius,V,XXVIII,DXXII
Muniv,XXXVII,VII,XXIV,Denarius,VII,XXI,DXLI
Munarg,XXXVI,IV,CXCIV,Denarius,IV,X,CCCLXI
Munarg,XXXVI,VI,CXCVI,Denarius,VII,XVI,CCCLVI
Munarg,XXXV,III,CIII,Denarius,VII,XXXI,CCCXXV
Murytub,XXXVI,X,CXLVII,Quinarius,IV,VII,CCLX
Murytub,XXXV,X,CXXVIII,Quinarius,VII,II,CCCLV
Murytub,XXXVIII,IV,CLXXIII,Denarius,VI,III,DCX
Atamora,XL,IX,IX,Quinarius,IX,XXIV,DCXVII
Muniv,XXXIX,I,XXIII,Quinarius,VIII,XXII,CXXVI
Atamora,XXXVIII,I,XI,Denarius,V,I,MMMDXXVI
Muniv,XXXVII,IV,XX,Denarius,V,I,DCV
Murytub,XXXIX,VIII,CLXIX,Quinarius,VI,V,CXLVIII
Murytub,XXXVII,IX,CLV,Denarius,IV,XXVI,DCLXXXIV
Murytub,XXXVIII,III,CLXX,Quinarius,VII,IV,CLXXXVIII
Murytub,XXXV,III,CXLII,Denarius,IV,XXII,DCXLVI
Atamora,XXXVI,X,XIII,Denarius,VI,II,MMMDCXXIII
Muniv,XXXVI,VIII,XXXII,Denarius,VI,XXIV,DLXIII
Munarg,XXXIX,VIII,CVI,Denarius,VIII,XX,CCCLXX
Murytub,XXXVI,XII,CCXI,Denarius,VI,III,DCXXIII
Munarg,XXXVIII,XI,CXLIX,Denarius,II,XXIV,CCCLXXII
Murytub,XXXV,I,CIV,Denarius,VI,VIII,DCCVIII
Munarg,XXXV,IX,CLXXXVI,Denarius,VI,XIV,CCCXXXVI
Murytub,XXXVII,II,CXVII,Quinarius,VIII,XXIII,CCLXII
Munarg,XXXIX,III,CXLIII,Denarius,V,XXII,CCXIII
Munarg,XXXVII,XI,CXXXIX,Denarius,VI,X,CCXCVIII
Munarg,XXXVIII,VII,CLIII,Denarius,II,VIII,CCXLV
Murytub,XXXVIII,I,CXXIX,Denarius,VI,XV,DCXXIX
Murytub,XXXVI,X,CLXXXIX,Denarius,VII,XXII,DCIII
Munarg,XXXV,IV,CXLII,Quinarius,VII,XXIII,CLXX
Munarg,XXXVII,VII,CXCII,Denarius,V,VII,CCLXXI
Munarg,XXXVII,VI,CLV,Denarius,IV,XX,CCCXLVIII
Munarg,XXXIX,VII,CXVIII,Denarius,V,XXIX,CCXXXIII
Munarg,XXXVII,V,CXXVIII,Denarius,VII,XXXI,CCCXCVII
Murytub,XL,II,CLXXII,Denarius,V,VIII,DCIII
Murytub,XXXVIII,XI,CXVII,Denarius,VII,XVI,DCVI
Murytub,XXXVIII,V,CCIII,Denarius,VI,IX,DXCV
Murytub,XXXVIII,VI,CXLIII,Denarius,VI,XII,DCII
Murytub,XXXVI,VI,CXXXIX,Denarius,VII,XVI,DCCXX
Murytub,XXXVIII,VI,CL,Denarius,V,XXIV,DCXLVI
Atamora,XXXVII,VIII,IX,Quinarius,V,VI,MCCCXLVI
Murytub,XXXVIII,VII,CVIII,Quinarius,VI,I,CXCIX
Munarg,XXXIX,IV,CLXXVIII,Denarius,VIII,XIII,CDXX
Munarg,XXXIX,IX,CXVIII,Denarius,IV,XIII,CCI
Muniv,XXXVIII,XII,XXII,Denarius,VII,XXIV,CDLIII
Munarg,XXXIX,XI,CLVII,Denarius,V,X,CDLX
Murytub,XXXIX,VII,CXXIV,Denarius,VII,XI,DXXXIX
Murytub,XXXVIII,VII,CXVI,Quinarius,VI,VI,CLXXXIII
Munarg,XXXV,XI,CLIX,Quinarius,V,XXVII,CLXXXIII
Murytub,XXXVII,V,CLIX,Denarius,VI,XIV,CMLXXVII
Murytub,XXXVIII,VIII,CLXXXVII,Aureus,VIII,X,VI
Munarg,XL,II,CLXXIV,Denarius,IX,XXVIII,CXCV
Atamora,XXXVII,V,XI,Denarius,IV,XII,MCMLXXII
Murytub,XXXV,V,CLVII,Denarius,IV,XVI,DCLXIV
Muniv,XXXVIII,IV,XXI,Denarius,VI,VI,DXI
Munarg,XXXVIII,VI,CLXXVI,Denarius,VII,VI,CCL
Murytub,XXXVIII,V,CXC,Denarius,VII,XIX,DCXXIX
Munarg,XXXVI,I,CXCV,Denarius,IV,VII,CCCLVI
Murytub,XXXV,III,LXXXVII,Denarius,VII,XX,DCXL
Muniv,XXXVIII,VI,XXXIII,Denarius,VIII,III,DLI
Muniv,XXXVIII,XI,XXV,Aureus,IV,XVIII,V
Murytub,XXXIX,IX,CLXXV,Denarius,X,XII,DCX
Munarg,XL,VIII,CXXIV,Quinarius,IV,VI,XXXIX
Muniv,XXXVI,X,XX,Denarius,VI,VIII,CDLXII
Munarg,XXXVI,XI,CXCIX,Denarius,VII,I,CCLXIV
Munarg,XXXIX,III,CIII,Denarius,VI,II,CCLXXVII
Murytub,XXXV,VIII,CVIII,Aureus,VII,XI,VIII
Murytub,XXXIX,II,CXCI,Denarius,VII,I,DCLIII
Munarg,XXXVII,I,CXLII,Denarius,VIII,IX,CCCXIX
Muniv,XXXV,II,XXIV,Denarius,VII,XXIII,CDLXVIII
Atamora,XXXV,IX,VI,Denarius,VII,III,MMDXXX
Murytub,XXXIX,IX,CLII,Denarius,VII,XVI,DCVII
Munarg,XL,XI,CXVIII,Quinarius,V,VII,LXXXV
Suilis,XL,IV,XX,Aureus,VIII,XIV,XXXIV
Suilis,XXXV,II,XV,Denarius,VII,XV,MMMCDXXIX
Murytub,XXXVI,IX,CXXII,Denarius,IV,XXIX,DCLVIII
Murytub,XXXIX,VIII,CLXXXII,Aureus,V,XXII,VI
Munarg,XL,III,CX,Quinarius,VI,XII,LXXXIV
Muniv,XXXVII,XII,XIX,Aureus,VI,XXI,VI
Murytub,XXXVIII,XI,CLVII,Denarius,VI,IV,DCXIII
Munarg,XXXVII,VIII,CLXXV,Denarius,IV,XIX,CCLII
Murytub,XXXIX,XII,CXC,Denarius,VIII,XXIX,DLXXXVIII
Munarg,XXXIX,IV,CLXIX,Denarius,V,I,CCCLXX
Muniv,XXXV,V,XXXIII,Quinarius,VII,V,CCLXX
Munarg,XXXVII,IV,CXLIX,Denarius,VIII,XV,CCLI
Murytub,XL,VIII,CLV,Quinarius,IV,V,CXIV
Suilis,XXXV,III,XXVII,Quinarius,VII,XXVII,MDLXXVI
Suilis,XXXVIII,I,XLI,Denarius,VIII,XVI,MMMDCCXCVII
Murytub,XL,IX,CLXXIV,Denarius,IV,XXVIII,DLXXX
Munarg,XXXV,XII,CXLII,Denarius,IV,XXVIII,CCCXL
Murytub,XXXVI,XII,CLIV,Denarius,V,XVI,DCCVI
Muniv,XXXVII,IV,XXII,Quinarius,V,XVIII,CCXXII
Murytub,XXXVII,IX,XCVI,Denarius,VI,IX,DCLV
Murytub,XXXVII,II,CLXXXI,Denarius,VII,VI,DCLXXXIV
Munarg,XXXVIII,VI,CXCV,Denarius,IV,XVI,CCCXCVI
Murytub,XXXIX,V,CLXXV,Denarius,IV,XVI,DCVI
Murytub,XXXIX,IX,CVI,Denarius,V,XIX,DLI
Murytub,XXXIX,X,CXCIII,Denarius,V,I,DLXXVI
Munarg,XXXIX,II,C,Quinarius,VI,XXII,XC
Muniv,XL,III,XXV,Denarius,VI,XXXI,DLV
Murytub,XXXIX,X,CLI,Denarius,VI,XX,DXLVI
Munarg,XXXVII,IX,CXXIV,Quinarius,VI,XVI,CXVI
Munarg,XXXV,VIII,CLXXXIV,Denarius,VII,XXX,CDI
Atamora,XXXVII,VII,VII,Aureus,VIII,VI,XVII
Murytub,XXXIX,VII,CXLII,Quinarius,IX,XVI,CXLI
Murytub,XXXVIII,IV,CXVIII,Denarius,V,XXII,DXCI
Murytub,XXXVIII,V,CLXII,Denarius,IV,XXIII,DCLVIII
Murytub,XXXIX,VIII,CXXVII,Quinarius,IV,XXVI,CXXXII
Munarg,XXXV,IV,CI,Denarius,IV,XXIV,CCC
Munarg,XXXIX,XII,CL,Denarius,IV,VIII,CDXLIX
Munarg,XXXVI,II,CXLI,Quinarius,III,III,CLXXXIII
Munarg,XXXV,XII,CXLIII,Denarius,IV,XXVIII,CCLXXXIII
Murytub,XXXVIII,V,CLXXXIV,Denarius,V,XI,DXCV
Munarg,XXXVI,IV,CXCII,Denarius,III,XXIV,CCCXVIII
Atamora,XXXVII,VII,VII,Aureus,VI,XXVI,XVI
Munarg,XXXVII,IV,CXCI,Denarius,VIII,III,CCLXXIX
Munarg,XXXIX,VIII,CXXVII,Denarius,VII,X,CCX
Munarg,XXXVIII,I,CXCVI,Denarius,VII,XVII,CCLXVI
Munarg,XXXVIII,XI,CLXXXIX,Denarius,V,XXVII,CCLXXVIII
Munarg,XXXV,IX,CXL,Quinarius,VI,XX,CLVI
Murytub,XXXIX,V,CXXXVII,Denarius,VII,X,DLXXII
Muniv,XXXVIII,V,XXII,Denarius,IX,VII,CDLVII
Munarg,XXXVII,I,CXX,Quinarius,VI,XIII,CXLVI
Munarg,XL,VI,CIX,Quinarius,IV,XX,CIX
Murytub,XXXVII,XII,CLXVIII,Denarius,VII,IX,DCXLVI
Muniv,XXXVII,IV,XXX,Denarius,VI,XXVII,CDLXXVII
Muniv,XXXVII,II,XVIII,Quinarius,VIII,IX,CCXXV
Munarg,XXXIX,VIII,C,Denarius,V,I,CCXXXVII
Murytub,XL,XI,CLXVI,Denarius,IX,XXIV,DXLII
Munarg,XXXVII,XI,CXXIV,Denarius,IV,XXVII,CCC
Suilis,XXXVIII,XI,XII,Denarius,IV,XXI,MMMDCCCVIII
Munarg,XXXVII,VII,CLXXXVIII,Denarius,V,XXV,CCCXLIV
Murytub,XL,I,CLXXVII,Quinarius,VII,XXII,CXLI
Murytub,XXXIX,VIII,CXLVI,Denarius,VIII,XIII,DLXXII
Munarg,XL,VII,CLVIII,Quinarius,V,XXII,XLVII
Murytub,XXXV,XII,CCII,Quinarius,V,XXXI,CCXCIV
Atamora,XXXVII,IV,XI,Denarius,VI,XVI,MDLXXVI
Suilis,XXXVII,III,XII,Denarius,VI,XIV,MMMCCCXLII
Muniv,XXXVIII,X,XXIII,Quinarius,VIII,VIII,CLV
Munarg,XL,II,CXXVI,Denarius,VI,VI,CDXI
Munarg,XXXVII,II,CX,Aureus,V,XXVIII,III
Murytub,XXXVII,II,CXLVII,Quinarius,VI,X,CCLI
Munarg,XXXIX,IX,CXIV,Denarius,V,XXI,CCLX
Murytub,XXXV,I,CLXVII,Aureus,V,XVIII,IX
Munarg,XXXV,XI,CXLIII,Denarius,VII,XIX,CCCLXV
Munarg,XXXIX,X,CLXXXIII,Denarius,V,XIX,CDLVIII
Murytub,XXXVIII,II,CLXIV,Denarius,V,XXIII,DCLX
Murytub,XXXVI,I,CLV,Denarius,III,XXI,DCXLIII
Murytub,XXXVII,VII,XCI,Denarius,IV,XXVII,CMLIX
Muniv,XXXIX,XI,XX,Denarius,VI,XIX,DII
Murytub,XXXV,IX,CLXXIV,Denarius,VII,II,DCLXXI
Atamora,XL,XI,XII,Quinarius,VI,XXX,DXXXVIII
Munarg,XXXV,IV,CXCIV,Denarius,III,XVII,CCCXVI
Munarg,XL,IV,CLXXXVIII,Denarius,V,XXX,CCXI
Munarg,XXXVI,VIII,CLVI,Aureus,IX,X,IV
Suilis,XXXVII,VI,XXI,Denarius,VII,XVI,MMMDCCLXXVI
Murytub,XXXVII,XI,CXLIII,Quinarius,VIII,XI,CCIX
Murytub,XXXVIII,VII,CXXXV,Denarius,VI,XV,DLXXVIII
Muniv,XXXVI,IV,XXIII,Denarius,V,IV,DVI
Munarg,XL,VII,CXX,Denarius,VI,II,CCVI
Murytub,XXXIX,VIII,CXXXVII,Denarius,VII,XXIV,DCII
Suilis,XXXV,V,LXIV,Quinarius,IX,XXIII,MDLXXV
Muniv,XXXIX,XI,XXV,Aureus,VI,XXVIII,V
Murytub,XXXVI,V,CXIII,Denarius,IV,XI,DCLXXXVI
Munarg,XXXV,II,CXXXIX,Denarius,V,XX,CCCLXXI
Munarg,XXXVI,I,CIV,Aureus,VII,XVII,IV
Murytub,XXXIX,IX,CLXII,Denarius,V,XV,DLIV
Murytub,XXXIX,VII,CLXXV,Denarius,V,XXVIII,DLXXIX
Munarg,XXXVI,II,CXCV,Denarius,V,X,CCCXCIV
Murytub,XL,XII,CLXXIV,Aureus,VI,VI,IV
Murytub,XL,XII,CXLIII,Denarius,VI,XXVII,DXXXIX
Munarg,XXXVI,VIII,CXXXV,Denarius,VIII,XXVIII,CCCXLVI
Murytub,XXXVII,XI,CLII,Denarius,VIII,XIX,DXCI
Munarg,XXXVI,X,CLXVI,Denarius,II,V,CCCL
Munarg,XXXVI,V,CX,Quinarius,VII,XIV,CXLVI
Murytub,XXXVII,VII,CXVIII,Quinarius,V,XXX,CCCXXVIII
Murytub,XXXVII,XII,CXLVI,Denarius,VI,XXVII,DCXXIX
Murytub,XXXV,V,CXCVIII,Denarius,VIII,XXII,DCLXXXIV
Murytub,XL,II,CCIV,Denarius,VI,XXVII,DXCV
Munarg,XXXVI,IV,CLXXXVI,Denarius,V,V,CCCLXXIV
Munarg,XXXVIII,IV,CII,Denarius,IX,II,CCLXXXVI
Munarg,XXXVIII,VII,CLXXIV,Denarius,VIII,IV,CCCLXXXV
Munarg,XXXVII,IX,CXXV,Quinarius,IV,XXVII,CLXIII
Munarg,XXXV,VII,CXXII,Denarius,VII,XXIX,CCCXLV
Murytub,XXXV,VIII,CIV,Quinarius,VI,XXXI,CCCXXXVIII
Munarg,XXXVI,VI,CV,Denarius,V,X,CCCXLI
Murytub,XXXVIII,II,CLVII,Quinarius,VII,XXVI,CLXXXI
Murytub,XXXIX,III,CLXX,Denarius,III,VIII,DCXII
Munarg,XXXVII,IX,CLXVIII,Quinarius,V,XI,CLXII
Murytub,XXXVII,II,CLXXXIII,Denarius,VII,VIII,DCLXX
Munarg,XXXIX,XII,CLXXXV,Quinarius,V,XXXI,CV
Murytub,XXXVII,VI,CI,Quinarius,V,X,CCCLVII
Munarg,XXXIX,IV,CXXXVIII,Denarius,VII,XXI,CCLXVIII
Murytub,XXXV,VII,CXXXVI,Denarius,III,XVI,DCLXXXVIII
Murytub,XXXVII,I,CXLI,Quinarius,VII,XIV,CCLVIII
Murytub,XXXIX,XII,CXC,Aureus,VIII,II,V
Murytub,XXXVIII,I,CLXVIII,Denarius,VI,XIII,DCV
Murytub,XL,XII,CXLVI,Quinarius,VI,VII,CVI
Muniv,XXXVIII,III,XXX,Denarius,IV,III,DLXIII
Munarg,XXXIX,XI,CIX,Denarius,III,XVI,CCCLXXIX
Murytub,XXXVIII,V,CLXII,Denarius,V,XI,DCX
Munarg,XL,I,CXLII,Quinarius,V,XVI,CVIII
Muniv,XXXV,I,XXIV,Denarius,VIII,XXIV,CDLXXVII
Munarg,XXXVIII,XI,CLXXIII,Denarius,VI,IV,CDXII
Muniv,XXXV,XI,XXII,Denarius,VI,XXX,CDLII
Murytub,XXXVII,III,CLVIII,Denarius,VI,III,DCXLIX
Murytub,XL,V,CXLVI,Aureus,III,II,V
Suilis,XXXV,VI,XLIII,Aureus,VI,XXV,XLII
Muniv,XXXV,I,XXXI,Quinarius,IV,XXIX,CCLIX
Murytub,XXXVII,IV,CLXXXII,Quinarius,VII,VI,CCCLIX
Muniv,XXXV,IX,XXVIII,Quinarius,VIII,XV,CCLV
Atamora,XXXVIII,VII,XIII,Denarius,VI,XV,MMCLXXXVI
Murytub,XXXVI,VIII,CLXXVIII,Denarius,VII,XXII,DCLXIX
Murytub,XL,XII,CLXXVII,Denarius,V,XXVIII,DXLVIII
Murytub,XXXIX,I,CLXXIII,Quinarius,VII,XV,CXXXVI
Suilis,XXXV,III,LXXVII,Aureus,IV,XIX,XLV
Munarg,XXXIX,VII,CXVI,Denarius,VI,XII,CCLXIII
Suilis,XXXVI,XI,XI,Denarius,VI,XXX,MMMDXXXVI
Murytub,XL,VII,LXXXIX,Denarius,VIII,V,DLXXII
Muniv,XXXVI,V,XXII,Denarius,IV,XXX,DXXXVII
Murytub,XXXVII,I,CLXVII,Denarius,VII,XVII,DCXXXIX
Murytub,XXXVI,VII,CLXXVII,Aureus,V,I,VII
Munarg,XL,IV,CXII,Aureus,VII,VII,IV
Muniv,XXXVI,VII,XXX,Quinarius,VIII,X,CCXVI
Suilis,XXXV,III,X,Denarius,V,IX,MMMXXX
Munarg,XXXIX,XII,CXCVII,Denarius,IV,XIV,CC
Munarg,XXXVII,V,CXCVII,Denarius,V,XV,CCCXIII
Muniv,XL,IX,XXIV,Denarius,IX,XXIV,DXIX
Murytub,XXXIX,XI,CVI,Denarius,VI,XIX,DLXXIII
Murytub,XXXVII,XI,CLII,Denarius,IV,XXVIII,DCXXV
Murytub,XXXV,VII,CXXIX,Denarius,VII,III,DCCXVI
Suilis,XXXVI,XII,XVIII,Quinarius,VII,IV,MCDXVI
Murytub,XXXVIII,VIII,CLXXXIII,Denarius,V,III,DCX
Muniv,XXXVI,XI,XXV,Quinarius,VII,XV,CCXVIII
Atamora,XL,V,IV,Denarius,VIII,XVII,MMCXCI
Murytub,XL,IX,CXCVII,Denarius,IX,XV,DXXXVII
Murytub,XXXVIII,X,CLVII,Quinarius,IV,XXIV,CLIV
Muniv,XXXVI,VII,XXVI,Quinarius,VI,XII,CXCVIII
Munarg,XXXVI,IX,CLI,Quinarius,V,XV,CLXVIII
Murytub,XXXVIII,III,CLVII,Denarius,V,X,DCXI
Suilis,XL,VII,XLII,Quinarius,VI,II,CMLXXI
Murytub,XXXVIII,II,CXVI,Aureus,VIII,VII,VI
Munarg,XXXIX,III,CXXIII,Denarius,V,XXIII,CCX
Munarg,XXXVIII,X,CXXXIV,Denarius,VII,XI,CCCLIV
Muniv,XXXVI,X,XXVIII,Denarius,IX,III,CDXCV
Munarg,XXXV,I,CXVIII,Denarius,VII,XXX,CCCLXIX
Murytub,XL,III,CLXI,Denarius,VI,XI,DLXXXI
Murytub,XXXV,V,LXXXI,Denarius,I,IV,DCLXVI
Murytub,XL,VIII,CLXXXVII,Denarius,III,XVIII,DX
Suilis,XXXIX,XII,XXXV,Denarius,VI,XX,MMMDCCCLXXIX
Muniv,XXXVI,X,XXXIII,Quinarius,V,XXIX,CCIII
Munarg,XL,XI,CXXXVII,Quinarius,VI,XI,XL
Munarg,XXXV,VII,CXLVIII,Denarius,VI,XV,CCCL
Murytub,XXXIX,II,CLXV,Quinarius,VI,XXVIII,CXLVII
Munarg,XL,III,CXLVII,Denarius,V,XXVIII,CDLVI
Muniv,XL,II,XXIX,Denarius,IX,XXVIII,CDLVII
Munarg,XXXVII,IX,CIII,Quinarius,IX,VII,CXLIII
Murytub,XL,X,XCIII,Denarius,V,XXIII,DLX
Munarg,XXXV,V,CLXVIII,Aureus,V,XXXI,V
Munarg,XXXIX,VI,C,Denarius,V,XVII,CCLXVI
Murytub,XXXVI,XI,CXIII,Quinarius,VII,XVIII,CCLXXIII
Munarg,XXXIX,III,CLXV,Quinarius,V,VI,LXI
Suilis,XXXVII,III,XXVII,Denarius,III,XII,MMMDCCXIX
Munarg,XXXVII,IX,CLIII,Quinarius,IV,III,CLIII
Murytub,XXXV,IV,CLXXXVIII,Quinarius,V,XX,CCCXLI
Muniv,XXXVI,IV,XXVII,Denarius,V,I,CDXCI
Murytub,XXXIX,IX,CXXXV,Aureus,V,XV,V
Suilis,XXXV,VI,XII,Denarius,VIII,XXIV,MMMDXVII
Munarg,XXXIX,VIII,CXCIII,Denarius,IV,XXV,CCCLXXXIX
Suilis,XXXVI,I,XII,Quinarius,VII,VIII,MCDLXXVI
Munarg,XXXVIII,VIII,CXXII,Denarius,VIII,XXX,CDXXXV
Munarg,XXXV,XI,CLXXIII,Denarius,IX,XXVI,CCCLVII
Murytub,XXXVIII,X,CLXVI,Quinarius,V,XXVII,CLIV
Murytub,XXXVII,V,CXLVI,Quinarius,VI,XIII,CCCXCIV
Munarg,XXXVIII,VI,CLXVIII,Denarius,V,XXIV,CCXXV
Munarg,XXXVIII,X,CXIII,Denarius,IV,XXIV,CCCLXIV
Murytub,XXXV,II,CXVII,Denarius,VII,XV,DCCIV
Munarg,XXXVIII,XI,CXXXVI,Quinarius,VI,XXII,CVII
Munarg,XXXV,II,CLVI,Aureus,VI,XI,IV
Muniv,XXXVII,IV,XXX,Denarius,VIII,III,CDXXVII
Murytub,XXXV,III,CXXXI,Denarius,VI,XII,DCLXIV
Muniv,XL,XI,XXVIII,Denarius,III,III,DXL
Murytub,XXXVI,XII,CXLIX,Quinarius,VIII,XXIII,CCXLV
Munarg,XXXV,XII,CXLVIII,Denarius,VIII,XVIII,CDIV
Murytub,XXXVI,II,CXXV,Denarius,V,II,DCLXXII
Munarg,XL,VIII,CLXXV,Quinarius,VII,I,CV
Muniv,XXXVI,V,XXII,Denarius,VII,VI,CDLX
Murytub,XXXV,V,CLXXIX,Aureus,VIII,XXIX,IX
Murytub,XL,VII,CXIX,Denarius,VII,I,DLVII
Murytub,XXXVII,IX,CIII,Denarius,V,XVIII,DCLXXIX
Muniv,XXXVII,XII,XXXIX,Aureus,IV,VIII,VI
Munarg,XXXIX,VIII,CLXXII,Quinarius,VI,V,CXIII
Munarg,XXXVIII,VI,CLXXIII,Denarius,VII,XXI,CCLXXX
Munarg,XXXVI,X,CV,Quinarius,VI,XXVIII,CXLVIII
Munarg,XXXVI,III,CLXXVI,Quinarius,III,XXII,CXLVII
Muniv,XXXV,VI,XXV,Denarius,VIII,IV,CDLXI
Munarg,XXXVII,VI,CXCIX,Quinarius,IX,II,CXXX
Murytub,XL,XII,CVI,Denarius,VII,XXII,DL
Suilis,XL,VI,XV,Aureus,V,XVIII,XXXII
Muniv,XXXVIII,I,XX,Denarius,VI,XI,CDLXXI
Munarg,XL,III,CLXXV,Denarius,VI,IX,CC
Murytub,XXXVIII,VII,CXLI,Quinarius,VII,XXVIII,CLXVIII
Munarg,XXXV,VII,CLXXXVII,Quinarius,VII,XXIX,CLXVII
Munarg,XL,IX,CLIX,Denarius,V,X,CCI
Murytub,XXXVII,II,CXXXIV,Denarius,VI,X,DCCXXI
Munarg,XXXV,VI,C,Denarius,VI,XVI,CCCVI
Munarg,XXXIX,I,CXXI,Quinarius,V,VII,LIII
Munarg,XXXV,V,CLXXXV,Denarius,VII,XXVI,CCCXV
Muniv,XXXIX,VII,XXI,Denarius,V,XXX,CDXLI
Muniv,XXXVI,X,XIX,Denarius,IX,XXVII,CDXIV
Murytub,XL,I,CXXII,Denarius,V,IV,DXXVII
Atamora,XXXVI,I,XVI,Quinarius,IV,XXX,MDCCLXXXIX
Suilis,XXXVII,XII,XIII,Quinarius,VIII,III,MCCXLIX
Munarg,XXXVII,XI,CXIX,Quinarius,VI,XXV,CXXXIX
Murytub,XXXVIII,IV,CVII,Quinarius,V,XXIX,CLXXXIX
Murytub,XL,IX,CLXIV,Denarius,V,VI,DXL
Muniv,XXXV,II,XXXIV,Denarius,VII,V,DXIII
Muniv,XXXV,I,XXIX,Denarius,V,XVI,DLXXI
Murytub,XXXVII,II,XCVIII,Aureus,VIII,XXIII,VII
Murytub,XXXIX,VII,CIII,Aureus,VI,XX,VI
Munarg,XXXIX,X,CLX,Aureus,VII,VII,II
Munarg,XXXVII,II,CVIII,Denarius,VII,VI,CCCXXXII
Munarg,XXXVII,IV,CXVII,Quinarius,VIII,III,CXVI
Munarg,XXXIX,VI,CXXXI,Denarius,IX,VI,CCXI
Munarg,XL,VI,CXX,Denarius,IV,IX,CCCXCIV
Muniv,XXXVI,III,XXI,Denarius,IX,XIV,DVII
Muniv,XXXVI,VII,XXXIII,Denarius,VI,XV,DLXIII
Murytub,XXXVI,VII,CLXI,Denarius,V,VIII,DCLVIII
Murytub,XXXVII,XII,CLIV,Denarius,IV,VII,DCL
Munarg,XXXVIII,XI,CLXVI,Quinarius,V,XXVII,LXX
Murytub,XXXIX,II,CXXXIX,Denarius,VII,I,DXCVII
Murytub,XXXVII,VI,CLXXI,Quinarius,VII,XIX,CCCLIV
Muniv,XXXVI,IV,XXVIII,Denarius,III,XXVI,CDXCIV
Murytub,XXXVII,V,CXXXIV,Denarius,III,XXIII,CMLXVI
Munarg,XXXVII,VII,CXLI,Denarius,VI,XXVI,CCLXXXII
Muniv,XXXVIII,I,XXXV,Denarius,VI,XI,DLXXIV
Suilis,XXXIX,II,XVIII,Quinarius,V,XIV,DCCLXXXV
Murytub,XL,III,CLVI,Quinarius,VI,XXX,CXXIX
Munarg,XXXVII,VII,CL,Quinarius,III,XIII,CII
Suilis,XXXVI,X,XXVIII,Denarius,II,IX,MMMDXLII
Murytub,XXXVIII,X,CXC,Denarius,VI,XIX,DCXXXIV
Suilis,XXXVI,I,XXVII,Quinarius,V,IV,MCDXLII
Munarg,XXXVII,VII,CLXXIII,Denarius,V,XXV,CCCLXIII
Muniv,XXXV,IV,XXVI,Denarius,IV,IV,DXXX
Munarg,XXXVIII,III,CXVII,Denarius,V,XVII,CCXXXIX
Munarg,XXXV,III,CLXXXIV,Denarius,IV,XXII,CCCXXX
Murytub,XXXVII,VII,CXXX,Aureus,VII,VIII,IX
Munarg,XXXVIII,IX,CLVIII,Aureus,II,VIII,IV
Munarg,XL,IV,CIV,Quinarius,VII,XVII,XLVIII
Munarg,XXXV,II,CLVII,Denarius,VI,XII,CCCXLIV
Munarg,XXXIX,IV,CLXV,Denarius,VIII,XXIV,CCCLXXIX
Munarg,XXXV,VI,CLXXXVIII,Denarius,VI,XXX,CCCLXVII
Murytub,XXXV,IX,CXLI,Quinarius,VI,XII,CCCLXVIII
Murytub,XXXIX,VIII,XCIII,Denarius,VIII,XXVIII,DXC
Muniv,XXXVIII,X,XXIII,Quinarius,V,XVIII,CLXVI
Munarg,XXXVIII,IX,CXXXIV,Denarius,VII,XXVII,CCCXCV
Murytub,XXXIX,XII,XCV,Quinarius,IV,IV,CXXXVII
Munarg,XXXV,VI,CLXXXVI,Denarius,II,XXIII,CCCLXXVII
Muniv,XXXVI,III,XXIX,Denarius,V,III,DXI
Muniv,XXXVI,XI,XXIX,Denarius,VI,XXVIII,CCCXCI
Munarg,XXXVII,XII,CXIV,Denarius,VIII,XXIX,CDXXXVII
Munarg,XXXVIII,VI,CLIII,Quinarius,V,XI,CV
Murytub,XXXIX,VI,CXXXVI,Denarius,II,X,DLXIV
Murytub,XXXIX,VIII,CXCI,Aureus,VII,XII,VI
Murytub,XXXV,IV,CXLI,Quinarius,VI,XXI,CCCLVIII
Munarg,XXXVIII,XI,CVII,Quinarius,VI,XXIII,LXVII
Muniv,XXXVIII,I,XXVI,Aureus,V,XXX,VI
Murytub,XXXVI,X,CLXIV,Denarius,VI,IV,DCXXXVII
Munarg,XXXV,VII,CX,Denarius,V,IV,CCCXV
Murytub,XXXIX,VII,CII,Denarius,V,IX,DCII
Murytub,XXXVIII,III,CLXXV,Denarius,IX,XI,DLXXVI
Munarg,XXXVI,IX,CIII,Quinarius,VI,XI,CXXXVII
Munarg,XXXVI,VII,CLI,Denarius,VII,XXIX,CCCXCII
Murytub,XL,I,CLXXI,Denarius,VIII,III,DLXXVIII
Munarg,XXXVIII,VIII,CV,Quinarius,VIII,VI,XCV
Muniv,XXXVII,VIII,XXIII,Quinarius,VIII,XXIII,CCXVII
Murytub,XXXVI,X,CLXVII,Denarius,V,X,DCCXXXI
Munarg,XL,I,CLXXV,Quinarius,VI,V,XLVIII
Murytub,XXXVII,XII,CLVII,Quinarius,V,XVIII,CC
Munarg,XXXVI,V,CLXIV,Denarius,III,XXVI,CCXCIX
Muniv,XXXVIII,I,XXV,Denarius,VIII,XXV,CDLXII
Munarg,XXXV,II,CV,Quinarius,VIII,XXV,CLXXXVI
Muniv,XXXIX,XI,XXVI,Denarius,VIII,XXVI,DXXXI
Munarg,XXXV,X,CXCVI,Quinarius,VII,II,CXCVI
Munarg,XL,VII,CXXVI,Quinarius,IX,XIX,XL
Murytub,XL,X,CXXXIII,Denarius,VI,I,DXLIX
Munarg,XXXV,III,CIV,Denarius,VIII,XI,CCCXXXI
Murytub,XXXVIII,VIII,CLXXXIX,Aureus,VIII,XXX,V
Muniv,XL,IX,XIV,Denarius,I,IX,CDLIX
Murytub,XL,III,CXXXV,Denarius,V,XXVIII,DLXXI
Munarg,XL,IV,CXCVIII,Denarius,II,XX,CCXXVII
Muniv,XXXVI,IX,XXVI,Aureus,IV,XVIII,V
Munarg,XXXVI,XI,CX,Aureus,VI,IX,IV
Munarg,XXXVIII,I,CXCV,Denarius,VI,XXVI,CCCXLV
Munarg,XXXIX,III,CLXVIII,Denarius,VIII,X,CCCLXIV
Munarg,XXXVI,X,CXVII,Denarius,III,I,CCLXXV
Munarg,XL,VIII,CXXIV,Quinarius,II,XV,LXXXVII
Munarg,XL,IX,CXLIII,Denarius,VIII,XXIX,CCXXXI
Murytub,XXXVIII,XI,CLXIII,Quinarius,IV,XXIX,CLV
Munarg,XXXV,XI,CXLII,Denarius,VI,XXX,CCCLXXXIX
Munarg,XXXIX,XII,CXXXV,Denarius,VI,III,CCXXXIX
Munarg,XXXVI,VI,CXLVII,Denarius,VI,XXII,CCCLXXVIII
Atamora,XXXV,VIII,XIII,Denarius,VI,XII,MMMDCCCLXXI
Muniv,XL,IX,XX,Denarius,III,XVII,DCLXIX
Munarg,XXXIX,I,CLXVIII,Denarius,VIII,II,CCLXVIII
Murytub,XL,X,CLVIII,Denarius,VIII,XVIII,DLXXI
Atamora,XL,II,XIII,Quinarius,V,XIV,DLXVII
Suilis,XXXVIII,XII,XVI,Denarius,III,VII,MMMDIX
Murytub,XXXVIII,X,CCXXVIII,Denarius,V,VII,DCVIII
Munarg,XXXIX,IX,CXIX,Denarius,IV,XIII,CCLVIII
Murytub,XXXVII,II,CLV,Denarius,VI,X,DCCXV
Murytub,XXXV,VII,CLXIX,Quinarius,VI,XXV,CCCXLV
Munarg,XXXIX,XII,CXCV,Denarius,VI,VII,CDXV
Murytub,XXXIX,VI,CIX,Denarius,VII,XXII,DLXXXIX
Atamora,XXXV,VIII,IX,Denarius,V,XV,MMDCCXCVIII
Munarg,XXXVII,IX,CXX,Denarius,IX,VII,CCCXXXIV
Munarg,XL,IV,CLVIII,Quinarius,VI,XVIII,XCIII
Murytub,XXXVIII,IX,CLX,Denarius,VII,XXV,DCXVI
Murytub,XXXIX,VII,CXCVII,Quinarius,V,VI,CXXXVIII
Munarg,XXXIX,II,CLXI,Denarius,VI,XXII,CCCXCIV
Munarg,XL,VI,CV,Denarius,VI,XVI,CCCLXXVIII
Suilis,XXXVIII,V,XII,Denarius,V,XXXI,MMMDXXXII
Munarg,XXXVII,IV,CIX,Denarius,VIII,XVII,CCLXXXVIII
Munarg,XXXV,V,CXCV,Denarius,VI,XXV,CCCXCV
Murytub,XXXV,VII,CXLVII,Denarius,VII,XX,DCCVIII
Munarg,XXXVI,XI,CLXX,Denarius,VII,V,CCCLII
Suilis,XXXIX,IV,XXXIV,Denarius,III,XV,MMMDXXXVIII
Munarg,XXXVI,II,CLVIII,Denarius,V,XXVIII,CCCXLVII
Munarg,XXXVIII,VIII,CII,Denarius,VI,XII,CCLXXIV
Muniv,XXXVII,VI,XXIV,Quinarius,VI,XVII,CLXXXVIII
Murytub,XXXVII,I,LXXX,Quinarius,VIII,IX,CCXXXV
Munarg,XXXV,XI,CXIV,Quinarius,VII,XXII,CLXXI
Murytub,XXXVIII,X,XC,Denarius,VII,IX,DXCV
Murytub,XXXVI,I,CLXVIII,Denarius,V,XV,DCLIV
Suilis,XXXVII,IV,LXVII,Aureus,VIII,XV,XXXVII
Murytub,XXXVI,X,CXXXVIII,Aureus,VIII,XIV,VII
Murytub,XXXV,X,CLIII,Quinarius,VI,X,CCCLX
Munarg,XXXIX,IX,CLXXXVIII,Aureus,V,XVII,II
Murytub,XL,III,CLIV,Denarius,VI,III,DLXXXIX
Muniv,XL,VII,XX,Denarius,VI,XXV,CDV
Munarg,XXXVIII,II,CLXIX,Denarius,IV,XXV,CCLXXXIX
Murytub,XXXV,VI,CLIV,Quinarius,VIII,XXIX,CCCLIII
Murytub,XXXV,VIII,CLXXV,Quinarius,VI,XXXI,CCCXXXVI
Murytub,XXXIX,V,CIV,Denarius,VI,XII,DXIV
Murytub,XXXVI,IV,CXXXIII,Denarius,V,XXVII,DCLXXX
Muniv,XXXVIII,VIII,XXII,Denarius,VII,XVII,DXCIX
Munarg,XXXVII,III,CLXIII,Denarius,IV,XXVIII,CDXXV
Murytub,XL,XI,CLVII,Denarius,VII,XIX,DLXXVI
Atamora,XL,VII,VIII,Denarius,VI,XII,MMCCLXIV
Munarg,XXXV,I,CLV,Denarius,V,XVIII,CCCXCI
Murytub,XXXVI,I,CXXVIII,Denarius,V,XIII,DCLXXIV
Muniv,XL,VIII,XXIII,Denarius,IV,V,DLII
Munarg,XXXIX,VIII,CXXIX,Denarius,VI,XXX,CCLX
Muniv,XL,I,XXV,Denarius,VII,II,DLXII
Suilis,XXXVII,XI,XLVIII,Aureus,IV,II,XXXV
Murytub,XXXVI,IX,CC,Aureus,IV,XXIX,VI
Munarg,XXXIX,II,CXL,Denarius,V,XIV,CDXVII
Muniv,XXXVII,XI,XX,Denarius,VI,X,DLXX
Munarg,XXXV,VIII,CXXVII,Quinarius,VI,VI,CLXX
Munarg,XXXVI,VIII,CLXXI,Denarius,II,XXV,CCCLXXI
Munarg,XXXVII,XII,CVII,Aureus,IV,XXX,III
Munarg,XXXVI,XI,CXCVII,Denarius,VI,IX,CCXCVI
Munarg,XXXVIII,I,CLXXXVIII,Aureus,VI,XVIII,III
Murytub,XXXVIII,X,CLXXXI,Denarius,VIII,VIII,DCII
Suilis,XXXVIII,XII,XV,Quinarius,XI,XV,CMLIII
Munarg,XXXVII,X,CXXXVII,Quinarius,VII,XXV,XCIX
Munarg,XXXV,VIII,CLVII,Denarius,IX,XX,CCCLXXX
Murytub,XXXVII,I,CIX,Denarius,IX,XVI,DCVIII
Muniv,XXXVI,II,XXX,Quinarius,VI,XIV,CCXII
Munarg,XL,X,CXVI,Quinarius,VI,II,LXXIII
Muniv,XXXVIII,XII,XXIV,Denarius,VI,XXV,DXCI
Murytub,XXXVII,VI,CLXXII,Denarius,VIII,XXVI,CMXXXVI
Munarg,XXXVII,III,CXX,Denarius,VI,XIX,CCXCI
Munarg,XXXVII,III,CLX,Aureus,V,XVI,III
Murytub,XL,I,CIX,Aureus,VII,X,VI
Murytub,XXXIX,V,CLXXX,Quinarius,IV,XIII,CXXXIV
Muniv,XXXVII,IX,XXI,Denarius,VII,XVII,DLXXXV
Murytub,XXXIX,XII,CLXV,Denarius,VIII,V,DLXVII
Murytub,XXXIX,I,CXXX,Quinarius,VI,III,CXLIX
Munarg,XXXVII,VII,CLIII,Quinarius,IX,XXIV,CLVIII
Atamora,XXXVII,VI,XIII,Denarius,IV,XX,MDCCLXXX
Munarg,XXXV,VI,CLXXV,Quinarius,VI,XVI,CLII
Murytub,XXXV,VII,CLIII,Quinarius,V,XI,CCCXXIX
Muniv,XXXVIII,III,XXVI,Quinarius,VI,V,CLX
Murytub,XXXVIII,IV,CXXII,Denarius,V,XIV,DCXXXVII
Munarg,XXXIX,IX,CXXIV,Denarius,IV,XXX,CXCVIII
Munarg,XXXVII,VIII,CXXVIII,Denarius,VI,XXXI,CDXVI
Munarg,XXXVI,III,CXXXV,Quinarius,VIII,VII,CXL
Munarg,XXXV,III,CXXXI,Quinarius,VIII,XI,CLXXVIII
Munarg,XXXVI,II,CXCIX,Aureus,VII,XXIII,IV
Munarg,XXXVII,X,CLXXIX,Quinarius,VI,XXII,XCI
Muniv,XXXIX,VII,XXIV,Denarius,VI,XV,DXXIV
Atamora,XXXVII,VI,XI,Denarius,VII,VII,MDCCLIII
Murytub,XXXVII,VII,CXLIII,Quinarius,VII,XI,CCCXVIII
Muniv,XXXVIII,XI,XXVII,Quinarius,VI,XI,CXXXIV
Munarg,XXXVII,XII,CXCII,Quinarius,V,XIX,CXXXI
Muniv,XXXVII,V,XXVII,Quinarius,V,XI,CCIV
Suilis,XXXV,VI,XV,Denarius,VIII,XVIII,MMMCDXCIII
Munarg,XXXVI,VII,CXLVI,Quinarius,IV,XX,CXLI
Munarg,XXXV,III,CLIX,Quinarius,VII,VI,CLXXXVI
Murytub,XXXVIII,IV,CXLVI,Denarius,VII,XI,DCLXIV
Munarg,XL,IX,CLVII,Aureus,III,XIV,IV
Murytub,XXXVI,VI,CXIX,Quinarius,IV,XI,CCLXXXI
Munarg,XXXVIII,VII,CXCI,Quinarius,V,XII,CXV
Munarg,XXXVIII,VI,CXXIII,Quinarius,IV,IV,LXXXIII
Murytub,XXXIX,IV,CLIX,Denarius,VIII,XIII,DCXXXVI
Murytub,XXXVII,IV,CLXVI,Denarius,VI,XVI,CMLIII
Muniv,XXXVI,VIII,XXIV,Denarius,VI,XVIII,CDLXXII
Munarg,XXXVIII,VIII,CIV,Denarius,VIII,XXX,CDXII
Munarg,XL,XII,C,Denarius,VIII,V,CDV
Suilis,XXXV,IX,XVI,Denarius,VI,XI,MMMDLXXXV
Munarg,XXXVII,VII,CLVIII,Denarius,V,XIV,CCCXCVI
Muniv,XXXVII,IV,XV,Denarius,VIII,XV,D
Murytub,XXXIX,I,CXX,Quinarius,VIII,II,CXLIV
Murytub,XXXVII,IV,CXVI,Denarius,VI,XI,MXIV
Munarg,XXXVII,VIII,CXXXV,Denarius,IX,XXV,CCCXXXIX
Munarg,XXXVII,XII,CII,Denarius,III,XV,CCLXIII
Murytub,XXXIX,XII,CLXI,Aureus,VII,XXII,VI
Munarg,XL,IV,CXLVII,Denarius,IV,XV,CDLVI
Muniv,XXXVIII,I,XXII,Denarius,V,XIV,CDXXXII
Murytub,XXXVI,I,CXL,Quinarius,X,XXVIII,CCCV
Murytub,XXXIX,VII,CXIII,Quinarius,VII,XXIV,CXLVI
Munarg,XXXIX,XII,CXCV,Aureus,V,XXI,II
Murytub,XXXVI,VII,CLXXIII,Denarius,VII,XI,DCLXXXII
Muniv,XL,XI,XXXI,Quinarius,VI,XXX,C
Murytub,XXXIX,IX,CLXIII,Quinarius,III,X,CXXIV
Munarg,XXXVI,VIII,CLXXXIII,Quinarius,IV,IX,CLIII
Murytub,XXXIX,V,CXXXVII,Denarius,VII,X,DLXXI
Muniv,XL,XI,XIV,Aureus,VI,XXVI,V
Murytub,XXXV,VIII,CLXXIII,Quinarius,IX,XX,CCCLIII
Muniv,XXXVIII,I,XXXI,Denarius,V,XIV,DXLIII
Munarg,XXXIX,IX,CLXXV,Denarius,IX,IV,CCXXII
Murytub,XXXV,VII,CLXXX,Denarius,VI,I,DCLXXXI
Munarg,XXXIX,VI,CXX,Aureus,VII,XXVII,V
Munarg,XXXVIII,X,CLXXXIX,Denarius,II,VI,CDXLIII
Munarg,XXXVIII,X,CXLIV,Denarius,VI,XXVI,CCXLVI
Murytub,XXXV,V,CLXXIX,Denarius,IX,XXVIII,DCLXXIV
Suilis,XXXV,II,XLII,Denarius,VII,VI,MMMCXCVI
Suilis,XXXVI,VI,XXVIII,Denarius,V,X,MMMCCLXX
Munarg,XXXV,XI,CXIV,Denarius,VII,XXVIII,CCCIII
Murytub,XXXVII,III,CLXVI,Denarius,VI,XXI,DCCXX
Munarg,XXXVII,I,CXLVII,Aureus,V,XXIII,III
Munarg,XXXIX,VII,CLXXV,Denarius,VI,XVIII,CCCLVI
Munarg,XXXVI,VI,CXLIII,Aureus,VII,XXIX,IV
Murytub,XXXVII,I,CIII,Denarius,VI,XXVIII,DCXX
Muniv,XXXVIII,VIII,XXV,Quinarius,VI,XXII,CXXXII
Murytub,XXXVI,V,CXX,Quinarius,IV,XXIV,CCXCIII
Munarg,XXXVIII,VI,CXCIV,Denarius,VIII,XXIII,CDXXVII
Suilis,XXXVI,II,XIII,Quinarius,V,XXII,MDLXXVII
Munarg,XXXIX,IV,CLIV,Quinarius,VIII,XXX,LXXIX
Munarg,XXXVI,II,CXCV,Aureus,III,III,IV
Muniv,XXXIX,VI,XXXII,Quinarius,V,XXVIII,CXVIII
Murytub,XXXVII,VII,CXLIII,Quinarius,VII,XXI,CCCXXVII
Murytub,XXXV,III,CCVIII,Denarius,VI,XII,DCCXIX
Murytub,XXXVI,V,CXXXIX,Quinarius,VII,VII,CCXCIII
Munarg,XL,X,CLI,Aureus,VI,VII,IV
Munarg,XXXVI,II,CLXXXIV,Denarius,VIII,XII,CCCLXVIII
Murytub,XXXIX,V,CXXXII,Quinarius,VIII,XVII,CXXVII
Murytub,XXXIX,VII,CXXX,Denarius,VI,XIII,DLXXV
Muniv,XXXIX,I,XX,Aureus,VI,XIX,V
Munarg,XL,XI,CXXXVIII,Quinarius,VII,XIX,XXXV
Murytub,XXXIX,III,CLXIII,Denarius,III,VIII,DLXXIII
Suilis,XXXVI,VI,XII,Denarius,VII,XXIV,MMMCCCLXXXIX
Munarg,XXXVI,VII,CXIX,Denarius,IV,II,CCCXXIII
Murytub,XXXVIII,II,CXLVIII,Aureus,V,XXIII,VI
Murytub,XXXVI,X,CLVI,Denarius,VIII,XI,DCXLIX
Suilis,XXXVII,XI,XVIII,Denarius,IV,XXVII,MMMCDLXXXV
Munarg,XXXVIII,XII,CXLI,Quinarius,V,I,LVIII
Muniv,XXXIX,XII,XXIX,Denarius,V,XIII,CDXLV
Munarg,XXXIX,XII,CXCI,Quinarius,X,XII,LXXXVI
Suilis,XXXIX,IV,XLIII,Denarius,III,IX,MMMDCCXCII
Munarg,XXXIX,VIII,CXLVII,Denarius,VI,XVII,CCCLXXXVIII
Murytub,XXXVII,VI,CLXI,Denarius,III,XXV,CMXIX
Munarg,XXXVIII,VI,CLXXV,Denarius,VI,XII,CCCLXXXIX
Munarg,XXXIX,III,CXCIX,Denarius,IX,XIX,CCXVI
Munarg,XXXVI,XI,CXCVII,Denarius,VII,XIV,CCLXXXIII
Murytub,XL,II,CLXXIV,Quinarius,IX,XXVIII,CXXVIII
Munarg,XXXV,III,CXCVI,Quinarius,V,XXIII,CLXXXIII
Murytub,XXXVI,XI,CLXXV,Denarius,VII,V,DCXCIX
Munarg,XXXIX,II,CVI,Quinarius,VII,VI,LIV
Murytub,XXXVI,IV,CXXXIX,Denarius,VII,III,DCLXXXIV
Munarg,XXXVI,VI,CLXVII,Quinarius,VIII,XXI,CXXXIII
Munarg,XXXVI,IX,CLXXXV,Aureus,VI,XXX,IV
Munarg,XL,III,CLX,Denarius,VII,II,CCXXIII
Murytub,XXXIX,IV,CVII,Denarius,VIII,XI,DXLV
Murytub,XXXIX,X,CXL,Denarius,V,XVI,DLXI
Munarg,XXXIX,I,CXIII,Quinarius,IV,I,CV
Murytub,XXXVII,I,CLX,Denarius,VI,III,DCXLV
Munarg,XL,IV,CXCI,Denarius,III,XIX,CCCLXII
Muniv,XXXV,I,XXIII,Aureus,VI,XXIII,VII
Munarg,XXXVIII,VI,CIII,Denarius,IV,IV,CCLIX
Munarg,XXXVI,VII,CXCIV,Denarius,VII,XXIX,CDXXI
Munarg,XXXVIII,VI,CXCVI,Denarius,IV,XIV,CCXCVII
Munarg,XXXVI,II,CLXXVII,Denarius,VII,XXIII,CCCLII
Munarg,XXXVII,XII,CLVII,Denarius,VI,XXII,CCCLXII
Murytub,XXXVII,III,CXLVI,Denarius,X,IV,DCXLII
Murytub,XXXVII,X,CXLIX,Denarius,V,XV,DCXIII
Murytub,XXXVI,X,CXVIII,Aureus,VIII,XI,VII
Munarg,XXXVI,XII,CLXXVII,Denarius,VI,VI,CCCXXXIX
Munarg,XXXVII,XII,CXXXV,Denarius,V,V,CCXLVI
Murytub,XXXVIII,VI,CLXXXV,Denarius,VIII,XXIII,DCXX
Muniv,XXXVII,V,XXVI,Denarius,III,XXIII,CDL
Munarg,XXXVI,IX,CVIII,Denarius,VIII,XIII,CCCXLV
Murytub,XXXV,V,CXLII,Aureus,VI,XXV,IX
Murytub,XXXV,V,CXXXIV,Quinarius,VIII,XVII,CCCXXXVII
Muniv,XXXVI,II,XV,Denarius,V,XXV,DXXI
Munarg,XXXVII,III,CXII,Denarius,V,XIII,CDVII
Murytub,XXXIX,VIII,CLXV,Quinarius,VI,IV,CXXVII
Muniv,XXXV,I,XXI,Quinarius,IV,X,CCCXLI
Muniv,XXXVI,VII,XXIX,Denarius,VIII,VII,DL
Muniv,XXXIX,XII,XXIV,Denarius,VIII,II,DLXXIV
Murytub,XXXVI,II,CXCIII,Aureus,VIII,XII,VIII
Munarg,XXXV,IV,CLXII,Quinarius,III,IX,CLVI
Murytub,XXXVI,X,CXCIX,Denarius,IX,III,DCXIX
Murytub,XXXVI,XI,CXLVIII,Denarius,V,II,DCXLIV
Suilis,XXXV,IX,XIV,Quinarius,VII,VIII,MDLXXX
Murytub,XL,I,CLXI,Denarius,VII,XI,DLIII
Munarg,XXXV,VIII,CXLI,Quinarius,V,XIX,CCII
Munarg,XXXIX,XII,CXIV,Denarius,VI,XXIV,CCCLXXXVI
Murytub,XXXV,IX,LXXXVI,Denarius,V,XIX,DCLX
Munarg,XXXV,II,CLXVIII,Quinarius,V,XXVII,CLIX
Murytub,XXXV,IX,CIX,Denarius,IX,XXIII,DCLXXIV
Suilis,XXXV,V,XIV,Denarius,V,VI,MMMCDXX
Murytub,XXXV,VIII,XLIX,Denarius,V,I,DCXXXIII
Murytub,XXXIX,VIII,CLXXII,Denarius,IV,XXV,DXCV
Munarg,XXXIX,XI,CLXIII,Aureus,V,II,III
Muniv,XXXVIII,III,XXVII,Denarius,IX,XXIII,CDXXXIX
Munarg,XXXVIII,IX,CXXXI,Denarius,V,XXIX,CDXXXV
Muniv,XXXVIII,IX,XXIII,Quinarius,VII,XXII,CXXVIII
Muniv,XXXVIII,IX,XXXV,Aureus,V,XXIII,V
Muniv,XXXV,I,XXIX,Denarius,VII,XXVII,CDLXXXVI
Munarg,XXXVI,XI,CV,Denarius,VII,XIV,CCCXXIV
Munarg,XXXVII,VII,CIII,Quinarius,VI,I,C
Munarg,XXXVII,VIII,CXLIV,Denarius,VIII,I,CCLXVI
Atamora,XXXIX,IX,VIII,Quinarius,IV,XXV,DLXVI
Muniv,XL,VII,XXIV,Denarius,V,XXII,CDXCVIII
Munarg,XXXIX,VII,CXLV,Denarius,V,VI,CDIX
Munarg,XXXV,X,CXCVI,Quinarius,VII,II,CLXIV
Munarg,XXXVII,XI,CLIV,Denarius,IX,XXIII,CCCXXXIV
Murytub,XXXVII,XII,XCV,Quinarius,III,XV,CXCVII
Munarg,XXXVIII,VII,CLX,Denarius,VIII,XXVII,CDXXXIX
Muniv,XXXVII,XI,XXVIII,Denarius,VIII,XIX,CDVI
Muniv,XXXVIII,IV,XX,Denarius,IX,XIX,DXVIII
Murytub,XXXV,X,CL,Denarius,IV,XXIV,DCXXVI
Muniv,XXXVIII,IV,XXIII,Denarius,VIII,XII,CCCXCIII
Murytub,XXXVI,XI,CCXI,Denarius,VII,XIV,DCLII
Atamora,XXXVII,VIII,XI,Quinarius,IV,XII,MCXXII
Murytub,XXXIX,VIII,CXXVI,Denarius,V,XXII,DCIII
Munarg,XXXIX,XI,CLXXXIV,Quinarius,IV,XV,CVII
Munarg,XXXIX,IV,CXXIX,Denarius,VII,XXI,CCXXXVII
Munarg,XXXIX,IX,CXXIII,Quinarius,VI,XI,XLVIII
Munarg,XXXIX,III,CLI,Aureus,VI,XXVIII,II
Suilis,XXXVI,VIII,XXIX,Quinarius,VI,XIII,MCCCXCVII
Muniv,XXXVIII,VII,XXX,Quinarius,VIII,IV,CLXIV
Munarg,XXXVIII,II,CXXXVIII,Denarius,VIII,VII,CCLXXVIII
Munarg,XXXVIII,VI,CXCIX,Denarius,IX,XV,CCCLXXXVIII
Munarg,XXXVI,III,CLXXVII,Denarius,VII,XXVIII,CCLXXXI
Munarg,XXXIX,IX,CXXXVI,Quinarius,VIII,I,LV
Murytub,XL,IV,CXXXIV,Denarius,VIII,XIII,DXLI
Munarg,XXXVII,III,CVIII,Quinarius,V,II,CXXX
Muniv,XL,VIII,XXVII,Quinarius,VIII,XXIII,CXXX
Munarg,XXXIX,V,CLXXIX,Quinarius,VI,VI,LV
Munarg,XXXIX,III,CXCI,Denarius,V,XXIII,CCCLXX
Munarg,XXXV,VI,CXXXIV,Denarius,VI,XII,CCCXLVIII
Munarg,XXXVIII,I,CLIX,Denarius,II,XII,CCXCI
Munarg,XXXVI,XI,CLVIII,Aureus,VII,XXVI,IV
Murytub,XXXVI,XI,CLXI,Denarius,VII,XVI,DCLXVI
Munarg,XXXVII,XI,CXC,Denarius,VII,III,CDXXV
Murytub,XXXVII,XI,LXXXVIII,Aureus,IX,XXIX,VI
Murytub,XL,III,CXXXI,Denarius,VII,XXIV,DXLVII
Munarg,XXXVII,VII,CXXVII,Quinarius,VI,XXVI,CXXXIV
Munarg,XXXVII,II,CXIII,Denarius,V,XIV,CCCXXVIII
Munarg,XXXVIII,II,CXCIII,Quinarius,VI,XXI,LXXXV
Munarg,XXXVIII,XI,CLXXXVII,Denarius,V,XXVII,CCXXIV
Murytub,XXXVII,VII,CXXVII,Denarius,IV,XVII,CMVI
Murytub,XXXV,VI,CXXXIX,Quinarius,VI,XXX,CCCLVII
Munarg,XXXVI,XII,CXI,Denarius,VIII,XI,CCCLXXI
Munarg,XXXVI,X,CLXXXV,Denarius,VIII,XXI,CCLXXXIII
Munarg,XXXV,III,CXCV,Denarius,VI,X,CCXCVII
Munarg,XXXV,IX,CLXXXVIII,Denarius,IX,XXIII,CDIII
Munarg,XXXVII,XII,CXI,Aureus,IX,XXVI,IV
Munarg,XXXVII,III,CLXXXIII,Denarius,V,II,CCCXXXV
Murytub,XXXVII,VII,CXIV,Denarius,IV,XVII,CMXL
Murytub,XXXIX,II,CXCVII,Quinarius,VI,IX,CXXXIX
Munarg,XXXIX,XI,CLX,Denarius,VII,XXX,CCXVII
Muniv,XL,II,XXIII,Aureus,V,XXIII,V
Murytub,XXXVII,X,CXC,Quinarius,IX,II,CCLIV
Murytub,XXXVIII,IX,CXXXVIII,Quinarius,III,XI,CLV
Munarg,XXXVII,IV,CXCIV,Aureus,V,II,IV
Murytub,XXXIX,VII,CLXXV,Quinarius,VIII,XIX,CXLVI
Murytub,XXXIX,I,CXLVI,Denarius,IV,V,DLIV
Suilis,XXXV,XI,XXVII,Denarius,VII,XXII,MMMCLXIX
Munarg,XXXVI,VI,CXCVI,Denarius,IV,V,CCCXXXIV
Munarg,XXXVIII,VI,CLXXXVIII,Denarius,VI,I,CCXCII
Murytub,XXXVIII,XI,CXLII,Quinarius,II,XXIV,CLXXIII
Murytub,XL,VI,CLXXXV,Denarius,VI,XVI,CDXCVIII
Murytub,XXXVI,IX,XCVIII,Quinarius,VI,XXII,CCLXVI
Munarg,XL,XII,CXXXVII,Quinarius,IV,XI,LXXXI
Munarg,XXXVI,V,CXIV,Denarius,IX,XXVII,CCCXXXII
Suilis,XXXVII,I,XIX,Aureus,VI,III,XXXII
Suilis,XXXV,VII,XVI,Denarius,III,XVI,MMMCCCLXXXIV
Munarg,XXXVI,XII,CXXIII,Denarius,I,II,CCCX
Murytub,XXXVI,X,CLI,Denarius,VI,IV,DCXLIV
Muniv,XXXIX,VIII,XXVII,Denarius,VII,XIV,CDXCI
Munarg,XXXV,XII,CLV,Aureus,V,XXV,IV
Murytub,XXXIX,X,CXLV,Denarius,VI,II,DLXXVI
Munarg,XXXVII,XI,CXVIII,Denarius,V,XII,CDXIX
Murytub,XXXVIII,VII,CXXIV,Denarius,VI,XXV,DCVII
Murytub,XXXVIII,IX,CXXVII,Aureus,VII,I,VI
Munarg,XXXVII,XII,CXII,Denarius,V,XIX,CCCXLIV
Munarg,XXXIX,X,CXC,Denarius,VII,VII,CCCLXII
Munarg,XXXVIII,IX,CLXIX,Quinarius,V,VI,CIII
Murytub,XXXVIII,V,CLXIII,Aureus,VI,V,VII
Murytub,XXXVI,X,CLXVI,Denarius,VII,XXXI,DCXCVII
Muniv,XXXV,IV,XXIII,Denarius,IV,VI,CDLXXII
Munarg,XXXV,XII,CXLIX,Denarius,VI,XI,CCXCIII
Murytub,XXXV,IX,CXXIX,Denarius,VII,I,DCCLXVI
Munarg,XXXVII,IX,CLXXXVIII,Aureus,VIII,XX,IV
Murytub,XXXVIII,XI,CXXVIII,Denarius,V,XXX,DLXXXVIII
Munarg,XXXV,XI,CXXIII,Quinarius,IV,VII,CXCII
Murytub,XXXVI,V,CXXXVI,Aureus,VII,V,VIII
Munarg,XXXVI,V,CXLVI,Denarius,II,XVII,CCCLXXIX
Murytub,XXXVIII,X,CXI,Denarius,V,III,DLXXVI
Munarg,XXXIX,X,CXXVIII,Denarius,IV,VI,CCCXCII
Munarg,XXXVIII,II,CLXV,Denarius,V,XII,CDXXXIV
Murytub,XXXIX,V,CXLVI,Denarius,VI,II,DCXXXV
Atamora,XXXVIII,III,IX,Denarius,IV,XXIX,MMDCCCXXII
Munarg,XL,VII,CLIV,Denarius,VI,XI,CLXXXIX
Munarg,XXXV,VII,CXCIV,Quinarius,VI,XV,CLIX
Muniv,XXXVII,VIII,XXIV,Denarius,IV,XVIII,DIV
Munarg,XXXVII,IX,CXCVIII,Denarius,VI,XXII,CDXVII
Muniv,XXXVII,IV,XXVII,Quinarius,VIII,X,CCXXXI
Murytub,XXXVI,II,CXXXV,Denarius,VII,VI,DCLXXIV
Murytub,XXXIX,VIII,CLXXVII,Quinarius,V,VIII,CXXXVII
Munarg,XXXVIII,III,CXVIII,Denarius,V,X,CCCLVIII
Suilis,XXXV,VIII,XLVII,Denarius,VIII,XIV,MMMDLXIII
Munarg,XXXIX,III,CXLII,Quinarius,VI,XXVI,XLVI
Muniv,XXXV,IV,XXXII,Denarius,IV,VI,DXIX
Muniv,XXXVIII,V,XXIV,Denarius,VI,IX,DIX
Murytub,XXXVI,V,CII,Quinarius,VII,XXXI,CCCXVII
Murytub,XL,V,CLVI,Denarius,IV,XXII,D
Murytub,XXXV,X,CXLIX,Quinarius,V,XIII,CCCLV
Muniv,XXXVIII,VII,XX,Denarius,VI,XXX,CDLXII
Munarg,XL,X,CIV,Denarius,VII,XVI,CCXX
Muniv,XXXVII,XI,XVIII,Quinarius,IX,XXIII,CLXXXIV
Murytub,XXXV,VII,CXXXVII,Denarius,VI,XII,DCCLVII
Murytub,XXXVI,IV,CXXVII,Denarius,IV,X,DCLXXVIII
Suilis,XXXIX,XII,XI,Denarius,VII,XXII,MMMDCCXCI
Muniv,XXXV,VI,XXXIII,Denarius,VIII,XVIII,DIX
Murytub,XXXIX,IX,CXLVII,Denarius,IV,XIII,DLXXXII
Munarg,XXXVI,I,CLI,Denarius,VI,I,CCCIII
Munarg,XXXV,XI,CXIV,Denarius,V,XIII,CCCXXII
Suilis,XXXVI,III,X,Denarius,V,III,MMMCLXIII
Munarg,XXXV,IV,CLXXIII,Denarius,V,XXVII,CCCXI
Atamora,XXXVIII,I,VI,Denarius,IV,XXIV,MMDCLXV
Murytub,XXXVI,II,CLXXXII,Denarius,VII,XI,DCLXXVI
Munarg,XXXVIII,XII,CXXV,Quinarius,VII,XXII,LVIII
Munarg,XXXVII,I,CXCV,Denarius,X,XXIX,CCLXXXI
Muniv,XXXIX,V,XXIX,Aureus,V,VII,IV
Munarg,XXXVIII,X,CXLIX,Denarius,IV,XXIII,CCXLIX
Munarg,XL,VII,CLXXVII,Denarius,III,XV,CCX
Munarg,XXXIX,XII,CLXXIX,Denarius,VIII,II,CDVI
Atamora,XXXVIII,VIII,XII,Denarius,IV,VIII,MMDCVI
Muniv,XL,I,XXX,Denarius,VII,X,DXIII
Muniv,XXXVI,V,XXVII,Denarius,IX,XXVII,CDXVII
Murytub,XXXIX,X,XCVIII,Denarius,V,XI,DLXXXIV
Munarg,XXXVI,I,CXXXIX,Denarius,VIII,VI,CCCXIV
Murytub,XXXVI,VIII,CXXVIII,Denarius,VII,III,DCCXVI
Murytub,XXXVIII,VI,CCXIII,Quinarius,IX,XXVI,CLXXVIII
Muniv,XXXV,XII,XXVII,Quinarius,V,XXV,CCXXXV
Munarg,XXXIX,VII,CXX,Quinarius,V,I,LXXXVIII
Muniv,XXXVI,II,XXVII,Quinarius,VIII,XXI,CCI
Munarg,XXXVII,VIII,CXXXVII,Denarius,IV,XVII,CCCXLI
Murytub,XXXVII,VIII,CLXXVI,Denarius,VIII,XVI,DCCXI
Muniv,XXXIX,VII,XXVII,Denarius,V,XXXI,DXL
Muniv,XXXVII,VI,XXVIII,Denarius,VII,XXVII,DLXXXII
Munarg,XXXIX,VII,CXVII,Denarius,V,IX,CCCLVIII
Munarg,XXXVII,VI,CXLVI,Denarius,IV,XX,CCXCVIII
Munarg,XXXVI,VII,CXXXI,Aureus,VIII,XVI,III
Munarg,XXXIX,II,CLXXXV,Quinarius,VI,V,LVI
Murytub,XXXVI,VI,CLXX,Denarius,V,XIX,DCXVI
Munarg,XXXV,I,CLXV,Quinarius,VII,XII,CCXVIII
Munarg,XXXV,VIII,CLXXXIV,Denarius,VI,XXVII,CCCLX
Murytub,XXXVIII,IX,CXLVII,Aureus,VII,XXX,VI
Munarg,XXXVIII,IX,CLXVII,Denarius,V,XII,CCLXXVI
Muniv,XXXVIII,I,XXI,Denarius,VI,XXVII,DXLVII
Munarg,XL,XII,CXXVII,Quinarius,VI,II,XLII
Muniv,XXXVI,XI,XXIII,Denarius,III,X,DL
Murytub,XXXIX,I,CLXXI,Denarius,V,XVII,DLXVII
Muniv,XXXV,VIII,XXVII,Denarius,IX,XX,DVI
Munarg,XXXVIII,IV,CXI,Denarius,VI,VII,CDVII
Murytub,XXXVI,IX,CXLVI,Denarius,V,XXV,DCLXXXIV
Murytub,XXXIX,XII,CLV,Denarius,IX,XXVI,DLXXXIX
Murytub,XXXVIII,I,CLVIII,Quinarius,V,XIV,CXCIII
Murytub,XXXV,IV,CXLIII,Quinarius,IV,III,CCCXLVII
Murytub,XXXVIII,XII,CC,Denarius,VII,XXIV,DXCVII
Munarg,XXXVIII,VIII,CLI,Quinarius,VI,XX,CVII
Munarg,XXXV,I,CXXV,Quinarius,VII,XXVII,CCXV
Murytub,XXXVIII,IV,CXXVI,Denarius,V,XXX,DCXXII
Munarg,XXXV,X,CLXXVI,Denarius,IV,VIII,CCCXXIV
Murytub,XXXIX,VI,CXXXV,Aureus,VII,XXII,V
Munarg,XL,IX,CXXVIII,Aureus,IV,III,III
Munarg,XL,VI,CXXXV,Denarius,VIII,XXIV,CXCI
Murytub,XL,I,CLIII,Denarius,II,XVIII,DXVIII
Murytub,XXXV,X,CX,Denarius,VIII,XXX,DCLXX
Munarg,XXXV,I,CLXXXI,Denarius,V,V,CCCLVII
Murytub,XXXVI,IV,CLXIX,Quinarius,V,XVII,CCCVI
Munarg,XXXVII,VII,CLXII,Quinarius,VIII,V,CII
Muniv,XL,IV,XX,Quinarius,III,XII,CIV
Atamora,XL,XII,X,Denarius,V,XXVIII,MMDCCCLXXIX
Suilis,XXXV,IV,XXV,Aureus,V,X,XL
Munarg,XXXVIII,XI,CXXXIV,Quinarius,VIII,X,CIX
Munarg,XXXVII,II,CXXVIII,Quinarius,VIII,VII,CLXII
Munarg,XXXIX,II,CXVIII,Quinarius,VI,XXIII,LII
Murytub,XXXV,II,CLXXXVIII,Denarius,VI,XI,DCCV
Munarg,XXXVIII,X,CXIX,Denarius,V,XIII,CCXXXVI
Murytub,XXXIX,VI,CXCIII,Denarius,VII,XXVII,DCXVI
Munarg,XXXV,I,CXVI,Denarius,VII,VI,CCCL
Murytub,XXXVIII,VII,CXCIII,Aureus,VIII,IV,VI
Muniv,XXXVII,VIII,XXXI,Denarius,VI,XV,DLXV
Murytub,XL,IV,CLXXXIII,Aureus,VII,VI,V
Muniv,XL,V,XXVIII,Denarius,VII,XI,DCXI
Murytub,XXXVIII,IX,CXXX,Quinarius,V,VII,CLXXI
Murytub,XXXV,VI,CXVII,Quinarius,III,XIV,CCCLXII
Murytub,XXXVIII,XI,CLXVI,Denarius,VI,XVII,DLXXXIX
Munarg,XXXVII,IV,CXXX,Denarius,V,XXII,CCCXCIII
Muniv,XXXVIII,III,XIX,Denarius,VIII,XXV,CDLIX
Murytub,XXXIX,V,CXIX,Denarius,VI,XXII,DXCV
Murytub,XXXVII,X,CCXII,Denarius,VII,XIV,DCLIX
Murytub,XXXVI,III,CLII,Aureus,V,XX,VII
Murytub,XXXVII,IV,CLXXXIII,Aureus,VIII,IX,X
Murytub,XL,XII,CXXIX,Denarius,VII,XXII,DLXXIV
Muniv,XXXVI,VIII,XXXIV,Denarius,VII,XII,DIV
Murytub,XXXVI,VIII,CLXIV,Quinarius,VI,XXXI,CCLXVIII
Munarg,XL,VIII,CLXXVI,Quinarius,V,XXI,XLIII
Murytub,XXXV,IV,CII,Quinarius,VI,XVI,CCCLXX
Murytub,XXXV,IV,CXLVII,Denarius,IV,XII,DCCXXIX
Munarg,XXXVI,I,CLXXXIX,Denarius,VIII,VI,CCCXIX
Murytub,XXXVII,IV,XC,Aureus,V,XXI,X
Munarg,XXXVIII,V,CLXXVI,Quinarius,IX,XXIV,LXXV
Murytub,XXXVII,IV,CXLVIII,Denarius,VIII,XV,CMLXXV
Munarg,XXXVI,XI,CLXXI,Denarius,VI,XXX,CCCXLIII
Suilis,XL,IX,XVIII,Denarius,VII,XVIII,MMMMLXX
Murytub,XL,VI,CLII,Quinarius,V,XII,CXX
Muniv,XXXVI,X,XXIV,Denarius,III,XXX,DLXVI
Munarg,XXXVIII,IX,CXX,Denarius,VII,XXVII,CCCXC
Murytub,XXXVIII,III,CCVII,Denarius,IV,III,DCXLI
Murytub,XXXVII,XI,CLVII,Denarius,VII,XV,DCXVII
Muniv,XXXV,V,XXIII,Denarius,IV,XVI,DXXVII
Suilis,XXXV,II,LXI,Denarius,VI,XIV,MMMCCCXIV
Munarg,XXXV,I,CLXXIX,Denarius,V,V,CCCX
Munarg,XXXIX,IX,CXLV,Quinarius,VII,VI,XLVIII
Muniv,XXXVII,IX,XXIII,Denarius,IV,XXVI,CDLXXXVII
Murytub,XXXVII,VII,CLXXXVII,Quinarius,VI,I,CCCLXII
Munarg,XXXVII,IX,CXCVIII,Denarius,IV,III,CCLXXIV
Suilis,XXXVII,IV,LXIX,Denarius,VII,XXVI,MMMCDLXII
Munarg,XXXVII,IV,CLXI,Denarius,VI,XI,CCCXI
Murytub,XXXIX,X,CXXXIX,Quinarius,VII,IV,CXXV
Suilis,XXXIX,II,XXIX,Denarius,VI,XX,MMMCMLXII
Munarg,XXXVIII,II,CLI,Aureus,VI,XXI,III
Munarg,XXXVI,IX,CXXXIII,Denarius,VI,XXII,CCCXLIX
Murytub,XXXV,V,CLXXXIII,Quinarius,VII,XXVI,CCCLII
Suilis,XL,XII,XXXV,Denarius,IV,XXX,MMMDCCXLVIII
Munarg,XXXV,X,CLIII,Denarius,IV,VIII,CCCLV
Muniv,XXXVIII,I,XXXIII,Denarius,VI,IX,CDXLVII
Murytub,XXXVI,XII,CLXXXI,Quinarius,IV,XVII,CCLII
Munarg,XXXVI,VII,CLXXIV,Denarius,IV,XX,CD
Suilis,XL,VII,LXXXII,Denarius,VI,XXV,MMMDCLXI
Atamora,XXXV,IX,XI,Denarius,II,XXX,MMMXXIX
Munarg,XXXV,III,CL,Denarius,V,XXIII,CCCLXVI
Munarg,XL,III,CXVI,Quinarius,VI,IV,XCIII
Suilis,XXXVII,IV,XXXIV,Denarius,IV,XIX,MMMCCCXLVIII
Murytub,XXXV,VII,CLIX,Aureus,VI,I,IX
Murytub,XXXV,IX,CLI,Aureus,IX,X,VIII
Suilis,XXXIX,X,XXXIII,Denarius,VII,XXIV,MMMDCIII
Munarg,XXXVIII,IX,CLII,Denarius,VII,IV,CDXVIII
Murytub,XXXV,IX,CLXXXII,Quinarius,VII,XVIII,CCCXLII
Murytub,XXXVIII,VII,CCXXXI,Quinarius,VIII,V,CXCIV
Munarg,XL,V,CLXXVI,Denarius,VIII,XIX,CDXLV
Munarg,XXXIX,VII,C,Aureus,V,XXX,II
Muniv,XXXVI,VII,XXV,Denarius,V,I,CDLXII
Muniv,XL,XI,XXV,Denarius,V,XXVIII,DXII
Murytub,XXXVIII,VI,CVI,Quinarius,IX,XV,CXCVI
Munarg,XXXV,V,CXLIV,Quinarius,VIII,XXIX,CLXVII
Muniv,XXXVII,VI,XXVII,Aureus,VI,XXIII,V
Atamora,XXXV,IV,XI,Denarius,VIII,XXII,MMDCXXXVI
Suilis,XXXIX,IV,XII,Quinarius,VII,III,DCCCLXXXIV
Munarg,XXXVIII,I,CLXVIII,Aureus,VII,XXII,IV
Murytub,XXXVIII,III,CLXXVII,Denarius,VII,XIX,DCXXVI
Munarg,XL,IV,CLVIII,Denarius,IV,IX,CDXLV
Munarg,XXXVI,IX,CVII,Denarius,V,V,CCLXXII
Munarg,XXXVI,VII,CLXXXII,Aureus,VI,XII,IV
Munarg,XL,II,CLXXIX,Denarius,V,XIX,CDXXXI
Munarg,XLI,I,CV,Denarius,VI,I,CDXX
Munarg,XXXVII,VI,CLXXX,Denarius,VIII,XXVI,CCLV
Murytub,XXXVIII,V,CI,Denarius,IX,VII,DCXXIII
Munarg,XXXVII,III,CXXXVIII,Denarius,VI,XIV,CDXIV
Murytub,XXXIX,IX,CLVIII,Denarius,VI,XXVIII,DLXXIX
Munarg,XXXVI,VII,CLVI,Aureus,IV,V,IV
Muniv,XXXV,XII,XXI,Aureus,IV,XX,VII
Muniv,XL,XII,XXVIII,Denarius,VIII,V,DXVII
Muniv,XXXV,VII,XXIII,Denarius,V,XI,CDXCVIII
Murytub,XXXVII,XI,CXXXVIII,Denarius,V,IX,DCIV
Murytub,XXXIX,V,CXIII,Denarius,VIII,XVII,DLXVIII
Munarg,XL,IV,CLXII,Aureus,VII,XXIV,IV
Murytub,XXXIX,I,CI,Aureus,VIII,II,V
Munarg,XXXIX,VII,CXXII,Denarius,VIII,XXVI,CCLI
Muniv,XXXIX,X,XVIII,Denarius,VI,XXIII,CDXCV
Munarg,XXXVIII,II,CXXII,Aureus,VIII,XI,III
Suilis,XXXV,X,XXXII,Quinarius,VI,XXVIII,MDCCXCIII
Murytub,XXXVII,VII,CCVI,Quinarius,VIII,VI,CCCXI
Murytub,XXXVII,II,CXLVI,Denarius,VI,XII,DCCXXV
Murytub,XXXVII,I,CXXV,Denarius,VI,XI,DCXCII
Munarg,XXXIX,V,CIV,Denarius,VI,I,CDXXXI
Murytub,XXXVI,IX,CXLVIII,Denarius,VI,XXIV,DCXXIII
Munarg,XXXVII,V,CVI,Denarius,VII,IV,CDXXVII
Muniv,XXXIX,X,XVIII,Denarius,V,XXVI,DCXXIX
Murytub,XXXVI,III,CLXXXVI,Denarius,III,V,DCCV
Munarg,XXXIX,XII,CXXXIX,Denarius,IX,XXVI,CCCXCVIII
Murytub,XXXVIII,VIII,CLXIII,Quinarius,VI,VII,CLXXIV
Murytub,XXXV,X,CXXX,Denarius,III,XIX,DCLXXX
Muniv,XL,XII,XXVII,Denarius,VII,XXI,DXIV
Munarg,XXXVIII,V,CXXIX,Denarius,VIII,XXI,CCCLXXXI
Muniv,XXXVII,VII,XXXII,Denarius,V,XXX,DLXXXVII
Munarg,XL,I,CXC,Denarius,VII,I,CCVII
Muniv,XXXVII,VI,XXVI,Quinarius,IX,II,CXCVII
Murytub,XXXVII,XI,CXLIV,Denarius,VIII,XXII,DCXXVIII
Murytub,XXXVI,X,CLI,Denarius,IV,XX,DCXXX
Munarg,XXXVI,IX,CLXXI,Denarius,VI,III,CCCLXXXIX
Suilis,XXXVI,II,XVIII,Denarius,IV,IV,MMMCDLXXXI
Murytub,XXXV,IV,CXLIV,Denarius,V,I,DCCXXV
Suilis,XXXIX,IX,XXVI,Quinarius,VI,II,DCCCXI
Murytub,XXXVIII,X,CLXXVIII,Aureus,VII,IX,VI
Munarg,XXXIX,X,CLXXXIV,Denarius,V,XVI,CCXXIII
Munarg,XXXVI,II,CXXXI,Quinarius,V,XXV,CXXXVI
Munarg,XXXVI,XI,CLXXXI,Quinarius,VII,XV,CLXIV
Murytub,XXXVI,VIII,CLXVIII,Denarius,VIII,XVI,DCLXVI
Munarg,XXXVII,VI,CLXXXVI,Aureus,V,X,III
Munarg,XXXV,II,CXLVI,Denarius,VII,VII,CCCLXV
Munarg,XXXVI,II,CXLIII,Denarius,VI,XV,CCCLX
Muniv,XXXV,VII,XXX,Denarius,VI,XII,CDLXXXVI
Murytub,XXXV,III,CI,Quinarius,IV,VIII,CCCXIV
Munarg,XXXVI,VII,CLXVII,Quinarius,V,XIV,CLXVII
Murytub,XXXV,IV,CLXXIII,Quinarius,VII,VII,CCCXLIV
Munarg,XXXVI,II,CXXV,Denarius,VI,XV,CCCXCVIII
Munarg,XL,XI,CLXII,Quinarius,V,XX,XLI
Suilis,XXXVII,VII,XIII,Denarius,VII,XXIII,MMMCCLXXX
Suilis,XXXVI,XII,XVII,Quinarius,VII,IX,MCDXXXIX
Muniv,XXXVIII,II,XXVIII,Denarius,V,XIV,DXXV
Suilis,XXXIX,VII,XXXIV,Denarius,VIII,VII,MMMDCCLXXIX
Suilis,XXXIX,XI,XII,Denarius,V,XX,MMMCMXXVIII
Munarg,XXXVIII,I,CXLV,Quinarius,VI,XI,LXXXI
Munarg,XXXVII,VIII,CXLVII,Quinarius,V,XXVI,CXLIX
Murytub,XXXVIII,XII,CLXXVIII,Denarius,V,III,DXCI
Murytub,XL,XII,CXXV,Quinarius,V,XVIII,CVI
Murytub,XXXVII,II,CXLVII,Denarius,VIII,VII,DCLXVI
Muniv,XXXVI,V,XXV,Denarius,V,XVIII,CDLXV
Munarg,XL,IV,CLXXIII,Denarius,VI,XXII,CDLXXIII
Atamora,XXXVII,VI,VIII,Denarius,IV,XX,MMLXIV
Suilis,XXXVII,VII,XV,Denarius,VIII,XXXI,MMMCDLXIII
Munarg,XL,VII,CXLI,Quinarius,VIII,XXIII,C
Munarg,XXXV,V,CLXXV,Denarius,V,XXXI,CCCLXVII
Munarg,XXXVIII,III,CXCV,Aureus,VII,XIX,II
Munarg,XXXVI,X,CLXX,Quinarius,VI,VIII,CXVI
Munarg,XXXVI,VIII,CLXXXVI,Quinarius,IV,IX,CXL
Munarg,XXXVII,III,CLXI,Quinarius,VI,III,CXXXII
Munarg,XXXVI,IX,CLVIII,Denarius,VI,XXX,CCCXIX
Murytub,XXXV,IX,CLXXXII,Quinarius,VII,XXIX,CCCLVI
Suilis,XXXV,II,XIV,Quinarius,IV,XVIII,MDXLII
Munarg,XXXIX,IV,CLXXVI,Aureus,VIII,XXIV,IV
Munarg,XXXV,V,CXXIV,Quinarius,V,VI,CLXI
Munarg,XXXVIII,IV,CXXXIV,Aureus,VI,VI,II
Munarg,XXXV,XII,CLXXXV,Quinarius,VII,VII,CXLIV
Munarg,XL,IV,CLXXV,Denarius,IV,IX,CDL
Munarg,XXXVI,V,CLXXII,Denarius,V,VIII,CCCXXI
Munarg,XL,XI,CLXXXII,Denarius,V,XX,CCXVI
Suilis,XXXVIII,II,XXII,Denarius,VIII,XI,MMMDCCCLXIII
Murytub,XXXVI,VI,CLIII,Quinarius,VII,XVIII,CCLXXX
Suilis,XXXIX,VII,XV,Denarius,VIII,XXVI,MMMDCCCLXI
Munarg,XL,VIII,CIX,Denarius,V,XXI,CCCLXXII
Murytub,XXXV,VIII,CXXXVI,Denarius,VIII,XXIX,DCCII
Muniv,XXXVII,III,XXIII,Denarius,VIII,XXVI,CDXXXIII
Muniv,XXXVII,IX,XXI,Denarius,VI,XIV,DVI
Murytub,XXXVIII,VII,CXXXVIII,Aureus,VI,I,VI
Munarg,XXXIX,I,CXL,Denarius,VII,XXVI,CCXXXVI
Munarg,XL,VIII,CXCIV,Denarius,V,XIX,CDLXII
Murytub,XXXIX,X,CXLV,Quinarius,V,VIII,CXII
Murytub,XXXVII,XI,CLXXXVIII,Quinarius,IX,XVI,CCIX
Munarg,XXXIX,IV,CXLVIII,Denarius,V,XVII,CCCLXXIX
Muniv,XXXIX,II,XXV,Denarius,V,XIV,DX
Murytub,XXXVI,IX,CVIII,Denarius,V,XXVIII,DCXXIV
Murytub,XXXVII,V,CLXXXIII,Denarius,VI,XVII,CMXIII
Murytub,XXXVI,II,CXXIV,Quinarius,V,X,CCLXXXIX
Muniv,XXXIX,III,XXIX,Quinarius,IX,XIX,CXXVI
Murytub,XL,XI,CCIX,Denarius,VI,I,DLXXXIX
Atamora,XXXIX,I,XIII,Denarius,VII,XV,MMDXCVII
Muniv,XL,VII,XXX,Denarius,VIII,XXI,CDXXIX
Munarg,XXXIX,III,CLXI,Quinarius,IX,XIX,LIX
Munarg,XXXV,VIII,CLXXVII,Denarius,VII,XXX,CCCIV
Murytub,XXXVIII,II,CLXXXII,Quinarius,VIII,XVII,CLXXXV
Muniv,XL,II,XXV,Denarius,V,XXIX,DLXII
Muniv,XXXVI,XII,XXI,Denarius,IV,XVIII,CDLXXXIII
Murytub,XXXIX,XI,CLVI,Denarius,V,XX,DLXXIV
Suilis,XXXV,XI,XLVI,Quinarius,V,XXIII,MDCLIV
Munarg,XXXIX,III,CXI,Quinarius,VIII,XVII,LVIII
Munarg,XXXVII,V,CXCVI,Denarius,III,XXIII,CCCXXXVIII
Munarg,XL,X,CXXVI,Quinarius,VIII,V,XCV
Murytub,XXXVIII,I,CXCV,Denarius,V,V,DCI
Munarg,XL,VI,CIII,Denarius,V,XXIII,CCXXXV
Munarg,XXXVI,VII,CXC,Quinarius,V,XIV,CXLVI
Murytub,XXXIX,IV,CXXXVII,Denarius,VI,VIII,DXCVIII
Munarg,XXXVI,VII,CLXXXIII,Denarius,VII,VI,CCCXXIX
Muniv,XXXVIII,XII,XXVIII,Denarius,VI,XI,DXXIII
Murytub,XXXV,IV,CVIII,Aureus,V,XX,IX
Muniv,XXXVIII,X,XXIV,Denarius,IV,XXX,DCXXI
Munarg,XXXIX,XII,CXLII,Denarius,VIII,II,CCV
Munarg,XXXIX,IV,CLXIII,Denarius,VII,VI,CCXXVI
Atamora,XXXIX,IV,VIII,Denarius,VII,II,MMCMXCI
Murytub,XXXVII,X,CLI,Denarius,VII,XXIII,DCXXX
Murytub,XXXIX,VIII,CXXXIV,Denarius,VI,IV,DCXI
Murytub,XXXV,XI,CXLIV,Denarius,VI,II,DCXLV
Munarg,XXXV,IX,CXXIII,Denarius,V,XXV,CCCXV
Munarg,XXXVI,XI,CXLVI,Quinarius,VII,XXVI,CLVI
Munarg,XXXV,XII,CVI,Denarius,VII,XXVII,CCCXIV
Murytub,XXXV,IV,CXXXVIII,Quinarius,III,XVII,CCCXXXVII
Munarg,XXXV,XII,CXIII,Denarius,IX,IX,CCCXXXII
Munarg,XXXVIII,VI,CII,Quinarius,VII,VIII,LXXI
Munarg,XXXVI,IX,CLXXXII,Quinarius,VI,XXX,CXXXIII
Munarg,XXXIX,IV,CXLI,Denarius,V,XII,CCXXXIX
Muniv,XXXVII,IX,XL,Denarius,VII,XII,CDLIV
Atamora,XXXVIII,VI,VI,Denarius,VI,XXVII,MMMCXL
Murytub,XL,I,CLXVI,Quinarius,V,IV,CXLI
Munarg,XXXVIII,IX,CXXIV,Denarius,VII,XXVII,CDXXXI
Murytub,XXXIX,I,CXXVIII,Quinarius,VI,III,CXXXVIII
Munarg,XXXV,XII,CLXVI,Denarius,V,II,CCCXIX
Muniv,XL,IX,XVIII,Denarius,V,XIX,CDLVI
Muniv,XXXVIII,X,XXIV,Quinarius,X,XXI,CXXIV
Murytub,XXXVIII,III,CLV,Aureus,VII,XIX,VI
Murytub,XL,III,CLXXXIX,Denarius,VIII,XVIII,DLIII
Murytub,XXXVIII,II,CXXVI,Denarius,V,XII,DLXXIX
Suilis,XXXVIII,VII,XII,Denarius,VI,XXX,MMMDLXI
Murytub,XXXV,XI,CLXXXIX,Denarius,VI,XI,DCLXXXII
Murytub,XXXV,VI,CLVIII,Quinarius,VI,XXVII,CCCXLIV
Murytub,XL,II,CLXXXVIII,Denarius,VIII,XVI,DXV
Murytub,XXXV,III,CLXII,Quinarius,V,XXIII,CCCLXVI
Murytub,XXXVI,VI,CXIII,Quinarius,VIII,XX,CCLXXV
Suilis,XXXVI,XII,XI,Denarius,VIII,V,MMMCCXXXIV
Munarg,XXXV,IV,CLXXXIII,Denarius,VI,XXIX,CCCV
Suilis,XXXVI,IV,XVII,Denarius,VII,III,MMMDLXVII
Muniv,XXXVIII,IV,XXV,Quinarius,VII,XVI,CLXVII
Munarg,XXXVI,X,CXLVII,Aureus,VII,XXII,IV
Munarg,XXXVII,XII,CXVIII,Denarius,III,XVI,CDXL
Munarg,XXXVII,XI,CXI,Denarius,V,XXIV,CCXCII
Muniv,XXXV,VI,XXI,Denarius,VI,XI,CDIII
Munarg,XL,V,CIII,Quinarius,VI,XXXI,CIV
Munarg,XXXIX,XI,CXXI,Quinarius,VII,XXV,XLV
Murytub,XXXV,VII,XCVIII,Quinarius,VII,VIII,CCCLV
Murytub,XXXVIII,I,CLXVII,Denarius,VII,XXII,DCLVI
Murytub,XXXIX,VI,CLXXV,Denarius,V,XXIX,DXLVII
Murytub,XXXVII,VII,CXXXVII,Denarius,VIII,XXXI,DCCCLXXVIII
Munarg,XXXVII,IX,CLXXIX,Quinarius,VI,XXII,XCV
Murytub,XXXV,X,CXL,Denarius,VII,XI,DCLVI
Muniv,XXXV,I,XXVI,Quinarius,VI,XV,CCCII
Munarg,XXXV,III,CXXIII,Denarius,VI,XII,CCCLII
Munarg,XXXVI,III,CXIII,Quinarius,III,IV,CLXXXI
Murytub,XXXV,VIII,CXXXV,Quinarius,V,XXIII,CCCXXVI
Suilis,XL,VIII,XXXIV,Denarius,VI,VII,MMMMLXXIII
Munarg,XXXIX,I,CX,Denarius,VII,XV,CCXXXVIII
Muniv,XL,II,XXVIII,Quinarius,VII,V,CXXVI
Munarg,XXXV,I,CXLIII,Quinarius,IX,XIX,CCXVII
Munarg,XXXVII,VIII,CLI,Denarius,VI,X,CD
Munarg,XXXIX,IV,CXIII,Denarius,V,XIV,CCLXV
Munarg,XXXIX,XII,CLXXXVI,Denarius,IV,XVIII,CCCLXXXI
Murytub,XL,VII,CLXXV,Quinarius,VI,IV,CXXXVI
Murytub,XL,I,CLVI,Quinarius,VII,II,CXXXII
Atamora,XXXIX,XI,V,Aureus,VI,XXVII,XXIV
Murytub,XXXIX,V,XCVI,Quinarius,VIII,VIII,CXXXII
Munarg,XXXIX,VII,CLIX,Denarius,VI,XII,CCXL
Murytub,XXXVIII,XI,CXXVII,Denarius,II,XXIV,DCXXXIV
Muniv,XXXIX,VII,XXXIII,Denarius,VIII,XIX,DVII
Murytub,XXXVII,V,CXL,Denarius,VI,XVII,DCCCLXXXV
Suilis,XXXVI,III,LXXII,Quinarius,V,III,MDCXXXIX
Munarg,XL,I,CLXXIX,Denarius,IV,XX,CCXXV
Munarg,XXXVII,VIII,CXL,Denarius,IV,VII,CCL
Munarg,XXXIX,VII,CXXXVII,Denarius,VIII,XXVI,CCCLV
Munarg,XXXIX,V,CLXXIII,Denarius,IV,XXI,CDXLVIII
Muniv,XXXIX,IV,XXI,Denarius,V,XII,DLXI
Suilis,XXXIX,IV,XVIII,Denarius,VII,XXI,MMMDCCXXIV
Murytub,XL,VII,CLXI,Denarius,IX,XIX,DXLI
Munarg,XXXVII,III,CXCVIII,Denarius,IV,XXV,CCCXCI
Murytub,XXXVI,IX,CXIII,Denarius,V,V,DCXXIII
Munarg,XXXIX,VIII,CXV,Quinarius,VIII,XV,CVIII
Murytub,XXXVII,XI,CXCVII,Aureus,IV,XXVIII,VI
Muniv,XXXVIII,II,XXII,Denarius,IX,II,DXLI
Munarg,XL,VIII,CLXXIII,Denarius,VII,I,CDXXXIX
Muniv,XXXVIII,II,XXX,Quinarius,V,XXVII,CLI
Munarg,XXXVIII,XI,CXXXVI,Denarius,V,XXVII,CCLXXXV
Muniv,XXXVII,I,XXXVII,Aureus,V,VII,V
Munarg,XL,X,CLXXIV,Quinarius,VIII,V,XCIV
Muniv,XXXVI,VIII,XXVI,Quinarius,V,XV,CCXXIII
Munarg,XXXV,III,CV,Denarius,V,XXIII,CCCLXXX
Muniv,XXXVIII,IV,XXIII,Quinarius,VIII,XX,CXLII
Murytub,XXXVI,X,CLIII,Aureus,VI,XXVIII,VII
Munarg,XXXVIII,IV,CVI,Denarius,V,XXII,CCXXXIV
Suilis,XXXVII,IV,XXVI,Denarius,VIII,XV,MMMDXCIII
Munarg,XXXVIII,IV,CVIII,Quinarius,III,XVII,XCII
Murytub,XL,VIII,CLXXVII,Quinarius,VII,XVII,CXIII
Muniv,XXXVII,VIII,XXII,Denarius,VI,XXX,DXLIX
Munarg,XXXIX,X,CXI,Denarius,VII,XXVII,CDXXXVIII
Muniv,XL,II,XV,Denarius,II,XVII,CDLXXXII
Murytub,XXXVIII,III,CXCII,Denarius,IV,III,DCXIX
Murytub,XXXVIII,I,CLX,Quinarius,VII,XVII,CCVI
Murytub,XXXVII,X,CLII,Quinarius,V,XV,CCXLVII
Muniv,XXXV,IX,XXXII,Aureus,VII,XVIII,VI
Munarg,XXXVIII,I,CLXXXVI,Denarius,III,XXI,CCCIV
Munarg,XXXVI,II,CXL,Denarius,III,III,CCCIII
Suilis,XXXVII,V,XXVII,Denarius,V,XXIV,MMMCCLXI
Muniv,XXXV,IX,XXV,Denarius,VI,XX,CDXC
Murytub,XXXV,I,CLXVII,Denarius,VII,XXX,DCCXIV
Munarg,XL,XI,CLXXXVI,Denarius,VI,XVIII,CLXXII
Munarg,XXXVIII,I,CXXXII,Denarius,V,VI,CCCVIII
Murytub,XXXIX,IV,CLX,Denarius,IV,XXV,DLXXII
Murytub,XXXVI,IV,CXVI,Denarius,VIII,XIII,DCXXIV
Murytub,XXXV,XII,CXXIII,Denarius,VI,V,DCLXXXV
Murytub,XXXV,X,CLV,Aureus,III,III,VIII
Murytub,XXXVI,V,CXV,Aureus,IX,XXVII,VII
Munarg,XXXIX,III,CXXII,Denarius,IX,I,CCCLXXXIV
Munarg,XXXIX,XII,CXCVII,Quinarius,X,XII,XLVII
Muniv,XXXVIII,VI,XXIV,Denarius,IX,VII,CDLXIV
Munarg,XXXVI,X,CL,Quinarius,VIII,XI,CXXXI
Muniv,XL,VI,XXI,Denarius,IV,XIV,CDLXXII
Munarg,XXXV,I,CLXXXVI,Quinarius,VIII,II,CLXXII
Murytub,XXXV,VI,CXLVI,Denarius,VI,XXV,DCXCVII
Murytub,XXXIX,XI,CXLIX,Aureus,VII,XXV,V
Munarg,XL,X,CXXVI,Quinarius,II,III,LXXXIX
Murytub,XXXIX,I,LXXVIII,Quinarius,IV,X,CXLII
Muniv,XXXIX,VIII,XXXII,Denarius,IX,XXXI,DLXXXVI
Murytub,XXXV,X,CLXIV,Denarius,IV,V,DCXC
Munarg,XXXVII,XI,CLXXIX,Denarius,V,XXI,CCCLXV
Munarg,XXXIX,V,CXCIII,Denarius,VI,II,CCVI
Munarg,XL,VII,CIII,Denarius,V,XXIX,CDXL
Murytub,XXXV,VIII,CXLI,Denarius,VII,X,DCL
Atamora,XXXVII,VI,IX,Denarius,IX,II,MCMXXXIV
Suilis,XXXVIII,I,X,Aureus,VI,XIII,XXXVIII
Munarg,XL,XI,CIII,Denarius,IV,XXIX,CCXXVI
Suilis,XXXIX,II,XIII,Quinarius,VI,XIII,DCCXCIII
Munarg,XL,V,CXCII,Denarius,VI,XV,CC
Muniv,XXXVIII,IX,XXIX,Aureus,VI,XIX,V
Munarg,XL,IX,CXXVI,Denarius,VI,XXI,CCXXVII
Munarg,XL,VIII,CXCIV,Denarius,VI,XXVIII,CCCXC
Munarg,XXXVIII,XI,CXXXIX,Denarius,VII,XII,CCCXLV
Munarg,XXXVI,III,CXV,Denarius,VI,VIII,CCCXXX
Murytub,XXXVI,III,CXCVI,Denarius,VII,XI,DCCX
Murytub,XXXVI,IX,CLXXVII,Denarius,VI,XXII,DCCV
Munarg,XL,X,CLXV,Denarius,IV,XIX,CDXLIV
Munarg,XL,VIII,CXXXVIII,Quinarius,III,XVIII,LIII
Murytub,XL,V,CLXXXI,Denarius,VIII,XIX,DLXXV
Murytub,XL,II,CXXXV,Quinarius,VII,VII,CXXXIX
Murytub,XXXIX,VII,CXCII,Aureus,VI,XIII,VI
Murytub,XXXIX,VI,CXLIV,Quinarius,IV,XXVI,CXLIX
Murytub,XXXV,VI,C,Denarius,VIII,XXIV,DCCX
Munarg,XXXV,X,CLXXXVI,Denarius,IV,VIII,CCCXVI
Murytub,XXXIX,II,CVI,Denarius,VI,IX,DLXXXIX
Murytub,XXXV,I,CXLVIII,Denarius,V,XXV,DCCLIII
Munarg,XXXVIII,III,CLXXXII,Denarius,V,XXI,CCLXXI
Murytub,XL,IV,CCXXIII,Quinarius,III,XIX,CXVI
Munarg,XXXIX,XII,CLII,Denarius,V,I,CCCLXXI
Munarg,XXXVII,VII,CLXX,Denarius,IX,XXIV,CCCXLIII
Murytub,XXXIX,XII,CLV,Denarius,V,XXX,DLXXVIII
Muniv,XXXVII,IV,XXV,Quinarius,V,II,CCXXXVI
Munarg,XXXIX,IX,CXXXVI,Denarius,V,XVII,CCXII
Murytub,XXXVIII,III,XCII,Denarius,IX,XIII,DCXLVI
Atamora,XXXVI,XI,X,Denarius,III,XI,MMMDCXCIV
Murytub,XXXVIII,VIII,CLXXX,Denarius,VIII,VI,DCXXIII
Munarg,XXXVIII,III,CXCI,Quinarius,VII,XXX,LXXVI
Munarg,XL,IV,CXIII,Quinarius,VII,XVII,LXXXVII
Munarg,XXXVII,VIII,CXCIII,Quinarius,V,XIV,CXLVII
Muniv,XXXIX,VIII,XXXIV,Quinarius,V,XXIII,CXVII
Muniv,XXXIX,XI,XXXII,Quinarius,V,X,CXXXVII
Munarg,XXXVI,XII,CXXXVIII,Aureus,VIII,XXIII,III
Munarg,XXXVII,X,CXCVII,Denarius,IX,II,CCLXXXIV
Murytub,XXXVII,VII,XCI,Quinarius,IX,XIX,CCCXLVII
Munarg,XXXVIII,IX,CXCVI,Denarius,IV,XV,CDVII
Munarg,XXXVIII,XI,CLXXX,Quinarius,IV,XXIX,CXVI
Atamora,XXXIX,VIII,XII,Denarius,VI,V,MMDXXIV
Munarg,XXXVIII,V,CLXIII,Quinarius,V,XVII,LXXXVIII
Munarg,XXXV,II,CLXXXVI,Denarius,VII,XXIV,CCCXCIII
Munarg,XXXVII,VI,CV,Quinarius,VII,IX,XCVIII
Muniv,XXXVI,VI,XXVI,Denarius,VI,XXII,DXIV
Munarg,XXXV,II,CLXI,Denarius,X,XVII,CCCXLV
Munarg,XXXVI,VII,CLXIX,Denarius,IX,XIII,CCCXLVII
Suilis,XXXVI,VI,XXXVII,Quinarius,VIII,XXI,MCDXCV
Munarg,XXXV,VII,CLVI,Aureus,II,XXI,IV
Muniv,XXXVI,VIII,XXVIII,Quinarius,II,XXV,CCXIII
Muniv,XXXIX,VIII,XXIII,Denarius,VIII,XX,CDXXXIX
Munarg,XXXVII,X,CXL,Denarius,V,XV,CCCXXXIV
Murytub,XL,III,CLX,Quinarius,VI,VIII,CXX
Muniv,XXXV,III,XXX,Aureus,VII,XXXI,VI
Munarg,XXXVIII,XII,CXVI,Aureus,VII,XXXI,IV
Munarg,XXXVII,VIII,CXXIV,Quinarius,VI,XXXI,CXXIII
Suilis,XXXV,XII,XII,Denarius,IV,VIII,MMMCCCLXXXVII
Murytub,XXXIX,II,CXXIX,Aureus,V,XIV,V
Murytub,XXXVII,IV,CXLIX,Denarius,VI,XXVII,DCCCLXIII
Munarg,XXXIX,II,CXLI,Quinarius,V,XXV,XCIX
Suilis,XXXVII,VII,XIV,Quinarius,III,XIII,MCCCXLI
Munarg,XXXV,VII,CLXXI,Quinarius,IV,XXIII,CLXXXII
Murytub,XXXIX,VIII,CXLIX,Denarius,IX,XXI,DLXXXII
Muniv,XXXIX,III,XXIX,Denarius,VI,XIV,DLVI
Murytub,XL,V,CXII,Quinarius,VI,VI,CXVIII
Murytub,XXXV,II,LXXXVIII,Denarius,V,XIII,DCLXXXVIII
Munarg,XXXV,V,CXX,Denarius,VII,XXVI,CCCLXXIX
Munarg,XL,XII,CXLIV,Quinarius,V,XXVIII,LXXIV
Munarg,XXXV,I,CXXXI,Denarius,VI,VIII,CCCXX
Munarg,XXXV,VIII,CIV,Denarius,V,XXVIII,CCCLIX
Murytub,XXXVI,I,CXLVI,Denarius,VI,XXVII,DCLX
Suilis,XXXVIII,XII,XII,Quinarius,VI,XXV,DCCCLVI
Murytub,XXXVII,XII,CLV,Quinarius,IV,II,CCXII
Munarg,XL,VI,CXLI,Denarius,VI,X,CCCLXIII
Murytub,XXXIX,VIII,XCVII,Quinarius,IX,XI,CXXXVII
Murytub,XXXVII,VI,CLXVI,Quinarius,VII,XVI,CCCLXX
Muniv,XXXVII,IV,XXVIII,Quinarius,IV,XX,CCXXIII
Munarg,XL,III,CIV,Denarius,V,XXVIII,CDXIX
Muniv,XL,VII,XXIX,Quinarius,IX,XIX,CIX
Munarg,XXXV,II,CLXIX,Denarius,IV,II,CCXCIX
Munarg,XL,II,CLXX,Aureus,IX,XXVIII,IV
Munarg,XXXV,VII,CLXII,Denarius,VI,XIV,CCCXLIX
Munarg,XXXV,X,CVI,Quinarius,IV,XXI,CLXXXV
Murytub,XXXVI,V,CX,Quinarius,V,XIX,CCCIII
Murytub,XL,X,CCXIV,Quinarius,VI,XII,CIX
Murytub,XL,VI,CXCVII,Quinarius,IV,XXVIII,CXXXV
Munarg,XXXVIII,XI,CLXXXVII,Quinarius,VIII,XIX,CVII
Muniv,XXXIX,II,XXV,Denarius,VI,IX,CDLXXXI
Muniv,XXXIX,VIII,XXVIII,Denarius,VII,X,CDLXXXII
Murytub,XXXV,I,CLXXIX,Denarius,VI,VII,DCXCI
Munarg,XXXVIII,II,CXCIII,Aureus,VIII,VII,IV
Murytub,XXXVIII,IV,CCXXVII,Denarius,IV,XXI,DCXXII
Muniv,XXXVIII,VII,XXVII,Denarius,VII,XXVIII,CDXCVI
Atamora,XXXVII,VI,XII,Denarius,IV,XX,MMCCLXXVII
Murytub,XXXIX,I,CCVIII,Denarius,V,XXVII,DCXI
Munarg,XXXV,X,CXC,Denarius,V,XX,CCCXIII
Murytub,XL,X,CXXXII,Quinarius,IV,XXI,CXII
Murytub,XL,VI,CXXII,Denarius,VIII,XXIV,DLV
Atamora,XL,I,XI,Denarius,VII,XIX,MMCCCLXXIX
Munarg,XXXV,VIII,CLXXVI,Denarius,V,XXVI,CCCXVIII
Munarg,XXXVII,VII,CLXIII,Denarius,V,XXX,CCLXXIV
Muniv,XXXVI,VI,XXI,Denarius,VIII,XIV,DLIII
Muniv,XXXVII,VII,XXIII,Denarius,VIII,V,DXLIII
Atamora,XL,V,XI,Denarius,VI,XXXI,MMCDLXXVI
Murytub,XXXVI,IV,CLXXXIX,Quinarius,V,I,CCLXXXVI
Munarg,XXXVII,II,CXXI,Denarius,V,XVI,CCLXXVIII
Muniv,XXXV,V,XXVII,Denarius,IX,IX,CCCLXXXV
Munarg,XL,III,CLXX,Quinarius,VI,III,LXXXIV
Muniv,XXXVI,VIII,XXII,Aureus,IV,IX,V
Munarg,XXXVI,XI,CLXXXII,Denarius,VIII,VIII,CCXCIII
Munarg,XXXVI,IX,CIX,Quinarius,VI,XIX,CLXXIV
Murytub,XXXVIII,XI,CLXIII,Quinarius,IV,XXVIII,CLXIII
Murytub,XXXIX,IV,CLVI,Quinarius,X,XX,CXXXVIII
Muniv,XXXVIII,I,XVI,Denarius,VII,XX,CDXCV
Murytub,XXXIX,IX,CLXXIII,Denarius,IX,IV,DCII
Suilis,XXXIX,X,XXIV,Aureus,VI,XXV,XXXVI
Murytub,XXXV,I,CLXV,Quinarius,VII,XXVII,CCCXCV
Munarg,XXXIX,I,CXLV,Denarius,IV,I,CCCLXXII
Murytub,XXXIX,III,CXXXIII,Aureus,VI,II,V
Munarg,XXXVII,III,CXXXI,Quinarius,VI,XVII,CXLIV
Muniv,XXXV,I,XXVIII,Denarius,VIII,II,CDLXXXIV
Munarg,XXXIX,XII,CXXVII,Denarius,VI,XI,CCLII
Murytub,XL,IX,CLXXVIII,Denarius,V,VI,DXV
Munarg,XL,III,CXCI,Denarius,VI,XII,CDXLVII
Munarg,XXXV,VIII,CIII,Quinarius,VIII,III,CLXXIV
Muniv,XXXIX,XI,XXXI,Denarius,VIII,XIII,DLIV
Munarg,XXXVI,XI,CLXXVII,Quinarius,III,XXV,CXLII
Munarg,XXXVII,III,CXVI,Quinarius,X,IV,CLV
Murytub,XL,XII,CLXII,Aureus,VI,II,IV
Murytub,XXXV,X,CXXXVI,Denarius,VI,XVIII,DCLXXXI
Murytub,XL,IV,CLXXXII,Denarius,VIII,XIV,DLXXVIII
Muniv,XXXVIII,XII,XXIV,Denarius,III,VII,CDLXXII
Murytub,XXXVIII,XI,CXII,Aureus,VII,VI,V
Munarg,XXXIX,XII,CXLIV,Aureus,IV,XVIII,II
Munarg,XL,VIII,CLXIV,Denarius,VII,XXV,CDLI
Munarg,XXXVIII,I,CLXXXVII,Denarius,VI,XI,CCLV
Munarg,XXXVI,VIII,CLXVI,Denarius,V,XXX,CCCXXVI
Suilis,XXXV,VI,XIII,Quinarius,VI,XXVIII,MDCXIV
Muniv,XXXVI,IV,XXV,Denarius,V,XVII,CDLII
Munarg,XXXVIII,X,CXCII,Denarius,VIII,VIII,CDLI
Munarg,XL,X,CXXXIX,Denarius,IV,XXII,CDLV
Murytub,XXXVIII,IX,CLIII,Denarius,VI,II,DCXL
Suilis,XXXVII,IV,XXXIV,Denarius,VI,XXVII,MMMCDLXXXIII
Muniv,XXXVI,III,XXXI,Quinarius,IX,XIV,CCXXXVIII
Munarg,XXXIX,III,CXX,Quinarius,IV,XXIV,LXXX
Muniv,XXXVIII,II,XX,Denarius,V,XXIII,CDL
Munarg,XXXIX,XI,CXIX,Aureus,VII,I,IV
Suilis,XXXVII,I,XXXIII,Quinarius,IX,X,MCCCLXXXIII
Murytub,XXXIX,III,CI,Quinarius,V,VII,CXLI
Murytub,XXXVI,V,CXVI,Denarius,IV,XI,DCLXX
Munarg,XXXVII,IV,CI,Denarius,VIII,IX,CCCXXII
Muniv,XXXV,XI,XXXI,Denarius,III,V,DVI
Munarg,XXXVI,II,CLXXV,Denarius,V,XXVIII,CCCXXVI
Muniv,XL,VII,XXIV,Denarius,VI,VI,DLXXXVI
Muniv,XXXV,VII,XXIII,Denarius,VI,XXVI,DXXVIII
Suilis,XXXVI,VIII,LXXXI,Quinarius,V,XXX,MCCLXV
Murytub,XXXV,V,CXLV,Aureus,IX,XXX,VIII
Muniv,XXXV,IV,XXII,Denarius,IV,XXIV,DCXX
Munarg,XXXVIII,VI,CXCII,Quinarius,VI,X,LXXXVIII
Munarg,XXXVIII,VI,CXLVIII,Quinarius,VI,IX,LXXXIX
Muniv,XXXVIII,X,XXIV,Quinarius,VIII,II,CXVI
Murytub,XXXVI,VII,XC,Denarius,VI,IX,DLXXIII
Muniv,XXXVIII,I,XXI,Quinarius,VIII,XVI,CLXXIII
Muniv,XXXVIII,I,XXXIII,Quinarius,V,XIV,CLXXXIX
Murytub,XXXV,VI,CXXIV,Denarius,VI,IX,DCCVII
Munarg,XXXV,II,CLXXIV,Quinarius,V,XXVII,CLXVI
Murytub,XXXVI,I,CLIV,Quinarius,VI,XI,CCCXLVIII
Muniv,XXXV,II,XXIII,Quinarius,IV,XVIII,CCXLVIII
Munarg,XXXIX,V,CXCVII,Denarius,VI,XXIX,CDXLIX
Atamora,XXXIX,XII,XIII,Aureus,V,XXI,XXIII
Murytub,XL,III,CLXXI,Denarius,VI,XIX,DLXVIII
Atamora,XXXVII,IX,XI,Denarius,VI,XXIV,MMMCDIX
Suilis,XXXIX,VIII,XVIII,Denarius,VII,XXIV,MMMDCCCLVIII
Murytub,XXXV,XII,CXLVIII,Quinarius,VI,VI,CCCV
Atamora,XXXVII,II,VII,Quinarius,VI,XIII,MCCCLXXIII
Munarg,XXXIX,X,CXXII,Aureus,IV,V,II
Muniv,XXXVI,III,XXIX,Denarius,III,XVIII,CDLXII
Munarg,XXXVII,V,CXXIV,Quinarius,III,XXIII,CLIX
Murytub,XXXVI,XI,CLXXXI,Denarius,VII,XXVI,DCXCIX
Murytub,XXXVI,IV,CCII,Denarius,IV,XX,DCLIII
Murytub,XXXVIII,XI,CLXX,Quinarius,II,XXIV,CLXIV
Muniv,XXXV,XI,XXIII,Aureus,IX,XXVI,VI
Murytub,XXXV,VII,CLXIX,Denarius,II,XXI,DCCIX
Murytub,XXXV,VII,CIII,Denarius,VI,XXV,DCXXIX
Suilis,XXXVI,II,XI,Denarius,VII,XXIV,MMMCCCLXXVIII
Munarg,XXXIX,X,CLX,Denarius,V,XIV,CCXIX
Murytub,XXXVIII,II,CXV,Aureus,IX,II,VI
Munarg,XXXVI,X,CX,Quinarius,IX,XVIII,CXII
Muniv,XXXIX,VI,XXVIII,Denarius,VI,XIII,DXXV
Murytub,XL,VI,CLXIII,Aureus,III,I,V
Murytub,XXXIX,XII,CXII,Denarius,V,VI,DLXVII
Murytub,XXXVIII,VI,CXXV,Quinarius,IV,XVII,CXCVIII
Murytub,XXXIX,III,CXXXII,Quinarius,V,XXIII,CXX
Murytub,XXXVII,IX,CLXXVI,Quinarius,V,IV,CCXCII
Murytub,XXXVII,VI,CXLVI,Aureus,IV,VIII,IX
Muniv,XXXVII,I,XXI,Quinarius,V,XXV,CLXV
Murytub,XL,VIII,CXXVIII,Quinarius,VIII,XXIV,CXXXIII
Munarg,XXXVI,XI,CLIII,Quinarius,III,VII,CLVIII
Murytub,XXXVIII,VII,CXX,Denarius,IX,XXXI,DCXXIII
Munarg,XL,III,CXXVI,Quinarius,III,I,XLVIII
Munarg,XL,III,CLXXXI,Aureus,VI,XXX,II
Munarg,XL,V,CXCV,Denarius,VI,XXXI,CLXXXI
Munarg,XXXVIII,VIII,CXIX,Denarius,III,XVI,CCLXXX
Atamora,XXXV,VIII,X,Denarius,IX,XVIII,MMDLXXI
Munarg,XXXVII,VIII,CLXXIX,Denarius,VI,XXIX,CDIII
Murytub,XL,XII,CLXXVI,Denarius,VI,XXV,DLVIII
Murytub,XXXIX,III,CXLIV,Quinarius,VI,XXVIII,CXXXV
Murytub,XXXVIII,III,CLXXXIX,Aureus,IX,XV,VII
Munarg,XXXVII,II,CLXXVIII,Denarius,VII,VIII,CCCIII
Murytub,XXXVI,IX,CXLV,Denarius,VI,XXII,DCLX
Munarg,XXXVI,VIII,CXI,Denarius,VI,XVIII,CDXI
Murytub,XL,VI,CLXII,Aureus,VII,VI,V
Munarg,XXXV,I,CXLI,Denarius,VI,XXI,CCCXLIX
Munarg,XL,VIII,CXLIV,Denarius,VIII,XXIV,CDXXX
Munarg,XXXVI,X,CXXXVI,Denarius,IX,III,CCCXIX
Munarg,XXXIX,XII,CV,Denarius,VI,III,CCCLXXXIX
Murytub,XXXVII,V,CLXII,Denarius,V,XV,DCCCLXXXV
Munarg,XL,VIII,CLXIV,Aureus,III,XXVII,III
Munarg,XXXVII,III,CXXXIX,Aureus,V,II,III
Muniv,XL,III,XIV,Denarius,VII,II,DCLXXV
Murytub,XXXV,IX,CXXXIII,Aureus,VIII,XXVIII,IX
Munarg,XL,XII,CXVII,Quinarius,V,IX,LXXIX
Murytub,XXXVII,XI,CXVIII,Denarius,VI,X,DCXXXIV
Munarg,XXXVIII,VII,CXXXI,Quinarius,IV,XI,CVIII
Munarg,XXXVI,VIII,CLXXXV,Quinarius,VI,XIII,CXXXIV
Atamora,XXXVI,VI,VIII,Quinarius,VIII,XII,MCL
Murytub,XXXVI,VI,CLX,Quinarius,VIII,XX,CCLXXVIII
Munarg,XXXVIII,III,CIII,Denarius,V,X,CDXXVI
Munarg,XXXVII,V,C,Quinarius,V,XI,CLX
Murytub,XXXIX,VII,CLXVI,Denarius,VII,II,DLXXXVII
Murytub,XXXVIII,I,CXCI,Denarius,V,XXX,DCVIII
Suilis,XXXV,VII,XI,Quinarius,VII,XX,MDCLXXV
Munarg,XXXV,III,CLXXVII,Denarius,IV,VIII,CCCXXXV
Murytub,XL,X,CLVI,Aureus,IX,XXXI,IV
Murytub,XXXVI,I,CXCIV,Denarius,VIII,XXV,DCXXXI
Munarg,XXXVIII,V,CXXXVIII,Quinarius,IX,VII,CXXXIV
Munarg,XL,VI,CLV,Aureus,VIII,XXX,II
Murytub,XXXVI,I,CXLV,Quinarius,VII,XX,CCCXI
Atamora,XXXIX,VII,XII,Denarius,VII,X,MMCLVI
Muniv,XXXIX,VII,XXII,Denarius,V,VI,CDLXV
Murytub,XXXIX,V,CCIV,Denarius,V,XXVI,DLXXXV
Muniv,XXXVII,VIII,XXVIII,Aureus,VII,XIII,V
Munarg,XXXV,IX,CLXXXV,Denarius,VI,XX,CCCLXVI
Atamora,XXXIX,I,IX,Quinarius,IV,XVI,DCLXXXII
Munarg,XXXIX,IV,CLXXI,Denarius,V,XXVII,CCXXX
Murytub,XXXVII,VII,CXLV,Quinarius,VII,XXI,CCCLX
Atamora,XXXIX,VIII,X,Quinarius,VIII,XV,DCIII
Munarg,XXXVII,VIII,CXXXVI,Quinarius,IV,XIX,CL
Murytub,XXXIX,VII,CLXXII,Denarius,VII,XXII,DLXXXVII
Murytub,XXXIX,XII,CL,Denarius,VIII,XXVII,DXXIII
Murytub,XXXVI,XI,CXXIII,Quinarius,V,II,CCLVIII
Munarg,XL,IV,CLXXXIV,Quinarius,III,XII,XCI
Murytub,XXXVII,III,CXXXVI,Denarius,V,IX,DCCXVIII
Suilis,XXXVII,IX,XXXVII,Aureus,VI,XVI,XXXV
Munarg,XXXVIII,VIII,CXXXIII,Quinarius,VII,XIX,XCVIII
Murytub,XL,X,LXXXV,Denarius,IX,XXIV,DLVIII
Munarg,XXXV,XII,CXLVI,Quinarius,VI,X,CLXXIII
Suilis,XXXV,IX,XIX,Denarius,IX,X,MMMCDXVI
Murytub,XXXIX,I,CXXXII,Denarius,V,XXVII,DLXXXV
Munarg,XXXVI,III,CXCV,Aureus,VII,XI,III
Murytub,XL,VII,CLXXX,Denarius,VIII,XXVIII,DLXII
Munarg,XXXV,XII,CXII,Denarius,IV,XX,CCCLI
Munarg,XXXVII,IX,CXII,Aureus,VI,XXIII,III
Muniv,XXXIX,XI,XXXII,Quinarius,VII,IV,XCVII
Munarg,XXXVII,V,CLXX,Denarius,VII,IV,CDXIII
Munarg,XXXIX,VI,CXLVIII,Aureus,IV,XXVI,IV
Munarg,XXXVII,III,CXV,Denarius,X,IV,CCLXXVI
Murytub,XXXVIII,III,CLXV,Quinarius,IV,III,CLXXXVIII
Munarg,XXXIX,IX,CLIV,Quinarius,VI,XXVII,LII
Munarg,XXXVIII,III,CIX,Denarius,VI,II,CCCLXVI
Munarg,XXXVII,XII,CXCIX,Denarius,VI,XXII,CCXLIX
Munarg,XXXVIII,VIII,CVIII,Denarius,VII,XIII,CCCXCIX
Murytub,XXXVII,VIII,CLXXIII,Quinarius,V,XIV,CCLXXI
Munarg,XXXVI,XI,CXLV,Denarius,VIII,XVII,CCLIX
Murytub,XXXV,III,CXV,Aureus,VI,VII,IX
Munarg,XXXIX,I,CLXIII,Quinarius,IX,XXVIII,LIII
Munarg,XXXIX,XI,CLXXXIII,Denarius,IV,XV,CCXXXVII
Murytub,XXXVII,XI,CLXXI,Quinarius,V,VI,CCXIV
Munarg,XXXV,III,CXXI,Quinarius,V,XXX,CLXVI
Munarg,XXXVIII,III,CXLII,Denarius,VI,IX,CCXLVI
Atamora,XL,III,VIII,Denarius,VII,II,MMDCII
Munarg,XXXVII,VI,CLVI,Denarius,VII,XXVII,CCXLVIII
Murytub,XXXVI,VIII,CLXV,Denarius,IV,XIV,DCXXXVIII
Munarg,XXXVI,II,CLXXIX,Denarius,V,XIX,CCCIII
Suilis,XXXVII,IX,XVII,Denarius,III,V,MMMCCCLXXV
Munarg,XXXIX,X,CXXXI,Denarius,V,XVI,CCCLXV
Murytub,XXXV,IX,CL,Denarius,VII,XXIV,DCLXI
Murytub,XXXVIII,X,CLXXIX,Denarius,VII,IX,DLXXXVI
Munarg,XXXVIII,V,CLXXV,Aureus,IV,III,III
Suilis,XXXVIII,IX,XVII,Denarius,IV,XXVIII,MMMDCCCX
Murytub,XXXIX,IV,XCIV,Denarius,IV,XXIII,DLXIV
Murytub,XXXIX,V,CLXXXI,Aureus,IV,XI,VI
Munarg,XXXIX,VIII,CLXXXV,Denarius,IV,XXV,CCCLXXXIX
Muniv,XXXIX,V,XXVIII,Denarius,VI,IV,DXLVI
Munarg,XXXVIII,II,CXLIV,Denarius,VI,I,CDXXXI
Munarg,XXXVII,VII,CLXI,Quinarius,VII,XXIII,XCIII
Muniv,XXXIX,III,XLII,Denarius,VI,XXVIII,CCCXCV
Munarg,XXXVI,IX,CLXXI,Denarius,V,XXVIII,CCLXXI
Atamora,XXXVI,IX,XI,Denarius,VIII,XIII,MMMDCCIX
Muniv,XXXV,III,XXIV,Denarius,IV,VIII,DCXLIII
Murytub,XXXVI,IX,LXXIV,Quinarius,V,V,CCLXIV
Munarg,XXXV,IX,CXIX,Denarius,VII,I,CCCXIX
Muniv,XXXV,III,XXXII,Denarius,VII,XVI,DVIII
Suilis,XXXVIII,VI,XXXII,Denarius,VII,XIII,MMMCDLIII
Murytub,XXXIX,X,CLXXVIII,Denarius,V,XIV,DLXXVIII
Murytub,XXXVI,I,CXLIV,Denarius,III,V,DCXXVIII
Murytub,XXXVII,VIII,CXXI,Denarius,VII,XIII,DCLXXIX
Munarg,XXXVIII,II,CXXX,Denarius,VI,I,CCXXXIII
Munarg,XXXIX,IX,CXXIV,Denarius,VI,XX,CCCLXXII
Murytub,XXXV,XI,CLXXXVI,Denarius,V,XIII,DCXXXV
Muniv,XXXIX,II,XXII,Denarius,VI,XVI,DLXII
Murytub,XXXV,VI,CXXX,Quinarius,VIII,VII,CCCL
Muniv,XXXVI,X,XXII,Aureus,IV,XXIII,VI
Muniv,XXXVI,I,XXXIV,Denarius,VII,VIII,DXXX
Muniv,XXXVII,I,XX,Aureus,IX,XXX,VI
Murytub,XXXVII,III,CLXXIX,Denarius,VI,XI,DCLX
Munarg,XL,XII,CLXIII,Quinarius,VI,XXVII,LXXXV
Atamora,XL,IX,VIII,Denarius,VI,VII,MMDCCCXL
Munarg,XXXVII,VI,CLXXIX,Quinarius,VII,XIII,CXXV
Munarg,XXXIX,X,CLIX,Aureus,V,XIX,II
Muniv,XXXIX,VII,XVIII,Quinarius,VI,XX,CXIII
Murytub,XXXV,VIII,CLXV,Denarius,VI,VI,DCLXXXVII
Murytub,XXXVI,XII,CLV,Denarius,VI,X,DCXXIV
Muniv,XXXIX,VII,XXVII,Quinarius,V,XXVIII,CIX
Atamora,XXXVIII,X,VIII,Denarius,VI,XXIX,MMMCDXXVI
Atamora,XXXVII,II,XIV,Denarius,VIII,XXVI,MMMCDLXIX
Atamora,XL,III,VI,Quinarius,VI,XI,DCLXXXVIII
Murytub,XXXVI,XII,CXIV,Quinarius,VI,VI,CCLXV
Suilis,XL,XII,XIII,Denarius,IX,X,MMMMCXLIX
Murytub,XL,XI,CLXIV,Denarius,V,XX,DXL
Munarg,XXXIX,I,CXXIX,Quinarius,VI,III,LII
Munarg,XXXVI,II,CLXXXII,Quinarius,VII,XXIII,CXXXVI
Munarg,XXXVII,I,CXLVI,Quinarius,VII,XVII,CIX
Atamora,XXXV,VIII,XV,Denarius,V,XXII,MMMLXXVII
Murytub,XL,I,CXXIII,Denarius,VI,XXVI,DLXVIII
Murytub,XXXV,IX,CLXIV,Quinarius,VII,XXIV,CCCLXXI
Munarg,XL,VIII,CXXIX,Denarius,III,XXIX,CDXXXV
Muniv,XXXVI,III,XXIV,Denarius,V,IX,DXX
Munarg,XXXV,IV,CXL,Denarius,V,XX,CCCXLII
Murytub,XXXVII,I,XCIV,Quinarius,V,XXIII,CCXLVI
Munarg,XXXV,II,CXC,Denarius,VII,XV,CCCXXXII
Munarg,XXXIX,VI,CLXXIX,Denarius,V,XXVIII,CCCXCVIII
Munarg,XL,X,CXXIX,Denarius,VI,XIV,CCXVI
Murytub,XXXVIII,XI,CXL,Denarius,IV,XV,DCXVI
Munarg,XXXVII,III,CXXVI,Denarius,VI,XIX,CCCVII
Muniv,XXXIX,XII,XXVI,Denarius,VI,III,CDLXIV
Murytub,XXXVI,III,XCIV,Denarius,IV,XIX,DCLXIII
Munarg,XXXVII,X,CXLI,Quinarius,IX,II,CLXIV
Murytub,XXXVI,IV,CLXXII,Denarius,VII,III,DCLXXIX
Suilis,XXXVIII,V,XVII,Aureus,IX,XXIV,XXXVIII
Murytub,XXXVIII,IX,CLXV,Quinarius,III,XI,CLXIV
Murytub,XXXIX,VII,CLII,Denarius,VI,XII,DLXXXIX
Murytub,XL,XI,CXLIII,Denarius,VI,XVIII,DXXI
Munarg,XXXVIII,V,CXVI,Aureus,IX,VII,III
Murytub,XXXVII,X,XCIV,Denarius,VIII,V,DXCVI
Munarg,XXXVII,IX,CLIX,Denarius,VII,VI,CDXVI
Murytub,XXXIX,VIII,CIV,Quinarius,VIII,XIII,CXLVI
Munarg,XXXV,VI,CVIII,Denarius,I,III,CCCLXX
Muniv,XXXVII,X,XXV,Quinarius,V,XIII,CCXX
Murytub,XXXVII,III,CLXXI,Quinarius,VI,I,CCXCVIII
Murytub,XXXVII,III,CIII,Denarius,VI,XIV,DCCXLII
Murytub,XXXVIII,XII,CXCII,Quinarius,V,XXVII,CLII
Munarg,XL,I,CX,Denarius,VII,XXV,CCXLIX
Munarg,XXXVIII,III,CLVI,Denarius,VI,IX,CCCXC
Munarg,XXXIX,XI,CXLVI,Denarius,IV,V,CCXIV
Munarg,XXXVII,IX,CLXVIII,Quinarius,V,IV,CXLIV
Muniv,XXXIX,I,XXIV,Denarius,VII,XXV,DVII
Murytub,XXXVI,IV,LXXX,Denarius,IX,XI,DCLXVII
Munarg,XXXIX,VIII,CV,Denarius,VIII,XXVIII,CDXI
Munarg,XXXVIII,XII,CXC,Denarius,IV,XIX,CCCXCI
Munarg,XXXV,VII,CXCIII,Denarius,VI,XV,CCCXXIX
Murytub,XXXVII,XII,CXXXIX,Denarius,IV,VII,DCII
Muniv,XXXVI,IV,XXIV,Quinarius,III,XXIV,CCXLI
Munarg,XXXV,I,CXLVII,Denarius,V,XVI,CCCLXXXI
Murytub,XL,III,CLXIX,Aureus,VI,XI,V
Munarg,XL,XI,CLXXVII,Denarius,VI,IX,CLXXXII
Munarg,XXXVIII,I,CLXXIX,Denarius,X,XIX,CDXXXVIII
Murytub,XXXIX,V,CCXXXII,Denarius,VI,XII,DLXXXI
Munarg,XXXV,X,C,Denarius,IV,XXVII,CCCX
Murytub,XXXV,VII,XCVI,Denarius,IV,XXX,DCLXXIV
Munarg,XXXIX,IV,CL,Aureus,III,IX,III
Murytub,XXXIX,VI,CLXV,Aureus,V,XXVIII,V
Munarg,XXXVII,III,CII,Denarius,VI,XVII,CCXCII
Muniv,XL,VIII,XXV,Denarius,VII,XVII,DXVIII
Murytub,XXXVIII,II,CXXXII,Denarius,VIII,XXII,DLXXXVIII
Munarg,XXXVII,IX,CXCIII,Denarius,VII,VI,CCCLXXVI
Munarg,XXXV,VII,CXIV,Quinarius,VI,XII,CLX
Munarg,XXXIX,VIII,CXXX,Denarius,IV,XIX,CCVII
Munarg,XXXV,VIII,CLXXVIII,Denarius,VI,VI,CCCIII
Murytub,XXXV,X,CXII,Denarius,VII,XI,DCXL
Muniv,XXXVI,X,XXXV,Quinarius,VI,VIII,CLXXXIII
Murytub,XXXVII,I,CXVIII,Denarius,V,XXIII,DCLXIV
Muniv,XXXVI,V,XXI,Quinarius,VI,XVI,CCXXXVI
Murytub,XXXVII,II,CLIII,Quinarius,VI,XXIV,CCXCVII
Muniv,XXXVI,VII,XXI,Denarius,VII,XXX,CDLXXXVI
Munarg,XXXVIII,VII,CLXXXIX,Denarius,IV,XVII,CCLXX
Suilis,XXXVII,II,XXIV,Denarius,V,XXVIII,MMMDXXXVIII
Munarg,XL,XII,CLXXVII,Quinarius,III,XII,XXXVIII
Munarg,XXXVII,XI,CLXXI,Denarius,V,XX,CCCII
Murytub,XXXVII,XI,CXXXI,Denarius,VI,XIV,DCVIII
Muniv,XXXVI,VI,XXV,Quinarius,VI,XXII,CLXXXVIII
Suilis,XXXVI,V,LXXXI,Denarius,IV,XI,MMMCCCXIV
Munarg,XXXVI,VII,CXLVII,Quinarius,V,XXI,CXLIV
Muniv,XXXIX,IX,XXIII,Denarius,VI,V,CDXCVI
Murytub,XXXVII,III,CLXXIV,Quinarius,VI,XIV,CCLXXVIII
Murytub,XXXVII,XI,CXXXV,Quinarius,V,IV,CCXXVI
Murytub,XXXIX,VII,CXXXVII,Denarius,VII,XXIV,DXCV
Munarg,XL,IX,CLXVI,Denarius,V,XVI,CDLXXX
Muniv,XXXIX,IX,XXVIII,Aureus,VI,XI,V
Murytub,XXXVIII,IV,LXIX,Denarius,VI,IX,DCIII
Murytub,XL,I,CLXXVII,Denarius,VIII,III,DLXIV
Murytub,XXXIX,VI,CXCVIII,Quinarius,II,X,CXXXV
Munarg,XXXV,II,CXIV,Denarius,VII,VII,CCCLXXXIII
Munarg,XXXVII,X,CXI,Denarius,VIII,V,CCCVII
Munarg,XXXVIII,I,CXCIII,Denarius,VII,XVII,CCLXXXIII
Munarg,XXXVIII,XII,CI,Quinarius,III,VII,LVII
Murytub,XXXVII,V,CLXI,Quinarius,VII,V,CCCXCVII
Murytub,XXXVIII,II,CLXX,Denarius,VIII,X,DCXIV
Munarg,XXXIX,XII,CXVI,Denarius,VII,XXII,CCXXXII
Munarg,XXXVII,III,CLI,Denarius,V,V,CCCXXXII
Munarg,XXXVI,IV,CXLVIII,Denarius,VII,III,CCCXXVIII
Munarg,XXXVIII,VIII,CXXXIX,Denarius,VII,XVIII,CDXLIII
Murytub,XXXIX,II,CLXXVI,Quinarius,VII,XXVII,CXXXI
Muniv,XXXIX,XII,XXVII,Denarius,VIII,II,DXXX
Munarg,XXXV,XII,CXLIV,Denarius,V,II,CCCLXXXVII
Munarg,XXXV,V,CLXXIII,Denarius,V,XI,CCCLXVII
Atamora,XXXVII,VII,XII,Denarius,VII,IV,MDCCLXXXI
Munarg,XXXVII,XII,CXXXIV,Quinarius,IV,II,CXXXIV
Murytub,XL,IX,CXXXII,Aureus,VII,XXVII,IV
Munarg,XXXVI,VI,CX,Quinarius,VI,IV,CLIX
Murytub,XXXVI,III,CXII,Denarius,VIII,VII,DCLXVII
Munarg,XXXIX,IV,CXLI,Quinarius,V,XIV,XLV
Murytub,XXXVI,VI,CXXIII,Quinarius,III,IX,CCXCVIII
Munarg,XXXV,VI,CLVIII,Denarius,VI,IX,CCXCVI
Munarg,XXXVIII,XII,CLV,Denarius,V,I,CCXXXVIII
Munarg,XXXVII,II,CLXXXVI,Quinarius,V,XVI,CVI
Muniv,XXXVIII,XI,XXV,Denarius,V,VIII,DXLIV
Murytub,XXXIX,X,CL,Quinarius,VI,XVII,CXIV
Muniv,XL,XI,XXII,Denarius,VI,XVIII,DXL
Munarg,XXXVI,VIII,CLXXXV,Denarius,V,XV,CCCXCIII
Muniv,XXXV,IV,XXI,Denarius,VI,XXVI,DXIX
Munarg,XXXIX,VII,CXXI,Quinarius,III,XXIII,LXIII
Murytub,XXXVII,VIII,CLXXXIV,Quinarius,V,III,CCLXVI
Munarg,XL,V,CXXXIII,Denarius,VII,XXI,CLXXXVI
Murytub,XXXVII,X,CXCII,Denarius,V,XVIII,DCXXI
Muniv,XXXIX,XI,XXII,Denarius,III,XVI,CDLXXIX
Munarg,XXXVIII,I,CLXXXIII,Quinarius,V,I,LXXIX
Atamora,XXXVII,II,X,Quinarius,VI,XI,MCCXXXVIII
Munarg,XXXVIII,I,CLXXI,Denarius,VII,XVII,CDXLI
Murytub,XXXV,V,CXLV,Denarius,VIII,XVII,DCCXII
Munarg,XXXVII,IV,CXXIX,Denarius,VII,VI,CCLXXVI
Munarg,XXXV,V,CLXXI,Denarius,IV,XX,CCCXXXII
Murytub,XXXVII,VI,CV,Quinarius,XII,XVIII,CCCXX
Munarg,XXXVI,VIII,CXLII,Quinarius,III,XXVII,CLIX
Murytub,XL,XII,CLIX,Denarius,IX,XIII,DXL
Murytub,XXXVI,IV,CL,Denarius,V,IV,DCX
Murytub,XXXVI,III,CXXIV,Denarius,VIII,XXV,DCLXIII
Munarg,XL,V,CXXXIX,Denarius,VII,XII,CCCLXV
Murytub,XXXV,XII,CLXXXVII,Quinarius,IV,XX,CCCIX
Murytub,XXXVII,II,C,Quinarius,V,XV,CCXCV
Munarg,XXXVII,XI,CXLVIII,Quinarius,IV,XXVII,CXXXVI
Murytub,XXXV,XI,CLXVIII,Denarius,V,IX,DCLVIII
Muniv,XL,XI,XXV,Quinarius,IV,XVI,CII
Murytub,XXXIX,I,CXLV,Denarius,VII,XXVI,DLXXX
Murytub,XXXVII,VII,CXLI,Denarius,IV,XXVII,CMXXVII
Atamora,XXXIX,X,X,Quinarius,VI,II,DXXIII
Suilis,XXXVIII,VII,XX,Quinarius,V,XIX,MLVII
Muniv,XXXVII,VII,XXXIII,Denarius,VII,XXII,DVI
Munarg,XL,XI,CLI,Denarius,IV,VIII,CDXLVII
Murytub,XXXV,XII,CLV,Denarius,IV,XXIII,DCXCVI
Murytub,XXXVIII,IX,CLV,Quinarius,II,VIII,CLXX
Murytub,XL,II,CXXXVI,Quinarius,IV,XXII,CXXXVIII
Suilis,XL,VI,XXXI,Quinarius,V,XXV,DCCCXCII
Munarg,XL,XII,CLXIX,Aureus,VI,II,III
Muniv,XXXIX,XI,XXVIII,Denarius,V,XVII,CDXXXIX
Munarg,XXXVII,IX,CLII,Quinarius,VI,XXIX,XCV
Murytub,XXXV,I,CLXXXIV,Denarius,VIII,XXIV,DCXXXVI
Munarg,XXXV,XII,CLXXI,Denarius,V,XXV,CCCXCVI
Munarg,XXXV,IV,CXVIII,Denarius,IV,VI,CCCLXV
Munarg,XXXV,XII,CXXX,Denarius,IV,VIII,CCCLIX
Munarg,XXXVII,VII,CXXX,Denarius,VII,VIII,CCCXXXVII
Munarg,XXXVII,III,CIX,Denarius,IX,VI,CD
Murytub,XXXVIII,XI,CVI,Quinarius,V,XXVII,CLXIII
Munarg,XXXVI,X,CLXIX,Denarius,III,XXX,CCCXLIV
Murytub,XL,X,CXXIX,Quinarius,V,XXVIII,CXVIII
Muniv,XL,I,XXV,Denarius,VI,V,DXLV
Murytub,XXXVIII,I,CXVI,Aureus,IV,XXXI,VI
Munarg,XXXVII,IX,CLXV,Quinarius,VI,XXIV,XCVI
Munarg,XXXV,I,CXXXI,Denarius,VII,XII,CCCLXXIII
Munarg,XXXIX,XII,CXVIII,Quinarius,VII,XXII,LIX
Munarg,XL,IX,CXII,Denarius,V,XII,CDXLIX
Munarg,XXXIX,III,CLXXVI,Quinarius,VIII,XXX,LX
Murytub,XXXVII,VII,CLXXIII,Denarius,IV,XVII,CMXII
Munarg,XXXIX,XI,CIV,Quinarius,IV,XXI,LXXXIX
Munarg,XXXIX,XI,CXLV,Quinarius,VII,I,XC
Murytub,XL,II,CXVI,Denarius,V,XXV,DXXXIV
Munarg,XL,V,CXCVII,Denarius,VI,VI,CDV
Atamora,XXXIX,VI,XIII,Denarius,VIII,XX,MMDCCCXXVII
Murytub,XXXVII,IX,CLXXXVI,Denarius,IV,XXV,DCLXXII
Atamora,XXXIX,VIII,XII,Quinarius,VII,XIV,DCCLXXXIII
Munarg,XXXVII,XI,CLXIX,Quinarius,VIII,XIX,LXXXIX
Muniv,XXXIX,I,XXX,Quinarius,IV,V,CIV
Munarg,XXXVIII,V,CXI,Denarius,VII,XIX,CDXX
Murytub,XXXVIII,III,CXCIV,Denarius,V,VII,DCXXXVII
Munarg,XXXV,VIII,CLXXVII,Denarius,VI,VI,CCCLIV
Munarg,XXXVII,IX,CXVIII,Denarius,VII,XVII,CCCX
Suilis,XXXV,VII,XXIV,Denarius,V,XXII,MMMCXCI
Munarg,XXXVIII,VIII,CLVIII,Denarius,VIII,XXX,CCLXXIII
Muniv,XXXVIII,V,XXVIII,Denarius,V,XIV,CDXCIX
Murytub,XXXVI,II,CLXXXI,Denarius,VIII,XII,DCXL
Munarg,XL,III,CXXXV,Denarius,VI,XIX,CDXX
Murytub,XL,VII,CXXXVI,Quinarius,IV,VII,CXXXI
Murytub,XL,III,CXXXVII,Quinarius,VI,III,CXII
Muniv,XXXIX,V,XXVI,Denarius,IV,XVI,DVII
Muniv,XXXV,I,XXVIII,Quinarius,VI,XXI,CCLXXX
Murytub,XL,VII,CLII,Aureus,VII,VIII,V
Muniv,XXXVI,X,XXVIII,Denarius,IV,VII,DIII
Munarg,XXXVII,VII,CLIV,Denarius,VIII,XXXI,CCXCVI
Murytub,XXXVI,VI,CXLVIII,Quinarius,VIII,XII,CCLXXXVI
Munarg,XXXIX,XII,CLIII,Denarius,VIII,XXIX,CDLXIV
Munarg,XL,VIII,CLII,Denarius,IV,XX,CDXII
Suilis,XXXV,IX,XXVI,Quinarius,VI,XIV,MDCCCXXX
Murytub,XXXIX,IX,CCXI,Denarius,VII,XVI,DCIX
Suilis,XXXV,IX,XV,Denarius,VI,XXVI,MMMCCXXI
Muniv,XL,II,XXVII,Denarius,VI,X,DVIII
Murytub,XL,VII,CXXVII,Denarius,VI,XII,DXCVII
Munarg,XL,II,CXCI,Aureus,IV,XXII,IV
Munarg,XXXIX,IX,CLXII,Aureus,V,VIII,V
Muniv,XXXV,II,XIV,Quinarius,IV,X,CCLXXXIV
Munarg,XXXVII,XII,CIX,Denarius,V,XII,CCCXLII
Murytub,XXXV,VII,CLII,Aureus,IV,V,IX
Munarg,XXXIX,I,CXLI,Aureus,IV,I,II
Munarg,XXXV,VIII,CLXXXVII,Denarius,V,IV,CCCLXII
Munarg,XXXVI,IV,CXIII,Quinarius,IV,VI,CXXXII
Murytub,XXXIX,II,CLVII,Denarius,V,XXV,DXCI
Munarg,XXXVI,I,CXLIX,Quinarius,VII,XX,CXXVIII
Suilis,XXXVIII,VII,XX,Denarius,V,III,MMMDCXCV
Murytub,XXXIX,III,CXXXVIII,Denarius,IV,V,DCXXXI
Munarg,XXXVIII,VIII,CXLIX,Denarius,VIII,X,CCLX
Munarg,XXXVIII,XII,CVI,Quinarius,VI,II,XCIV
Murytub,XL,IV,XCVIII,Denarius,V,XXX,DLXI
Suilis,XL,VIII,XXIII,Denarius,VI,XXVIII,MMMCMXVII
Murytub,XXXVII,VII,CXLVI,Denarius,VII,VIII,CMXXVII
Muniv,XXXV,XI,XXV,Denarius,IV,XXIV,CDVI
Munarg,XXXVI,IV,CXLIII,Denarius,VII,III,CCCXXI
Murytub,XXXVII,V,CXCIV,Denarius,VIII,III,CMLXXVII
Munarg,XXXVIII,IX,CXI,Quinarius,V,XXIII,C
Munarg,XXXV,VII,CXCV,Denarius,III,XVI,CCLXXXVIII
Munarg,XXXVIII,II,CLXIV,Denarius,VIII,XXII,CCXLVIII
Muniv,XXXVI,IV,XVII,Denarius,VII,II,DXI
Atamora,XXXVII,VII,IX,Quinarius,VI,I,DCCLXIII
Muniv,XXXVI,VIII,XXIX,Denarius,VI,XXIX,DXVII
Muniv,XXXV,III,XXIX,Denarius,III,XV,CCCXCVIII
Munarg,XXXV,III,CL,Denarius,VI,XVII,CCCLX
Munarg,XXXVII,X,CVI,Denarius,VI,VII,CCXLI
Munarg,XXXVII,VII,CX,Denarius,III,XIII,CCLI
Munarg,XXXVI,IV,CIV,Denarius,V,I,CCLXXVII
Suilis,XXXVII,IV,XIII,Quinarius,VI,XXV,MCDL
Atamora,XXXVI,XII,XI,Denarius,VI,VIII,MMMCCCI
Munarg,XL,III,CLXIX,Aureus,VII,XV,IV
Atamora,XXXVIII,III,XIV,Quinarius,VI,V,CMXLVI
Muniv,XXXV,XI,XXIX,Quinarius,V,XXIX,CCLVII
Munarg,XXXVII,I,CXCI,Quinarius,IX,IV,CXX
Munarg,XXXVII,IV,CV,Quinarius,IX,XIII,CXXVIII
Suilis,XXXIX,VI,XXX,Quinarius,IV,V,DCCCXXXI
Murytub,XXXIX,III,CXLVI,Quinarius,VI,II,CXLI
Munarg,XL,VI,CLXXIV,Aureus,VII,XVII,III
Munarg,XXXVII,II,CIV,Quinarius,VIII,XXIII,CLXIII
Murytub,XXXVII,XI,CLVIII,Denarius,VI,V,DCXLVII
Murytub,XXXVII,VII,CL,Aureus,VII,XX,IX
Murytub,XXXVII,XII,CXXXVI,Denarius,V,XVIII,DCIII
Munarg,XXXVI,III,CXLVII,Denarius,VIII,XXV,CCLXXXVIII
Murytub,XXXVIII,VIII,CXXXVII,Quinarius,VI,XXII,CLXXII
Munarg,XXXVI,VI,CXXXIV,Quinarius,VIII,XXI,CLI
Munarg,XXXVII,VI,CI,Denarius,VIII,XI,CCCLXXV
Munarg,XXXVII,VIII,CXLVIII,Quinarius,IV,VII,CLII
Murytub,XXXIX,I,CLX,Aureus,IV,I,V
Munarg,XL,II,CLXXXII,Denarius,IV,XX,CCVI
Munarg,XL,IV,CLII,Aureus,VII,XXIX,II
Murytub,XXXVI,VII,LV,Denarius,V,XXI,DCLXXXIX
Murytub,XXXV,III,CCXX,Denarius,VI,VII,DCCXXVII
Munarg,XL,II,CXXIV,Denarius,V,XIV,CCXVII
Munarg,XL,X,CXXI,Denarius,IV,XXI,CDXXXVII
Murytub,XL,VIII,CXXV,Denarius,VI,XXXI,DLXXII
Murytub,XXXVI,X,CXXVII,Quinarius,VI,II,CCXLIX
Munarg,XXXVII,VI,CLIX,Aureus,V,XXII,III
Murytub,XXXVII,V,CLXV,Denarius,VIII,XXII,CMV
Munarg,XXXVII,V,CXII,Aureus,VII,XXXI,III
Murytub,XXXVIII,I,CLVII,Denarius,IV,XXIX,DXCVIII
Murytub,XXXV,II,CL,Denarius,VI,XI,DCLXXVIII
Murytub,XXXVI,X,CLXXXV,Aureus,V,XII,VII
Murytub,XL,XI,CXII,Aureus,VII,XXII,V
Murytub,XXXVIII,X,CLXXXVII,Aureus,VII,XII,VI
Suilis,XXXIX,VIII,XXXI,Denarius,VI,IV,MMMDXCV
Suilis,XL,V,XIV,Denarius,IV,XXII,MMMDXCVI
Muniv,XXXV,VI,XXI,Quinarius,VI,IX,CCLII
Murytub,XXXVII,II,CLIV,Denarius,VII,XXVII,DCCXLII
Murytub,XXXVIII,XII,CXXXVII,Denarius,VII,XXXI,DCXXXVI
Murytub,XXXVII,VII,CXLV,Denarius,VI,I,DCCCXCVI
Munarg,XXXVI,III,CXXXIV,Denarius,VIII,XXV,CDX
Munarg,XL,I,CLIX,Denarius,IV,XXVII,CCCXCV
Murytub,XXXV,II,CLXXVII,Denarius,V,XX,DCXLII
Muniv,XXXV,XII,XXVII,Quinarius,VI,I,CCXXXVII
Muniv,XXXVII,VII,XXI,Aureus,VI,XXVIII,IV
Munarg,XXXVIII,IX,CXLIX,Denarius,IV,XXVIII,CCLXVIII
Munarg,XXXVIII,I,CLXX,Denarius,VI,XVIII,CCCLXXI
Murytub,XXXIX,III,CLXXIII,Aureus,IV,V,V
Muniv,XXXVIII,III,XIX,Quinarius,VII,XXX,CXXVII
Munarg,XXXV,III,CVII,Denarius,IV,XXII,CCCLXXVIII
Muniv,XLI,I,XXII,Aureus,VI,I,IV
Munarg,XXXVIII,VIII,CXCII,Denarius,VII,XXVII,CCCLXXII
Muniv,XXXVII,XI,XXVIII,Denarius,V,XXI,CDXCIII
Atamora,XXXIX,VII,X,Quinarius,VII,II,DLXXII
Atamora,XXXVI,VII,XI,Denarius,V,XXVIII,MMMDLXXXII
Munarg,XXXVI,I,CVIII,Denarius,X,III,CCCLXXX
Murytub,XL,VII,CLXXXVI,Denarius,VI,XXV,DLX
Murytub,XXXV,V,CX,Denarius,I,IV,DCXLVII
Munarg,XXXVI,IX,CXLV,Quinarius,IX,XX,CLX
Munarg,XXXIX,XII,CI,Quinarius,VIII,XXVII,LVII
Murytub,XL,III,CL,Denarius,III,X,DXXX
Murytub,XXXVIII,V,CXLIX,Aureus,IV,XXIII,VII
Murytub,XXXVI,IV,CLXXXIII,Quinarius,VII,XVI,CCLXXX
Munarg,XXXVI,II,CLX,Denarius,VII,XVI,CCCXI
Munarg,XXXVIII,I,CLXXIV,Aureus,II,XII,IV
Murytub,XXXV,V,CLIII,Denarius,IV,XII,DCLXV
Munarg,XL,XI,CLXXXVIII,Denarius,V,XIV,CCCLXIX
Munarg,XXXVII,IV,CXXVIII,Denarius,VI,XXV,CCCLXVII
Muniv,XXXVI,X,XXXIX,Denarius,VI,IV,CDLXXXV
Murytub,XXXIX,XII,LXXV,Denarius,X,XII,DXXXIX
Murytub,XXXIX,II,CLVIII,Denarius,IX,XXI,DLXXII
Murytub,XXXIX,VI,CXLII,Aureus,VII,XXVII,VI
Murytub,XXXVIII,II,CXLIII,Quinarius,VII,XIX,CLXXI
Murytub,XXXV,VIII,CLXXXIV,Quinarius,VI,XVII,CCCXXX
Murytub,XXXVI,VII,CLV,Denarius,VII,VI,DCXXIV
Murytub,XXXVI,XI,CXLVII,Denarius,III,VII,DCLV
Munarg,XXXVIII,V,C,Denarius,IX,VII,CCXLV
Munarg,XXXIX,VIII,CXXXIII,Denarius,VI,IV,CCXLVIII
Muniv,XXXVI,XII,XXIV,Denarius,IV,XVIII,DXXXVI
Murytub,XXXV,X,CCIX,Aureus,VI,IV,IX
Murytub,XXXVII,VI,CLXXV,Denarius,V,X,DCCCLXII
Munarg,XXXVII,VI,CXCIV,Denarius,IV,XX,CCCIX
Murytub,XXXIX,XI,XCV,Quinarius,VII,XXX,CXXXVII
Munarg,XL,XII,CLXXVIII,Denarius,VI,XXVII,CLXXXIV
Muniv,XXXVII,VI,XXI,Quinarius,V,XXII,CLXXVI
Murytub,XXXVI,V,CVII,Denarius,III,X,DCXXVII
Munarg,XXXV,V,CXXXVIII,Quinarius,VI,XIII,CLIV
Muniv,XL,XI,XXVI,Denarius,V,XXV,CDLXXXI
Murytub,XL,VII,CLXI,Quinarius,V,XVIII,CXXIX
Murytub,XXXVIII,VI,CLXII,Denarius,VIII,XVIII,DXCI
Muniv,XXXVIII,III,XXXII,Denarius,VI,II,CDLXII
Munarg,XXXVI,II,CLXXXIX,Quinarius,VI,XXVI,CXLVI
Muniv,XXXVIII,X,XXV,Denarius,VII,IV,DLXXII
Suilis,XXXIX,V,X,Denarius,VI,XXII,MMMMXLVII
Atamora,XXXVIII,IV,IX,Quinarius,V,IV,DCCCXIX
Murytub,XXXVII,III,LXXXI,Denarius,VI,VII,DCLIII
Suilis,XXXVI,X,XXVII,Denarius,VI,VI,MMMCCCVII
Munarg,XXXIX,VIII,CV,Quinarius,VII,XXIV,CXII
Murytub,XXXVIII,VIII,CLXXVII,Quinarius,VI,XXVIII,CLXXIII
Murytub,XXXVII,III,CLXVI,Aureus,III,XII,VII
Munarg,XXXV,IX,CXXXVIII,Quinarius,VI,XIV,CLXXXI
Munarg,XL,I,CLV,Denarius,V,XVI,CCIII
Munarg,XXXV,VI,CXCV,Quinarius,VI,XVI,CLII
Munarg,XL,VIII,CLXXI,Denarius,VII,XVII,CCCLXXXV
Murytub,XXXVI,IV,CXLVI,Denarius,VIII,XIV,DCCIII
Munarg,XXXVIII,VII,CI,Denarius,VIII,XXI,CCXLVIII
Muniv,XL,I,XIX,Aureus,IV,XX,V
Munarg,XXXIX,VII,CLX,Quinarius,V,XXVIII,LV
Muniv,XL,I,XXVI,Denarius,VII,XIX,CDLXXXVII
Murytub,XXXV,VI,CLXXX,Aureus,III,XIV,VIII
Munarg,XL,VIII,CLIX,Denarius,V,XXX,CCXXXIV
Munarg,XXXV,I,CXXVII,Denarius,VIII,XXVIII,CCCXCVI
Murytub,XXXIX,I,CXLV,Denarius,V,XVII,DLXXXII
Munarg,XL,II,CLXXXV,Aureus,IV,XXIV,IV
Munarg,XL,V,CLXXXIX,Quinarius,VI,XXXI,XLIX
Munarg,XXXIX,III,CXXIV,Quinarius,VIII,XVII,LI
Munarg,XXXVII,VII,CLXXVII,Denarius,VII,XXII,CCLVI
Munarg,XL,XI,CLXXXIX,Denarius,VI,X,CCCXCII
Munarg,XXXVI,IX,CXXVI,Denarius,IV,XXVI,CCLXXXIV
Murytub,XXXVI,IV,CXXIV,Denarius,V,IV,DCXX
Atamora,XXXV,XII,X,Quinarius,VI,XXIX,MCDXXXVII
Murytub,XL,XII,CXLIV,Aureus,VI,II,V
Munarg,XXXV,III,CXLII,Quinarius,IX,V,CLXXVII
Munarg,XXXIX,V,CXCVIII,Denarius,V,VII,CCLXI
Munarg,XXXIX,VII,CXV,Denarius,VI,XIII,CDXXXIV
Murytub,XXXVI,VIII,CLVI,Quinarius,VIII,XXVIII,CCXLIV
Murytub,XXXV,VI,CXCIII,Denarius,VIII,VIII,DCLXXIV
Murytub,XXXV,VII,CXXXI,Denarius,VII,II,DCLXXIV
Murytub,XXXVII,XII,CXXXVIII,Quinarius,IX,XXVI,CCII
Atamora,XXXV,V,XII,Denarius,VII,XXI,MMDCCLXIX
Munarg,XXXIX,I,CLXXVIII,Quinarius,VI,XXI,XCIV
Muniv,XXXVII,I,XXX,Denarius,VII,XX,CDLVII
Murytub,XXXVIII,III,CXXXVIII,Quinarius,VII,XII,CLXXIX
Munarg,XXXVIII,III,CXCIV,Quinarius,V,I,XC
Munarg,XXXVIII,VIII,CVI,Denarius,VI,XII,CDXV
Murytub,XXXVIII,II,CXXVII,Denarius,V,VI,DCXXVI
Murytub,XXXVI,XII,CXXV,Denarius,VII,XIV,DCXXXVII
Murytub,XXXIX,VII,CLXI,Denarius,IV,XXI,DXXI
Munarg,XXXV,IX,CLVI,Denarius,VI,XXI,CCCXXXIX
Munarg,XXXVIII,II,CLXXIII,Quinarius,VIII,X,CXXXIV
Munarg,XXXVII,III,CVII,Denarius,III,XXXI,CCCXIV
Muniv,XXXVI,XII,XIX,Aureus,VII,IX,V
Munarg,XXXIX,I,CXIII,Denarius,IV,V,CCCLXI
Munarg,XXXVII,V,CLVIII,Quinarius,VII,XXVI,CII
Muniv,XXXVIII,X,XXVIII,Denarius,V,XXVII,DVII
Munarg,XXXV,V,CLXXXIX,Denarius,VII,V,CCCLXV
Munarg,XXXIX,IX,CLXXXV,Denarius,VII,VII,CCCLX
Munarg,XXXVI,V,CXVIII,Aureus,VI,XX,V
Munarg,XXXIX,IV,CLXXXI,Quinarius,III,XXVI,LV
Muniv,XXXV,I,XXVIII,Denarius,VI,XIV,DXLI
Muniv,XXXV,II,XXXI,Denarius,VII,VI,DXXXII
Munarg,XXXVI,X,CXCVI,Denarius,V,XXIX,CCCXXV
Munarg,XXXV,VII,CLXVI,Denarius,VI,XXVIII,CCCLVII
Atamora,XXXVII,I,VII,Denarius,IV,XII,MMMCCCXLIV
Murytub,XXXV,XII,CXLIV,Denarius,V,XXV,DCLIV
Murytub,XXXV,XI,CLXX,Quinarius,V,XXIII,CCCXXVIII
Munarg,XXXV,X,CXLIV,Aureus,IV,XXVII,V
Murytub,XL,X,CXLIV,Denarius,IX,XXV,DXXXIV
Murytub,XL,XI,CXLVI,Quinarius,VI,XXVI,CXXIII
Muniv,XL,III,XIX,Denarius,V,XXV,DLVII
Munarg,XXXVIII,XII,CXXXII,Denarius,VII,XXXI,CCXX
Suilis,XXXVIII,VI,XXII,Denarius,VI,I,MMMDCCCXXIX
Murytub,XXXVII,XII,CXIX,Denarius,VIII,VI,DCLXXV
Suilis,XL,VIII,LXII,Denarius,IX,VIII,MMMMLVI
Munarg,XXXIX,II,CXXXIII,Denarius,VI,XXIV,CDII
Muniv,XXXV,V,XXVI,Aureus,V,XXIV,VI
Munarg,XXXV,V,CXCVII,Denarius,IV,XII,CCCXXI
Munarg,XXXVIII,II,CLXXXIV,Denarius,VI,IX,CCCLXXIX
Murytub,XXXVIII,XI,CXXII,Aureus,III,XXV,VI
Murytub,XXXIX,VIII,CIII,Quinarius,VIII,XV,CXXXVI
Suilis,XXXVI,XI,XXXII,Denarius,III,X,MMMDCLXV
Munarg,XXXIX,XI,CXXXVIII,Denarius,IV,XV,CCXVII
Murytub,XL,III,CLXXXVII,Denarius,VI,XXIX,DXXXI
Murytub,XXXVII,IX,CXXXVII,Quinarius,VII,XXI,CCXLVII
Murytub,XXXIX,XI,CLI,Denarius,IV,V,DXCIII
Munarg,XXXVIII,IV,CLIX,Aureus,VII,XVI,III
Muniv,XXXIX,VII,XXIV,Quinarius,VI,XII,CXLVIII
Murytub,XXXVIII,V,CLXXIII,Denarius,VI,X,DCXLV
Munarg,XXXIX,VII,CXL,Quinarius,VI,XII,LXII
Murytub,XXXVII,I,CXXV,Denarius,VIII,VIII,DCXL
Munarg,XXXIX,II,CXVIII,Denarius,V,XXVI,CCCXCVI
Murytub,XXXVII,VIII,CLXI,Denarius,VIII,XXIII,DCLXXXIV
Munarg,XXXVIII,III,CXLVII,Quinarius,IX,XXIII,CXVII
Munarg,XXXVII,II,CXLV,Aureus,VIII,XIX,III
Muniv,XXXIX,IV,XXII,Denarius,VII,II,DXIII
Murytub,XXXVI,VI,CXXVIII,Denarius,VI,IV,DCLIX
Muniv,XXXV,XII,XXV,Quinarius,VI,III,CCLXIII
Suilis,XXXV,IX,XXV,Aureus,VII,IX,XL
Murytub,XXXVI,I,CXXVIII,Aureus,V,IV,VIII
Murytub,XXXVI,V,CLXXXIV,Aureus,VI,XXV,VII
Munarg,XXXVIII,XII,CXIII,Quinarius,VI,XXI,CVIII
Munarg,XXXV,I,CXX,Denarius,V,V,CCCXIV
Munarg,XXXVI,XI,CXLII,Quinarius,V,XXIV,CXXIV
Munarg,XXXVII,IX,CLXXVII,Denarius,V,II,CCCXIV
Muniv,XXXVII,VI,XIX,Denarius,VIII,XII,DII
Atamora,XXXVI,II,XIII,Denarius,VI,XX,MMMCCIII
Murytub,XL,V,CCI,Quinarius,VII,XI,CXXI
Murytub,XXXV,XI,LXXXVII,Aureus,III,I,VIII
Munarg,XXXVI,II,CLVIII,Quinarius,VI,XIV,CXXXIX
Murytub,XL,III,CLXXXIV,Denarius,V,XXVIII,DXXXVII
Murytub,XXXVIII,VI,CXXVI,Denarius,VII,VI,DCXVI
Murytub,XXXVII,XI,CLIX,Denarius,V,XXI,DCXXIV
Muniv,XXXVIII,VI,XXI,Denarius,VII,II,CDXCVI
Murytub,XL,XII,CLXIV,Quinarius,VII,XXXI,CXVII
Munarg,XXXV,V,CLXVI,Aureus,VI,XVIII,IV
Munarg,XXXV,VIII,CLXXVIII,Denarius,IV,IX,CCCXLII
Munarg,XL,XI,CXCIX,Denarius,VII,XIII,CCXVII
Munarg,XXXIX,XI,CXXXII,Denarius,VI,III,CCX
Muniv,XXXIX,IV,XXVIII,Denarius,IV,XXIII,CDXL
Murytub,XXXVIII,III,CLIX,Quinarius,IV,XXIX,CXCIX
Murytub,XXXVIII,XII,CXCI,Denarius,XI,XV,DXLVI
Munarg,XXXVII,II,CXXXII,Denarius,VI,I,CCCXXXIV
Murytub,XXXVI,X,CXVII,Quinarius,VII,XVI,CCLXIII
Murytub,XXXV,XI,CXLVII,Aureus,V,XXV,VIII
Muniv,XXXV,VII,XXV,Quinarius,VII,III,CCLXXV
Murytub,XXXVI,XII,CXVIII,Quinarius,IV,XXI,CCLXIII
Munarg,XXXVII,IV,CIX,Quinarius,VII,VI,CX
Munarg,XXXVIII,VI,CLXXX,Denarius,IX,XXVI,CDXVII
Muniv,XXXV,IX,XXVII,Denarius,VII,IX,DXXXV
Munarg,XL,X,CLXXI,Denarius,IX,XXXI,CCXVIII
Munarg,XXXV,V,CLXVII,Denarius,IV,XXVII,CCCVI
Murytub,XXXVIII,X,CV,Denarius,IV,XXX,DCIV
Murytub,XXXVIII,XI,CXXXVII,Quinarius,VI,III,CLXII
Muniv,XXXVIII,I,XXIX,Denarius,IV,XXIV,DXX
Munarg,XXXIX,X,CLIII,Denarius,VI,II,CCCLXIX
Murytub,XXXVII,V,CXLVII,Denarius,IV,XX,CMXLIV
Munarg,XXXV,III,CXLIV,Denarius,VII,III,CCCXCV
Muniv,XXXVIII,X,XVI,Denarius,VI,V,DIV
Murytub,XXXVII,XI,CXIV,Denarius,VIII,XI,DCLXXVII
Murytub,XL,IV,XXIX,Quinarius,III,XIX,CXXXII
Munarg,XL,X,CXVII,Quinarius,VI,XXVII,LXXXIV
Murytub,XXXVIII,VII,CLXXIV,Denarius,IV,XI,DXCVII
Murytub,XXXVII,VIII,CCXVIII,Denarius,V,XXI,DLXXXII
Murytub,XXXIX,IX,CXXXIII,Denarius,V,XXI,DLVI
Atamora,XXXIX,I,XII,Denarius,VIII,VIII,MMMLXV
Murytub,XXXIX,IX,CLXVII,Denarius,V,XVII,DLXXXVII
Atamora,XXXVIII,V,X,Denarius,VI,X,MMCMXIII
Muniv,XXXVI,III,XXI,Denarius,V,III,DXVII
Munarg,XXXV,VIII,CXCVIII,Quinarius,V,XIX,CLVIII
Munarg,XXXIX,XI,CLXII,Quinarius,VII,XXX,CI
Murytub,XXXVI,X,CLV,Denarius,IX,XVIII,DCLII
Munarg,XXXVII,I,CXVIII,Quinarius,VIII,XXI,CLV
Munarg,XXXIX,VII,CVI,Quinarius,V,XXIX,LXXXIV
Munarg,XL,XII,CLXVII,Denarius,VIII,XXIII,CDXIV
Murytub,XXXV,VII,CXXXIII,Denarius,VII,XXIX,DCCX
Murytub,XXXV,VI,CXXIII,Denarius,VI,XXX,DCLXXX
Muniv,XXXVIII,III,XX,Quinarius,VII,XXX,CLV
Murytub,XL,VII,CCXXX,Denarius,V,XVIII,DLXXIV
Murytub,XXXV,IV,CXVIII,Denarius,VII,XXIII,DCCXLVI
Muniv,XXXV,II,XXXI,Denarius,V,XX,CDXXIII
Murytub,XXXIX,X,CXXXII,Quinarius,VIII,X,CXXIV
Munarg,XXXVIII,VIII,CXCV,Quinarius,VII,XVIII,LXV
Munarg,XXXVI,XII,CXC,Denarius,VII,IX,CCCXXXVIII
Munarg,XXXVIII,VII,C,Denarius,VI,XXV,CDX
Murytub,XXXIX,X,CCXXXVIII,Denarius,V,XI,DXCII
Murytub,XXXVI,V,CLVIII,Denarius,IV,XXIV,DCCX
Murytub,XXXVIII,III,CXXIV,Quinarius,VII,XIX,CLXXXVI
Suilis,XXXVIII,VIII,XIII,Denarius,IV,XXV,MMMCDLXXXVI
Muniv,XXXVI,X,XXIII,Aureus,III,XXX,VI
Munarg,XXXVII,XII,CXXII,Quinarius,VI,XXIII,CXXIV
Munarg,XXXVIII,VIII,CXXV,Denarius,VI,XXVIII,CCLVII
Muniv,XXXV,V,XXIII,Denarius,V,I,DXXVIII
Suilis,XXXIX,IV,XXII,Denarius,V,VII,MMMDCCXXI
Atamora,XXXVII,VII,XII,Quinarius,IV,II,DCXCII
Munarg,XL,XI,CLXXXVI,Denarius,V,V,CCXIII
Murytub,XXXV,IX,CLXXV,Denarius,IV,VI,DCCXIV
Munarg,XXXVI,XI,CLXVI,Aureus,III,XI,III
Murytub,XXXVI,X,CXXVIII,Denarius,II,IX,DCXLVII
Muniv,XXXIX,XII,XXI,Denarius,V,VI,CDLXXXI
Munarg,XXXIX,XII,CXLIX,Denarius,V,VI,CDXV
Atamora,XXXVI,VI,XIII,Quinarius,VI,IV,MCCCLXIV
Murytub,XXXVI,III,CXIV,Denarius,VI,XXVI,DCXXIII
Munarg,XXXIX,II,CX,Denarius,VIII,VIII,CDXLIII
Atamora,XXXVI,VI,XI,Quinarius,III,IX,MCCLXV
Murytub,XXXVI,V,CXIV,Denarius,VII,XIV,DCLXXII
Suilis,XXXVII,VIII,XVII,Quinarius,VIII,XXIII,MCDVI
Murytub,XXXVIII,XII,CXIX,Denarius,V,XX,DCXXXVII
Munarg,XL,I,CXL,Quinarius,V,XVI,LI
Murytub,XXXVII,XII,CXXXIX,Denarius,V,XVIII,DCI
Munarg,XXXVI,III,CXCVII,Denarius,VIII,VII,CCCLX
Murytub,XXXVI,III,CXVIII,Denarius,VIII,XXVII,DCLXXIX
Suilis,XXXVIII,X,XXIV,Denarius,III,XXV,MMMCDXXXIII
Muniv,XL,VI,XXIII,Quinarius,VIII,XXI,CXLII
Munarg,XL,IV,CLXXIV,Quinarius,II,XX,LXXX
Muniv,XXXIX,IV,XXXIV,Denarius,VII,VI,DXXII
Munarg,XXXVI,I,CLXXIII,Quinarius,IV,XXX,CLVII
Munarg,XXXVIII,II,CXXXV,Quinarius,V,XII,CXVII
Munarg,XL,V,CVII,Denarius,VIII,VIII,CCCLXIX
Munarg,XXXVI,II,CXXVI,Aureus,VI,XV,IV
Munarg,XXXIX,XI,CLXXI,Denarius,VII,XXX,CCVII
Murytub,XXXVI,V,CLXXVIII,Quinarius,II,XVII,CCXCVII
Murytub,XL,VII,CXXXIII,Denarius,VIII,XXVIII,DXXXIV
Muniv,XXXV,IX,XXVI,Quinarius,VII,I,CCXLVII
Murytub,XL,I,CLVI,Denarius,VI,XII,DXXIII
Munarg,XXXVI,V,CXCVI,Denarius,V,XVIII,CCXCVII
Murytub,XXXVI,I,CLXVIII,Quinarius,VI,XI,CCCXII
Murytub,XL,XII,CLV,Denarius,VI,XXV,DXXXVII
Munarg,XXXIX,II,CLVIII,Denarius,VII,XVII,CCLIX
Murytub,XXXIX,XII,CXXXI,Quinarius,VII,XXII,CXXXIII
Munarg,XXXVIII,II,CLIV,Denarius,IV,V,CCXC
Murytub,XXXV,VIII,CLXII,Denarius,VII,VIII,DCXCVII
Suilis,XXXVII,XII,XXXI,Denarius,VI,XXVII,MMMDCLXXV
Suilis,XXXVI,IX,LXV,Denarius,VII,XXVII,MMMDXLV
Suilis,XXXVI,VII,XIV,Denarius,III,XXIV,MMMDVIII
Murytub,XXXVI,X,CLXII,Denarius,VIII,XIII,DCLIX
Murytub,XL,IV,CCXII,Denarius,V,XXVI,DXXVII
Suilis,XXXVI,IV,XXXIV,Quinarius,IX,XI,MDVIII
Murytub,XXXVI,VIII,CXV,Quinarius,VI,XXXI,CCLVIII
Munarg,XXXVII,VIII,CII,Denarius,V,III,CCXCVIII
Murytub,XL,I,CI,Denarius,IV,XX,DCI
Muniv,XL,III,XXXIII,Quinarius,VI,XXXI,CXX
Muniv,XXXIX,I,XXI,Denarius,IV,XIII,DII
Murytub,XXXVIII,IX,CXXXV,Denarius,VIII,XIII,DXCIII
Munarg,XXXIX,IX,CLXXXI,Quinarius,V,XXII,LXXXIV
Munarg,XL,IV,CLV,Denarius,VI,XVIII,CCXLI
Munarg,XXXVI,VIII,CXC,Denarius,VI,XXIV,CCCLV
Munarg,XXXV,I,CXLIII,Quinarius,III,III,CCVI
Murytub,XXXVI,II,CXXI,Denarius,V,XXVIII,DCXXXV
Muniv,XXXV,IX,XXVI,Denarius,VII,XXII,DLXIV
Munarg,XL,VII,CLXXI,Denarius,VI,II,CDXLIII
Atamora,XL,IV,VIII,Denarius,VII,XXIX,MMCXXV
Murytub,XXXIX,VI,CXLV,Quinarius,VIII,XX,CXXXIII
Murytub,XXXVIII,XI,CLXVI,Denarius,VI,XVII,DC
Murytub,XXXVI,XI,LXXXIII,Denarius,IV,XIX,DCXXIV
Murytub,XXXVI,III,CLI,Denarius,IV,XXX,DCXLIX
Munarg,XXXV,III,CXXXVIII,Denarius,VI,VII,CCCLXXX
Murytub,XXXVI,IV,CXLVII,Denarius,VIII,XXX,DCIII
Murytub,XXXVI,III,CLXXXVI,Quinarius,VII,II,CCC
Murytub,XXXVII,X,CCX,Quinarius,IV,XVII,CCXLII
Munarg,XL,IX,CXCVIII,Denarius,V,XII,CCXIII
Munarg,XL,IV,CLXXIV,Quinarius,VI,XXI,LXXXVI
Muniv,XXXVIII,VII,XXIV,Denarius,V,X,DXXXII
Muniv,XXXVIII,VII,XXIX,Denarius,VI,XXX,CDXCV
Munarg,XXXVIII,II,CXLVI,Denarius,V,XXVII,CCCXCVII
Murytub,XXXVIII,VIII,CLXIV,Denarius,IV,IX,DCX
Muniv,XXXVIII,III,XXVI,Quinarius,VI,XXIV,CLXXV
Murytub,XXXV,VIII,CLXXVII,Denarius,IX,II,DCLXXXII
Muniv,XXXVI,X,XLII,Aureus,IX,XV,V
Munarg,XXXV,VIII,CXXI,Aureus,VI,XXXI,V
Murytub,XXXVII,VIII,CLI,Denarius,VII,XIII,DCLIX
Munarg,XL,XI,CXCVIII,Denarius,V,XIV,CDI
Munarg,XXXV,VIII,CLXIX,Denarius,VIII,XXIX,CCCXXVIII
Muniv,XXXVIII,VI,XX,Denarius,VII,XIII,CDLXVI
Munarg,XXXVII,II,CXVIII,Quinarius,VI,V,CXXXVIII
Murytub,XXXVII,IV,CLXI,Denarius,VI,XXVII,CMLXXXII
Murytub,XXXVII,XI,CIV,Denarius,V,IV,DCXXVII
Suilis,XXXVI,V,XXV,Denarius,VI,II,MMMCLXXX
Munarg,XXXV,V,CXII,Quinarius,V,II,CLVII
Munarg,XXXIX,VI,CXXV,Denarius,II,X,CCXXVI
Murytub,XXXIX,XII,CXXXII,Quinarius,VI,VII,CXXXVII
Munarg,XXXVII,III,CXLIII,Quinarius,VI,VII,CXXXIII
Murytub,XXXV,III,CI,Denarius,VIII,XI,DCLXVIII
Suilis,XXXVIII,VI,XII,Quinarius,VII,II,MCCXIV
Muniv,XXXVIII,V,XVIII,Denarius,IX,XXIV,DXXVII
Munarg,XXXVII,I,CXLIX,Denarius,VIII,XXI,CDXXI
Munarg,XL,IV,CXIII,Quinarius,V,XXVI,XLII
Suilis,XL,XI,XXVIII,Denarius,VI,X,MMMMCCXXI
Munarg,XXXV,IX,CLXV,Quinarius,IX,X,CLXXV
Muniv,XXXVI,VII,XXVII,Denarius,VIII,XVI,CDXC
Murytub,XXXVIII,V,CXLVIII,Denarius,VIII,XXI,DXCVI
Muniv,XL,IV,XXIX,Quinarius,VI,I,CXIV
Murytub,XXXVII,XI,CLXI,Denarius,VII,XV,DCXV
Munarg,XXXV,X,CLXXIV,Denarius,IV,XXXI,CCCXL
Muniv,XXXVIII,III,XX,Quinarius,VI,V,CXLIX
Murytub,XL,VII,CXXII,Denarius,VI,XI,DLXXIII
Atamora,XXXVI,XII,X,Quinarius,IV,XVIII,CMLXXI
Munarg,XXXVIII,V,CXC,Denarius,VI,XXVIII,CCCLXXIV
Muniv,XL,XII,XXVII,Denarius,VIII,XXIII,DCXXII
Munarg,XXXV,V,CXXVII,Denarius,VIII,XXIX,CCXCV
Murytub,XXXVII,XII,CLXIV,Denarius,V,XVIII,DCLXI
Munarg,XXXIX,VIII,CXC,Quinarius,VII,XIV,LII
Munarg,XXXIX,VIII,CLXXVIII,Denarius,VII,XIV,CDLIX
Munarg,XXXIX,II,CXXXII,Denarius,VII,I,CDXXXVIII
Muniv,XXXVII,VII,XXX,Denarius,VI,I,CDLVIII
Suilis,XXXVIII,X,XXV,Quinarius,VI,XXVI,MXXVIII
Murytub,XL,IV,CXLV,Quinarius,VII,XVI,CXXII
Murytub,XXXIX,VII,CLIV,Denarius,VIII,VII,DXCIV
Atamora,XXXV,X,VIII,Denarius,IV,IX,MMDCVI
Munarg,XL,III,CXXIV,Denarius,VII,XXVII,CCCLXXXIV
Muniv,XL,IX,XXV,Quinarius,VII,XXII,XCIII
Murytub,XL,IX,CXXXIII,Quinarius,IV,XXVIII,CXX
Atamora,XL,XII,VII,Quinarius,V,XXIV,DCXXIII
Murytub,XL,VII,CLXXV,Quinarius,IV,XXXI,CXXIII
Murytub,XXXVIII,XI,CLXIV,Quinarius,VII,XIII,CLIV
Munarg,XXXVI,IV,CXLIV,Denarius,IV,XX,CCLXXVI
Murytub,XXXV,VII,CLXXXV,Aureus,VI,XXXI,IX
Munarg,XXXVI,XII,CII,Denarius,VII,IX,CCCXXXVIII
Munarg,XXXIX,IV,CXXV,Quinarius,IV,XXIII,LII
Suilis,XXXVII,IX,XVII,Denarius,V,XI,MMMDCLVII
Muniv,XXXV,XI,XXIV,Denarius,V,XX,CDXXIV
Munarg,XXXVIII,XII,CLXXV,Denarius,IV,XIV,CCLXVI
Murytub,XXXVI,XII,CXCIII,Denarius,VIII,XII,DCXXI
Muniv,XL,III,XXVIII,Denarius,IV,VII,DLIII
Suilis,XL,III,XIII,Denarius,III,I,MMMDCCVI
Munarg,XXXIX,II,CLXXIII,Denarius,VI,XIII,CCXXII
Murytub,XXXVII,IX,CLXIV,Quinarius,VIII,XV,CCLVII
Munarg,XXXVI,III,CVIII,Quinarius,VI,I,CLXI
Murytub,XL,XI,XCV,Aureus,V,XX,IV
Murytub,XXXVI,III,CLII,Quinarius,V,VI,CCCXII
Munarg,XXXV,VIII,CXXXV,Denarius,VII,XI,CCCLXXXII
Munarg,XXXVI,V,CXL,Denarius,VII,V,CCCLXX
Munarg,XL,I,CLXXVIII,Denarius,VIII,XVII,CCCLVI
Muniv,XL,IX,XV,Quinarius,I,IX,XCV
Munarg,XL,VII,CLXXIII,Denarius,VI,IV,CDIX
Murytub,XXXV,V,CLXXVII,Denarius,VIII,XVII,DCXCIV
Atamora,XL,VI,XII,Quinarius,VI,XXVI,DCXCVIII
Murytub,XXXVIII,III,CXL,Denarius,VII,XXVIII,DLXXXI
Muniv,XXXV,VI,XXXVII,Denarius,VIII,VII,D
Murytub,XXXVII,VIII,CXXXVIII,Aureus,VIII,IX,VII
Murytub,XXXVII,X,CLV,Denarius,VII,IX,DLXXXVII
Murytub,XL,V,XCVIII,Denarius,VIII,XXVII,DXXXV
Murytub,XXXVII,VII,CVI,Denarius,VI,XXVI,DCCCXLVI
Murytub,XXXIX,VIII,CXXVIII,Quinarius,VI,XXX,CXXXV
Murytub,XXXIX,III,CXIII,Denarius,VI,XIV,DXL
Murytub,XXXVII,IX,CXXV,Quinarius,IX,VII,CCLXVIII
Munarg,XXXVI,III,CXIV,Denarius,III,IV,CDVI
Murytub,XXXV,VIII,CXXVII,Denarius,VI,XXV,DCXXIII
Munarg,XXXVI,IX,CXXXI,Quinarius,VIII,XVI,CXXVI
Suilis,XXXV,X,XVIII,Denarius,V,XIV,MMMDL
Suilis,XL,II,XXVI,Denarius,VII,III,MMMMXXIX
Munarg,XXXV,IV,CXLVII,Denarius,IV,VI,CCCXLV
Muniv,XXXVII,VII,XXVIII,Quinarius,IV,III,CLXXVIII
Muniv,XXXVIII,XI,XXIV,Denarius,VI,V,DXXX
Murytub,XL,I,CXXIX,Denarius,IV,IX,DLXXXVI
Munarg,XXXV,I,CLXXIV,Denarius,VI,VIII,CCCXLI
Munarg,XL,VI,CLIV,Denarius,VI,II,CXCVII
Murytub,XL,III,CLXXVII,Denarius,VI,VIII,DLVII
Murytub,XXXVIII,XII,CLXX,Aureus,III,VII,VI
Murytub,XXXVIII,I,CXXXVII,Quinarius,VII,II,CCI
Munarg,XXXVIII,V,CXXII,Denarius,III,XVIII,CDIV
Murytub,XXXV,VII,CLXXXIX,Denarius,V,XXII,DCXLIX
Munarg,XL,V,CLXXIX,Denarius,VII,IX,CCXV
Murytub,XXXIX,VIII,CLX,Quinarius,IV,XXV,CXXXVII
Muniv,XXXIX,IV,XXX,Quinarius,VII,XXI,CXI
Munarg,XXXV,VII,CXX,Quinarius,VI,XXV,CLXXX
Muniv,XXXVIII,XII,XIX,Denarius,IX,XVIII,DL
Murytub,XXXIX,VI,CL,Denarius,V,XXVIII,DL
Murytub,XXXVI,II,CXCV,Quinarius,VII,XI,CCCXI
Suilis,XXXV,I,XXX,Denarius,VII,XI,MMMCCLXI
Munarg,XXXVI,VII,CLX,Quinarius,IV,II,CXXXIX
Munarg,XXXVII,XI,CXXXIX,Denarius,IV,XVII,CCXCIX
Munarg,XXXIX,V,CXCI,Aureus,VII,V,IV
Munarg,XXXVII,VIII,CXXXVI,Quinarius,IV,XVII,CXXI
Muniv,XXXVIII,I,XXI,Quinarius,VII,XXII,CLX
Murytub,XXXV,I,CLIX,Quinarius,III,XXVI,CCCLXXXI
Murytub,XXXVI,IV,CXLIV,Quinarius,III,XII,CCCXV
Murytub,XL,XII,CXLVI,Denarius,VIII,XXIII,DLV
Munarg,XL,VI,CXCVI,Denarius,VI,II,CCXXVIII
Munarg,XXXVIII,IX,CXIV,Quinarius,VII,XXVII,CIV
Muniv,XL,IX,XXIII,Quinarius,VI,VII,CXXIV
Murytub,XXXVIII,XI,CLII,Quinarius,V,VIII,CLXXII
Munarg,XXXIX,X,CXVIII,Denarius,VI,XXIII,CCXXXVIII
Munarg,XXXVI,XI,CXXXVI,Denarius,VII,XXVI,CDVIII
Muniv,XXXIX,X,XIX,Aureus,VI,XXVIII,V
Munarg,XXXIX,XII,CXCVI,Denarius,V,XXVIII,CDIV
Murytub,XXXVIII,VI,CLXXXII,Denarius,VIII,III,DCXVII
Munarg,XXXVIII,X,CV,Denarius,V,III,CDXXV
Munarg,XXXVIII,X,CXIII,Denarius,III,XVII,CDXXVIII
Munarg,XXXVII,II,CXLVI,Denarius,V,III,CDVI
Muniv,XXXIX,I,XVIII,Quinarius,VIII,XXII,CXXII
Suilis,XXXV,VIII,X,Denarius,V,I,MMMCIX
Suilis,XXXVIII,III,XXXIV,Denarius,VI,II,MMMDCCCIX
Munarg,XXXVIII,IV,CXVII,Denarius,IX,II,CDXXIX
Munarg,XXXVII,V,CXVII,Aureus,III,VIII,IV
Murytub,XXXIX,VII,CXXXIV,Aureus,VIII,XIX,V
Munarg,XXXVII,VI,CXCII,Quinarius,V,XXII,CLVII
Munarg,XXXVIII,II,CIV,Denarius,VII,XIX,CCCLXXII
Murytub,XXXIX,XII,CVI,Quinarius,V,I,CXXXV
Suilis,XXXVI,III,XXXI,Denarius,V,VI,MMMCDLVIII
Munarg,XXXV,X,CXXXVIII,Denarius,VIII,I,CCCLXIV
Munarg,XL,XI,CXXXV,Denarius,V,V,CCXXVIII
Munarg,XXXV,V,CXI,Quinarius,VII,XXI,CLXVI
Munarg,XXXVIII,V,CLXIX,Denarius,V,XI,CCLXXXIII
Muniv,XXXVIII,XI,XVI,Denarius,VI,V,CDLXXXII
Murytub,XXXIX,II,CLXVII,Denarius,VIII,VIII,DCXLI
Muniv,XXXVI,XII,XXXIV,Quinarius,VI,VIII,CXCVII
Atamora,XXXV,X,VII,Quinarius,VII,XI,MCDXLVI
Murytub,XXXV,V,CXX,Denarius,IV,XX,DCXCV
Munarg,XL,IV,CLXXXVII,Denarius,VI,XXV,CDLXXII
Munarg,XXXIX,XI,CXLII,Denarius,VI,XII,CDXXXIII
Munarg,XXXIX,IX,CXLV,Quinarius,VI,XXIX,XCVIII
Munarg,XXXV,VIII,CLXX,Aureus,V,IV,IV
Munarg,XL,VI,CXVI,Quinarius,VIII,XXI,XCIV
Suilis,XL,V,XXXIV,Quinarius,IX,III,DCCXCVII
Muniv,XXXVIII,VIII,XXXVI,Quinarius,VII,XVII,CXL
Murytub,XXXVI,VI,CXLIX,Denarius,VIII,XXX,DCXXVIII
Murytub,XXXVII,I,CXXII,Quinarius,VII,XIV,CCLXV
Munarg,XXXVIII,VII,CXCV,Denarius,VI,I,CCLXXXIII
Munarg,XL,III,CLIV,Denarius,IX,XIII,CCCLXVI
Murytub,XXXVIII,III,CXXXIX,Quinarius,VI,XX,CLXXIV
Murytub,XL,VII,CLXIX,Quinarius,VI,XI,CXXXVI
Murytub,XXXVI,VII,CXXXV,Quinarius,VII,XI,CCLX
Suilis,XL,XII,XIV,Denarius,VI,XXV,MMMMCCXLIX
Murytub,XXXVI,XI,CLIV,Denarius,III,VII,DCXC
Murytub,XXXVIII,XI,CCLXXVIII,Denarius,VI,XVII,DC
Munarg,XL,I,CLXV,Denarius,VII,XXXI,CCXXX
Munarg,XXXV,VIII,CLXXXVII,Denarius,V,XIX,CCCXVII
Murytub,XXXVII,VII,CLIX,Quinarius,IV,III,CCCLXV
Murytub,XXXVI,XI,CIV,Aureus,VI,IX,VI
Munarg,XL,IV,CLXXIX,Denarius,VIII,V,CCX
Muniv,XXXVII,VIII,XXII,Quinarius,IV,XVIII,CLXXXIII
Munarg,XXXVIII,VIII,CXLIII,Denarius,VI,VII,CCCL
Suilis,XXXVIII,I,XIII,Quinarius,VII,XX,MCCXLI
Muniv,XXXVII,VII,XIX,Denarius,IX,XXIV,DXXVI
Murytub,XL,II,CXLVI,Quinarius,II,XVII,CXXXIII
Munarg,XXXV,V,CLXV,Quinarius,IX,IX,CLXXV
Murytub,XL,IX,CLX,Quinarius,IV,III,CXIX
Munarg,XXXV,X,CLXXXIX,Quinarius,V,XX,CLIV
Munarg,XL,X,CLXV,Denarius,IX,XXXI,CCCLXXXIV
Munarg,XL,III,CXLIII,Denarius,VI,XXIX,CCVI
Muniv,XXXVIII,VIII,XXVIII,Denarius,VI,VII,CCCXCIX
Munarg,XXXVIII,XI,CXII,Denarius,VI,XXIII,CCCLXII
Murytub,XXXVI,V,CXLI,Quinarius,V,XXIII,CCLXXIV
Murytub,XXXIX,II,CLIX,Denarius,IX,XI,DCV
Murytub,XXXV,IX,CXL,Denarius,VIII,XV,DCLIV
Murytub,XL,V,CLXXXV,Denarius,III,II,DLIII
Murytub,XXXVII,VII,CLXXIX,Denarius,IV,XXIX,DCCCLXXXII
Munarg,XXXVIII,XI,CXXVI,Denarius,VI,XXIII,CCCLXIII
Murytub,XXXVI,VI,CXXXV,Denarius,IV,V,DCXXVIII
Murytub,XXXVIII,VI,LXXXVII,Denarius,IV,IV,DLXXX
Muniv,XXXVI,IV,XXV,Denarius,IV,X,DXXXII
Muniv,XXXVIII,XI,XXXII,Denarius,VI,XXIII,DLXXIV
Murytub,XL,XI,CLIX,Aureus,VII,XXVII,V
Murytub,XXXVIII,I,CLXVIII,Denarius,VII,XX,DCXXI
Munarg,XXXVII,III,CI,Quinarius,VI,III,CXX
Murytub,XXXVII,XII,CXLI,Denarius,IV,II,DCLXXIII
Murytub,XXXV,X,CXXXI,Denarius,VI,XXVI,DCLXXVII
Atamora,XXXIX,I,VIII,Denarius,V,VII,MMCCCLIII
Munarg,XXXVI,XI,CLXX,Quinarius,VII,XIV,CLXX
Murytub,XXXVI,IV,CXLII,Denarius,V,IV,DCLX
Murytub,XXXVI,V,CIX,Denarius,III,XXII,DCLI
Murytub,XXXV,VI,CXLIV,Quinarius,VI,XXVIII,CCCLXIX
Murytub,XXXV,X,CL,Denarius,VII,XI,DCLXI
Munarg,XL,XII,CLXXXIV,Denarius,IX,X,CCXV
Munarg,XXXVII,VII,CLXXIII,Quinarius,VII,XX,CXXXV
Munarg,XXXV,VIII,CLIV,Denarius,VIII,XIV,CCCXXXV
Munarg,XXXVI,IV,CXXI,Denarius,VIII,XVIII,CCCLV
Murytub,XXXVI,XII,CXVI,Aureus,IV,XXIX,VI
Munarg,XXXV,VIII,CXLVII,Quinarius,V,XXIII,CXCVI
Murytub,XXXIX,XI,CLXVII,Quinarius,IV,V,CXXVII
Munarg,XXXIX,I,CXL,Denarius,VII,XV,CCCLXXVII
Atamora,XXXVIII,VI,X,Denarius,VI,X,MMCCLXXVI
Munarg,XXXVI,II,CXCII,Denarius,V,VIII,CCLXXXIV
Munarg,XXXIX,IV,CXXXVII,Denarius,V,XVII,CCCLVI
Murytub,XXXV,XII,CXXXV,Denarius,VII,XXVII,DCLXXXVI
Murytub,XXXIX,I,CLXXV,Denarius,VII,XXV,DLXXXII
Munarg,XXXIX,XI,CXL,Quinarius,VII,XXV,LV
Murytub,XL,XI,CXXXIX,Denarius,V,XXV,DCI
Munarg,XXXVII,III,CX,Denarius,VII,XXVII,CCCXXII
Muniv,XXXIX,V,XXXI,Quinarius,V,XXVI,CXL
Munarg,XXXV,X,CXXIII,Denarius,IV,XVI,CCLXXXII
Murytub,XXXIX,VII,CXIX,Denarius,IV,VIII,DLXXXIV
Murytub,XXXVI,X,CCVII,Quinarius,II,V,CCLVIII
Murytub,XXXV,V,CXLI,Quinarius,VI,XIV,CCCLXXIII
Murytub,XXXIX,II,CLXXXVIII,Denarius,IV,XII,DCLXIX
Suilis,XXXVIII,III,XLVI,Denarius,IV,XVIII,MMMCDXX
Murytub,XXXVII,III,CXXXI,Denarius,VII,XXIV,DCXXII
Muniv,XXXIX,II,XXVI,Quinarius,VIII,VIII,CV
Murytub,XL,VIII,CLXXVII,Denarius,IV,XX,DLIX
Munarg,XXXV,VII,CL,Denarius,V,IV,CCCXLIX
Murytub,XL,XI,CLXXI,Denarius,VI,XXVI,DXLVI
Muniv,XXXVI,VIII,XXII,Aureus,VI,XXXI,V
Munarg,XXXVII,X,CLI,Denarius,V,VI,CDXXXVII
Munarg,XXXIX,IV,CXCIII,Denarius,III,XXVI,CDVII
Muniv,XXXVII,XI,XXXI,Quinarius,IX,XXIX,CXC
Munarg,XLI,I,CLXXXVI,Quinarius,VI,I,XLII
Murytub,XXXIX,XII,CLXXV,Denarius,VI,XV,DXL
Murytub,XXXV,IX,CLIII,Quinarius,VI,XII,CCCLXXV
Muniv,XL,I,XIX,Quinarius,V,IV,CXIV
Munarg,XXXVII,II,CXVII,Denarius,VI,I,CCCXII
Suilis,XL,XII,XXV,Quinarius,V,XXIV,DCCCXLVI
Murytub,XXXIX,VIII,CCI,Denarius,VII,X,DLXXXIII
Munarg,XXXVII,II,CXII,Quinarius,V,XXVIII,CXLIX
Murytub,XXXVI,VI,CXXXVII,Aureus,VIII,XIV,VII
Suilis,XL,XII,XIX,Quinarius,VI,XXIX,DCCCXVIII
Munarg,XXXV,XII,CXI,Quinarius,VI,I,CXLVII
Muniv,XXXVII,V,XXX,Denarius,V,XXIV,DXIV
Murytub,XL,II,CXXVI,Denarius,VI,XXVI,DLXXVI
Muniv,XXXVIII,XII,XIX,Denarius,IV,VIII,DLIII
Suilis,XXXVII,XI,X,Denarius,V,XII,MMMCCCXXXIII
Munarg,XXXVI,IX,CLXVII,Denarius,VI,I,CCCXXXVI
Murytub,XXXIX,II,CX,Aureus,VII,XVII,V
Munarg,XL,VIII,CXCVI,Aureus,IX,VIII,III
Murytub,XXXVIII,XI,CXXXI,Denarius,VII,XVI,DXCIX
Munarg,XXXVII,XII,CXXXIII,Denarius,VI,XXV,CCCLV
Munarg,XXXIX,IX,C,Quinarius,VII,VII,CIV
Munarg,XL,XI,CXC,Denarius,VII,XIII,CDLXXII
Muniv,XXXVIII,I,XX,Quinarius,V,XXX,CLXXXII
Munarg,XXXVIII,VIII,CXXXVI,Denarius,VIII,XXX,CCCXLIV
Munarg,XL,X,CXC,Quinarius,VII,XVI,LXXXIV
Muniv,XXXVII,II,XXX,Quinarius,V,XXVIII,CXCIX
Murytub,XXXVI,IV,CLII,Quinarius,IV,XXI,CCCII
Muniv,XXXV,X,XXII,Denarius,VI,IV,DXXXI
Munarg,XXXVII,XI,CXC,Quinarius,V,VII,CXLI
Muniv,XXXVI,III,XXXVI,Denarius,IV,XVI,DXVII
Munarg,XL,IV,CLXIII,Quinarius,III,XII,XCIX
Murytub,XXXVI,XI,CLIV,Denarius,VIII,VIII,DCXLVI
Munarg,XXXVIII,X,CXIX,Aureus,V,XXII,II
Munarg,XXXIX,IX,CLXI,Aureus,VI,XXVII,II
Muniv,XXXVI,VI,XXXIII,Quinarius,VIII,XX,CXCVII
Murytub,XXXVIII,X,CXLII,Denarius,VI,I,DCXIX
Muniv,XXXV,I,XX,Denarius,V,XXV,CDLXXXVI
Muniv,XL,V,XL,Denarius,VIII,X,DCIV
Murytub,XXXIX,VII,CXLII,Quinarius,V,XIV,CXXXVII
Murytub,XL,III,CXXIX,Quinarius,IV,XXII,CXI
Muniv,XXXIX,VII,XXV,Denarius,VI,XII,CDLXXVI
Munarg,XXXVIII,I,CLXXX,Denarius,VI,X,CCCXXXVI
Munarg,XXXV,X,CLXXIX,Denarius,VIII,XXX,CCCIV
Munarg,XXXV,X,CXXIII,Denarius,VI,XXVIII,CCCXCV
Munarg,XXXV,VI,CXC,Quinarius,VIII,XVIII,CXCVIII
Murytub,XXXVI,II,CLXXV,Denarius,III,III,DCLXIV
Suilis,XXXVII,V,XXV,Denarius,VIII,XXV,MMMCCLXXV
Murytub,XXXIX,I,CXXXVII,Quinarius,VII,XIV,CXXXIII
Suilis,XXXVII,IV,XXV,Denarius,VI,XVI,MMMDCLXX
Suilis,XXXVIII,VII,XXVII,Denarius,II,VIII,MMMCDXCIV
Murytub,XL,VI,CXV,Quinarius,IX,VII,CXXI
Suilis,XXXVI,II,XI,Denarius,V,II,MMMCXLII
Atamora,XL,VIII,XIII,Denarius,VII,XVII,MMDCCXXIX
Murytub,XXXVI,II,CXL,Quinarius,VII,XXIV,CCCXVIII
Munarg,XXXVI,IX,CLXXIX,Quinarius,VI,III,CXLVII
Munarg,XXXIX,XI,CLXIX,Denarius,IV,XV,CDXXIV
Munarg,XL,XI,CXXVII,Denarius,III,III,CDXVI
Murytub,XL,X,CLXXXIV,Denarius,VI,VII,DLXI
Munarg,XXXVIII,IV,CXCVIII,Denarius,V,XIV,CCLX
Munarg,XXXV,III,CXLIV,Denarius,IX,II,CCCII
Muniv,XXXIX,II,XXII,Denarius,VI,XIII,DLVI
Suilis,XXXVI,III,XV,Denarius,IV,XXX,MMMCXCVIII
Murytub,XXXVII,V,CXCVII,Denarius,VIII,XXV,CMLVI
Munarg,XL,VIII,CXXVII,Denarius,V,XIII,CCCLXXVIII
Munarg,XXXIX,V,CXV,Aureus,VI,XXX,IV
Munarg,XXXV,III,CXCV,Denarius,VII,XXXI,CCCLXII
Munarg,XXXIX,VI,CLXXXVIII,Aureus,VII,XXVII,II
Suilis,XXXVIII,VI,XI,Denarius,IV,XVII,MMMDCCCXXXV
Munarg,XXXVIII,V,CLXXX,Denarius,IV,XXX,CCLX
Munarg,XXXVI,VI,CLIV,Denarius,V,XIX,CCLXVIII
Munarg,XXXVII,I,CXCVII,Denarius,VI,XIII,CCCLXXXII
Murytub,XXXIX,XI,CLIV,Denarius,V,XVII,DLXXII
Munarg,XL,VIII,CLXXVI,Quinarius,IX,VIII,XLVII
Murytub,XXXV,VII,CXCV,Denarius,VI,XVII,DCLXXXVI
Munarg,XXXIX,VII,CLXXXVII,Quinarius,VII,X,LIV
Murytub,XXXIX,V,CXXV,Quinarius,V,VII,CXXXI
Munarg,XXXVIII,II,CXLVIII,Denarius,VII,XXVI,CDXXV
Muniv,XXXVII,VII,XXXIX,Denarius,VI,I,DXLVII
Muniv,XXXVIII,V,XXII,Quinarius,IV,IV,CLXV
Munarg,XXXVI,VII,CLI,Quinarius,VII,XXX,CLXXIV
Murytub,XXXIX,II,CLVIII,Denarius,IX,XI,DLXI
Murytub,XXXVII,II,CXCV,Denarius,VI,I,DCCVII
Murytub,XL,VI,LXXVII,Denarius,VI,XXIX,DLVIII
Murytub,XXXV,VI,CXXXI,Denarius,X,V,DCLXIX
Muniv,XXXV,V,XXI,Denarius,VI,XIII,CDL
Munarg,XXXIX,XII,CLXII,Quinarius,VI,XXV,LII
Murytub,XXXVII,VII,CXCIV,Quinarius,IV,XXIX,CCCXXXIII
Munarg,XXXIX,III,CLXV,Denarius,VI,XXVI,CDXXI
Munarg,XL,II,CLVII,Denarius,VII,V,CDLXIX
Murytub,XXXIX,XII,CXXII,Quinarius,VI,VII,CXLI
Munarg,XXXV,VIII,CLXV,Denarius,VI,XII,CCCXXXIX
Murytub,XXXV,III,CCXV,Quinarius,VII,III,CCCXX
Atamora,XXXV,V,XI,Denarius,VI,XVIII,MMCMXCI
Murytub,XXXVIII,VII,CLXXXVII,Denarius,IV,XI,DCXIX
Suilis,XXXVI,V,XXIII,Denarius,VII,VII,MMMCCXXVIII
Murytub,XXXVI,IX,CXLI,Denarius,VI,VII,DCLXXVIII
Muniv,XXXVI,VI,XVII,Denarius,V,XXIII,DV
Muniv,XXXVIII,III,XVIII,Aureus,IV,XXIX,V
Murytub,XXXVII,I,CXLV,Denarius,VI,V,DCLVI
Suilis,XXXIX,XI,XXIV,Denarius,IV,XV,MMMDCCCLXXIV
Munarg,XXXVII,VI,CLXXVIII,Denarius,VII,XVI,CCCXIII
Murytub,XXXVI,IV,CXLVI,Denarius,VI,VII,DCLXXVIII
Muniv,XXXIX,VII,XXVII,Denarius,V,XXX,DCII
Murytub,XXXVII,IV,CXCVIII,Aureus,IV,XXIX,X
Suilis,XXXVIII,I,XXII,Denarius,IV,XXIX,MMMDCCCXII
Munarg,XXXV,III,CXI,Aureus,VII,XXVI,V
Munarg,XXXVIII,II,CLXXI,Denarius,V,VIII,CCXL
Muniv,XXXVIII,VII,XXVII,Denarius,VII,XVI,DLXIV
Murytub,XXXIX,XII,CXLIV,Denarius,X,XII,DLXXXVIII
Munarg,XXXVII,IX,CXII,Quinarius,V,XVIII,CXLVI
Murytub,XXXVIII,X,CXLVII,Quinarius,IV,XXVIII,CLXV
Murytub,XXXV,VI,CLXXIII,Denarius,VI,XIII,DCLVI
Murytub,XXXV,X,CIII,Denarius,V,XX,DCLXIV
Munarg,XXXVI,VIII,CXXVIII,Aureus,IV,II,III
Suilis,XXXVIII,IX,LIX,Denarius,VI,XIX,MMMDXXIX
Muniv,XXXVIII,III,XXI,Quinarius,III,VI,CXLIX
Muniv,XXXIX,I,XX,Denarius,V,XI,CDL
Munarg,XXXVIII,III,CXIII,Denarius,VI,IX,CCCLXXII
Murytub,XXXVII,II,CLXXII,Quinarius,VIII,IX,CCCXIV
Suilis,XXXVI,VIII,XVI,Denarius,IV,XI,MMMDCXX
Murytub,XL,VII,CXX,Denarius,IV,XXXI,DXLIV
Murytub,XXXVII,VIII,CLV,Aureus,IV,XVII,VII
Murytub,XXXVI,IV,CXXIV,Denarius,VIII,XXX,DCXLIII
Murytub,XXXVII,III,CXXXIV,Denarius,III,XXXI,DCLXXII
Munarg,XXXIX,XI,CVIII,Quinarius,V,X,LVII
Munarg,XXXVIII,VI,CLXI,Quinarius,VIII,XVIII,XCII
Murytub,XL,VI,CLXX,Denarius,IX,XIX,DLXXXVI
Muniv,XXXVII,XI,XXI,Quinarius,VI,I,CXCI
Munarg,XXXV,IX,CXXXIV,Quinarius,VII,XXII,CLXXVIII
Murytub,XL,I,CLV,Quinarius,V,XVI,CXXXVI
Munarg,XXXVI,XI,CLV,Denarius,VII,XVI,CCCXXIV
Muniv,XXXV,III,XXIX,Quinarius,VI,X,CCXIII
Murytub,XXXVIII,XII,CXXXII,Quinarius,IX,XVIII,CLIV
Munarg,XXXV,III,CXC,Denarius,IX,II,CCCLXXXV
Munarg,XXXIX,VI,CXXXIX,Denarius,VII,XXVII,CDLV
Murytub,XXXVI,XI,LXXXV,Denarius,VII,XIV,DCLXI
Murytub,XXXVI,VIII,CXLII,Denarius,IV,XIV,DCLXXXV
Murytub,XXXIX,XII,CXCVII,Denarius,VI,XI,DLXVIII
Munarg,XXXIX,II,CLXXXVII,Denarius,VI,XX,CCCLV
Muniv,XXXVIII,VII,XVIII,Denarius,II,XIII,CDLXXIV
Munarg,XXXVII,X,CLVI,Denarius,V,XIII,CCCLXXV
Murytub,XXXVIII,XI,CCXXIII,Quinarius,IV,XXIX,CLXVI
Murytub,XXXVII,XII,CLXVIII,Quinarius,VI,XXIII,CXCIV
Murytub,XXXIX,VII,CLXXXVIII,Denarius,V,XXXI,DLXI
Murytub,XXXVI,XI,CXLIII,Denarius,V,II,DCVIII
Murytub,XL,XII,CXCVI,Aureus,VIII,XV,V
Munarg,XXXVII,V,CLXXXIII,Aureus,VII,XXI,IV
Murytub,XXXIX,IV,CXXXIV,Denarius,VII,II,DLXXXII
Munarg,XXXIX,IV,CXLIX,Denarius,IV,XXIII,CCXXXIX
Muniv,XL,II,XXV,Denarius,VII,XVIII,DIX
Muniv,XXXIX,XII,XXII,Denarius,IV,XIV,CDLXVIII
Muniv,XXXIX,V,XXXVII,Denarius,VI,XXIII,DLXXIII
Munarg,XL,IX,CLIV,Quinarius,VII,I,XLVIII
Munarg,XL,XI,CV,Aureus,V,XXVIII,II
Munarg,XXXVIII,III,CXXXIV,Quinarius,VIII,XXV,LXXXIV
Munarg,XXXV,IX,CV,Denarius,V,XVII,CCLXXXVII
Murytub,XXXVIII,VIII,CXXIX,Denarius,VII,XXI,DXCVI
Murytub,XXXVIII,III,CXXXVIII,Denarius,V,I,DCIX
Suilis,XXXVI,VI,XVII,Denarius,IV,XXV,MMMDCLXX
Munarg,XXXVIII,VII,CLXXX,Denarius,V,III,CCCLXXXVII
Murytub,XXXVII,X,CLXVI,Aureus,IV,XXVIII,VII
Atamora,XXXVI,VI,IX,Quinarius,VIII,I,MXXXV
Murytub,XXXVII,IV,CXXXI,Denarius,I,XXIV,DCCCXXXV
Muniv,XL,III,XXII,Denarius,VI,XXIX,CDX
Munarg,XXXVII,V,CXXXVII,Quinarius,IV,XII,CXV
Suilis,XXXV,XII,XIII,Denarius,V,II,MMMDVIII
Muniv,XXXV,XII,XXVI,Quinarius,IV,XV,CCLVI
Murytub,XXXIX,XI,CXXXIX,Quinarius,VI,XIV,CXXXII
Murytub,XL,X,CLXXXIV,Denarius,VI,XXVII,DXXXIV
Muniv,XXXVII,VI,XXXII,Denarius,IV,VI,CCCLXXXIV
Murytub,XXXVII,VII,CV,Denarius,VI,IX,CMXVI
Munarg,XXXIX,XI,CLXVIII,Quinarius,VI,XXII,LVII
Muniv,XXXV,XII,XIV,Denarius,VI,VI,DXXXVI
Murytub,XL,VI,CLIX,Denarius,II,XI,DLVI
Murytub,XXXV,XI,CXXVII,Denarius,VII,XIX,DCCLXIX
Murytub,XL,VIII,CL,Quinarius,V,XXI,CXVIII
Munarg,XXXVIII,X,CIX,Aureus,VIII,II,II
Murytub,XXXIX,IX,CXVII,Denarius,III,X,DLXXVI
Munarg,XL,VI,CIX,Denarius,VIII,XXI,CLXXXIV
Murytub,XXXV,VII,CLXXXVII,Denarius,V,XXVII,DCLXV
Murytub,XXXIX,I,CXCVIII,Denarius,V,XXVII,DLXXIII
Munarg,XXXVIII,XI,CXXXI,Denarius,VI,III,CDVIII
Murytub,XXXVII,VII,CXXXIX,Aureus,V,X,IX
Munarg,XXXIX,V,CXXVII,Denarius,VI,VI,CDXXVIII
Munarg,XXXVIII,I,CVI,Denarius,V,XXIII,CCXXXIX
Munarg,XXXVI,V,CLXI,Denarius,III,X,CCCLXXXIV
Murytub,XXXIX,IV,CLXXXIX,Denarius,VII,VI,DCI
Munarg,XXXV,I,CXL,Quinarius,V,V,CLXXIX
Muniv,XL,XI,XX,Denarius,V,XV,DLXIII
Murytub,XXXIX,VI,CLXII,Quinarius,VI,XXIII,CLI
Murytub,XXXVIII,IX,CLXXXVI,Denarius,V,VII,DLXXIII
Munarg,XXXVIII,V,C,Aureus,VIII,XX,IV
Munarg,XXXVI,IV,CLII,Quinarius,IV,XX,CXLI
Suilis,XXXVII,VII,XII,Aureus,VI,IX,XXXV
Murytub,XXXVII,IX,CLXVIII,Denarius,VII,VIII,DCLXXX
Munarg,XXXV,VIII,CXC,Denarius,VIII,III,CCCLXXVII
Murytub,XXXV,XII,CXXXVIII,Denarius,V,XII,DCCV
Murytub,XXXIX,IX,CXVIII,Aureus,III,III,VI
Munarg,XXXIX,V,CLXXVIII,Denarius,IV,XXI,CCLIV
Murytub,XXXVIII,IV,CXXV,Quinarius,V,XIV,CLXXXVIII
Munarg,XXXIX,IX,CLXI,Quinarius,VII,XVI,CIII
Munarg,XXXVIII,IV,CVIII,Denarius,V,XXX,CCLIX
Murytub,XXXVIII,VIII,CLIV,Denarius,VIII,XXX,DC
Murytub,XL,IV,CII,Quinarius,VII,XVII,CXXXIII
Muniv,XXXV,X,XXIII,Quinarius,IV,IX,CCL
Murytub,XL,IV,CLII,Denarius,VII,VIII,DLI
Murytub,XL,VI,CXII,Denarius,VIII,III,DXLVII
Munarg,XXXVII,III,CLX,Denarius,VI,VII,CDIV
Murytub,XXXV,VI,CL,Denarius,VII,VI,DCLXXXV
Muniv,XL,X,XXXVI,Quinarius,IX,VI,CIV
Atamora,XXXVI,VIII,XI,Denarius,IV,IX,MMMCCIX
Atamora,XXXVIII,XI,XII,Quinarius,II,XXIV,DCLXX
Atamora,XL,VI,IX,Denarius,V,V,MMDCCXLII
Murytub,XXXVI,III,CIX,Denarius,VIII,VII,DCLV
Munarg,XXXV,VII,CXIII,Denarius,VII,XXIX,CCCLXXIX
Munarg,XXXIX,II,CLXXXVI,Denarius,VI,VII,CDLVI
Munarg,XXXVIII,VIII,CLXXXIX,Denarius,IV,XXV,CCLXIV
Atamora,XXXVIII,XII,XIV,Quinarius,VI,XVII,DCCX
Murytub,XXXVII,III,CLXXVII,Denarius,VI,XVII,DCCLXXXIII
Munarg,XXXVI,IX,CXCVIII,Quinarius,X,XVII,CLXI
Murytub,XXXVII,X,CXVIII,Quinarius,IX,II,CCXLVIII
Atamora,XXXV,IX,XI,Denarius,VII,XIII,MMMCCCVI
Murytub,XXXVIII,XII,CXXXIV,Aureus,XI,XV,V
Murytub,XXXVIII,V,CLXXVIII,Denarius,IV,XIII,DCII
Murytub,XXXIX,VIII,CLXXV,Quinarius,XI,II,CXXXVIII
Muniv,XXXVII,I,XVIII,Quinarius,VI,III,CLVIII
Munarg,XXXVI,IX,CVII,Denarius,V,VI,CCCLXII
Munarg,XXXIX,XII,CLXIX,Denarius,VI,XXV,CCXLVII
Muniv,XXXIX,VIII,XXIV,Denarius,V,XXII,CDXC
Munarg,XXXVIII,XI,CXLII,Denarius,II,XXIV,CCLXXXII
Munarg,XXXIX,VIII,CXCVI,Quinarius,VIII,XV,CXI
Munarg,XXXV,XII,CLXXIV,Denarius,IX,IX,CDIV
Atamora,XXXVII,VIII,IX,Quinarius,VI,X,MCCCL
Murytub,XXXIX,II,CLIX,Denarius,VI,XXIII,DLVIII
Murytub,XXXIX,XI,CXXXIX,Denarius,IV,XV,DCIII
Murytub,XXXVIII,XI,LXIX,Denarius,II,XXIV,DCXXII
Atamora,XXXIX,III,XII,Aureus,VI,II,XX
Munarg,XXXVII,X,CLXXXIII,Denarius,VI,XVI,CCCXIII
Munarg,XXXIX,XII,CXXIII,Denarius,V,VI,CCLI
Suilis,XXXVII,IV,XLVII,Quinarius,IV,XX,MDXLI
Murytub,XXXVIII,II,CXL,Denarius,VII,XXIV,DCLI
Murytub,XXXVI,II,CLXXXIII,Denarius,V,XVIII,DCLXXXIX
Munarg,XXXVI,IV,CXVII,Denarius,VIII,XIV,CCCLXVIII
Muniv,XXXV,XII,XXVII,Quinarius,VIII,XXIV,CCLI
Muniv,XXXVII,X,XXIV,Denarius,V,XVIII,CDLXXXIV
Murytub,XXXVI,XII,CLXXXIX,Denarius,VII,XXV,DCXLI
Murytub,XXXVIII,VIII,CLXXV,Denarius,VII,XIX,DCXIX
Muniv,XXXV,VI,XXXIII,Denarius,X,XXVI,DLXVI
Munarg,XXXVI,IV,CXXXI,Quinarius,VII,III,CXLV
Suilis,XXXVIII,II,XVII,Denarius,V,VI,MMMCCCXLII
Munarg,XXXVI,VII,CXXXVI,Quinarius,IV,II,CXXXIII
Murytub,XXXVI,IV,CLXI,Denarius,III,XXIII,DCLXVI
Munarg,XL,VI,CXXXIV,Denarius,V,V,CDXV
Murytub,XXXIX,VI,CXLII,Quinarius,VI,XI,CXXXVI
Munarg,XXXVI,XI,CXIX,Quinarius,VI,IX,CLII
Murytub,XL,VI,CXXIII,Denarius,IX,VII,DLXI
Muniv,XXXV,X,XXI,Denarius,IV,V,CDXIV
Murytub,XXXV,I,CIX,Denarius,VII,XII,DCCXXX
Muniv,XXXVIII,III,XXII,Quinarius,VI,V,CLI
Murytub,XXXVII,XII,CXL,Denarius,IV,VII,DCXXI
Murytub,XL,II,CXXXVIII,Denarius,IV,XXIV,DXL
Munarg,XXXIX,XI,C,Denarius,IV,XV,CXCV
Murytub,XXXIX,X,CXXXVI,Aureus,VII,XXI,V
Munarg,XXXV,VI,CV,Quinarius,VI,XXVIII,CCIII
Muniv,XXXVIII,X,XXX,Denarius,III,XVII,DXVIII
Munarg,XXXV,IX,CLXXVIII,Denarius,VII,XIII,CCCLXXXVII
Atamora,XXXIX,III,XI,Aureus,VIII,XVIII,XXX
Murytub,XXXIX,I,CXXI,Aureus,VIII,XXIX,VI
Murytub,XL,X,CCXXIV,Denarius,II,III,DXLV
Murytub,XXXVII,III,CLXXIV,Denarius,IV,XXV,DCI
Murytub,XXXV,VII,CXXXI,Denarius,IV,VII,DCCXIV
Munarg,XXXVI,III,CXX,Denarius,III,IV,CCCLXXXVII
Munarg,XXXVII,VII,CXXXI,Denarius,V,XVI,CCXLVII
Suilis,XXXVIII,I,XXXVI,Denarius,V,V,MMMDCCCLXI
Muniv,XXXVIII,XI,XXIV,Denarius,VIII,X,DXI
Murytub,XXXIX,III,CX,Quinarius,VIII,XVII,CXXVII
Atamora,XXXVIII,XII,XIII,Denarius,III,VI,MMCCCLXXI
Munarg,XXXVII,XII,CXXXVIII,Denarius,IV,XVII,CDXXXIII
Atamora,XXXVI,XI,XII,Denarius,IV,VI,MMDCLXXXVIII
Munarg,XXXVII,VII,CXLI,Denarius,V,XIV,CCCXLV
Suilis,XL,VI,XLVI,Denarius,IV,IX,MMMDCCLXV
Munarg,XXXV,V,CXXXVIII,Denarius,IX,IX,CCCV
Suilis,XXXIX,VI,X,Denarius,III,XXX,MMMMXXXVII
Atamora,XL,II,XI,Denarius,VI,X,MMCDII
Atamora,XXXIX,VII,IX,Denarius,VIII,XIX,MMMCCVIII
Muniv,XXXVI,I,XVIII,Denarius,VII,XXIV,DLXII
Suilis,XXXIX,II,XVII,Quinarius,VI,VII,CM
Munarg,XXXV,XII,CXXXI,Denarius,VI,VI,CCCLXVII
Murytub,XXXVII,IX,CLXXXV,Denarius,VII,VIII,DCLXXVIII
Murytub,XXXVII,X,CXXI,Denarius,V,XIII,DC
Murytub,XXXVIII,V,CXXV,Quinarius,VIII,XXI,CCIX
Munarg,XXXVII,VII,CXXX,Quinarius,VII,XII,CXXXVII
Murytub,XXXV,IX,CLI,Quinarius,VI,XX,CCCXLIII
Munarg,XL,III,CXLIX,Denarius,VI,XXX,CCXVIII
Murytub,XXXV,V,CXXXIX,Quinarius,VI,XIV,CCCLXI
Munarg,XXXIX,VIII,CLI,Denarius,VIII,XXVII,CCXXIX
Munarg,XXXV,III,CLXXIX,Quinarius,VI,X,CLVI
Murytub,XXXV,III,CIV,Quinarius,VII,XXVII,CCCL
Munarg,XXXVI,II,CXLIX,Quinarius,III,XVII,CLV
Muniv,XXXVI,I,XXIV,Denarius,III,XXI,CDXIII
Muniv,XL,IX,XXVIII,Denarius,I,IX,CDLXXXII
Murytub,XXXVIII,IX,CXCV,Aureus,VII,XXII,V
Murytub,XXXV,VIII,XCVIII,Aureus,IV,IX,IX
Suilis,XXXIX,IX,XI,Denarius,VI,XXVII,MMMDCCXVIII
Munarg,XL,VI,CLXXXI,Denarius,V,XII,CCXVIII
Murytub,XL,X,CLXXIII,Quinarius,VI,XXIX,CVIII
Suilis,XXXVI,XI,XIII,Denarius,III,XXV,MMMDCCXXIX
Muniv,XXXV,III,XXIV,Denarius,VI,XIII,DLXXXII
Murytub,XXXV,IX,CXCI,Aureus,VI,XII,X
Muniv,XL,V,XXIV,Aureus,VII,V,IV
Murytub,XXXIX,X,CLIV,Quinarius,V,XI,CXIX
Munarg,XXXV,II,C,Quinarius,IV,XVIII,CLXXIV
Atamora,XL,IX,XII,Quinarius,IV,XXVIII,CDXXVI
Munarg,XXXVIII,VI,CLII,Denarius,IV,XVII,CDXLII
Muniv,XXXVI,XI,XXVII,Aureus,VI,XIII,V
Munarg,XXXVIII,I,CLVIII,Denarius,V,V,CCCLXXI
Murytub,XXXIX,III,CXLIX,Quinarius,V,IX,CXXXIII
Munarg,XL,VI,CXLII,Denarius,V,IV,CLXXXVII
Munarg,XXXVIII,I,C,Denarius,V,I,CCXCII
Murytub,XXXVI,IX,CLXI,Denarius,VI,VIII,DCXLIX
Murytub,XXXVII,XI,CXXXVIII,Quinarius,V,VIII,CCXXXIV
Muniv,XXXVIII,III,XXX,Denarius,IX,XXIII,CDXC
Munarg,XXXVI,VIII,CXCIII,Quinarius,III,IV,CLXXVI
Suilis,XXXVIII,IV,XVII,Denarius,VI,XXIII,MMMDCCCLXXXVIII
Munarg,XXXVI,VI,CVII,Denarius,VII,XVI,CCCXXXIV
Munarg,XXXVIII,VI,CI,Quinarius,VIII,XVIII,CXXXVI
Munarg,XXXV,I,CXXXIX,Quinarius,VII,VI,CXCIV
Munarg,XXXV,XI,CXXXVIII,Denarius,V,IV,CCCLV
Muniv,XXXV,II,XXV,Aureus,VIII,XXII,VI
Munarg,XL,VI,CLIII,Denarius,VII,XXVII,CCXXX
Munarg,XXXIX,X,CXXXVIII,Denarius,VII,VII,CDXLVIII
Murytub,XXXVII,X,CXXXIV,Aureus,VII,IX,VII
Munarg,XXXVII,V,CXLIV,Denarius,VII,IX,CCCXXXI
Murytub,XL,VII,CLXXX,Quinarius,VII,VIII,CXXVII
Muniv,XL,II,XXXVI,Quinarius,V,XXIII,XCVII
Murytub,XL,III,CLXXVII,Denarius,IX,XVI,DLXXIX
Munarg,XXXVIII,V,CLX,Denarius,V,XV,CCLVIII
Murytub,XXXV,II,CX,Quinarius,VII,V,CCCLXVII
Munarg,XL,VIII,CXLIV,Denarius,II,IX,CDXV
Munarg,XL,I,CVIII,Aureus,VII,X,IV
Murytub,XXXIX,II,CXXVI,Denarius,VII,I,DLXXXI
Munarg,XXXVII,XII,CLV,Quinarius,V,XIX,CXXI
Murytub,XXXVIII,IV,CXLIII,Denarius,VI,XXIII,DCLVI
Munarg,XXXV,III,CXXVIII,Quinarius,VII,XX,CLXXXIII
Munarg,XXXIX,VI,CXXVI,Denarius,VIII,XVI,CCCLXV
Murytub,XXXVII,I,CXLI,Quinarius,V,XXIII,CCLX
Murytub,XXXV,VIII,CLI,Denarius,V,XV,DCXXXVIII
Munarg,XXXV,II,CLVIII,Denarius,VII,VI,CCCLXX
Murytub,XLI,I,CLXXV,Denarius,VI,I,DLXXIX
Murytub,XXXV,XII,CLXXV,Quinarius,VII,XVII,CCCV
Murytub,XXXVIII,X,CXLV,Quinarius,VI,XXVI,CLVIII
Murytub,XXXV,III,CLXXXI,Quinarius,VII,XXVI,CCCXLII
Murytub,XXXVII,III,CLXXV,Denarius,VI,XI,DCXCIII
Muniv,XL,II,XXIV,Quinarius,IV,XI,CXVI
Munarg,XXXIX,VII,CXCIX,Aureus,VI,XII,IV
Murytub,XXXVII,V,CXXXVIII,Denarius,VI,II,CMXLII
Munarg,XL,II,CLXXII,Quinarius,VII,IV,XLVI
Munarg,XXXVIII,IX,CXIX,Denarius,V,XXIII,CCLX
Muniv,XXXVII,IX,XXIV,Denarius,VII,X,DXCII
Murytub,XXXV,I,XCI,Denarius,VI,XXI,DCCXXI
Muniv,XXXVII,VI,XXXIII,Denarius,III,XXIV,DXLVII
Murytub,XXXIX,IX,CXLVIII,Denarius,VII,XXVI,DLXXVI
Suilis,XXXVII,VII,XVI,Denarius,VIII,VI,MMMDCLXXXIX
Muniv,XXXV,II,XXII,Denarius,V,XX,CDXXIX
Munarg,XXXV,XII,CXXVI,Aureus,IV,XIV,IV
Munarg,XXXV,XII,CXLVI,Aureus,VIII,XIX,IV
Muniv,XXXVIII,III,XXV,Denarius,IX,XV,CDXLIII
Munarg,XL,IX,CXXXIX,Denarius,V,XIX,CCCXCVIII
Murytub,XXXVIII,VIII,CX,Denarius,VII,XXI,DCV
Murytub,XXXVII,IX,CLXVII,Quinarius,VI,XIV,CCLVIII
Murytub,XXXVI,X,CLXXXIX,Aureus,III,XXX,VII
Muniv,XXXIX,IX,XXIX,Denarius,VI,XXIX,CDLXIX
Murytub,XL,III,CLXVIII,Denarius,V,VI,DXCVI
Murytub,XL,XI,CLV,Quinarius,VI,XXVI,CXVI
Suilis,XXXVII,V,XXI,Denarius,VI,XVII,MMMCCCLXVIII
Munarg,XL,VII,CLXXXIII,Denarius,IV,VII,CCIV
Muniv,XXXVI,VII,XXVI,Denarius,VII,XXXI,DXLII
Muniv,XXXIX,XII,XXI,Denarius,VI,XX,CDLVII
Munarg,XXXVIII,VII,CXXV,Denarius,V,XIX,CCXL
Murytub,XXXVII,XI,CLXXV,Denarius,VI,X,DCXLIV
Muniv,XXXIX,III,XXXIV,Denarius,III,XI,DXXXII
Munarg,XXXV,III,CLXXIII,Denarius,VII,IV,CCCXIV
Munarg,XXXV,X,CXII,Aureus,V,XIV,V
Munarg,XXXV,V,CXXVI,Denarius,IV,XII,CCCIII
Murytub,XXXVI,V,CXIX,Aureus,III,XII,VII
Suilis,XXXVI,IX,XVII,Denarius,V,XXVIII,MMMDCXVIII
Munarg,XXXIX,XII,CXC,Denarius,V,XXX,CCL
Muniv,XL,I,XIX,Quinarius,VII,XV,CXXXVI
Munarg,XXXV,VIII,CLXI,Quinarius,IX,II,CLV
Muniv,XXXVIII,I,XV,Quinarius,VII,XX,CXLV
Murytub,XXXVII,IX,CXLV,Quinarius,VII,XIX,CCLIII
Munarg,XXXVI,I,CXVIII,Denarius,V,XVIII,CCCXL
Suilis,XXXVI,XII,X,Denarius,I,II,MMMDCXXIV
Munarg,XXXVIII,VIII,CXXVIII,Quinarius,VI,XXII,CVIII
Muniv,XL,V,XIX,Denarius,VI,XVI,CDLXXVIII
Muniv,XXXVI,I,XXI,Quinarius,VII,XVII,CCXXXIV
Murytub,XXXVII,VIII,CV,Denarius,II,II,DCXXVI
Murytub,XXXVI,X,CLVIII,Aureus,VII,XXXI,VII
Muniv,XXXIX,I,XXV,Quinarius,VI,IX,CIII
Murytub,XXXIX,VIII,CXXXIV,Denarius,XI,II,DLXXXII
Muniv,XXXV,VII,XIX,Denarius,VI,I,DL
Muniv,XXXV,I,XXII,Denarius,V,V,CCCLXXXVI
Murytub,XXXVII,V,CXIV,Denarius,VIII,XXV,DCCCXLVII
Murytub,XXXVI,I,CLXXIV,Denarius,VII,VIII,DCLXXX
Murytub,XXXVIII,VIII,CLVII,Denarius,V,III,DCXII
Suilis,XXXVIII,IX,XV,Denarius,V,XXIII,MMMCDXXXI
Muniv,XXXVI,V,XXV,Aureus,VI,XIII,VI
Munarg,XXXIX,X,CXLIV,Denarius,VI,XXIII,CCCLV
Muniv,XXXIX,V,XXXII,Denarius,VI,I,DLXXXI
Munarg,XXXVI,VI,CXIII,Quinarius,VIII,XXX,CXL
Murytub,XXXVI,XI,CLXVI,Quinarius,VI,IX,CCL
Munarg,XXXV,V,CLVIII,Denarius,VIII,XXII,CCCLXXXII
Atamora,XXXVI,III,XIII,Denarius,V,XX,MMMLXXX
Muniv,XXXVIII,VII,XXII,Denarius,VI,XV,DXI
Suilis,XXXV,III,XXXIX,Denarius,VII,I,MMMCCX
Munarg,XL,XII,CLXXIII,Quinarius,V,XVIII,XLII
Munarg,XXXVII,II,CXXXVIII,Denarius,VI,V,CCCXIV
Muniv,XXXIX,IX,XXXIII,Quinarius,III,X,CIV
Murytub,XL,XI,CLXXV,Denarius,VI,X,DX
Munarg,XL,VI,CLXXXVIII,Aureus,IX,VII,III
Murytub,XXXV,V,CXXVI,Aureus,V,VI,IX
Munarg,XXXVII,III,CXXXIII,Denarius,IV,X,CCLXXXVIII
Muniv,XXXVIII,III,XXV,Denarius,VI,XXIV,DXXVIII
Murytub,XXXIX,IX,CXV,Quinarius,V,XIX,CXXIX
Munarg,XXXV,VII,CXCVII,Aureus,IV,V,V
Murytub,XXXVIII,VII,CLVI,Denarius,VI,XX,DCXXXII
Munarg,XXXIX,XII,CXLIX,Quinarius,V,XIII,LXI
Munarg,XXXVII,VIII,CXCV,Denarius,VI,X,CCLXXXV
Munarg,XXXIX,VIII,CXI,Denarius,IX,XXI,CDLX
Murytub,XXXV,XII,CLXIX,Quinarius,VI,XI,CCCXXX
Suilis,XXXVIII,IX,X,Denarius,VII,XXVI,MMMDCCCXLVIII
Murytub,XXXVII,VIII,CXXIX,Quinarius,VI,XXII,CCLXXXIV
Munarg,XXXVIII,V,CXXXII,Denarius,VII,XIX,CCCLXXII
Murytub,XXXV,IX,CLI,Denarius,VI,XI,DCLXV
Murytub,XXXVIII,I,CCII,Quinarius,II,XII,CCIV
Murytub,XXXVII,II,CXXXVI,Denarius,VIII,IX,DCXXIV
Murytub,XXXV,VI,CLXXI,Denarius,VI,XII,DCLXXXI
Murytub,XL,X,CLXXII,Denarius,V,XXVIII,DLXXII
Murytub,XXXIX,VIII,CLIII,Denarius,VI,XVII,DLXXXIII
Munarg,XXXVIII,IX,CXLVII,Denarius,VII,XXVII,CDXLIV
Munarg,XXXVI,XI,CL,Denarius,IV,VI,CCCLXXXIX
Muniv,XXXVII,IV,XXIV,Denarius,VIII,IV,CDLX
Munarg,XXXIX,VIII,CXLIII,Denarius,IX,XI,CDXXVI
Munarg,XXXVI,X,CXXIV,Denarius,V,XII,CDXIX
Murytub,XL,VI,CXXX,Quinarius,III,I,CXXI
Murytub,XL,I,CXXXIII,Denarius,VII,XIX,DXXXVII
Suilis,XL,VII,XI,Quinarius,VIII,XXVI,DCCCXXVII
Suilis,XXXIX,I,XIX,Denarius,V,XII,MMMDLXXXIV
Muniv,XXXVII,XI,XXXI,Denarius,VIII,XI,DXXX
Muniv,XXXVIII,VII,XXVI,Quinarius,VI,II,CLXVII
Murytub,XXXVI,I,CLXXIII,Quinarius,V,XVIII,CCCIX
Suilis,XXXVI,XI,X,Denarius,VII,XXIII,MMMCDXLV
Atamora,XXXVI,VIII,X,Quinarius,VIII,XVI,MCCXLVI
Munarg,XXXV,IV,CLXI,Quinarius,IX,II,CXCII
Munarg,XXXV,V,CLIX,Denarius,V,II,CCCLIV
Murytub,XXXVII,XI,CCXXIII,Quinarius,IX,XXIII,CC
Suilis,XXXIX,VI,X,Denarius,IV,XXI,MMMMXVII
Munarg,XXXVIII,XI,CLVIII,Denarius,IV,XV,CDXXVII
Murytub,XXXVII,XII,CLXX,Denarius,V,XIX,DCXLII
Munarg,XXXV,III,CLIX,Denarius,V,IX,CCCLXII
Murytub,XXXVI,XII,CLXVI,Quinarius,IX,XXXI,CCXXV
Suilis,XXXV,VI,XXII,Denarius,VI,XVI,MMMCDXXXVI
Munarg,XXXVIII,VII,CLXIX,Denarius,II,VIII,CCLII
Munarg,XXXV,VIII,CLVII,Aureus,V,XIX,V
Murytub,XXXV,VI,CXLVII,Denarius,VIII,VIII,DCLXXXVII
Murytub,XXXV,VIII,CIX,Quinarius,VII,VIII,CCCXLVII
Munarg,XXXVII,X,CXXXVIII,Denarius,IX,XI,CCCXXXVIII
Murytub,XXXIX,I,CXXX,Quinarius,VII,XIV,CXXXIV
Munarg,XXXVIII,X,CVI,Denarius,VII,IX,CDXXXV
Murytub,XXXVIII,XII,CLXXXVIII,Denarius,VI,XVII,DCIX
Munarg,XXXVIII,IV,CLXXXVII,Quinarius,III,XVII,LXXXVI
Murytub,XL,V,CLXXIX,Denarius,VII,XII,DCIX
Munarg,XXXIX,IV,CXVI,Denarius,VIII,XXX,CCVI
Muniv,XXXV,III,XXVI,Denarius,V,XXX,CDLXIII
Suilis,XXXV,VI,XXV,Denarius,VI,XIX,MMMCCCLXXII
Munarg,XXXVI,III,CVII,Denarius,VII,II,CCCXCVIII
Murytub,XXXVI,IX,CXLI,Denarius,VIII,XII,DCXLVIII
Munarg,XL,III,CLVII,Denarius,IV,XX,CDXV
Murytub,XL,II,CCXI,Aureus,IV,IX,VI
Munarg,XXXIX,XI,CXVII,Denarius,VII,XXV,CXCIX
Muniv,XXXVI,X,XXII,Quinarius,V,X,CCIX
Murytub,XXXV,XII,CLXXVII,Aureus,IV,XX,VIII
Muniv,XXXVIII,XII,XXVIII,Denarius,IV,XIX,CDXCIX
Muniv,XXXVIII,III,XXV,Denarius,V,XXVI,CCCXCI
Muniv,XXXIX,II,XXV,Denarius,III,IV,DXXXVII
Munarg,XXXVI,IX,CXXIX,Quinarius,V,XXI,CXXXVI
Munarg,XXXVI,IX,CXII,Denarius,VI,XI,CCCXXXII
Munarg,XXXIX,IX,CXI,Quinarius,V,XVIII,LXXXI
Murytub,XXXVII,IX,CXXXIII,Quinarius,V,II,CCLXVII
Munarg,XXXVI,IX,CLXIX,Denarius,V,VI,CCCLXXVI
Muniv,XXXVIII,XII,XXVI,Denarius,VI,XVII,DLI
Suilis,XXXV,III,XVII,Denarius,IX,XXIV,MMMCI
Munarg,XXXVI,V,CLXXVI,Denarius,IV,XXVIII,CCCLXXXI
Murytub,XXXVI,V,CXLIX,Aureus,V,VIII,VIII
Muniv,XXXVIII,VIII,XXV,Quinarius,V,XXIII,CXXII
Muniv,XXXV,X,XXVII,Denarius,VII,XXV,CDLXIV
Munarg,XL,II,CXXIV,Denarius,VI,XII,CLXXXIX
Murytub,XXXVIII,IV,CVIII,Quinarius,V,XIV,CLXXIV
Murytub,XXXVI,X,CLXI,Denarius,IX,XVIII,DCLIII
Murytub,XXXVII,IX,CLXX,Quinarius,VI,XVI,CCLXVI
Munarg,XXXVI,V,CXLIX,Quinarius,III,XXVI,CLXIV
Murytub,XL,II,CXLVI,Denarius,VIII,II,DLXXXII
Murytub,XXXVII,IX,CXXIII,Quinarius,VII,XII,CCLIV
Murytub,XXXVI,I,CLVIII,Quinarius,VII,XXIV,CCXCVIII
Munarg,XXXVIII,IX,CLXXXIV,Aureus,V,VI,IV
Munarg,XXXVI,III,CXXIII,Denarius,V,III,CCCXVI
Atamora,XXXV,XII,XIII,Denarius,IV,XXII,MMDCCCLXIV
Murytub,XXXVI,VII,CLXV,Denarius,IV,XX,DCCXIV
Muniv,XXXIX,VII,XX,Denarius,IV,XXI,DCIII
Murytub,XL,X,CXXVIII,Denarius,VI,II,DLXX
Muniv,XXXVII,XI,XXXI,Denarius,V,XX,CDXIV
Munarg,XXXVIII,V,CX,Denarius,VI,XII,CCCLXXXVIII
Munarg,XL,IX,CVI,Denarius,V,XII,CXCVI
Suilis,XXXVII,VI,XII,Quinarius,XII,XVIII,MCDXXX
Muniv,XXXV,II,XXX,Aureus,VII,XXIII,VII
Munarg,XXXIX,XI,CXXII,Quinarius,VII,IV,LII
Munarg,XXXIX,IX,CXCIII,Denarius,V,XVII,CCCLXXXV
Munarg,XL,I,CXC,Denarius,VII,XXV,CCXLVIII
Munarg,XXXV,IX,C,Quinarius,VI,XIV,CLIV
Muniv,XXXV,VII,XXVI,Aureus,VI,XIII,VII
Munarg,XL,IV,CX,Quinarius,VI,XXI,XCIX
Suilis,XL,III,XIII,Quinarius,VI,IX,DCCCXXXVII
Murytub,XXXIX,XII,CXLI,Denarius,V,XXX,DLXXXI
Muniv,XXXVIII,VIII,XXIII,Denarius,VI,XXVIII,DXLIII
Muniv,XXXVII,IX,XXXI,Denarius,IX,VII,CDXCIV
Murytub,XXXVI,II,CLXXXV,Quinarius,VIII,XII,CCCII
Munarg,XXXV,VI,CXXX,Denarius,VI,XIX,CCCLIV
Munarg,XL,IV,CLIII,Denarius,V,XXX,CCCXCVIII
Suilis,XXXV,X,XXXII,Aureus,III,XIX,XLVI
Munarg,XL,VII,CLXVII,Denarius,VI,IX,CCCLXVII
Munarg,XL,XII,CXC,Denarius,VIII,XXIII,CXCVIII
Murytub,XL,VII,CLXXXIII,Denarius,VIII,V,DC
Munarg,XXXVI,VII,CLXVII,Denarius,VI,IX,CCCXCII
Munarg,XXXV,X,CXVIII,Denarius,IV,XXIV,CCCXXXV
Muniv,XXXVII,V,XXVIII,Aureus,VI,II,V
Murytub,XL,IX,CXLIX,Quinarius,V,XVI,CXXXIV
Munarg,XL,IV,CXVI,Quinarius,VI,I,XLVII
Munarg,XXXVII,VI,CLXVII,Quinarius,VIII,XI,CXLVI
Munarg,XL,X,CXXXII,Denarius,IX,VI,CCCLXXIV
Munarg,XXXV,II,CLXXXVIII,Quinarius,IV,X,CCII
Munarg,XXXVI,VII,CLIII,Aureus,V,XXV,IV
Muniv,XXXVII,X,XXVIII,Denarius,IX,II,DXLVIII
Suilis,XXXVIII,XII,XVII,Denarius,VI,XVII,MMMCMXCIV
Suilis,XXXVI,II,XVII,Denarius,III,XVII,MMMCDLXXXIX
Munarg,XL,II,CLXII,Denarius,IV,XI,CCXLV
Munarg,XXXVIII,V,CXCVIII,Denarius,V,XI,CCCXCI
Murytub,XXXVII,IV,CXXXVI,Denarius,VII,VIII,DCCCXCI
Muniv,XL,III,XXXVI,Quinarius,V,VI,CIX
Muniv,XXXV,V,XV,Denarius,VIII,VII,CCCXCVI
Munarg,XXXIX,VIII,CII,Denarius,IV,XXVI,CDIV
Munarg,XL,VII,CXCIII,Quinarius,V,XVIII,CIV
Murytub,XXXVII,XI,CLXXVI,Denarius,V,VI,DCVII
Murytub,XXXVI,IX,CLXVIII,Denarius,V,XXI,DCLXXXI
Munarg,XXXVIII,I,CXL,Denarius,VI,XVIII,CCXXXIII
Murytub,XXXV,X,CLXXXII,Quinarius,III,III,CCCLXVII
Munarg,XXXVII,VI,CLXXXII,Denarius,V,XXX,CCCXXIII
Munarg,XXXVI,X,CXXXIII,Aureus,V,XXIX,IV
Muniv,XXXV,III,XXIII,Aureus,VI,XIII,VI
Munarg,XXXIX,VII,CXXI,Denarius,V,IX,CCCL
Munarg,XL,VII,CLVI,Denarius,V,XVI,CDXXXII
Muniv,XXXV,I,XXX,Denarius,VIII,IV,DLXII
Murytub,XL,V,CXX,Quinarius,VIII,X,CXIII
Muniv,XXXIX,II,XX,Denarius,VI,XVI,DLI
Murytub,XXXIX,VIII,CLIII,Denarius,V,I,DLXXII
Munarg,XXXVIII,XI,CIV,Denarius,V,II,CCLXXVIII
Murytub,XXXVII,II,CVI,Quinarius,VIII,XIX,CCCXVIII
Munarg,XL,XII,CXLVI,Denarius,V,XXVIII,CCXIX
Muniv,XXXIX,VIII,XXVII,Quinarius,IV,XXV,CXXXVIII
Munarg,XL,XI,CXLIX,Quinarius,VII,XXVII,LXXVIII
Munarg,XXXIX,XII,CXCI,Quinarius,V,XXX,XLIX
Munarg,XXXIX,XII,CI,Aureus,IV,XVII,II
Munarg,XXXIX,XII,CLIII,Denarius,VI,XXV,CDVI
Muniv,XXXV,IV,XXI,Quinarius,V,XXV,CCLXXVI
Munarg,XXXVII,IX,CXI,Denarius,VII,XIX,CCCLXXIV
Muniv,XXXIX,XI,XXX,Quinarius,VII,XXIX,CXXVII
Murytub,XL,V,CLII,Denarius,IV,XXX,DCI
Munarg,XXXVII,IV,CXV,Denarius,VI,VII,CDXV
Munarg,XXXVI,VI,CXXXII,Denarius,V,XXIII,CCXC
Munarg,XXXIX,I,CXCIII,Quinarius,V,XII,XCI
Murytub,XXXV,III,LXXXVI,Quinarius,IX,XXIV,CCXCV
Atamora,XXXIX,X,VIII,Quinarius,VI,XXX,DXLII
Murytub,XL,VIII,CL,Quinarius,VI,XI,CXX
Munarg,XXXVIII,III,CXXVIII,Quinarius,VIII,XVI,LXXXIII
Munarg,XXXVI,IV,CXLV,Aureus,V,XXVII,IV
Munarg,XXXVII,XII,CLXXVII,Denarius,V,XIX,CCCLXXV
Munarg,XXXV,III,CI,Denarius,VI,X,CCCXIX
Munarg,XXXV,V,CXXV,Denarius,VI,VIII,CCCXCVIII
Munarg,XXXIX,XI,CXCVII,Denarius,V,X,CDXLVI
Murytub,XXXVII,V,CXCVIII,Denarius,VII,XXVI,DCCCLXXI
Murytub,XXXVIII,VIII,CXIX,Quinarius,IV,XIV,CLXXI
Munarg,XL,V,CLXVII,Quinarius,IV,XXII,XLIII
Munarg,XL,IX,CXLVII,Quinarius,VIII,XIII,LXXXVI
Murytub,XXXVI,IX,CLXXXIV,Denarius,V,XXV,DCLXX
Munarg,XXXVI,I,CLXXIII,Denarius,IV,XIV,CCCLIII
Munarg,XL,X,CXXVI,Aureus,IX,XXV,III
Munarg,XXXVII,III,CXCIV,Denarius,IV,XXIX,CCCLVI
Murytub,XXXVII,VIII,CLVIII,Denarius,VIII,IX,DCXXXIII
Muniv,XXXVI,VI,XXXIII,Quinarius,VII,VII,CCXLVII
Munarg,XL,XI,CLXXXIII,Denarius,VI,I,CCCLXXXII
Munarg,XXXIX,XII,CL,Denarius,VII,XIX,CDLIV
Munarg,XXXV,V,CXXXIV,Denarius,V,XI,CCCLXVIII
Murytub,XXXVI,II,CXLIV,Denarius,V,XXVIII,DCXCIX
Suilis,XXXV,V,XI,Denarius,V,II,MMMCCLXVII
Murytub,XXXVIII,VII,CLXVIII,Quinarius,V,XIX,CLXXXII
Munarg,XXXIX,IX,CL,Denarius,V,XXII,CDXIX
Murytub,XXXVIII,IX,CXIII,Denarius,IV,XVII,DLXXII
Atamora,XXXVI,IX,XIII,Denarius,V,V,MMDCC
Murytub,XL,X,CCXXXIV,Denarius,IV,XXII,DLXII
Murytub,XXXIX,IV,CXLII,Denarius,V,I,DLXXII
Murytub,XXXV,VIII,CXCI,Aureus,VII,VIII,IX
Murytub,XL,XII,CXI,Denarius,VII,XXI,DXXVI
Murytub,XXXV,I,CLIV,Quinarius,III,XXII,CCCLXI
Munarg,XXXVII,III,CXXXI,Quinarius,IV,XXIII,CXXXI
Munarg,XXXVI,XI,CLXXXII,Denarius,III,XI,CCLIX
Murytub,XL,IV,CXI,Denarius,V,XI,DIII
Munarg,XXXVI,VI,CLXXXI,Quinarius,VII,XVIII,CXLII
Murytub,XXXVII,X,CXXXI,Denarius,VI,XXVII,DCXLIII
Munarg,XXXV,XII,CII,Quinarius,IV,XXVIII,CXLVII
Murytub,XXXVI,VIII,CXXXI,Denarius,II,XXV,DCLXIX
Muniv,XXXVII,VI,XV,Denarius,VII,IX,CDLXIV
Munarg,XL,II,CXIII,Denarius,VIII,XIII,CCIX
Munarg,XXXVIII,X,CLXXII,Aureus,VII,IV,IV
Munarg,XL,VI,CLXXXVIII,Denarius,III,XIII,CDXXIII
Suilis,XXXIX,X,LV,Denarius,VI,XXIII,MMMDCCII
Munarg,XL,VIII,CXCI,Aureus,III,III,II
Murytub,XL,VII,CXLIII,Denarius,V,XVII,DLXXXIII
Munarg,XXXVI,III,CXLII,Quinarius,VII,XXXI,CXXXII
Munarg,XXXIX,VIII,CIII,Quinarius,IV,XXVI,XLVII
Munarg,XXXVI,XI,CLXXXV,Quinarius,VI,IX,CVI
Munarg,XL,VIII,CXXXVIII,Denarius,VII,XXV,CDXXXIV
Murytub,XL,X,CLXXVIII,Denarius,V,XXVIII,DXLVII
Munarg,XXXVIII,V,CLXXIX,Denarius,VI,IX,CDXXIX
Munarg,XL,VIII,CLIX,Quinarius,VII,IV,XXXVII
Munarg,XXXIX,VII,CXCV,Denarius,III,XXIII,CCXLII
Murytub,XXXIX,V,CXXXIII,Denarius,VII,XX,DC
Munarg,XXXVIII,IV,CLXVII,Denarius,IV,XXVII,CDXVIII
Munarg,XXXIX,III,CXLVII,Quinarius,VIII,XXVII,XCVII
Murytub,XXXV,IX,CXV,Denarius,IX,XVI,DCCX
Murytub,XXXVIII,XII,CXCVII,Aureus,VI,II,VI
Munarg,XXXVII,I,CLXIII,Quinarius,VI,XXII,CLXX
Murytub,XXXVIII,I,CXXVI,Denarius,VI,IX,DCLXI
Munarg,XXXIX,XI,CLVIII,Denarius,V,II,CXCVII
Munarg,XXXIX,XI,CVI,Aureus,VI,XXVII,IV
Munarg,XXXIX,III,CLXXVII,Denarius,VI,II,CCCLXXXVII
Munarg,XXXVI,VIII,CLXIX,Denarius,VI,XXIV,CCLXXXVII
Munarg,XXXVIII,II,CLV,Denarius,IV,XVI,CCLX
Atamora,XXXV,VII,XII,Denarius,V,XI,MMMDXLIII
Suilis,XXXV,VII,XXI,Denarius,IV,V,MMMCCCL
Murytub,XXXVIII,VII,CXLVIII,Quinarius,VI,VI,CXCII
Muniv,XXXVI,I,XXIII,Denarius,VII,VIII,DXLIV
Suilis,XXXV,V,X,Denarius,VII,XXVI,MMMCCXXVII
Murytub,XXXVIII,VIII,CLXVIII,Denarius,VI,XXVI,DLXXV
Munarg,XXXVII,VIII,CII,Denarius,VII,V,CCLX
Murytub,XXXV,II,CXCVI,Denarius,IV,XVIII,DCCXIII
Munarg,XXXV,X,CXXVI,Denarius,VII,VII,CCCLVI
Murytub,XXXIX,I,CXLIV,Quinarius,V,XVII,CXL
Murytub,XXXV,VI,CXXXVII,Quinarius,VI,XXV,CCCXL
Muniv,XXXV,VI,XXVIII,Quinarius,VIII,VIII,CCXXXII
Munarg,XXXV,VII,CXXXII,Denarius,VI,XXVI,CCCLX
Suilis,XXXIX,X,XII,Quinarius,V,VIII,DCCLXIV
Muniv,XL,IV,XXXI,Aureus,IV,IX,V
Murytub,XXXIX,X,CXLVI,Denarius,VI,XX,DXLVII
Muniv,XXXVI,I,XXVII,Quinarius,V,XIX,CCLXIII
Munarg,XXXVII,IV,CXXII,Denarius,V,I,CCLXV
Munarg,XXXVIII,XII,CLIX,Quinarius,VI,XVII,LXV
Murytub,XXXVI,II,CXXIII,Denarius,III,III,DCLXXXIX
Suilis,XXXVII,V,XLII,Denarius,V,XV,MMMDCCLIII
Munarg,XXXVIII,VI,CLXXIV,Quinarius,VI,X,CXV
Muniv,XXXV,II,XXI,Denarius,VI,XXI,CDLXXIV
Munarg,XXXIX,IX,CXXXIII,Quinarius,V,XV,LXXX
Suilis,XXXV,XI,XII,Denarius,IV,XXI,MMMCCLXXXIV
Munarg,XXXVI,XII,CXLIX,Denarius,I,II,CDVI
Munarg,XXXVIII,I,CIV,Aureus,VIII,XVI,III
Murytub,XL,X,CXXXIII,Aureus,IV,XXII,IV
Munarg,XXXIX,III,CLXI,Denarius,VI,III,CCCLXXXVII
Munarg,XXXVI,XI,CLXV,Denarius,VI,IX,CCCXLIII
Munarg,XL,X,CXLIII,Denarius,VIII,XIII,CCXVII
Muniv,XL,X,XXIII,Aureus,VII,XVI,IV
Murytub,XXXVII,II,CLXXVII,Quinarius,VI,XVII,CCLXV
Munarg,XXXVII,I,CXLIX,Aureus,X,XXIX,III
Munarg,XXXVI,VIII,CXLI,Denarius,VIII,XXVIII,CCLXVI
Suilis,XXXIX,II,XXIX,Quinarius,VII,VI,CMXL
Muniv,XXXVIII,IV,XXIV,Quinarius,V,XXII,CLXXXI
Munarg,XXXV,VIII,CXXIII,Quinarius,IX,II,CXCIII
Munarg,XXXVIII,IV,CXXX,Quinarius,V,XXVI,XCV
Muniv,XXXVII,VI,XXV,Aureus,VII,XXI,V
Atamora,XXXVIII,III,X,Quinarius,V,XXVI,DCXC
Atamora,XXXVI,IV,XI,Denarius,III,XXIII,MMDCCCLIV
Munarg,XXXVI,II,CXXXI,Aureus,VI,VII,IV
Murytub,XL,VIII,CIV,Denarius,V,XXI,DX
Murytub,XL,I,CLXXII,Denarius,V,XVI,DCVII
Munarg,XXXVI,X,CLXXXIII,Denarius,VIII,XIV,CCCLVII
Muniv,XXXVIII,IX,XX,Quinarius,II,VIII,CLIX
Munarg,XXXVI,VII,CLXIX,Denarius,VII,VI,CCLXXIV
Muniv,XXXVII,III,XXII,Denarius,VI,XVII,DLXVI
Munarg,XXXVIII,I,CLIV,Denarius,VI,IX,CCCLIX
Murytub,XXXVI,X,CI,Denarius,IX,XXV,DCLIII
Munarg,XXXV,IV,CXCI,Quinarius,VI,XXVI,CLXXXIX
Murytub,XXXVIII,VIII,CLXXXIX,Denarius,VI,XXXI,DCXVII
Muniv,XXXVI,IV,XXIX,Quinarius,VIII,XIII,CCXXI
Murytub,XXXVI,XII,CXXX,Denarius,IV,XXI,DCLXXVIII
Munarg,XL,VI,CXXXIX,Quinarius,V,V,LXXXVIII
Muniv,XXXVI,VI,XXI,Denarius,VIII,XII,DXVII
Murytub,XXXIX,I,CLXIII,Denarius,VII,XV,DCXVIII
Murytub,XXXVI,VIII,CXIV,Quinarius,III,IV,CCLXXII
Muniv,XXXVI,VI,XXXI,Denarius,VII,VII,CDXCIII
Suilis,XXXIX,IV,XXVI,Denarius,V,XII,MMMCMXXI
Murytub,XXXV,V,CXLVI,Quinarius,VIII,XXII,CCCXL
Munarg,XXXVIII,VII,CLXXXI,Denarius,VII,XVIII,CCXXXII
Murytub,XXXV,III,CLXXVIII,Quinarius,VII,XXI,CCCXVI
Murytub,XXXVIII,III,CXLIX,Quinarius,V,X,CLXXIX
Munarg,XXXVII,IV,CXXXIII,Aureus,VI,XXVII,III
Munarg,XXXVI,III,CXXVIII,Quinarius,X,XII,CLXIII
Murytub,XXXV,VII,CXXXV,Quinarius,VI,XXV,CCCLXXXIII
Munarg,XXXVIII,VII,CLXXVI,Denarius,IX,XXXI,CDXXXVIII
Munarg,XL,IX,CXXIX,Quinarius,V,XXIII,XLVIII
Muniv,XXXVIII,V,XXVIII,Quinarius,VI,XII,CLXIII
Munarg,XL,I,CXXXIX,Quinarius,V,XXIV,LV
Muniv,XXXVI,XI,XXII,Denarius,VI,XXVIII,DXIV
Murytub,XXXVII,XII,CXLVII,Denarius,III,XVI,DCLIII
Munarg,XXXV,VII,CLXXIX,Aureus,VII,VIII,IV
Murytub,XXXV,IX,CXCVII,Denarius,VI,VII,DCLXXIX
Murytub,XXXIX,I,CLXXXVII,Denarius,V,XII,DCXXIII
Murytub,XXXIX,IX,CXLVI,Denarius,V,XIX,DCXXIII
Munarg,XXXVIII,V,CLX,Denarius,V,VI,CCCLIV
Munarg,XL,II,CXXVII,Quinarius,VII,XVIII,XCII
Munarg,XXXVI,IX,CIX,Denarius,V,XV,CDVII
Murytub,XXXVIII,I,CCV,Denarius,VI,XXVII,DCLXX
Muniv,XXXVI,I,XXIV,Denarius,V,XXIX,CDLXIX
Murytub,XL,XI,CLXXXIII,Denarius,VII,XIII,DXLVIII
Murytub,XXXVI,VIII,CVII,Denarius,VIII,VIII,DCXL
Munarg,XXXVII,IX,CXVI,Denarius,VII,VIII,CCCLXXXIV
Suilis,XXXVI,VII,XII,Quinarius,VII,XXIX,MDIX
Murytub,XXXIX,III,CXLII,Denarius,V,XXIII,DCII
Munarg,XXXIX,VI,CXCVIII,Quinarius,IV,V,CI
Muniv,XXXV,III,XXVI,Quinarius,IX,II,CCXXXIX
Munarg,XXXVI,VIII,CXLIV,Denarius,VI,XVIII,CCCXXIX
Murytub,XXXVI,III,CXLIX,Aureus,VI,XVII,VII
Munarg,XXXIX,VII,CLXXXIV,Denarius,VII,XI,CCLV
Munarg,XXXVII,VII,CLVI,Denarius,VII,XXII,CCCIV
Muniv,XXXVI,I,XXVII,Denarius,IV,VII,DVII
Muniv,XXXVI,I,XXIII,Quinarius,V,XIII,CCXLVI
Muniv,XXXV,VIII,XXVII,Denarius,VI,XXI,DLXVI
Murytub,XXXIX,VI,CXLIV,Denarius,VI,XIII,DXCI
Munarg,XL,VI,CLXXX,Quinarius,IV,IX,LIV
Munarg,XL,X,CLXXVIII,Quinarius,V,XXVIII,XXXV
Munarg,XXXVII,X,CXLVII,Quinarius,V,XV,CLVII
Munarg,XXXIX,III,CXLVII,Denarius,VI,XXVIII,CCCXLVI
Murytub,XL,IX,XCII,Denarius,IV,III,DLXXV
Murytub,XXXV,I,CCVII,Denarius,IX,XIX,DCXCVI
Munarg,XXXIX,V,CIII,Denarius,V,VII,CCXXVIII
Murytub,XXXVI,XII,CXXXIV,Denarius,VI,XXII,DCX
Munarg,XXXVIII,I,CXXII,Denarius,V,VI,CDXLI
Murytub,XXXIX,IX,CLV,Denarius,VII,XXVI,DLXXIV
Suilis,XLI,I,XVI,Denarius,VI,I,MMMDCCCLXXX
Murytub,XXXVII,VII,CLXXV,Quinarius,IV,XVII,CCCXLVIII
Atamora,XL,VIII,VI,Denarius,II,IX,MMCCCV
Muniv,XXXVIII,VI,XXV,Aureus,VII,VI,VI
Suilis,XXXVI,VII,XXI,Quinarius,VI,XXII,MCDLVIII
Munarg,XL,XI,CXXXVIII,Aureus,VI,I,II
Munarg,XL,I,CLXXXI,Denarius,VI,XXI,CCXXXV
Munarg,XXXVII,XI,CXX,Denarius,VII,XIII,CCCXIII
Murytub,XXXV,VII,CIV,Denarius,V,XXII,DCC
Munarg,XXXVI,I,CXXV,Aureus,VII,IX,IV
Murytub,XXXVII,XI,CCLV,Denarius,VI,XXV,DLXXIV
Munarg,XL,VI,CLVII,Denarius,VII,XV,CCXX
Munarg,XXXVII,VIII,CLXXXIV,Denarius,IV,VIII,CDXXI
Muniv,XXXV,I,XXII,Denarius,V,XVIII,CDXCIX
Murytub,XXXVII,X,CXLIV,Denarius,VII,I,DCLXIV
Murytub,XXXVI,IV,XC,Quinarius,IV,XXI,CCXCIX
Murytub,XL,VII,CCLV,Denarius,V,XVII,DLXXXIX
Munarg,XL,VIII,CLXXXII,Quinarius,VII,XVII,L
Munarg,XXXVII,V,CLIX,Quinarius,IV,XXX,CXXI
Munarg,XXXVIII,I,CXIX,Quinarius,III,XXI,CXXXIII
Murytub,XXXIX,I,CLXXV,Aureus,VIII,II,V
Murytub,XXXVII,III,CLXXXIII,Denarius,X,IV,DCXXI
Munarg,XXXV,XII,CLXXXVI,Denarius,VI,XXVI,CCCVIII
Munarg,XXXVII,IV,CIX,Aureus,V,XVIII,III
Murytub,XXXVI,XI,CLXIV,Denarius,III,X,DCXXXVIII
Munarg,XXXVIII,XII,CXXXVII,Denarius,VI,XXI,CCXVIII
Muniv,XXXVII,I,XIV,Denarius,III,XIX,CDLXXIX
Munarg,XXXVI,VII,CXVII,Denarius,V,XXV,CCCXCIX
Munarg,XXXIX,III,CVIII,Denarius,VIII,XXVII,CD
Muniv,XL,II,XXVI,Denarius,VII,III,DXCVII
Muniv,XXXIX,VI,XXIX,Denarius,IV,XIV,DLXXVIII
Murytub,XXXVI,X,CLXII,Denarius,VII,XVII,DCLXIV
Muniv,XXXVIII,VI,XXVII,Quinarius,IV,XIX,CLXVI
Murytub,XXXV,I,CLVIII,Quinarius,III,XXII,CDXIII
Muniv,XXXVIII,IV,XXIX,Denarius,VII,XVI,DVIII
Muniv,XXXVII,VI,XXI,Quinarius,V,XXVIII,CLXXIX
Murytub,XXXVI,XII,CXC,Denarius,VIII,XX,DCVIII
Muniv,XXXVI,XI,XXII,Denarius,VII,IV,CDLXVII
Murytub,XXXV,XI,CLXXII,Denarius,V,XIV,DCXCIV
Muniv,XL,V,XXIV,Quinarius,VII,XI,CII
Atamora,XXXVIII,II,XIII,Denarius,VIII,X,MMMCVII
Atamora,XXXV,V,X,Denarius,V,II,MMMDCCLII
Muniv,XXXVI,VI,XXIX,Quinarius,V,XXVII,CCXLVIII
Munarg,XXXIX,IV,CXXVIII,Denarius,V,XXVIII,CCXXX
Munarg,XXXVII,X,CXXXV,Denarius,IV,XXX,CCLXV
Muniv,XXXVI,II,XXIII,Denarius,VIII,XII,CDLXXXVII
Muniv,XXXV,I,XXII,Denarius,IV,XXXI,CDLXXIV
Munarg,XXXIX,X,CXII,Quinarius,VI,II,XC
Murytub,XXXVIII,III,CLXVII,Quinarius,IV,III,CLXXV
Munarg,XXXV,II,C,Quinarius,VII,XXIV,CLXI
Munarg,XXXV,X,CLXVI,Aureus,VIII,XXX,V
Munarg,XL,IX,CLXXXIII,Quinarius,V,XXIII,XXXVIII
Muniv,XXXVIII,IX,XXX,Quinarius,IX,XXIV,CXLI
Munarg,XXXV,V,CLXXVI,Denarius,VIII,XXIX,CCCXVIII
Munarg,XXXVIII,IV,CLXXVI,Quinarius,IV,VIII,CVII
Munarg,XXXVII,V,CLXX,Denarius,VII,V,CCCXCVIII
Atamora,XXXVIII,IV,VIII,Denarius,III,XVII,MMMCCXVII
Muniv,XXXVII,XI,XXIV,Denarius,V,VI,CDXXXII
Munarg,XXXVI,VI,CXCII,Denarius,V,XXIII,CCCXXII
Munarg,XL,XI,CLXIV,Quinarius,IX,XXIV,XCV
Atamora,XXXIX,XII,XI,Denarius,VIII,II,MMCDLXXXVIII
Munarg,XXXV,IV,CLXXXII,Aureus,VI,XXI,IV
Munarg,XXXVII,VIII,CLXXX,Quinarius,II,II,CXLIV
Muniv,XXXVII,XII,XXVI,Quinarius,V,XII,CLXIX
Muniv,XXXIX,X,XXVI,Quinarius,V,XVI,C
Munarg,XXXVII,VIII,CXCIV,Denarius,VII,XI,CCLXXII
Murytub,XXXVII,VII,CLXXXIII,Quinarius,V,XXV,CCCXLIV
Murytub,XXXV,I,CLXXIX,Denarius,VIII,XXIV,DCCXXVII
Munarg,XXXV,III,CLX,Denarius,VII,III,CCCVI
Murytub,XL,IV,CLXXXVII,Quinarius,VII,XXIV,CVI
Muniv,XXXVIII,X,XXXV,Denarius,IV,XXIV,DLV
Murytub,XXXVIII,VIII,CC,Denarius,VII,XI,DCXX
Murytub,XL,V,CXXIV,Denarius,VI,XVI,DXCI
Murytub,XXXIX,I,CLXXXIII,Quinarius,VIII,XVIII,CXXXVIII
Muniv,XXXIX,V,XXV,Quinarius,VII,III,XCIV
Suilis,XXXVII,III,XI,Quinarius,V,XVI,MDIII
Suilis,XXXVIII,XI,XI,Denarius,V,VIII,MMMDCCCXCII
Munarg,XXXVII,XII,CXXXV,Denarius,V,XII,CCCXCVIII
Murytub,XXXVII,V,CLXXIV,Quinarius,VII,XXI,CCCLXXVII
Atamora,XL,I,XII,Quinarius,V,XXIX,DCCXVI
Murytub,XL,X,CCXXV,Denarius,IX,XXV,DXL
Munarg,XXXVII,V,CXCII,Quinarius,III,VI,CLXIII
Munarg,XXXVIII,XII,CLXXII,Denarius,IV,IX,CDLV
Murytub,XXXVI,VIII,CLXIX,Denarius,VII,VII,DCXIV
Muniv,XXXIX,IX,XX,Denarius,V,XV,DXXII
Murytub,XXXIX,VII,CXLVII,Denarius,V,IX,DLXVII
Munarg,XL,XII,CXXVIII,Denarius,VII,XIV,CDXXXIII
Murytub,XXXVII,X,CCV,Quinarius,IX,XX,CCLV
Suilis,XXXIX,VII,XXXIII,Denarius,VI,XX,MMMDCLXVII
Muniv,XL,VII,XXX,Aureus,VIII,XXVIII,IV
Munarg,XXXVIII,VII,CXLVI,Quinarius,IV,XXIX,LXXV
Munarg,XL,IX,CLXXXVII,Quinarius,V,XXIII,XCVII
Munarg,XXXVII,VI,CXVI,Denarius,VIII,XII,CCCL
Munarg,XXXVII,II,CLXI,Quinarius,VI,XI,CXXIII
Murytub,XXXVI,XI,CXCVI,Denarius,VI,XIII,DC
Murytub,XXXVII,VII,CLIII,Denarius,VII,XXIII,CMXXXIII
Muniv,XXXIX,I,XXXIII,Quinarius,VIII,XXIV,CXXXIII
Murytub,XXXV,V,CCVII,Quinarius,IX,XXVIII,CCCXXIX
Munarg,XXXV,IX,CLI,Aureus,VI,XXI,V
Murytub,XXXVII,V,CLXXXIII,Quinarius,VII,V,CCCLXIV
Murytub,XXXV,I,CXCII,Denarius,VI,XXIII,DCCXIV
Munarg,XXXVI,VIII,CLX,Denarius,VI,XIX,CCCXXXV
Munarg,XXXIX,V,CXLI,Quinarius,VI,XVIII,LV
Munarg,XXXIX,I,CLVI,Aureus,VII,XXXI,III
Murytub,XL,IX,CXXXV,Denarius,V,X,DLXXXV
Murytub,XXXV,X,CXLVIII,Quinarius,V,XIV,CCCLIX
Murytub,XXXVI,V,CXXIII,Denarius,VII,V,DCLXXV
Munarg,XXXVIII,IX,CLXV,Denarius,V,III,CDXVI
Murytub,XXXIX,IX,CXLVI,Denarius,VI,II,DCVIII
Munarg,XXXVIII,V,CLVII,Denarius,VII,XIX,CCCLXXXV
Atamora,XXXV,VII,IX,Denarius,V,XXVII,MMMDCCXCIX
Murytub,XXXIX,VI,CLVIII,Denarius,IV,XXI,DCIII
Munarg,XXXV,I,CLXV,Denarius,III,III,CCCLXXXII
Munarg,XXXVIII,IV,CLVII,Quinarius,VIII,X,CXXVIII
Murytub,XXXVIII,IV,CXL,Denarius,VII,XXIV,DCXLVIII
Murytub,XXXVII,XII,CXXXVI,Denarius,IV,XXX,DCXLVII
Murytub,XXXVIII,III,CXLIV,Denarius,VIII,XVI,DLXXXVI
Munarg,XXXVIII,IX,CXCVII,Quinarius,X,XIV,LXXVIII
Murytub,XXXVIII,VIII,CXLVIII,Quinarius,V,III,CLXVIII
Murytub,XXXV,X,CXX,Denarius,VIII,I,DCLX
Munarg,XL,IV,CXXVI,Quinarius,IV,II,LXXXVI
Munarg,XXXVIII,VIII,CXIII,Denarius,V,V,CCCLIX
Munarg,XXXVI,XI,CXCII,Denarius,III,XXV,CCCXXXII
Murytub,XXXVI,XI,CXXXIX,Quinarius,VII,V,CCLXIII
Muniv,XXXVIII,I,XXVI,Aureus,VIII,XXVIII,IV
Munarg,XXXV,VII,CLXV,Quinarius,IV,XXX,CLXXV
Murytub,XXXVI,VII,CLXI,Denarius,VII,XXIX,DCXCVI
Muniv,XXXVI,VII,XXV,Denarius,VI,XVIII,CDLXXIX
Munarg,XXXVI,V,CXCV,Denarius,V,XIX,CCCXL
Murytub,XXXV,XII,CCI,Denarius,VI,XXI,DCX
Munarg,XXXVIII,X,CXLII,Denarius,IV,XXX,CDXXV
Munarg,XXXV,IX,CXCIV,Denarius,VIII,XV,CCCLII
Murytub,XXXV,XII,CLVII,Quinarius,VI,X,CCCXXXIII
Munarg,XXXVII,XI,CXXVII,Aureus,VIII,XXII,IV
Munarg,XXXVIII,VII,CLXXXI,Quinarius,II,VIII,LXXIII
Munarg,XXXV,XII,CXCI,Denarius,VI,XI,CCCXLVII
Munarg,XXXV,VII,CLXXX,Quinarius,VIII,XIX,CLII
Murytub,XL,V,CV,Denarius,VI,XVI,DXXVIII
Murytub,XL,I,CLXIV,Quinarius,V,XXIV,CXXXIV
Muniv,XXXV,III,XIX,Denarius,VI,XVIII,CDLXXVIII
Murytub,XL,X,CLXXII,Denarius,VIII,V,DXLVIII
Munarg,XXXVIII,IV,CVI,Denarius,IV,XXI,CCCXLVI
Muniv,XXXVIII,VI,XXVII,Denarius,VII,XXI,CDLXIX
Murytub,XL,II,CLXXXII,Quinarius,V,I,CXXXVI
Suilis,XXXVIII,I,XI,Denarius,VI,XXVII,MMMDCCLXII
Murytub,XL,I,CXCVI,Denarius,VIII,III,DLX
Muniv,XXXV,III,XXIII,Quinarius,VII,IV,CCXLII
Munarg,XXXIX,XI,CLIV,Denarius,X,VI,CCVIII
Munarg,XXXV,IX,CLXXXIII,Denarius,VI,XX,CCCVIII
Munarg,XL,VI,CVIII,Quinarius,VI,XVI,LIII
Munarg,XXXVII,IV,CIII,Denarius,VIII,III,CCCXLIII
Munarg,XL,IX,CLVII,Aureus,VII,XXVII,III
Munarg,XXXIX,II,CI,Denarius,VI,XVI,CCXXIII
Munarg,XXXVIII,III,CLVII,Denarius,VII,XIX,CCLIII
Munarg,XXXVIII,II,CLXV,Denarius,VII,XIX,CDXLIV
Munarg,XXXIX,IX,CXIII,Denarius,VI,XI,CDXXII
Murytub,XXXVIII,X,CLXXXVI,Quinarius,VI,I,CLXI
Murytub,XXXIX,XII,CCXV,Denarius,VII,XXII,DLXXXIV
Murytub,XXXIX,IX,CLXI,Denarius,VI,V,DCX
Munarg,XXXIX,VII,CXXII,Denarius,VII,V,CCLXVI
Murytub,XXXIX,III,CXCV,Quinarius,VI,XIV,CXXXII
Munarg,XXXV,VI,CXXXIX,Denarius,VI,XXX,CCCLXXXVII
Murytub,XXXV,II,CXLIV,Quinarius,V,XIX,CCCXXX
Murytub,XXXVII,VII,CLXXVII,Denarius,VII,XVIII,DCCCXCIX
Muniv,XL,IX,XXIII,Aureus,VII,XVIII,IV
Murytub,XXXVIII,II,CCXV,Quinarius,IV,XVI,CLXXXVII
Munarg,XXXVI,VIII,CIII,Quinarius,VIII,XVI,CLVII
Murytub,XL,V,CXXIX,Aureus,V,XXIV,V
Murytub,XL,V,CLXXII,Denarius,VI,XVI,DLXXII
Murytub,XL,IV,LXXXVI,Quinarius,VII,XVII,CXXI
Murytub,XXXVII,I,CLVI,Denarius,VIII,XXIV,DLXXXII
Suilis,XXXIX,XII,XXIX,Denarius,V,XXXI,MMMDLXX
Munarg,XXXV,X,CXLIX,Denarius,IV,XXIV,CCCLXX
Atamora,XXXVI,VI,IX,Denarius,VIII,XII,MMMXXI
Murytub,XXXVII,II,CLXXIII,Denarius,VIII,XXIII,DCCV
Munarg,XXXVII,XII,CXCIV,Denarius,V,XII,CCLXV
Muniv,XXXIX,X,XXI,Quinarius,VII,IV,CXIV
Munarg,XXXVII,IX,CXI,Quinarius,VI,XXIV,CIX
Munarg,XXXVI,III,CLIX,Denarius,VI,XVII,CCCXX
Munarg,XXXVI,III,CLII,Quinarius,VII,II,CXLII
Muniv,XXXVI,V,XXX,Denarius,VI,XIII,CDXXIII
Munarg,XL,I,CXC,Quinarius,VII,XXXI,XCI
Murytub,XL,I,CXLIX,Denarius,II,XVIII,DLXIX
Suilis,XXXVI,IV,X,Denarius,IV,X,MMMCXLV
Muniv,XXXV,XII,XX,Quinarius,IV,XXII,CCLII
Munarg,XL,VIII,CXXI,Denarius,VII,IV,CDLVIII
Munarg,XXXVII,XI,CLXXVIII,Denarius,VI,XXVI,CCCXXXIX
Murytub,XXXVII,IX,CLXIX,Denarius,V,IV,DCCXLIV
Munarg,XXXVIII,III,CXXXIII,Quinarius,IV,III,LXXXVII
Muniv,XL,XI,XXVIII,Quinarius,V,V,XCVII
Murytub,XXXIX,V,CLXXIII,Quinarius,VI,II,CXXI
Murytub,XL,V,CCIV,Quinarius,VI,I,CVII
Munarg,XXXVI,VI,CLXXXIII,Denarius,VI,XXVI,CCLXXX
Atamora,XXXVIII,II,VIII,Quinarius,V,XXVIII,DCLXXIII
Munarg,XL,X,CX,Aureus,IX,XXIV,III
Muniv,XXXVIII,XII,XXX,Denarius,IX,XXIII,DXXXVIII
Munarg,XXXVII,X,CLXXXI,Denarius,V,XV,CCCLXXXIII
Murytub,XXXIX,II,CLII,Aureus,VI,XXII,VI
Munarg,XXXIX,II,CXXIX,Denarius,III,III,CCXVI
Murytub,XXXVII,X,CXLI,Quinarius,VII,X,CCXXVI
Munarg,XXXVIII,V,CXXXV,Quinarius,V,XIV,LXXXI
Suilis,XL,II,XVI,Quinarius,VI,XXVI,DCCCXVI
Muniv,XXXIX,V,XXVI,Denarius,VII,V,DCXII
Muniv,XXXV,VII,XXV,Quinarius,V,XXII,CCLXII
Munarg,XXXIX,XII,CXXXIX,Denarius,VII,XXII,CC
Murytub,XXXVII,VI,CXLIX,Quinarius,V,XXII,CCCXXXIX
Murytub,XXXVIII,IX,CXXXII,Denarius,V,V,DCXXXVI
Munarg,XXXV,II,CLXXIII,Quinarius,IV,XVIII,CLVII
Munarg,XL,IX,CLXXVIII,Denarius,V,XVI,CDXXXVI
Murytub,XXXVII,X,CLXXXIV,Aureus,VI,VII,VII
Munarg,XXXVIII,VII,CXX,Denarius,VI,XXIII,CCCLXXXIII
Munarg,XXXVII,III,CIII,Denarius,V,XIII,CCLXV
Muniv,XL,VIII,XXXIII,Denarius,V,XIII,CDLXIX
Munarg,XXXIX,X,CIV,Denarius,VIII,XXIX,CCXXXIX
Atamora,XXXVIII,X,VIII,Quinarius,IV,XXIV,DCCLXXVI
Munarg,XL,X,CI,Aureus,VI,VII,II
Munarg,XXXIX,VIII,CLXXXVIII,Quinarius,VIII,XV,LXIII
Munarg,XXXV,VI,CXLI,Quinarius,VI,XIX,CLXXXII
Munarg,XXXVII,I,CXXIII,Denarius,VII,XX,CCCXLVII
Munarg,XXXVIII,I,CXLVIII,Denarius,VIII,XXVIII,CDXV
Munarg,XL,X,CXCII,Denarius,VI,XIV,CDLXIX
Munarg,XXXVIII,IV,CLII,Denarius,VII,I,CCXLI
Atamora,XL,IX,VIII,Denarius,IX,XI,MMCLII
Murytub,XXXVII,V,CXLII,Denarius,VI,XIV,CMIV
Murytub,XL,IX,CLVIII,Denarius,VII,VIII,DLXXX
Muniv,XXXVII,IX,XXIX,Denarius,V,XXVIII,DVIII
Muniv,XL,XII,XXVI,Quinarius,VI,VI,LXXXIX
Munarg,XXXV,IV,CXXX,Denarius,V,I,CCCLXXIX
Munarg,XXXVII,VII,CXXXVI,Denarius,V,X,CCCV
Muniv,XL,IX,XXXI,Denarius,VII,VIII,DIX
Munarg,XXXIX,VII,CXXXIII,Quinarius,VII,II,LXI
Murytub,XL,VI,CLXXIII,Aureus,VIII,XXI,V
Muniv,XXXVII,X,XXII,Denarius,IX,XX,CDXXXVII
Muniv,XXXV,III,XXXI,Quinarius,VI,XII,CCX
Muniv,XXXVII,VI,XXIX,Denarius,VII,IX,DLXIX
Munarg,XXXVIII,X,CXXIV,Denarius,V,VII,CCCXCIX
Muniv,XXXVI,VIII,XXXVI,Denarius,VI,XVII,CDLXIII
Murytub,XXXIX,I,CLXXVIII,Quinarius,IV,XIII,CXL
Munarg,XXXVI,IX,CLXXXV,Denarius,VI,II,CCCLXIV
Munarg,XXXV,IX,CLXXXIV,Denarius,VII,XIII,CDVI
Muniv,XXXVI,III,XXXII,Denarius,VII,XXVIII,DXLIII
Munarg,XL,X,CXCII,Denarius,IX,XXIV,CXCIX
Munarg,XXXVII,XI,CLII,Denarius,V,VIII,CCXLVI
Murytub,XXXV,IV,CLXXXIII,Quinarius,IX,II,CCCXIX
Murytub,XXXVII,XII,CLVII,Denarius,IV,XX,DLXXVI
Munarg,XXXVII,VI,CLIII,Quinarius,VI,V,CXL
Munarg,XXXIX,XI,CLXXXI,Denarius,VI,XXVII,CDXLIV
Munarg,XXXVII,V,CLXXXIX,Denarius,VII,IX,CDV
Murytub,XXXIX,X,CXLVII,Denarius,VI,XX,DLXXXII
Muniv,XXXVI,V,XXV,Quinarius,IV,XXX,CCXXXIV
Munarg,XXXIX,XI,CLXXI,Denarius,X,VI,CDXVI
Munarg,XXXVI,VII,CXCVI,Quinarius,VII,XXIII,CXXIV
Murytub,XXXVIII,IX,CXLII,Quinarius,V,XXI,CLX
Muniv,XXXVIII,XI,XXVI,Denarius,VIII,XIX,DLXX
Murytub,XXXIX,VIII,CXLVIII,Quinarius,V,XXIII,CXXXVI
Murytub,XXXV,XII,CXX,Quinarius,V,XXXI,CCCXII
Munarg,XL,II,CIX,Denarius,VI,VI,CCVI
Muniv,XXXVI,VIII,XXVII,Denarius,IV,XXIII,DXVII
Suilis,XXXVIII,I,XXIII,Denarius,VI,XIII,MMMDCIV
Munarg,XXXVI,IV,CXCIII,Denarius,VII,IX,CCCLXI
Munarg,XL,VI,CXXXV,Quinarius,V,V,XLIX
Murytub,XXXVIII,V,CLXXIII,Denarius,IX,XXIV,DCL
Suilis,XXXVIII,IX,XII,Denarius,VII,XVIII,MMMDCCCXXVII
Munarg,XXXV,VI,CLVII,Denarius,VI,XI,CCCXVII
Munarg,XXXV,XII,CXLI,Denarius,IV,XIV,CCCLXXXI
Murytub,XXXVII,X,CLV,Quinarius,VI,XXII,CCXXXI
Munarg,XXXVIII,XII,CLXIV,Denarius,III,VI,CDXLI
Atamora,XXXVII,VII,VIII,Denarius,VII,XXIII,MMLXXVII
Suilis,XXXVI,IX,XXVI,Denarius,VI,XI,MMMCDXLV
Munarg,XL,IV,CXXX,Denarius,VI,XXI,CDIV
Muniv,XXXVI,IV,XXIX,Quinarius,IV,XXI,CCI
Murytub,XXXVI,XI,CXXXI,Quinarius,V,XXI,CCLXII
Munarg,XXXVII,V,CXLIII,Denarius,VII,XXI,CCXLIX
Muniv,XXXVI,V,XXXV,Aureus,VI,XX,VI
Murytub,XXXVI,VI,CXXXVI,Quinarius,VIII,XX,CCCIX
Muniv,XXXVI,IX,XXVII,Denarius,VI,XXII,CDLXXXV
Murytub,XXXIX,VI,CXI,Quinarius,V,XVIII,CXLVII
Munarg,XXXVI,I,CXLIII,Quinarius,V,XII,CLXXXI
Munarg,XXXIX,XII,CXXIX,Denarius,VII,XXII,CCXIV
Murytub,XXXV,I,CXXVI,Denarius,V,XVI,DCCXXVII
Munarg,XXXV,IV,CXLVII,Quinarius,VIII,XXVIII,CLVI
Suilis,XXXVIII,VI,XXXI,Aureus,IX,VII,XXXVI
Munarg,XXXVI,XI,CLIX,Quinarius,VII,XVI,CXV
Munarg,XL,V,CLXIV,Denarius,VIII,XVII,CCXX
Suilis,XL,XI,XXXVII,Denarius,VI,I,MMMCMLXXVII
Murytub,XXXV,VI,CXLV,Denarius,VIII,XXIV,DCCLVIII
Murytub,XXXVII,V,CXCI,Quinarius,VIII,XXV,CCCXXXIII
Murytub,XXXIX,II,CXCIV,Aureus,III,III,VI
Munarg,XXXV,III,CI,Denarius,V,XXIII,CCCXXXVIII
Muniv,XXXIX,X,XXIII,Denarius,VIII,XXIX,CDXCIX
Murytub,XXXVIII,X,LXXXVII,Denarius,X,XXI,DLXXIX
Murytub,XXXIX,VIII,CLXXV,Quinarius,V,XXIII,CXXXV
Munarg,XXXVI,V,CXXIX,Denarius,IV,XI,CCCXCI
Muniv,XXXIX,I,XXVIII,Quinarius,VII,XV,CXVI
Murytub,XL,IX,CXIV,Quinarius,IV,XXVIII,CVIII
Munarg,XXXVIII,X,CIV,Quinarius,V,XIV,XCIII
Murytub,XXXVII,I,CVII,Quinarius,IV,XII,CCLXI
Murytub,XXXVII,I,CXXXI,Denarius,VI,XXVIII,DCLXXVII
Murytub,XXXV,IV,CLIII,Denarius,V,XX,DCXLV
Murytub,XXXVIII,IV,CXCVII,Aureus,V,XIV,VI
Muniv,XXXVII,IV,XXXVII,Quinarius,VI,XXVII,CCX
Murytub,XXXVI,III,CLIII,Denarius,VI,XXIX,DCLXXIX
Murytub,XL,VIII,CXXXI,Denarius,VI,XXXI,DLX
Murytub,XXXVII,X,CXLIII,Denarius,V,VI,DCXXIV
Munarg,XXXVI,IV,CXXIX,Quinarius,II,VIII,CXXIX
Atamora,XXXIX,III,XI,Denarius,VIII,XVII,MMMXCIII
Munarg,XXXVIII,IV,CXLVIII,Denarius,VI,XIII,CCXCIII
Munarg,XXXV,VIII,CXCIX,Denarius,VI,XXI,CCCLXXIX
Munarg,XXXV,VIII,CXXIII,Denarius,VII,XVI,CCCXXXI
Murytub,XXXVII,VI,CXXVIII,Denarius,IV,III,DCCCXXXVII
Munarg,XXXVI,V,CXLV,Denarius,III,IX,CCCXLII
Muniv,XL,II,XXVI,Quinarius,VI,VI,CXXXI
Munarg,XXXV,II,CXXI,Denarius,VIII,XXV,CCCL
Munarg,XXXVII,VI,CV,Quinarius,VII,XVI,CXVI
Munarg,XXXIX,III,CXXXVIII,Denarius,VI,XXIX,CCCXLVI
Muniv,XXXVI,II,XXI,Quinarius,VI,XXVI,CCXXXVIII
Muniv,XXXVI,XI,XXVII,Denarius,VI,IX,CDLXXIX
Murytub,XXXVII,IX,XCVI,Denarius,V,XXVIII,DCXVII
Munarg,XXXVIII,XII,CLIX,Denarius,VI,XXI,CCCXCIII
Munarg,XXXIX,VII,CXL,Quinarius,V,I,CIV
Muniv,XXXIX,IX,XXI,Denarius,VI,XXVII,DLXXIX
Muniv,XXXV,III,XXII,Denarius,IV,XXII,DXCV
Munarg,XL,X,CVI,Quinarius,IX,VI,XCIII
Munarg,XXXIX,VII,CLXIV,Denarius,V,IX,CDLX
Munarg,XXXVI,III,CVII,Quinarius,V,III,CLX
Munarg,XXXIX,XII,CXLVII,Denarius,VIII,XVI,CCXXXVI
Munarg,XXXV,V,CLXXV,Quinarius,V,XXXI,CXLIII
Munarg,XXXV,X,CLXXXVI,Quinarius,IV,IX,CLIX
Munarg,XXXIX,V,CLXIV,Denarius,VI,II,CCCLXXXV
Munarg,XXXVII,IV,CVIII,Denarius,VII,VIII,CCLXXXV
Munarg,XXXV,IV,CXIX,Denarius,IV,XVIII,CCCLV
Suilis,XXXV,V,XXIV,Denarius,VI,VIII,MMMCDXLV
Muniv,XXXIX,VII,XXI,Denarius,VIII,VII,DXXXVI
Murytub,XXXVIII,I,CXXV,Aureus,VI,XVIII,VII
Muniv,XXXVIII,VIII,XXVIII,Denarius,IV,IX,CDLXIX
Murytub,XL,VII,CCII,Quinarius,VIII,XXVIII,CXXVIII
Muniv,XXXVI,VIII,XXIII,Denarius,VI,VI,CDLII
Munarg,XXXV,VI,CXX,Quinarius,IV,XX,CLXXIV
Murytub,XXXVI,V,CLXXXVII,Quinarius,VII,VII,CCLXXXV
Muniv,XXXIX,II,XXIII,Denarius,VI,XXIII,CDXCIV
Murytub,XXXVI,II,CXXXV,Denarius,V,XXV,DCLXXXIX
Muniv,XXXVIII,VIII,XXX,Denarius,V,XXIII,CDLXXXVIII
Munarg,XL,VIII,CXLIV,Quinarius,V,XXVI,CI
Murytub,XXXV,III,CXIX,Denarius,IX,II,DCXCV
Murytub,XXXVI,XI,CXC,Quinarius,VII,XV,CCLIX
Muniv,XXXIX,III,XXXIV,Quinarius,VI,XIV,CXLVIII
Muniv,XL,XII,XXVI,Denarius,V,XXIV,DCXI
Muniv,XXXV,III,XXXI,Quinarius,V,XXIII,CCXLVII
Muniv,XXXVI,XI,XXXVII,Quinarius,VII,XIV,CXCI
Munarg,XL,I,CX,Quinarius,VII,XV,LV
Muniv,XXXVIII,VII,XXVI,Aureus,VIII,XXVII,IV
Munarg,XXXVII,II,CLIX,Denarius,VI,XXIV,CDVIII
Munarg,XXXVI,XI,CIX,Aureus,II,III,III
Munarg,XXXVI,VII,CX,Quinarius,VIII,XVI,CXLIII
Munarg,XXXVIII,III,CLII,Denarius,V,XXI,CCCIII
Munarg,XXXV,XII,CXCIX,Aureus,VI,XXIX,IV
Munarg,XXXVII,VII,CLXXXI,Aureus,IV,II,IV
Munarg,XXXVII,III,CXLIX,Aureus,VI,XIV,IV
Munarg,XXXVIII,XI,CXLI,Denarius,VI,XVII,CCLXXVIII
Suilis,XXXVI,VII,XVII,Denarius,VII,XXIII,MMMCDXXXIII
Muniv,XXXV,XI,XXVI,Denarius,V,IX,CDLXXXIV
Munarg,XXXVIII,I,CLXV,Denarius,V,XXX,CDXXII
Murytub,XXXIX,XII,CLXXVI,Denarius,IV,XVIII,DLV
Munarg,XXXVII,V,CLXII,Denarius,VI,XIII,CCCLXXXII
Murytub,XXXV,IV,CL,Quinarius,III,XVII,CCCLXXXVIII
Munarg,XXXIX,II,CLXIX,Quinarius,VI,XXIV,XC
Munarg,XXXVII,VIII,CXC,Aureus,VIII,XVI,IV
Munarg,XXXVII,VIII,CXX,Denarius,V,VI,CCLV
Murytub,XXXVIII,IV,CLV,Denarius,IV,VIII,DCXIV
Murytub,XXXVI,I,CXL,Denarius,IX,XXXI,DCLVIII
Muniv,XXXVIII,VII,XXXVII,Quinarius,VIII,V,CXXXVIII
Murytub,XXXVI,V,CII,Denarius,IX,XXVII,DCLXXXVII
Murytub,XXXVI,XII,CLII,Denarius,VIII,XI,DCLV
Munarg,XXXVII,XII,CXL,Denarius,V,XII,CDVII
Munarg,XXXVI,VII,CXIV,Denarius,VIII,X,CCCLXXXVI
Munarg,XXXVII,XI,CLII,Denarius,VI,XXVI,CCCLXI
Munarg,XXXIX,IV,CXL,Quinarius,X,XX,XCIV
Murytub,XL,VIII,CLIV,Quinarius,IX,VIII,CXV
Atamora,XXXIX,XI,VII,Denarius,VIII,VIII,MMMLXXI
Muniv,XL,V,XXVII,Denarius,IV,XXVIII,CDLX
Murytub,XXXVI,IX,XCV,Aureus,VI,VII,VII
Munarg,XXXVI,VII,CXXIV,Denarius,III,XXIV,CCCXXXIII
Munarg,XXXV,II,CXV,Denarius,VII,XXIV,CCCXXI
Munarg,XL,IX,CLXVIII,Denarius,VIII,XIII,CCCLXIX
Munarg,XXXIX,VI,CLXV,Quinarius,VI,XI,CV
Muniv,XXXVII,VI,XIX,Quinarius,VIII,XI,CLXXXV
Munarg,XXXVI,VI,CLXXXVII,Denarius,V,XXIII,CD
Muniv,XXXVIII,IX,XX,Quinarius,VIII,XIII,CXXVI
Suilis,XXXV,III,XIV,Quinarius,III,XV,MDXC
Munarg,XXXVII,VI,CXLIX,Denarius,III,XXV,CCC
Muniv,XXXVI,X,XXVIII,Denarius,VI,XIX,DXXXVIII
Murytub,XXXV,X,CX,Denarius,VIII,XXIX,DCCVIII
Munarg,XXXV,IX,CLXXXI,Quinarius,II,XXX,CCXI
Murytub,XXXIX,VI,CXL,Denarius,VI,XIII,DLXXVIII
Munarg,XXXVIII,VI,CLXXI,Denarius,IX,XV,CCCXLVII
Murytub,XXXVI,X,CXXI,Denarius,V,XII,DCXXXVIII
Munarg,XXXVIII,X,CXCV,Aureus,V,XIV,III
Muniv,XXXVIII,III,XXXV,Denarius,IX,XI,CDLXXXVIII
Munarg,XL,X,CLXXII,Denarius,IX,XXV,CDLXI
Munarg,XXXVI,X,CLI,Denarius,IX,XXV,CDXII
Munarg,XXXVI,VIII,CXXV,Denarius,III,IV,CCCXXXI
Munarg,XL,X,CLXXXI,Quinarius,V,XXVI,XL
Munarg,XXXVI,VIII,CXLVI,Quinarius,VII,VII,CXXI
Munarg,XL,X,CV,Aureus,IX,VI,III
Murytub,XL,VIII,CXXXIV,Quinarius,III,XXVII,CXXVIII
Munarg,XXXIX,VIII,CXXIII,Denarius,V,XXII,CDLXIII
Murytub,XXXVII,V,CCXXVI,Denarius,VI,XVI,CMLIX
Murytub,XXXVIII,XI,CXLVII,Denarius,V,IX,DLXXIV
Murytub,XL,VIII,CLVIII,Aureus,V,XXX,IV
Murytub,XXXVII,XII,CXIX,Quinarius,VIII,III,CXCVIII
Atamora,XXXV,II,IX,Denarius,VI,XIV,MMDCLXXXIX
Murytub,XXXVII,II,CCXVIII,Denarius,VIII,XIX,DCLXXVI
Munarg,XXXIX,V,CLXI,Denarius,V,XXVI,CDXV
Munarg,XXXVIII,IX,CII,Quinarius,VII,XXVI,XCVII
Munarg,XXXVI,XI,CXCVII,Denarius,VII,XVIII,CDXIII
Murytub,XXXVIII,IV,CXXIX,Denarius,V,XIV,DLXXX
Murytub,XXXVI,V,CL,Denarius,VIII,III,DCXXX
Munarg,XXXVII,IV,CIII,Denarius,V,XVIII,CCCXII
Muniv,XXXVI,X,XXXI,Aureus,IX,XXVII,V
Muniv,XXXVIII,XI,XVIII,Quinarius,VII,XVI,CXLI
Murytub,XXXVIII,XI,CXXXVIII,Denarius,VII,XIII,DCXIV
Murytub,XXXVII,V,CXLIV,Quinarius,IV,I,CCCLXXII
Munarg,XXXVII,VIII,CLXXIV,Quinarius,IV,XII,CXIII
Munarg,XXXVI,X,CLII,Quinarius,VII,XVII,CXI
Munarg,XL,X,CLXXXIX,Denarius,V,XXIII,CCXXV
Murytub,XXXV,VIII,CLXXI,Quinarius,V,XXVI,CCCXVII
Murytub,XL,XII,CXLVIII,Aureus,VI,XXV,V
Muniv,XL,II,XXVII,Aureus,VII,XVIII,V
Munarg,XXXVIII,IV,CLIV,Denarius,VI,XXIII,CCLXXXV
Munarg,XXXV,X,CXXXIX,Denarius,VII,II,CCCXLIII
Muniv,XL,IX,XXIV,Denarius,V,X,DXIV
Muniv,XXXV,V,XXIV,Denarius,VIII,XVII,DXXIV
Munarg,XXXVIII,IV,CXXVIII,Quinarius,VIII,XV,CXXXIII
Munarg,XXXIX,VIII,CVI,Denarius,VIII,XV,CDLIX
Munarg,XXXVII,IX,CXXIX,Quinarius,V,II,CXXXI
Suilis,XXXVIII,VI,XXIX,Denarius,V,XI,MMMCDXCIII
Murytub,XXXV,III,CXCVIII,Denarius,VI,X,DCLXXX
Munarg,XXXIX,V,CXVIII,Denarius,III,XXVIII,CCXI
Munarg,XXXVI,IV,CXLI,Denarius,VII,IX,CCCXXXV
Suilis,XL,X,XIV,Denarius,V,XXX,MMMMX
Munarg,XXXVI,X,CXIV,Quinarius,IV,XX,CXLIV
Murytub,XXXV,XI,CXCII,Quinarius,IX,VI,CCCLXI
Munarg,XL,III,CXX,Quinarius,IX,XIII,XLV
Murytub,XXXVII,XII,CLXXXII,Quinarius,VIII,XXIX,CXCII
Munarg,XL,I,CXXV,Aureus,II,XVIII,II
Muniv,XXXV,V,XX,Quinarius,IV,XX,CCXXIV
Muniv,XXXVI,I,XXXV,Quinarius,III,XXI,CLXXXIX
Murytub,XXXVIII,II,CXCVI,Quinarius,VI,I,CXCVI
Munarg,XXXIX,I,CXCVIII,Aureus,V,XXIII,III
Munarg,XXXVI,I,CXCVII,Aureus,VIII,XXV,IV
Muniv,XXXVII,IV,XXIX,Quinarius,VII,XXVI,CCXXVIII
Murytub,XXXIX,VII,CXLIII,Denarius,V,XIV,DXXXIV
Muniv,XL,X,XXVI,Quinarius,VII,XX,CXV
Murytub,XXXIX,XI,CLIX,Quinarius,VIII,XXIV,CXXXVII
Murytub,XXXIX,V,CXVII,Denarius,VI,VI,DLXXXII
Murytub,XXXVII,II,CXCIII,Denarius,VIII,VII,DCLXVIII
Munarg,XXXVII,VI,CLV,Quinarius,XII,XVIII,XCVII
Murytub,XL,I,CLI,Denarius,VII,XIX,DLXX
Muniv,XXXV,IX,XXIII,Quinarius,VII,III,CCLXXII
Suilis,XL,X,XIX,Quinarius,VI,II,DCCCXXIX
Murytub,XXXVII,I,CXXXI,Quinarius,VIII,VIII,CCL
Munarg,XXXIX,XII,CXVIII,Denarius,VI,XI,CDI
Murytub,XL,X,XCVI,Denarius,V,XXVIII,DXL
Munarg,XXXV,I,CLXX,Denarius,VIII,IV,CCCLXXXII
Munarg,XXXIX,VI,CLXXVI,Denarius,III,XXX,CCLXVII
Murytub,XXXVI,V,CXCVIII,Denarius,VII,IV,DCXVI
Munarg,XXXIX,IV,CLXX,Denarius,IV,XXV,CCLXI
Munarg,XXXVII,VIII,CLXXXVII,Denarius,IV,XII,CCLV
Munarg,XL,IV,CXCVII,Aureus,VII,XVII,IV
Murytub,XL,I,CXCVIII,Denarius,VII,XXV,DXCI
Atamora,XXXIX,VIII,XII,Denarius,VII,XII,MMDCCXLV
Suilis,XXXV,II,XVII,Aureus,VI,XIV,XLIV
Muniv,XXXVII,VIII,XXV,Denarius,VIII,IX,DLIV
Munarg,XXXIX,VI,CLXVI,Aureus,IV,XXIV,IV
Munarg,XL,X,CLXXXVIII,Quinarius,VI,XIV,XLII
Muniv,XL,III,XVII,Denarius,V,XXI,DXXXIII
Munarg,XL,X,CXXX,Denarius,V,XXVIII,CCCLXXXIV
Munarg,XXXVIII,I,CLXXXVIII,Denarius,VI,IX,CCCLXXI
Muniv,XL,III,XXIV,Denarius,VI,XXVI,CDXCI
Murytub,XXXVI,V,CLXXV,Denarius,VIII,III,DCLXII
Munarg,XL,VII,CX,Denarius,VIII,XIV,CCCXCIX
Suilis,XXXVI,V,XV,Denarius,VI,XV,MMMDXLVI
Murytub,XXXVI,I,CXXXI,Denarius,V,XII,DCXLV
Munarg,XXXVII,XII,CLIX,Denarius,VII,IX,CCXC
Muniv,XXXVI,VIII,XXVIII,Denarius,VI,XXI,DXL
Suilis,XXXVII,IV,X,Denarius,IX,XIII,MMMDVII
Munarg,XXXV,VIII,CLVII,Denarius,V,XIX,CCCX
Murytub,XXXV,XII,CXXXVI,Denarius,VI,XXX,DCLX
Murytub,XXXVII,I,CXXII,Quinarius,IX,XVI,CCLXXI
Atamora,XXXIX,I,VIII,Denarius,VII,VI,MMDCCIII
Munarg,XXXVIII,V,CXCI,Denarius,VII,XIX,CCLXXII
Munarg,XXXIX,IX,CIX,Quinarius,VI,XXVIII,LV
Munarg,XXXV,XI,CIX,Quinarius,VII,III,CLXXXI
Munarg,XXXVIII,III,CXXIII,Denarius,V,XVII,CCLXXXIV
Murytub,XXXVI,VII,CLXIV,Quinarius,V,VIII,CCXCVI
Munarg,XL,IX,CLXXII,Aureus,V,XIX,IV
Munarg,XXXVII,XII,CXIV,Denarius,VI,XXVII,CCCXLVIII
Munarg,XL,VIII,CLXVI,Quinarius,II,XV,LIV
Munarg,XXXIX,II,CVIII,Quinarius,VI,XIII,LII
Munarg,XL,X,CLXXX,Aureus,IX,XXV,III
Murytub,XXXVII,VII,CXXXIV,Denarius,VII,XVIII,CMLII
Munarg,XXXV,XII,CLXXX,Denarius,VII,XXVII,CCCLXVI
Muniv,XL,IV,XXIII,Denarius,VII,XVI,DXLVIII
Munarg,XXXV,VII,CXLIX,Denarius,IV,XXX,CCCLXXXIII
Suilis,XXXV,VI,XVII,Quinarius,VI,X,MDCLXXV
Munarg,XL,X,CLXXXVI,Denarius,II,III,CCXXIV
Suilis,XXXVII,XI,XV,Quinarius,IX,XXIII,MCLXXXV
Murytub,XXXVIII,VI,CXLI,Denarius,IV,IV,DCXXX
Murytub,XL,XI,CLII,Aureus,VI,IX,IV
Murytub,XXXVII,VII,CXCVII,Denarius,VI,IX,CMLXXIV
Munarg,XXXV,XI,CXVI,Quinarius,VI,II,CLXI
Muniv,XXXVIII,VI,XXX,Denarius,IX,XXVI,CDLII
Munarg,XXXVIII,VII,CXXXIII,Quinarius,VI,XV,LXXI
Murytub,XL,X,CLXVI,Quinarius,IV,XXI,CXII
Munarg,XXXVIII,II,CXLVI,Quinarius,VII,XXIV,LXXXVII
Munarg,XL,I,CLXII,Denarius,VII,X,CDXLIV
Munarg,XXXVI,XII,CLXVI,Denarius,V,XXVIII,CCCXVI
Suilis,XXXV,VII,XIX,Denarius,VI,XXV,MMMCLXX
Murytub,XXXV,V,LXXXVI,Denarius,V,XXXI,DCXCVII
Atamora,XXXVI,X,VI,Quinarius,VII,XXVI,MDXLV
Murytub,XL,VI,CVI,Denarius,V,V,DCXLVII
Murytub,XXXVII,II,CLIV,Aureus,VIII,VII,VIII
Munarg,XXXIX,VIII,CLV,Denarius,VIII,XX,CCLXIV
Munarg,XXXIX,IX,CXLI,Denarius,V,XVIII,CXCVII
Murytub,XXXVII,IV,CXXXIII,Quinarius,VIII,IV,CCCXCIV
Muniv,XXXVII,XI,XXIX,Aureus,V,VI,V
Munarg,XXXVI,VI,CXLIV,Denarius,VI,XIII,CCCVI
Munarg,XXXIX,VII,CXXXV,Quinarius,VIII,XXVI,LVII
Murytub,XXXVIII,VI,CXXXVIII,Quinarius,V,XXIX,CLXXVIII
Murytub,XL,XII,CXVII,Quinarius,VI,VIII,CVIII
Munarg,XXXIX,VII,CLXXII,Denarius,VII,III,CCXXVIII
Muniv,XXXVI,III,XXIV,Denarius,III,V,CDLX
Munarg,XXXVII,VI,CXV,Quinarius,VIII,XXVI,CXXXVII
Murytub,XXXVIII,VIII,CXXII,Denarius,VII,XV,DCXXXVI
Murytub,XXXVII,X,CXXVIII,Quinarius,VI,VII,CCXXXV
Munarg,XXXV,II,CV,Quinarius,IV,II,CLXXXI
Munarg,XXXVI,II,CLXXV,Denarius,III,III,CDXI
Murytub,XXXV,II,CLXIX,Denarius,VI,XXVIII,DCLXXIX
Murytub,XXXVIII,X,CCXX,Quinarius,V,XXII,CLXIX
Atamora,XXXVII,IX,IX,Quinarius,VI,XXIII,CMLXXIX
Muniv,XXXVIII,XI,XXVII,Aureus,V,I,V
Munarg,XXXVIII,IX,CLXXX,Quinarius,VII,XXV,CXIV
Munarg,XXXVII,IV,CXXXV,Quinarius,VIII,III,CIX
Munarg,XL,X,CLII,Denarius,VII,XVII,CCIX
Suilis,XXXIX,III,XIII,Denarius,VIII,XXVII,MMMDXLVIII
Muniv,XXXVI,X,XXXIII,Quinarius,VI,XXVIII,CXCVII
Munarg,XXXVIII,VI,CLV,Aureus,IV,V,IV
Munarg,XXXVIII,V,CXLVI,Denarius,V,XV,CCXCV
Muniv,XXXIX,III,XXI,Quinarius,VIII,IV,CXVII
Munarg,XXXIX,VIII,CLXIV,Denarius,VI,IV,CDXXI
Munarg,XXXIX,VI,CXXI,Quinarius,V,XXVIII,LXII
Muniv,XL,XI,XXVI,Quinarius,VI,IX,CXI
Murytub,XXXVI,I,CLXXXIX,Denarius,VII,VIII,DCLXX
Munarg,XXXV,III,CXXI,Denarius,IV,XIX,CCCLXVI
Murytub,XXXVII,XII,CLIV,Denarius,IV,II,DCXII
Munarg,XL,X,CL,Quinarius,IV,XIX,XLV
Munarg,XXXVIII,VIII,CXXXVI,Denarius,V,IV,CCLIII
Munarg,XXXVI,VIII,CLXXV,Quinarius,IX,X,CL
Munarg,XL,IX,CXXXV,Denarius,IV,XXVIII,CDXXX
Munarg,XL,V,CLXX,Denarius,VIII,XXIX,CCCLXXI
Munarg,XXXIX,XI,CXVI,Denarius,VIII,XIII,CCLII
Muniv,XL,III,XXVI,Quinarius,V,XXI,CXVI
Munarg,XL,IX,CLI,Denarius,V,VI,CCXXII
Munarg,XXXVI,V,CLVI,Quinarius,V,XIX,CXLIV
Murytub,XXXVII,VII,CXXIX,Denarius,IV,XVII,CMXIV
Murytub,XXXVII,XI,CXCI,Denarius,IX,XXIII,DCLII
Atamora,XXXIX,X,VII,Quinarius,VI,XXIII,DCC
Munarg,XXXIX,XII,CXCIII,Denarius,V,XXI,CCXXVIII
Murytub,XXXV,IX,CXLIV,Quinarius,VII,I,CCCXLVIII
Munarg,XXXVI,II,CXXIX,Quinarius,VIII,XXI,CLXV
Munarg,XL,VIII,CLXXIV,Quinarius,V,XXX,LXXXVI
Munarg,XXXVII,X,CLXXXIII,Denarius,VI,XXII,CDXXXVIII
Munarg,XL,IX,CLXXXIII,Denarius,I,IX,CCXXX
Muniv,XXXVII,IX,XVI,Quinarius,VI,IX,CCXIV
Murytub,XXXVI,VI,CXXXVIII,Denarius,VIII,XXX,DCCXXIII
Murytub,XL,IX,CXCVIII,Denarius,V,XII,DLXXX
Murytub,XXXVIII,VI,CXLII,Denarius,IV,XIX,DCIV
Murytub,XL,II,CXXVII,Quinarius,V,VIII,CXXXV
Atamora,XXXV,IX,IX,Aureus,VI,IV,XXXI
Munarg,XXXVII,III,CXXIV,Aureus,VI,XVII,IV
Murytub,XXXVIII,II,CXXV,Denarius,VI,IX,DLXXXIV
Munarg,XXXVI,XI,CLXII,Denarius,VII,XVIII,CCCLXVIII
Murytub,XXXVI,IV,CLXXII,Denarius,V,XXVIII,DCLXXI
Murytub,XXXVII,IV,CXXXVIII,Denarius,V,II,DCCCLXIV
Munarg,XXXIX,IX,CLXVI,Denarius,VI,XXVII,CDXII
Murytub,XL,X,CXLIV,Denarius,VI,VII,DXLIII
Murytub,XXXVII,IV,CLV,Denarius,VIII,III,DCCCLVIII
Murytub,XXXVI,V,CXCI,Denarius,IV,XXVIII,DCXCII
Murytub,XXXIX,I,CXIV,Denarius,IV,X,DLXXXVI
Munarg,XXXV,I,CLVII,Quinarius,VII,XI,CXCVIII
Suilis,XL,II,XXX,Denarius,II,XVII,MMMDLXXXVI
Muniv,XL,IX,XXVIII,Quinarius,VII,VIII,CXV
Suilis,XXXIX,III,XIX,Quinarius,IV,V,DCCCXVIII
Murytub,XXXVI,III,CXLIX,Denarius,VI,VIII,DCXXXIX
Muniv,XXXVII,XII,XXVIII,Denarius,VI,XXI,CDLX
Munarg,XXXVIII,IV,CI,Denarius,V,XXVI,CCCLXII
Munarg,XXXIX,VIII,CLV,Denarius,VIII,XIII,CCXII
Murytub,XXXVII,IX,CXXXI,Denarius,VI,XVI,DCLXXXI
Muniv,XXXVI,III,XXI,Quinarius,VIII,XXVII,CCXXIII
Murytub,XXXV,I,CLXXIX,Denarius,V,XXV,DCCXL
Murytub,XXXVII,VII,CXLIII,Denarius,VII,IV,CMXII
Murytub,XXXIX,IV,LXXVI,Aureus,III,XXVI,VI
Munarg,XXXIX,XI,CLX,Quinarius,VII,XXIX,XC
Munarg,XXXVIII,I,CXII,Denarius,VI,VIII,CCCLXXI
Murytub,XXXVI,X,CXXIII,Quinarius,III,XXX,CCLXVII
Munarg,XL,VII,CIII,Quinarius,V,XVII,C
Murytub,XXXVI,I,CLI,Denarius,III,XXI,DCLXXII
Atamora,XXXVIII,IX,XIII,Denarius,V,XXI,MMDCCCLXIV
Munarg,XL,XII,CV,Aureus,VIII,XXIII,II
Muniv,XXXVI,III,XXXIII,Denarius,VI,VIII,DIII
Muniv,XXXIX,XII,XXVI,Denarius,III,IX,CDXX
Muniv,XL,II,XXII,Denarius,VI,XXVI,DCX
Murytub,XXXVI,X,CXLV,Denarius,VI,IV,DCLXIX
Murytub,XXXIX,III,CCVIII,Denarius,VI,XIV,DXCVIII
Munarg,XXXVIII,VI,CLXI,Denarius,VI,X,CCCXXXIX
Murytub,XXXVIII,IV,CXXXI,Denarius,V,IV,DCXXIII
Munarg,XXXV,I,CXLVI,Denarius,V,V,CCCXXVIII
Suilis,XXXVIII,IV,XXX,Denarius,VI,III,MMMCDXXII
Muniv,XL,XI,XXII,Quinarius,VI,XI,LXXXIX
Muniv,XXXVI,XII,XVI,Denarius,VI,XIX,DXXXVI
Munarg,XXXIX,V,CI,Denarius,VI,XVIII,CCXV
Murytub,XXXV,X,CXXV,Quinarius,IV,V,CCCXXXVI
Muniv,XL,I,XIX,Quinarius,VII,I,CXX
Murytub,XXXVI,IV,CXCI,Denarius,V,XVII,DCL
Munarg,XXXVII,XII,CLIX,Denarius,V,IV,CCCXXXII
Murytub,XXXVIII,XII,CLXII,Denarius,IV,V,DCXIII
Muniv,XXXVIII,IV,XXI,Denarius,VII,XXIV,CDLI
Murytub,XL,VI,CXXXIV,Denarius,IV,XIV,DXXXV
Atamora,XXXVII,V,IX,Quinarius,V,XI,DCCLX
Munarg,XL,V,CXXXIX,Denarius,VIII,XVII,CCX
Munarg,XXXVII,VI,CLXXXIX,Quinarius,V,XXX,CL
Murytub,XXXVI,X,CII,Denarius,VI,XXVIII,DCXXXVII
Murytub,XXXIX,VIII,CXCVI,Quinarius,III,IX,CXXXVI
Murytub,XXXVIII,III,CXXIV,Quinarius,VI,II,CLXXXI
Munarg,XXXVIII,XI,CLXXVI,Denarius,VII,XIII,CCXXIX
Muniv,XXXVI,VI,XXIII,Denarius,V,VIII,DLVII
Munarg,XXXVII,VI,CVII,Denarius,VII,IX,CCXCII
Murytub,XXXV,III,CLXXXV,Aureus,VII,VI,VIII
Munarg,XXXVIII,V,CXXIX,Denarius,VI,I,CCLXXXIX
Munarg,XL,II,CLXII,Denarius,VII,IV,CXCIX
Munarg,XXXV,V,CLXV,Denarius,VI,XIV,CCCXXXIV
Muniv,XXXVIII,IV,XVII,Denarius,VI,V,CDXCIX
Murytub,XL,VI,CLXVII,Quinarius,V,VIII,CXXVI
Murytub,XXXIX,XI,CLIV,Denarius,X,XI,DXC
Murytub,XXXV,I,CLXIX,Aureus,VIII,XXVIII,IX
Munarg,XXXVII,IX,CVIII,Denarius,VII,VIII,CCLXIV
Suilis,XXXV,IV,XIII,Denarius,V,XXVII,MMMCDLXIX
Munarg,XXXVII,III,C,Denarius,VI,III,CCCXXIV
Munarg,XXXV,I,CLXXII,Denarius,III,III,CCCXXXIX
Murytub,XXXV,V,CLXIX,Quinarius,VI,XXV,CCCXXXIX
Atamora,XXXIX,XII,XII,Denarius,VIII,II,MMDCCCXXI
Murytub,XXXVIII,VIII,CL,Quinarius,VI,XXVIII,CLXIII
Murytub,XXXVI,IV,CXX,Denarius,VIII,XXV,DCLXVII
Muniv,XL,XI,XXIII,Quinarius,VII,XXVII,XCVIII
Munarg,XXXV,I,CXLIII,Aureus,VIII,IV,V
Muniv,XXXV,XII,XXVI,Quinarius,V,XII,CCXXXIX
Munarg,XXXV,XII,CXXXV,Quinarius,VI,X,CXLVI
Munarg,XL,VIII,CXL,Denarius,IX,VIII,CDXXIII
Suilis,XXXIX,XI,LXXIX,Denarius,VII,XXX,MMMDCXC
Munarg,XXXV,IX,CXXI,Quinarius,IX,XXIII,CCIX
Muniv,XXXV,III,XXVIII,Quinarius,III,XV,CCXLIII
Munarg,XXXIX,IV,CXC,Denarius,VII,XXI,CDXXXIX
Munarg,XXXIX,VIII,CLV,Aureus,VII,XVIII,IV
Munarg,XXXV,III,CLXXVII,Quinarius,VII,XXI,CLXXXII
Munarg,XXXVII,III,CIII,Denarius,V,II,CCCXLV
Murytub,XXXV,II,CCXI,Aureus,VI,XXVI,VIII
Munarg,XXXVI,V,CV,Denarius,VII,XIV,CCLXXXV
Atamora,XXXVIII,IX,X,Denarius,VII,XVIII,MMDVIII
Munarg,XXXV,XI,CLXXXVIII,Denarius,VI,II,CCCXX
Munarg,XXXVI,VII,CX,Quinarius,IX,XIII,CLXXVI
Munarg,XXXIX,XII,CLXI,Quinarius,VI,III,XLIX
Munarg,XXXVI,V,CLXXII,Denarius,VII,XXI,CCCXLI
Murytub,XXXV,V,CXXXIII,Denarius,IV,XII,DCLXXIII
Munarg,XXXVII,XI,CXII,Denarius,V,XII,CCCXXXII
Murytub,XXXV,X,CXXVII,Quinarius,VI,VI,CCCLXVIII
Munarg,XXXVI,XII,CXXVII,Quinarius,IV,XXIV,CLXII
Murytub,XXXVIII,XII,CLXVII,Denarius,IV,V,DLXXXVII
Murytub,XXXVIII,V,CLXXI,Denarius,VIII,XX,DLXXIV
Muniv,XXXVIII,V,XXI,Denarius,V,XVI,CDLXX
Munarg,XXXVII,IX,CLXXVII,Quinarius,VI,XIV,CXI
Munarg,XXXIX,X,CXXXVII,Denarius,VI,XXX,CDV
Muniv,XXXV,III,XVI,Denarius,IX,V,DXVIII
Murytub,XXXVII,VII,CXXXV,Denarius,V,VII,DCCCXLVIII
Murytub,XXXV,XI,CLXXIII,Denarius,VI,XXX,DCLXXIX
Munarg,XXXVII,XII,CLXII,Denarius,VIII,XIV,CCCIV
Munarg,XXXVII,I,CLXIII,Quinarius,III,XIX,CLXVIII
Murytub,XXXVI,IX,CXLVII,Denarius,IV,XXVI,DCXXXI
Munarg,XXXVII,III,CLXIV,Denarius,VII,VIII,CCCLXVII
Munarg,XXXV,VI,CX,Denarius,IV,XV,CCCLXV
Munarg,XXXVIII,V,CXLI,Denarius,V,XI,CCLX
Murytub,XXXVIII,I,CLXX,Denarius,VI,XIII,DCXIV
Munarg,XXXVI,II,CLXII,Denarius,VI,XIV,CCXCII
Muniv,XXXIX,VI,XXIII,Quinarius,IV,II,CXXIX
Murytub,XXXVI,VIII,CXXXVII,Denarius,IV,II,DCXLVIII
Muniv,XXXIX,XII,XXV,Quinarius,VI,III,CXXI
Murytub,XXXVIII,IX,CXCIV,Denarius,II,VIII,DCXI
Muniv,XXXVIII,VII,XX,Denarius,V,XII,CDLXXIII
Murytub,XXXVII,X,CXXXVIII,Denarius,VI,XXVII,DCLIV
Suilis,XL,V,XXIII,Quinarius,VII,IV,DCCXXXII
Atamora,XXXVII,X,IX,Denarius,II,XII,MMMDXLVIII
Munarg,XXXV,VIII,CXI,Quinarius,IX,XVIII,CLXI
Murytub,XL,XI,CXI,Denarius,IV,XVI,DLXII
Munarg,XXXIX,IV,CXXVI,Quinarius,VII,VI,XC
Murytub,XXXIX,III,CXVI,Denarius,VII,XIII,DLXIV
Munarg,XL,V,CLXVII,Denarius,IV,XXV,CCCXCI
Murytub,XXXIX,VII,CXLIV,Aureus,IV,XXI,VI
Murytub,XXXVII,II,CXC,Denarius,VIII,IX,DCCLXI
Munarg,XL,VII,CVII,Denarius,VI,III,CDXLI
Suilis,XXXIX,XII,XCIX,Denarius,V,XXXI,MMMDCCCXLVII
Munarg,XXXVIII,VI,CXV,Denarius,IV,XVII,CCCLXXXI
Murytub,XXXVI,XII,CXCV,Denarius,V,VII,DCLXXVII
Murytub,XXXIX,XI,CXXXVIII,Denarius,IV,XV,DLXXX
Muniv,XXXIX,X,XXXI,Denarius,VIII,IX,DCXV
Muniv,XXXV,IX,XXVIII,Aureus,VI,XIV,VI
Atamora,XXXVII,IV,XII,Denarius,VIII,XII,MDCVII
Munarg,XXXVI,VI,CLVIII,Denarius,VIII,XVII,CCCXIX
Murytub,XXXIX,XII,CXLVIII,Quinarius,IV,XVIII,CXXXVIII
Muniv,XL,V,XXVII,Quinarius,III,II,CXXXVIII
Munarg,XXXV,XI,CLII,Aureus,V,XXIII,V
Murytub,XL,V,CLXXIII,Denarius,VI,XVI,DLXXXIV
Munarg,XXXVIII,VI,CXVI,Denarius,IX,XV,CCXXVI
Muniv,XXXVII,XI,XXII,Denarius,IX,XXIII,CDIX
Munarg,XXXVII,XI,CXLV,Quinarius,IV,XXVII,CXX
Suilis,XXXIX,V,XXXVI,Denarius,VII,III,MMMDLII
Murytub,XXXVII,II,CXXXVII,Quinarius,VIII,VII,CCXC
Munarg,XL,IV,CLXXXV,Denarius,VI,XXV,CCXXXIII
Murytub,XXXVIII,V,CXL,Quinarius,VI,I,CCIII
Munarg,XXXVI,X,CXVI,Denarius,VII,XXII,CCCLIV
Munarg,XXXVII,XII,CXCI,Denarius,VIII,X,CCLXXIX
Muniv,XXXVIII,V,XXI,Quinarius,IV,XXX,CLXIII
Munarg,XXXVI,VI,CXXXV,Quinarius,III,XXVIII,CXLIV
Munarg,XXXVII,XII,CVI,Denarius,IV,II,CCLI
Murytub,XXXVII,VII,CLXIII,Quinarius,VIII,VI,CCCXXIX
Murytub,XXXIX,I,CXXXIV,Denarius,VI,IX,DCIV
Murytub,XXXV,VI,CLXV,Denarius,VIII,VIII,DCLIX
Munarg,XXXVI,XI,CI,Denarius,VI,XXVIII,CCLX
Murytub,XXXV,XI,CLXXXIII,Aureus,VII,XXVIII,IX
Munarg,XXXV,III,CLXIV,Quinarius,VI,XXIX,CLXXXIX
Murytub,XXXVII,VII,CXX,Quinarius,V,VII,CCCXXII
Munarg,XXXVIII,VIII,CLXXX,Quinarius,VIII,VI,CXIII
Munarg,XXXIX,VI,CXL,Denarius,VIII,XX,CCXX
Munarg,XXXIX,X,CLXIV,Denarius,V,XI,CCCLXXVIII
Murytub,XXXVII,IX,CXXXII,Denarius,IV,XXVI,DCLXXIX
Murytub,XXXVI,X,CXXVIII,Denarius,IV,XXIII,DCLXVII
Munarg,XL,V,CXXIII,Quinarius,VI,XXXI,LXXXII
Muniv,XXXV,II,XVIII,Aureus,VII,VI,VII
Muniv,XXXVI,VI,XXIV,Quinarius,VIII,III,CCLII
Munarg,XXXVIII,VII,CLVII,Quinarius,IV,XXIX,CIV
Murytub,XL,VI,CXCIX,Denarius,VI,X,DXXXVIII
Murytub,XL,IV,CIV,Denarius,VII,XVII,DLXXXVII
Murytub,XXXV,XII,CLXV,Denarius,VI,XXI,DCLXV
Munarg,XL,III,CLXVI,Quinarius,VIII,XVIII,XCII
Munarg,XXXVI,VI,CXXXVI,Aureus,VIII,XX,III
Muniv,XXXVIII,II,XXXVII,Denarius,VII,XXVI,DLXIV
Murytub,XXXIX,III,CXXIX,Denarius,VIII,IV,DLXXIX
Munarg,XXXVI,IV,CLII,Aureus,V,V,IV
Munarg,XXXIX,IV,CL,Denarius,VIII,X,CDXXXIII
Murytub,XXXV,V,CIX,Denarius,IV,XX,DCLXXIX
Munarg,XXXVIII,VI,CIX,Quinarius,IV,XVI,CXIV
Murytub,XXXV,I,CLIV,Denarius,VIII,XXVIII,DCLIII
Muniv,XL,VIII,XXV,Denarius,VIII,XXII,CDLXVII
Munarg,XXXIX,IV,CXV,Aureus,VIII,XI,IV
Munarg,XXXVII,X,CVII,Aureus,VII,XXI,III
Munarg,XXXVIII,VI,CXC,Denarius,VIII,XVIII,CCLXXVII
Murytub,XXXV,II,CXV,Denarius,VI,XIV,DCLXXXIV
Murytub,XXXVI,IX,CL,Denarius,V,V,DCLI
Munarg,XXXIX,VI,CXXVI,Quinarius,VIII,XX,CIX
Munarg,XXXVII,II,CXXXVI,Quinarius,VI,XII,CLX
Suilis,XXXVI,VI,XV,Denarius,VIII,III,MMMDXCII
Munarg,XXXVII,IV,CXXIX,Denarius,VIII,XII,CCLXXXII
Munarg,XXXVI,III,CLXI,Denarius,IV,XIII,CCCXXV
Murytub,XXXVIII,X,LXIV,Denarius,IV,X,DCII
Munarg,XL,X,CXCVII,Denarius,VII,XVI,CCCXCVII
Munarg,XXXVI,V,CLXXXIII,Denarius,VII,XXI,CCCXCIII
Muniv,XXXVIII,X,XXIV,Quinarius,IV,X,CXXXIX
Atamora,XXXVIII,IV,VII,Quinarius,VII,XI,DCCCL
Munarg,XL,IX,CLXXVI,Denarius,VI,XXI,CCCLXXV
Munarg,XXXV,VI,CVII,Denarius,II,XXIII,CCCXI
Murytub,XXXVIII,IX,CLXXVI,Quinarius,VII,XXVII,CLIX
Atamora,XXXVI,IX,IX,Denarius,VIII,XII,MMMCLVII
Munarg,XL,V,CXC,Denarius,VII,XX,CDX
Munarg,XL,VIII,CXXIX,Denarius,II,XV,CDXLVII
Atamora,XXXVII,X,IX,Denarius,V,XV,MMDCCLXXXIII
Murytub,XXXV,IV,CLIV,Denarius,IV,III,DCCXXIV
Murytub,XXXVIII,IX,CXXI,Denarius,VI,IX,DCXVI
Munarg,XXXVI,II,CXX,Denarius,V,II,CCCXII
Muniv,XXXVII,II,XXIII,Denarius,VI,X,CDLXXXIII
Suilis,XXXVII,XII,XI,Denarius,VI,XIII,MMMDCCLVIII
Murytub,XXXVIII,II,CXLVI,Denarius,V,XXVIII,DCXLII
Murytub,XXXIX,IV,CXLIII,Quinarius,V,XIV,CXXXII
Murytub,XXXIX,VII,CXL,Denarius,VII,II,DCX
Munarg,XXXIX,XII,CLII,Quinarius,VI,X,C
Munarg,XXXV,XI,CXXXVII,Denarius,V,XIII,CCCXXIX
Murytub,XL,VI,CXXXVI,Denarius,IV,IX,DLXI
Munarg,XXXIX,IX,CLXXV,Denarius,VI,II,CCCLXIX
Muniv,XL,IX,XXXIV,Quinarius,VI,XXI,LXXXI
Muniv,XXXVII,V,XXIV,Denarius,VI,XVIII,DLXVIII
Munarg,XL,II,CI,Denarius,V,XIV,CCIII
Munarg,XXXVII,II,CLXXXIII,Quinarius,V,XV,CLXXII
Munarg,XXXVII,IX,CIX,Denarius,VI,XXIII,CCCXVII
Suilis,XXXVIII,V,LI,Quinarius,IV,IV,MCLXV
Munarg,XXXVI,VII,CVII,Quinarius,VI,XVIII,CXXXIV
Munarg,XXXV,V,CLI,Denarius,VI,XXV,CCCLXXIV
Munarg,XXXV,VI,CXLIII,Denarius,VIII,XXIV,CCCXLIII
Munarg,XXXVI,IX,CLXXXIII,Denarius,VI,VII,CCXCIV
Atamora,XXXVIII,I,XI,Denarius,VI,XVIII,MMCCCI
Munarg,XXXV,III,CLXXXI,Denarius,VII,XXVI,CCCI
Munarg,XXXIX,VI,CXIII,Denarius,V,XXVIII,CCXXIII
Muniv,XXXIX,IX,XXV,Quinarius,III,X,CIII
Munarg,XXXVI,IV,CXCIV,Denarius,VIII,XIII,CCXCIII
Muniv,XXXVI,VII,XXXIV,Aureus,VIII,X,V
Munarg,XXXVII,VI,CLI,Denarius,III,XXIV,CCCLXXVIII
Atamora,XL,III,XI,Denarius,VII,XV,MMCXLVII
Murytub,XXXV,XII,CLII,Aureus,VII,XIII,IX
Atamora,XXXVII,II,VII,Quinarius,VII,VI,MLXXXVIII
Muniv,XXXVIII,VI,XXVIII,Quinarius,IV,XIV,CXX
Munarg,XXXV,IV,CXCI,Denarius,VI,XXVI,CCCLXIII
Munarg,XXXV,I,CLXXX,Quinarius,V,XXV,CXCII
Munarg,XXXVII,IX,CXXXII,Denarius,IV,XXVII,CDII
Muniv,XXXVIII,XII,XX,Quinarius,V,III,CXXXIV
Munarg,XXXVII,I,CXXXI,Denarius,IX,XXX,CCCLXXXIV
Muniv,XXXVI,XII,XVII,Denarius,VII,XXV,DLIII
Munarg,XXXV,VI,CL,Denarius,VIII,XXIV,CCXCVI
Murytub,XXXIX,IX,LXXXV,Denarius,IV,XIV,DLXVI
Munarg,XXXVII,VI,CIII,Quinarius,VIII,XI,CVIII
Munarg,XXXV,IV,CXCIX,Quinarius,IV,VI,CLXXVIII
Munarg,XL,XII,CLXII,Denarius,VI,XXVII,CDLIX
Munarg,XL,VIII,CLXXIII,Quinarius,VI,XXVIII,CVIII
Munarg,XL,VII,CXCIII,Denarius,VIII,XXVI,CLXXXII
Munarg,XXXIX,IX,CXXVII,Denarius,VI,XXVIII,CCCXCI
Munarg,XXXIX,II,CXLVIII,Quinarius,VII,VI,XCIX
Muniv,XXXIX,VII,XXIV,Denarius,VII,XXVII,DXXVII
Munarg,XXXVIII,XII,CLXXXVI,Quinarius,VI,XXV,XCV
Munarg,XXXV,I,CLXXXIX,Denarius,VI,VIII,CCCLXIII
Murytub,XXXVII,X,CLXV,Quinarius,IX,XI,CCLVIII
Munarg,XXXV,IX,CVII,Denarius,VI,XIV,CCCXXXV
Munarg,XXXIX,IV,CXXV,Denarius,V,VII,CCXXII
Munarg,XXXVII,IX,CXXVIII,Quinarius,V,II,CXXIV
Atamora,XXXVI,IV,XI,Denarius,VIII,XXX,MMDCCCLXIX
Muniv,XXXVIII,II,XXI,Denarius,VII,XXIV,DXCVIII
Murytub,XXXVII,X,CXLI,Denarius,VII,IX,DCIV
Munarg,XXXVIII,V,CIX,Quinarius,V,XIV,XC
Munarg,XXXV,I,CXI,Denarius,VIII,IV,CCCXCVI
Murytub,XXXVIII,XII,CXCVII,Denarius,VII,XXXI,DCLXIX
Suilis,XXXIX,III,XLIII,Denarius,VI,XVI,MMMDCCV
Munarg,XXXVII,VII,CLXXXIV,Denarius,IV,II,CCCXLVII
Murytub,XXXIX,IV,CLX,Denarius,VII,II,DCVIII
Munarg,XXXV,VII,CXLVIII,Denarius,VII,III,CCCXLII
Murytub,XL,VIII,CLXXI,Denarius,III,III,DLVII
Muniv,XXXIX,V,XXIII,Quinarius,VII,XIV,CXII
Atamora,XXXVII,IX,XIII,Quinarius,V,XVIII,MCCCXLV
Munarg,XXXVI,VIII,CXCIX,Denarius,V,V,CCCLXX
Murytub,XXXV,IV,CCXI,Quinarius,IV,VI,CCCXL
Muniv,XXXIX,XI,XXVIII,Quinarius,V,XX,CXXXVI
Munarg,XXXVI,III,CLVIII,Denarius,VII,XXVIII,CCCXXXVII
Munarg,XL,I,CXIII,Denarius,VI,XII,CDXLIII
Muniv,XXXV,VII,XX,Quinarius,V,IV,CCXLII
Munarg,XXXIX,VI,CLVII,Denarius,VIII,VII,CCVII
Munarg,XXXIX,VII,CLXXXV,Quinarius,IV,VIII,CXIV
Munarg,XXXIX,IX,CXV,Denarius,V,VIII,CCXXIX
Suilis,XXXVI,V,XVI,Denarius,IV,XXIV,MMMDCI
Munarg,XXXVIII,II,CXXVII,Denarius,V,VI,CCLXVI
Suilis,XXXVIII,IX,LIII,Denarius,VII,XX,MMMDVIII
Suilis,XXXV,III,XII,Denarius,VII,XXXI,MMMCDVIII
Munarg,XXXVI,I,CXC,Denarius,VII,XX,CCCXXXVIII
Murytub,XL,V,CLXIV,Denarius,IV,XXX,DXCII
Murytub,XXXIX,II,CXLVII,Denarius,VI,XXVIII,DLXXXV
Murytub,XXXIX,V,CLXI,Quinarius,VII,V,CXX
Munarg,XXXIX,VIII,CLXXI,Denarius,XI,II,CCVIII
Munarg,XXXVI,VI,CLXXVII,Denarius,VII,XXIX,CCCXXXIX
Munarg,XXXVIII,XII,CLXI,Quinarius,VI,XVII,LVII
Murytub,XL,VII,CXVII,Denarius,IV,XXXI,DXC
Munarg,XXXVI,III,CXXXIV,Aureus,VI,I,IV
Muniv,XXXV,X,XXII,Quinarius,III,III,CCXXVII
Munarg,XXXVII,XII,CXLIII,Denarius,IV,II,CCLXIV
Muniv,XXXIX,X,XXX,Quinarius,VIII,X,CXIII
Muniv,XL,XII,XXVIII,Denarius,V,XXVIII,DI
Murytub,XL,IX,CXLVI,Denarius,IX,XV,DLXXX
Munarg,XL,VI,CLVI,Denarius,VI,XXII,CLXXXVII
Suilis,XXXV,XII,XL,Quinarius,VI,X,MDL
Murytub,XXXVI,II,CXXVIII,Quinarius,VII,XXIV,CCCXIV
Muniv,XL,XII,XXXVII,Denarius,III,XVII,DXIII
Munarg,XL,IX,CXCVI,Aureus,IV,III,IV
Suilis,XL,IV,XVI,Aureus,IV,IX,XXXV
Munarg,XXXVI,X,CLXXVI,Denarius,VI,II,CCLXXII
Muniv,XXXVIII,I,XXII,Aureus,VI,VIII,V
Muniv,XXXVI,VII,XXII,Aureus,VII,XXXI,V
Munarg,XXXVI,IX,CI,Denarius,VIII,XIII,CD
Murytub,XXXVII,X,CI,Denarius,IX,XXIX,DCLXII
Munarg,XXXVI,X,CXLV,Denarius,III,I,CCCXI
Muniv,XXXVI,VII,XXIII,Denarius,IX,XIII,CDLXXXI
Suilis,XXXV,II,XXIX,Denarius,VII,V,MMMCLVIII
Muniv,XXXV,I,XX,Aureus,V,XX,VII
Munarg,XXXVIII,I,CXVIII,Denarius,VI,III,CCXLVII
Muniv,XL,XII,XXVII,Quinarius,VIII,XV,CXV
Murytub,XXXVI,V,CXLII,Denarius,VIII,III,DCXLIV
Munarg,XXXV,X,CXCIX,Quinarius,VIII,XXX,CLXXXVI
Murytub,XXXVII,I,CXVI,Denarius,VIII,XXIV,DCXXIV
Murytub,XXXVI,IX,CLXXXIII,Denarius,IV,XVIII,DCXLV
Munarg,XXXIX,III,CXXXVIII,Denarius,VI,III,CCXXXI
Munarg,XXXV,IX,CLXXXII,Denarius,IV,XXVII,CCCLIX
Muniv,XXXVIII,XII,XIX,Quinarius,IV,IV,CXVIII
Munarg,XXXV,XII,CLXXIX,Denarius,V,XII,CCCXLVIII
Muniv,XXXV,IX,XXIX,Quinarius,VIII,XV,CCLXVIII
Muniv,XL,X,XXVI,Quinarius,IX,XXXI,CXI
Munarg,XXXVI,VIII,CLXXXII,Denarius,II,XXVI,CCLXVII
Munarg,XXXVIII,V,CI,Denarius,V,XVII,CD
Murytub,XXXVI,VII,CLXXI,Denarius,VII,XXIII,DLXXVI
Munarg,XXXV,VII,CI,Denarius,VI,XII,CCCLXV
Atamora,XXXVI,X,VII,Denarius,VIII,XIII,MMMVII
Munarg,XXXVIII,XII,CXLVII,Denarius,VI,XXI,CCXXIII
Atamora,XXXV,III,XII,Denarius,VI,XXIX,MMMCLIV
Munarg,XXXVIII,VII,CLXXIX,Denarius,VI,XV,CCCLXXIV
Muniv,XL,IV,XXX,Denarius,VII,VI,CDXCI
Muniv,XXXVI,XII,XXIII,Denarius,VII,XXV,DXC
Munarg,XL,VIII,CX,Denarius,V,XXVI,CLXXVII
Murytub,XL,X,CLXI,Denarius,V,XXX,DLXXVII
Murytub,XXXVII,II,CXLIV,Denarius,VI,XIII,DCCXIII
Munarg,XL,XII,CVIII,Denarius,VII,XXXI,CDLXXXV
Munarg,XXXIX,XII,C,Denarius,VI,XX,CCVII
Munarg,XL,II,CLXXVI,Denarius,IV,IX,CCCLVII
Munarg,XXXIX,II,CLXXXV,Denarius,VI,XX,CCLXVII
Munarg,XXXV,I,CLXI,Denarius,V,IX,CCCXLVIII
Munarg,XXXVII,VIII,CXCII,Aureus,VI,XXII,III
Murytub,XXXV,X,CXXXIX,Aureus,VII,XXV,IX
Munarg,XXXVII,IV,CLXXII,Denarius,V,XXI,CDIII
Munarg,XXXVI,V,CXLVI,Denarius,II,XVII,CCCLI
Munarg,XL,VII,CLXII,Denarius,VIII,XXIII,CDXVI
Munarg,XXXIX,III,CLX,Denarius,IX,XIX,CD
Murytub,XXXVIII,V,CLXXVI,Denarius,V,VI,DLXXVI
Munarg,XXXVIII,V,CLXXIV,Denarius,V,VI,CDXLV
Suilis,XXXIX,VII,XIII,Aureus,VII,XXVII,XXXVI
Murytub,XXXIX,X,CXVIII,Denarius,VIII,XXIX,DLXI
Murytub,XXXVI,XII,CXL,Denarius,VIII,XX,DCXXXI
Munarg,XXXVII,III,CLI,Denarius,VI,VII,CCCXCIX
Muniv,XL,X,XXV,Denarius,VII,XVI,CDLI
Murytub,XXXVIII,VIII,CXII,Denarius,VII,XXVII,DLXXXII
Murytub,XXXVI,III,CLII,Quinarius,III,V,CCLXXXVIII
Muniv,XXXV,X,XXVI,Denarius,VII,XXIII,DCLXXX
Munarg,XXXVI,X,CLI,Denarius,VIII,XIII,CCCLI
Munarg,XXXVII,X,CXXXIV,Denarius,V,VI,CCC
Murytub,XL,VII,CXLVI,Denarius,VI,II,DLXXIII
Munarg,XXXVII,II,CLXX,Aureus,VI,XVII,III
Murytub,XXXVIII,VII,CLXX,Aureus,VI,XXX,VI
Munarg,XXXIX,X,CLIX,Denarius,V,XIII,CCXVIII
Murytub,XXXVI,VIII,CXXXIX,Quinarius,VIII,VIII,CCLXXXIV
Munarg,XXXV,IV,CXXVII,Quinarius,VII,VII,CLXVI
Murytub,XXXVI,VI,CLXV,Denarius,VII,XV,DCLXVIII
Muniv,XXXV,VIII,XVI,Quinarius,VIII,XIV,CCXLIX
Munarg,XL,III,CLIX,Quinarius,VI,XXIX,LXXIX
Munarg,XXXVI,XI,CI,Denarius,V,XXIV,CDX
Murytub,XXXIX,V,CXLV,Quinarius,V,XXVI,CXXXIII
Murytub,XL,X,CXLV,Denarius,II,III,DLXXXV
Munarg,XXXIX,VIII,CLII,Denarius,VII,XVIII,CCL
Muniv,XL,IX,XXII,Denarius,VII,I,CDLXII
Murytub,XXXVIII,VI,LXXXV,Quinarius,IV,IV,CCVIII
Munarg,XXXV,V,CXXI,Denarius,IV,XX,CCCLXXVIII
Murytub,XXXVII,II,CLXXXII,Aureus,VI,IV,VI
Munarg,XXXVI,IV,CLXVI,Denarius,IV,XX,CCCXLVI
Murytub,XXXIX,II,CVI,Aureus,VI,IX,VI
Munarg,XXXVIII,VII,CXLIII,Denarius,VII,XVI,CCCLXXXVII
Murytub,XXXVIII,I,CLXXVI,Denarius,VI,XI,DCXXVII
Murytub,XXXVII,VII,CXLIV,Denarius,VII,XX,CMLV
Murytub,XXXVIII,V,CXLVII,Quinarius,VI,IX,CCXIX
Muniv,XXXIX,XI,XXI,Denarius,VIII,XIII,DXIV
Murytub,XXXVI,I,CLXXIV,Quinarius,VII,IX,CCCXLVIII
Murytub,XXXVIII,XII,CLV,Quinarius,V,III,CLIV
Munarg,XXXVII,XI,CXXXIV,Denarius,VIII,XI,CCCLXVI
Munarg,XXXVI,X,CXXXVI,Aureus,VI,II,IV
Muniv,XL,XII,XVI,Quinarius,IV,XI,C
Munarg,XXXV,IX,CLX,Denarius,V,XIX,CCCLII
Murytub,XXXV,IV,CXLV,Denarius,VI,XI,DCLXIII
Munarg,XL,IX,CXXXVII,Denarius,VII,VIII,CLXXVIII
Munarg,XXXV,I,CXV,Denarius,VIII,IV,CCCXLIV
Munarg,XXXVIII,II,CLXXXI,Denarius,IV,XVI,CCLXXXI
Munarg,XXXV,XII,CLIII,Denarius,VIII,XXIV,CCCLVI
Munarg,XXXIX,VIII,CXXXVII,Quinarius,VIII,XXVIII,LXXXV
Murytub,XXXVII,XI,CXXIV,Quinarius,VII,XV,CCIV
Suilis,XL,IV,LVII,Quinarius,VII,XVI,DCCCXXI
Muniv,XXXIX,VIII,XXV,Quinarius,V,I,CXVII
Munarg,XXXVII,VII,CXLVIII,Quinarius,VII,XXI,CXIV
Muniv,XXXVI,III,XXXI,Denarius,V,VI,DXXI
Murytub,XL,IX,CLI,Denarius,VII,V,DLXII
Murytub,XXXVI,III,CXLI,Quinarius,V,VI,CCCVI
Munarg,XXXV,VII,CXIX,Quinarius,VII,VIII,CXLVIII
Munarg,XXXVIII,VI,CLXXVI,Quinarius,IV,XIV,LXXIV
Munarg,XL,VIII,CXCI,Denarius,VII,I,CCXV
Munarg,XXXVII,IX,CII,Denarius,VII,X,CCCXIX
Murytub,XXXV,XI,CXXXV,Denarius,IV,XXIV,DCLXXXV
Muniv,XXXVI,X,XXIX,Denarius,VII,XXXI,DVII
Munarg,XXXVIII,VI,CXIX,Denarius,V,XXIV,CCCLVII
Munarg,XXXVII,VIII,CLVII,Denarius,VIII,XVI,CCLXXXVII
Murytub,XL,IX,CII,Denarius,V,II,DLXXXII
Murytub,XXXVII,I,CXLI,Denarius,VI,III,DCL
Murytub,XXXVIII,I,CXCVII,Denarius,IV,XXIX,DCXXVIII
Murytub,XXXVI,IV,CLXXXI,Denarius,VII,II,DCLXXVI
Suilis,XXXVII,XI,X,Denarius,VII,XV,MMMDCCXXIX
Muniv,XXXVIII,VII,XXXVIII,Aureus,VI,XXIV,IV
Atamora,XXXIX,V,IX,Denarius,VI,XXII,MMMXLII
Suilis,XXXIX,VI,XV,Quinarius,VI,XI,DCCCLXXXIV
Murytub,XL,IX,CXXXIV,Aureus,V,II,IV
Munarg,XL,VIII,CLXXXIX,Denarius,IV,XIV,CCXXXV
Munarg,XL,I,CXLIII,Denarius,VI,XXI,CCXLII
Munarg,XXXV,IX,CVII,Denarius,VI,VII,CCCXXXV
Munarg,XL,XI,C,Denarius,IV,VIII,CCXXII
Murytub,XXXIX,V,CLXXXVI,Denarius,VII,III,DXC
Murytub,XXXVII,VIII,CXXXV,Denarius,II,II,DCLXXXIV
Murytub,XXXV,VI,LXXV,Denarius,VI,II,DCCII
Munarg,XXXIX,VII,CXXI,Denarius,VII,XXII,CCXLIII
Murytub,XXXIX,XI,CXLIII,Denarius,V,X,DC
Murytub,XXXIX,IX,CXLIV,Denarius,III,III,DCX
Murytub,XXXVII,XII,CXLV,Quinarius,IV,II,CCXX
Atamora,XXXVI,IX,XII,Quinarius,VII,X,MCCCXLIII
Murytub,XXXV,VIII,CLXXIX,Denarius,VI,XXVII,DCCIV
Munarg,XL,XI,CLXXXVI,Denarius,VI,I,CCIV
Murytub,XXXIX,XII,CLXIV,Denarius,X,XII,DLIII
Murytub,XXXIX,IX,CXXXIX,Denarius,V,XV,DCVII
Munarg,XXXV,X,CXXIX,Quinarius,III,III,CLXVII
Murytub,XXXVII,VIII,CXLII,Denarius,VII,XIII,DCCLXXXIV
Suilis,XXXIX,IX,XXIV,Denarius,VI,XXVII,MMMCMLXXXI
Murytub,XL,II,LXXVIII,Denarius,IV,XXIV,DLXXXV
Munarg,XXXVII,VII,CXX,Aureus,IX,XIX,IV
Munarg,XXXIX,V,CXLII,Aureus,VII,V,III
Muniv,XXXV,VIII,XIV,Denarius,VIII,XIV,DVII
Munarg,XXXVIII,IX,CXLVIII,Quinarius,VII,XXII,CXXI
Murytub,XXXV,VI,CLXXX,Denarius,VIII,XXIV,DCLXX
Munarg,XXXV,II,CLXXXII,Denarius,VII,VI,CCCXCIV
Suilis,XL,XII,XV,Denarius,VII,XIX,MMMMCXVIII
Munarg,XXXVIII,II,CLXXI,Denarius,VI,XXI,CCCLXXVII
Murytub,XXXVI,IX,CLXVI,Denarius,VIII,XVI,DCCIII
Murytub,XXXVI,I,LXXXI,Denarius,IV,XXX,DCC
Munarg,XXXVIII,VIII,CLXXXIII,Aureus,VIII,VI,III
Munarg,XXXVI,V,CLXXIII,Quinarius,VI,II,CXXXV
Murytub,XXXVI,IX,CXCIII,Quinarius,VII,X,CCLXXII
Munarg,XXXVIII,XI,CLXXXI,Denarius,VI,III,CDIV
Muniv,XXXV,V,XXIII,Denarius,V,II,CDLVI
Muniv,XL,IV,XXXII,Denarius,IV,IX,CDLXXXIV
Munarg,XXXV,IV,CIX,Quinarius,VII,XXX,CLXX
Suilis,XXXVI,XII,XX,Denarius,VIII,XX,MMMCDXXVIII
Muniv,XL,VI,XIX,Denarius,IX,XIX,DXV
Muniv,XL,V,XIX,Denarius,VII,XII,DXIX
Munarg,XXXVII,IV,CXCIV,Denarius,V,II,CCLXIV
Murytub,XL,V,CXXVII,Denarius,IV,XXII,DXXXIII
Muniv,XXXVIII,IV,XXI,Denarius,VII,I,CDXCVII
Muniv,XXXVII,II,XXV,Quinarius,VIII,VII,CXCVIII
Suilis,XXXVII,VIII,X,Denarius,II,II,MMMCDLIV
Murytub,XL,VIII,CXCIV,Denarius,III,XVIII,DXL
Munarg,XXXVII,VI,CLX,Denarius,XII,XVIII,CCLIX
Murytub,XL,IX,CLXXXIV,Denarius,VI,XX,DLVIII
Munarg,XXXVII,II,CLXVI,Quinarius,VI,X,CLXII
Munarg,XL,VII,CIII,Denarius,VI,XXV,CDLXXV
Muniv,XXXV,VII,XX,Denarius,II,XXI,DVI
Munarg,XXXVII,I,CLXXXVI,Denarius,IX,X,CCCLXXXV
Munarg,XXXVI,V,CXLII,Denarius,VI,XIII,CCCXL
Munarg,XXXV,VII,CLXXX,Denarius,III,XVI,CCCIII
Muniv,XXXVI,VI,XXIX,Denarius,VII,XXIV,CDLIV
Atamora,XXXVI,VIII,X,Denarius,VI,XXI,MMMCCXXXVII
Munarg,XXXV,XI,CXCIII,Denarius,V,XIII,CCCXXX
Muniv,XXXV,XII,XXIII,Denarius,VII,XVII,CDLXXIV
Murytub,XL,V,CLII,Denarius,IV,XIII,DLV
Munarg,XXXV,IX,CXXXV,Quinarius,II,XXX,CC
Munarg,XXXVI,VII,CLXIX,Quinarius,VII,XXXI,CXXVI
Murytub,XXXIX,XI,CLXXXVIII,Quinarius,V,XX,CXXIII
Murytub,XXXVIII,II,CXLII,Quinarius,IX,XX,CXC
Muniv,XXXVII,X,XXXIII,Quinarius,VI,XVI,CLXXX
Munarg,XXXVIII,VII,CXLVIII,Denarius,V,X,CCXXXII
Muniv,XXXV,IV,XXVIII,Denarius,VI,XXVI,CDXCV
Munarg,XXXV,III,CXCII,Denarius,VI,XVIII,CCCXXXV
Murytub,XL,III,CCI,Denarius,VI,XXIX,DXCVII
Munarg,XXXVIII,III,CXC,Denarius,IV,III,CCLXXV
Munarg,XXXV,IV,CXCIII,Aureus,VII,XXIII,V
Murytub,XXXV,V,CLXXIV,Quinarius,VII,XXI,CCCLXXXII
Murytub,XXXVIII,I,CLIII,Quinarius,III,XXI,CCVIII
Muniv,XXXVI,VII,XXIX,Denarius,III,XXIV,CDLV
Murytub,XXXVIII,X,CXXIII,Aureus,X,XXI,V
Munarg,XXXV,XI,CXLV,Aureus,VI,XI,IV
Suilis,XXXVI,IV,XV,Aureus,IV,X,XLI
Munarg,XXXV,VII,CXLV,Denarius,VII,XX,CCCXXXIV
Suilis,XXXV,XII,XXXIII,Denarius,VI,I,MMMCCCXVIII
Muniv,XXXVI,VI,XXII,Denarius,V,VIII,DCIX
Munarg,XXXVII,III,CLXXXV,Quinarius,V,V,CLXXV
Munarg,XXXV,VIII,CLXIII,Denarius,V,XXII,CCCIX
Munarg,XXXV,X,CXXXVII,Aureus,VIII,XXX,IV
Munarg,XXXV,XII,CLVI,Quinarius,IV,VIII,CXLIII
Murytub,XXXVI,V,CLXIV,Denarius,VII,V,DCLXXV
Murytub,XL,XII,CXCVI,Denarius,VII,IV,DLXXII
Munarg,XXXVII,IX,CXXXVII,Denarius,IX,VII,CCXLVII
Munarg,XXXVII,VI,CLXXIII,Quinarius,VIII,XXVI,CXLVI
Munarg,XXXVI,I,CLXV,Quinarius,IV,VII,CLXXIX
Muniv,XXXVIII,VI,XIX,Denarius,VII,II,DLVI
Murytub,XXXVIII,XII,CLXXVI,Denarius,IV,VIII,DCXV
Munarg,XXXV,XI,CX,Quinarius,III,V,CXC
Murytub,XXXVII,XI,CLI,Denarius,IV,XXVII,DCXXX
Munarg,XXXVI,XI,CXCIV,Quinarius,VII,XIV,CLI
Munarg,XXXVI,I,CXI,Quinarius,IX,XXXI,CLXXX
Munarg,XL,VII,CXIII,Denarius,VI,XII,CCCXCVII
Murytub,XXXIX,VI,CLXI,Denarius,VI,XXIII,DLXXVII
Munarg,XXXV,VIII,CX,Quinarius,V,XXVI,CLXXX
Muniv,XXXVI,XI,XX,Denarius,V,XXI,DXXXVI
Murytub,XXXV,VII,CLXXXIV,Denarius,VI,XXVIII,DCCXXII
Suilis,XXXV,VI,XVI,Quinarius,VIII,XXIX,MDCCCVI
Munarg,XL,III,CLXXIV,Denarius,V,XXVIII,CDLXIII
Murytub,XL,X,CLXV,Quinarius,V,XXVIII,CXVII
Muniv,XXXVII,V,XXVII,Denarius,IV,XIX,DLXXII
Munarg,XL,III,CLXVIII,Denarius,VI,IX,CDIII
Murytub,XXXIX,XI,CVI,Quinarius,VI,XIV,CXLVI
Munarg,XXXIX,III,CLXXIX,Denarius,IX,I,CCLXIX
Munarg,XXXVIII,XI,CLXVI,Denarius,VIII,X,CCXLII
Murytub,XL,VI,CXLVI,Denarius,VIII,XXI,DLXXVIII
Muniv,XXXVII,II,XXX,Denarius,VI,XVII,DXXXIV
Munarg,XXXVIII,VII,CXXXVIII,Aureus,V,XII,IV
Munarg,XL,XI,CXXV,Denarius,III,III,CXCVIII
Murytub,XL,V,CXXXVI,Denarius,V,XXIV,DXLIV
Munarg,XXXV,VII,CXXIX,Quinarius,V,IV,CLIX
Munarg,XXXV,VII,CLXXII,Quinarius,IV,XXIV,CLV
Atamora,XXXVI,VII,XI,Denarius,IV,IV,MMDCCVII
Munarg,XL,IX,CX,Denarius,VII,V,CCCLXXXIX
Muniv,XXXIX,IX,XX,Denarius,IV,XIII,CDXCIV
Atamora,XL,IV,XII,Quinarius,VIII,V,CDLXI
Murytub,XXXVIII,X,CLXII,Denarius,VII,XII,DCLI
Muniv,XXXV,VIII,XXIII,Quinarius,VI,XXI,CCLXXXV
Munarg,XXXVIII,IX,CLXIII,Quinarius,VII,XXII,LXXVI
Munarg,XXXV,IV,CLXXIX,Denarius,V,I,CCCVII
Munarg,XL,I,CXVII,Aureus,VII,XXX,IV
Murytub,XXXVIII,VI,CXXXVII,Denarius,VI,XXVIII,DLXXXVI
Munarg,XXXVIII,V,CLXXXIV,Denarius,VII,XXIX,CDXXVIII
Munarg,XXXVI,III,CXXXII,Denarius,V,IX,CCCLXXXVIII
Murytub,XXXIX,V,CXLVII,Quinarius,VI,XXIX,CXIII
Munarg,XXXVIII,III,CXV,Denarius,VI,VIII,CCXXXVIII
Murytub,XL,III,CXLIII,Denarius,V,XXV,DXXXVIII
Muniv,XXXV,III,XXV,Quinarius,VI,XVIII,CCXLV
Murytub,XXXV,VIII,CXXXV,Denarius,V,XXIII,DCXCIII
Suilis,XXXVIII,V,XIII,Denarius,V,XI,MMMCDXCVII
Muniv,XXXVIII,IX,XXV,Quinarius,VII,XXII,CLXV
Munarg,XXXVIII,VIII,CLXIII,Denarius,IV,VIII,CCXXII
Munarg,XXXVII,III,CLXXXII,Aureus,V,II,III
Murytub,XXXVI,IV,CXCI,Quinarius,V,XIX,CCCXIX
Munarg,XXXIX,X,CL,Denarius,VI,XXV,CDLVIII
Munarg,XXXVII,I,CXXXVII,Denarius,V,XXV,CCLXXXIII
Murytub,XXXIX,I,CLXV,Denarius,VII,VI,DCI
Munarg,XL,VII,CLXXXI,Quinarius,V,XVI,XC
Murytub,XXXVI,III,CLIX,Denarius,VIII,XXIV,DCLXXXI
Munarg,XXXVII,IV,CXXIX,Quinarius,VI,XIV,CXL
Munarg,XXXIX,II,CXVII,Denarius,V,XXV,CCCXCIII
Munarg,XXXIX,II,CXI,Quinarius,VI,XXVIII,LXIII
Suilis,XXXIX,VIII,XVII,Quinarius,V,VIII,DCCCXCVII
Murytub,XXXVI,I,CLXXIX,Quinarius,IV,XXVI,CCCXXVIII
Munarg,XXXVIII,VII,CXXXII,Denarius,IV,XI,CCCLXXVI
Muniv,XXXVII,II,XXXIV,Denarius,VI,I,DXXXVIII
Muniv,XXXIX,IV,XXIII,Quinarius,VII,III,CXXI
Munarg,XXXVII,X,CXLIX,Denarius,IX,XIX,CCCXLII
Murytub,XXXVI,IX,CIV,Denarius,VII,XXVII,DCLXIV
Munarg,XL,V,CXCII,Denarius,VII,IX,CDXXVI
Muniv,XL,II,XXIX,Aureus,II,XVII,IV
Munarg,XXXV,IV,CX,Denarius,VI,XXVI,CCC
Munarg,XXXV,VII,CXVII,Denarius,VII,XXIX,CCCVII
Munarg,XXXVIII,IV,CLXXXVI,Quinarius,VIII,XXVIII,LXXXII
Munarg,XXXVIII,I,CXVIII,Quinarius,II,XII,CXX
Munarg,XL,IV,CLXXXIII,Aureus,IV,II,IV
Munarg,XXXVIII,III,CXL,Denarius,VIII,XVI,CCXCIV
Murytub,XXXVIII,IV,CXLIII,Denarius,VII,XI,DCI
Munarg,XXXV,VIII,CLXXV,Denarius,VI,XXI,CCCLIII
Munarg,XXXV,V,CXLIV,Denarius,VIII,XXII,CCCXXIX
Murytub,XXXVII,VIII,CLVIII,Aureus,IV,XIX,VII
Murytub,XXXVIII,XI,CCXIII,Denarius,VIII,X,DCIII
Muniv,XL,VII,XXV,Denarius,VIII,XXVIII,DLXXVII
Murytub,XXXVI,X,CV,Quinarius,IX,XVIII,CCLIV
Munarg,XXXIX,V,CLVII,Denarius,IV,XI,CCXX
Suilis,XXXVI,VIII,XXV,Denarius,II,XXVI,MMMCCCXIV
Muniv,XL,III,XVII,Denarius,VII,II,DVII
Muniv,XXXVIII,IV,XVII,Denarius,VI,VII,DXXXIV
Muniv,XXXV,XI,XXXI,Denarius,VI,II,D
Murytub,XXXIX,III,CXXXI,Denarius,V,VI,DCXI
Munarg,XL,IX,CXXXVII,Denarius,VIII,XIII,CCV
Munarg,XXXVII,VII,C,Denarius,IV,II,CCLXXIV
Muniv,XXXVIII,IX,XXX,Aureus,V,XII,V
Munarg,XXXV,X,CXLIII,Quinarius,IV,IX,CC
Murytub,XXXVI,XII,CLXIII,Denarius,VIII,XV,DCCII
Munarg,XXXV,IX,CLXV,Denarius,IV,XXVII,CCCXLIX
Munarg,XXXVIII,II,CLI,Denarius,IV,V,CCCXLVIII
Munarg,XL,I,CLXXXIII,Aureus,VII,X,IV
Murytub,XXXVI,VIII,CLXXXIX,Aureus,VI,VI,VII
Murytub,XXXVIII,VI,CIV,Quinarius,IV,XVII,CCII
Murytub,XXXVIII,III,CLXVII,Quinarius,V,I,CLXX
Munarg,XXXVI,V,CXLVII,Quinarius,VII,IV,CXXXVII
Munarg,XXXVII,XI,CXXIV,Denarius,VI,X,CCCLXXXII
Munarg,XXXVII,II,CLI,Denarius,IV,XVIII,CCCXXXVI
Murytub,XXXVI,IX,CLXXXIX,Denarius,VI,IV,DCLV
Munarg,XL,I,CLXVI,Quinarius,VIII,III,LIII
Murytub,XXXVI,VIII,CXIV,Quinarius,V,V,CCXCVII
Munarg,XXXV,III,CIII,Quinarius,III,XV,CXL
Munarg,XXXV,IV,CLVII,Quinarius,VII,XXIII,CLIII
Atamora,XXXIX,IV,XIII,Quinarius,V,VII,DCXVIII
Munarg,XXXVI,XII,CI,Denarius,VI,XXX,CCLXXI
Munarg,XXXVIII,VII,CXL,Denarius,VI,XXIV,CCL
Murytub,XXXIX,IV,CLXXX,Denarius,VIII,XI,DC
Murytub,XXXVII,VII,CXXXVI,Aureus,VII,XII,IX
Murytub,XXXV,V,CXLII,Quinarius,IX,XXVIII,CCCXXXIV
Munarg,XXXVI,X,CXXV,Aureus,V,XII,III
Munarg,XXXIX,II,CLXII,Denarius,VI,XXIII,CCXXV
Murytub,XXXV,X,CXL,Aureus,VI,XXII,IX
Atamora,XXXVIII,XI,XI,Denarius,VIII,XIX,MMDCCLXVII
Munarg,XXXVI,VI,CVIII,Aureus,VII,XXIV,IV
Munarg,XXXV,III,CLIX,Denarius,VI,XIII,CCCXXXII
Murytub,XL,IV,CXCVII,Denarius,VI,XXII,DLV
Murytub,XXXVII,VII,CXVI,Quinarius,VII,XXI,CCCXXIV
Suilis,XXXVI,VIII,XX,Quinarius,VI,VI,MCCCLXIII
Munarg,XL,IX,CXCVII,Denarius,VII,V,CDLXVIII
Murytub,XL,I,CLXXXVIII,Quinarius,IV,XX,CXXXIX
Murytub,XL,III,CLXXXIX,Quinarius,VI,IX,CXXV
Munarg,XXXIX,XII,CXLIII,Quinarius,VI,XX,LIV
Munarg,XXXV,IX,CXXXIII,Denarius,II,XXX,CCCVII
Muniv,XXXVI,III,XXIX,Denarius,IV,XVI,DXVI
Murytub,XL,VI,CXLV,Denarius,VII,XXVII,DXIV
Murytub,XL,X,CLXXIX,Quinarius,VIII,XV,CXIII
Munarg,XXXV,V,CLXXV,Denarius,V,XI,CCCXIII
Murytub,XXXV,VI,XCVII,Quinarius,VII,VI,CCCXL
Murytub,XXXVI,X,CXLI,Quinarius,II,IX,CCLXIII
Suilis,XXXVIII,X,XXV,Denarius,VI,XXIX,MMMDCXIII
Muniv,XXXIX,IV,XXVII,Denarius,V,XXII,DLV
Munarg,XXXVI,XII,CXVII,Denarius,V,XVI,CCCLXXXIX
Murytub,XXXVI,II,CXLI,Denarius,V,XXVIII,DCLXVII
Suilis,XL,X,XXXI,Denarius,V,XXX,MMMMCXXV
Muniv,XL,XII,XX,Aureus,VIII,XV,V
Munarg,XXXIX,V,CLXV,Aureus,VII,XXXI,II
Munarg,XXXVII,III,CXLIV,Denarius,V,IX,CCLXXII
Murytub,XXXVIII,III,CLXXIV,Denarius,IX,XI,DCXXXIII
Murytub,XXXV,III,CLXIV,Quinarius,IX,II,CCCXLVII
Munarg,XXXIX,XI,CXXXIX,Denarius,VI,XIX,CCCXCVIII
Munarg,XL,V,CXXXVI,Quinarius,VIII,XVII,XXXIX
Munarg,XL,XI,CLIX,Denarius,VII,XIII,CXCII
Murytub,XXXIX,VI,CXXXIII,Denarius,V,XVII,DLXXVIII
Munarg,XXXVIII,VI,CXXIII,Aureus,IX,XXVI,II
Munarg,XXXIX,I,CXXXIII,Denarius,V,XXIII,CCXVIII
Munarg,XXXVI,IX,CXCI,Denarius,VI,II,CCCL
Munarg,XL,V,CXLI,Denarius,III,II,CCXXXVIII
Murytub,XL,IV,CV,Denarius,IV,XV,DLXXIX
Munarg,XXXV,IV,CXXI,Aureus,V,I,V
Murytub,XXXVII,II,CLVIII,Quinarius,VIII,XIX,CCLXXXVIII
Munarg,XXXV,I,CXVII,Quinarius,III,XXVI,CXC
Muniv,XXXVI,X,XVII,Denarius,VI,IV,DXCII
Munarg,XL,IX,CLII,Denarius,IV,III,CLXXVII
Murytub,XXXVIII,V,C,Quinarius,VI,IX,CCXV
Murytub,XXXIX,VII,LXXI,Quinarius,VII,V,CXL
Munarg,XXXIX,III,CLXXI,Quinarius,VI,XV,XLV
Muniv,XXXIX,VI,XXXVIII,Denarius,IV,III,DII
Muniv,XXXVIII,V,XXVII,Quinarius,VI,XII,CXLII
Munarg,XXXVII,VIII,CLXVII,Denarius,IV,XII,CCLXX
Murytub,XXXVII,III,CXXVIII,Quinarius,VIII,XV,CCLXXV
Murytub,XXXVI,XII,CLVI,Quinarius,IV,XXIV,CCLIII
Murytub,XXXIX,X,CXLVI,Denarius,VII,XXI,DCII
Munarg,XL,III,CL,Quinarius,III,X,LV
Murytub,XXXVII,VIII,LXXXV,Denarius,VIII,IX,DCLXVI
Munarg,XXXVII,XI,CLXXI,Denarius,IV,XXVIII,CCCLXXII
Munarg,XXXV,V,CLVI,Aureus,VII,X,IV
Suilis,XXXIX,I,XVIII,Denarius,VI,III,MMMDCCXII
Munarg,XXXVI,VI,CLX,Quinarius,V,X,CXLVI
Munarg,XXXIX,II,CV,Quinarius,III,IV,LVIII
Munarg,XXXV,X,CLXXXVI,Denarius,III,XIX,CCLXXXII
Munarg,XXXVIII,X,CXCII,Denarius,V,XXII,CCXXIX
Murytub,XXXIX,VI,CXX,Denarius,IV,XXIV,DLVI
Murytub,XL,I,CCXV,Denarius,V,XXIX,DC
Suilis,XL,V,XV,Quinarius,VII,XII,DCCCXLII
Murytub,XXXVII,X,CLX,Quinarius,IX,XX,CCXXIV
Munarg,XXXVIII,VII,CXCVIII,Aureus,VII,XVIII,II
Munarg,XXXVII,I,CXCVIII,Quinarius,VI,III,CXXV
Munarg,XXXVIII,I,CLXXIX,Quinarius,II,XII,LXXXVI
Murytub,XXXVIII,X,CXXVI,Quinarius,V,XIII,CLXVI
Munarg,XL,XI,CLI,Quinarius,VI,XI,LXXVII
Muniv,XXXVII,II,XIX,Aureus,VII,XXV,V
Munarg,XXXV,V,CLXXXVI,Denarius,IV,XXVII,CCCLI
Munarg,XXXVIII,IV,CLXXXI,Quinarius,VI,IX,CXI
Munarg,XXXVI,IV,CLVII,Quinarius,IV,XV,CLV
Muniv,XXXV,IX,XXXII,Aureus,VII,III,VII
Murytub,XXXVII,IX,CLXXXVIII,Aureus,V,II,VIII
Munarg,XXXV,III,CXXXIX,Denarius,IX,II,CCCXXIV
Muniv,XXXIX,X,XX,Denarius,VI,XXIII,CDXCVII
Murytub,XXXVIII,III,CLXXXVI,Denarius,IV,XVIII,DCXLI
Murytub,XXXVI,XI,CXII,Denarius,VII,XXVI,DCLXX
Muniv,XXXIX,VI,XXVII,Denarius,V,XVIII,CCCLXXVII
Munarg,XXXIX,V,CXXXIX,Denarius,VIII,VIII,CCLXV
Murytub,XXXVII,VII,CLXV,Denarius,IX,XIX,CMI
Muniv,XXXVII,VII,XXXIV,Aureus,VI,I,VI
Munarg,XL,III,CI,Denarius,IV,XXIII,CXCVI
Munarg,XL,IX,CXLIII,Quinarius,V,XIX,XLV
Munarg,XXXV,IX,CLVIII,Denarius,V,XVII,CCCLXXV
Murytub,XXXVIII,IV,CLXXII,Denarius,V,XXII,DLXXI
Murytub,XL,XII,CXVIII,Quinarius,VI,VI,CXII
Murytub,XL,IV,CLII,Quinarius,V,XXVIII,CXVI
Suilis,XXXVII,X,XXIV,Denarius,VI,XXXI,MMMDCCLXII
Murytub,XL,VIII,CLVI,Denarius,VI,II,DIII
Munarg,XXXV,IV,CLXVI,Denarius,VII,VII,CCCLXXVII
Munarg,XL,VI,CLX,Quinarius,V,V,XLIV
Munarg,XL,X,CLVII,Quinarius,V,XXVIII,XCIV
Munarg,XXXIX,VII,CXCIV,Quinarius,VII,V,LII
Murytub,XXXVI,VI,CLIII,Quinarius,VIII,XVII,CCC
Murytub,XXXVII,XI,CXLVII,Denarius,IX,XVI,DCXXXIII
Murytub,XXXVI,VII,CLXXXIV,Denarius,IV,IV,DCXL
Muniv,XXXV,IX,XXVII,Denarius,V,V,CDXCVII
Murytub,XXXVII,II,CXXXIX,Denarius,VIII,VII,DCCLXXXVI
Murytub,XXXV,VI,LXXXII,Quinarius,VI,II,CCCXXXVI
Munarg,XXXVIII,X,CXXI,Quinarius,VII,XV,LX
Muniv,XXXVIII,VIII,XXXI,Denarius,VII,XIII,DLXXXVII
Muniv,XXXVIII,X,XXVI,Denarius,V,XIII,CDIV
Munarg,XXXIX,XII,CLXXII,Denarius,V,XXXI,CCCLXXX
Murytub,XL,IX,CLXVI,Denarius,VII,V,DLXVII
Muniv,XXXVI,VII,XXII,Quinarius,VIII,X,CCIII
Munarg,XL,IX,CXXXV,Denarius,VI,VII,CCXII
Atamora,XXXVI,VIII,IX,Quinarius,IV,XXIII,MCXXI
Munarg,XL,X,CLXXVI,Denarius,IV,XXII,CDXVI
Suilis,XXXV,VII,X,Quinarius,VII,VIII,MDCCXC
Muniv,XXXVIII,II,XXI,Quinarius,V,VIII,CXXIX
Munarg,XXXV,I,CXVI,Denarius,IV,XXIX,CCCXXX
Munarg,XXXV,II,CXXIV,Denarius,V,XIII,CCCXVI
Murytub,XXXIX,VI,CCXXI,Quinarius,VI,XI,CXXXIV
Muniv,XXXVI,IV,XXIII,Denarius,VII,IX,CDLIII
Murytub,XXXV,X,CLIX,Denarius,VIII,I,DCLXXXV
Suilis,XXXVII,III,XXVII,Aureus,IV,XXIII,XXXVIII
Munarg,XXXVII,X,CIII,Quinarius,IX,XXIX,CIII
Munarg,XXXVIII,X,CXC,Aureus,V,XIV,II
Muniv,XXXV,VIII,XXIV,Denarius,VI,XXV,D
Munarg,XXXVIII,V,CXLIX,Denarius,V,XI,CDXXIV
Munarg,XXXVI,VIII,CXCIII,Denarius,VI,XXI,CDXXII
Murytub,XXXVI,I,CXXXIV,Aureus,V,XXIX,VIII
Muniv,XL,VII,XXII,Denarius,VI,III,DXV
Munarg,XXXVII,II,CXV,Denarius,V,III,CCCXXVII
Murytub,XXXIX,X,CIII,Quinarius,VII,XXVII,CXXI
Munarg,XXXVI,I,CXXVII,Denarius,VII,VIII,CCCLXXXV
Munarg,XXXVIII,VII,CII,Quinarius,IV,XVII,LXXIV
Munarg,XXXIX,IV,CXCVIII,Aureus,V,XXIX,III
Murytub,XL,X,CXXIII,Quinarius,VII,XX,CVIII
Munarg,XXXVI,V,CLXXXVII,Denarius,VI,XVI,CCCLXXXVII
Munarg,XL,I,CLXXI,Denarius,VI,XIV,CDLXII
Muniv,XXXVII,I,XXIV,Denarius,VI,XIII,CDLXIX
Murytub,XXXIX,V,CVII,Denarius,IV,XVI,DLXIX
Murytub,XXXVI,XII,CXCVI,Quinarius,VI,XXII,CCLX
Suilis,XXXVIII,VIII,L,Quinarius,III,XVI,MXXIX
Munarg,XXXV,IX,CXIV,Denarius,VII,I,CCCVII
Munarg,XXXVII,II,CXVII,Aureus,VII,VIII,III
Munarg,XXXIX,IV,CXXIV,Denarius,V,I,CCCLXVIII
Munarg,XXXV,III,CLIX,Denarius,VII,IV,CCCXI
Muniv,XXXVI,XI,XXX,Quinarius,III,X,CCXIV
Munarg,XXXIX,XII,CXXIII,Denarius,V,XXVIII,CDXIII
Munarg,XXXIX,X,CXVIII,Denarius,V,I,CCCLXX
Muniv,XXXVIII,XI,XVII,Denarius,IV,XXI,CDLXII
Munarg,XXXV,VI,CLIV,Denarius,IV,XX,CCCXXXIII
Munarg,XXXVIII,III,CXX,Quinarius,VII,IV,CII
Murytub,XXXVII,XI,CXXXVII,Denarius,IX,XXIX,DLXXVI
Murytub,XXXIX,III,CXLIII,Denarius,VI,XXIX,DLXXXV
Muniv,XXXVII,VII,XXVI,Quinarius,VII,XXII,CLXXII
Munarg,XXXIX,X,CXXII,Denarius,VI,XX,CCCLXXXIV
Murytub,XL,XI,CXXIV,Quinarius,VI,X,CVI
Munarg,XXXVII,VIII,CLXXX,Denarius,VII,XI,CCCXV
Munarg,XXXIX,X,CXCII,Denarius,V,I,CCXLV
Munarg,XXXVIII,II,CXXII,Quinarius,VII,XXVI,C
Munarg,XL,XI,CLXX,Denarius,VII,XIX,CDLXXXI
Murytub,XXXVII,VI,CXXXVIII,Denarius,IV,VIII,CMXXXVI
Munarg,XXXVII,X,CXVI,Denarius,VI,III,CCCLXXV
Muniv,XXXVIII,XII,XXVI,Denarius,VII,XII,DLXXIV
Munarg,XXXVIII,VI,CLXI,Denarius,VII,XXII,CCCLXXI
Munarg,XXXVII,III,CLVI,Denarius,X,IV,CCLXV
Murytub,XXXIX,IX,CXXXV,Quinarius,V,XV,CXXVII
Munarg,XXXIX,XI,CXCIII,Denarius,VII,XXIX,CCCLXXIII
Muniv,XL,VI,XXIII,Quinarius,VIII,III,CI
Muniv,XXXIX,VI,XXIV,Denarius,VII,XIX,CDXXIII
Atamora,XXXIX,IX,XVI,Quinarius,VII,VII,DCCXLVIII
Murytub,XXXVI,XI,CLXIV,Quinarius,VIII,VIII,CCLXXIII
Atamora,XL,IV,XII,Quinarius,VII,XXIV,DXCIII
Suilis,XXXVI,XI,XI,Denarius,VII,IV,MMMDXX
Munarg,XXXVII,XI,CXXVI,Denarius,VI,XXVI,CDII
Muniv,XXXVIII,X,XXIV,Denarius,VII,IX,DCII
Atamora,XL,I,VII,Quinarius,VIII,III,CDLXVIII
Murytub,XXXVII,V,CXXXV,Denarius,VII,IV,CMLVIII
Suilis,XXXVIII,I,XI,Denarius,VI,VII,MMMDXLV
Murytub,XXXVI,XI,CXLII,Denarius,V,XXI,DCLXXXIII
Murytub,XXXV,VII,CXXX,Aureus,VI,XIII,VIII
Munarg,XL,VI,CXLVII,Denarius,V,XVIII,CDXLIII
Munarg,XXXVIII,IV,CXXVI,Denarius,VIII,XII,CCLXXXVI
Munarg,XL,III,CI,Denarius,VI,XXIX,CCCXCVII
Munarg,XXXVI,V,CXIII,Denarius,V,XIX,CCLXXI
Murytub,XXXVII,V,CXXXIII,Denarius,V,XXIV,CMXV
Muniv,XXXV,XI,XXI,Denarius,III,I,CDLVIII
Munarg,XXXVII,VII,CLXV,Quinarius,IV,II,CL
Muniv,XXXVI,II,XXIX,Denarius,VI,XV,DXIII
Murytub,XXXVI,X,CLII,Quinarius,VII,XXVI,CCLXXIX
Murytub,XXXIX,V,CXLII,Denarius,VI,II,DLXXXVIII
Munarg,XL,IX,CXXI,Aureus,IX,XV,III
Munarg,XXXVI,VIII,CLXXV,Quinarius,IX,X,CXXXIX
Munarg,XXXIX,I,CXXXVIII,Quinarius,VII,XXV,LXVI
Muniv,XXXVI,VII,XXI,Denarius,IV,II,CDLVI
Murytub,XXXVII,VIII,CLIX,Denarius,V,VI,DCLXV
Munarg,XXXIX,VIII,CVIII,Denarius,V,XXIII,CCXIV
Munarg,XXXV,II,CXXI,Denarius,VI,XXVI,CCCXXXIV
Munarg,XXXVI,IX,CXXXIX,Quinarius,VI,IV,CXXXVIII
Munarg,XXXVII,II,CII,Quinarius,VI,I,CLXXIII
Murytub,XL,X,CLXIX,Denarius,VII,XX,DLX
Munarg,XXXIX,VIII,CXXIII,Denarius,VII,XIV,CDLXIII
Murytub,XXXVIII,V,CL,Denarius,IV,III,DCXLV
Muniv,XXXVIII,VII,XIV,Denarius,V,X,CDLXXI
Munarg,XXXV,II,CLXXVII,Denarius,VIII,XXV,CCCXXII
Muniv,XL,VI,XXXIII,Denarius,VI,XXII,CDXCII
Munarg,XXXVII,VI,CLXXVI,Aureus,VII,XVI,IV
Murytub,XXXVI,X,CXXI,Quinarius,VII,XXVI,CCLXVIII
Munarg,XXXV,IX,CXXI,Quinarius,VII,XXIX,CXLVI
Murytub,XXXVIII,VI,CXC,Denarius,VI,I,DCV
Murytub,XXXIX,VI,CLXXXIII,Denarius,VIII,XX,DXCV
Muniv,XXXVII,XI,XXVI,Quinarius,V,XXIV,CLXXV
Murytub,XXXVI,VII,CXXVI,Denarius,VIII,XVI,DCXCVII
Murytub,XXXV,IV,XCI,Denarius,VII,VII,DCLX
Atamora,XXXVIII,XII,XI,Denarius,III,VII,MMCMXIV
Murytub,XXXVII,IV,CLXXI,Denarius,I,XXIV,CMII
Munarg,XL,I,CLIX,Denarius,VII,XIX,CDXXXVIII
Suilis,XL,II,XXIII,Denarius,V,XIV,MMMMLIII
Murytub,XXXVI,IX,CXXI,Denarius,VI,I,DCLXXX
Munarg,XXXVII,I,CLX,Quinarius,VI,III,CXXIII
Munarg,XXXVII,VII,CXXXIII,Denarius,VII,XX,CDXII
Muniv,XXXVIII,IX,XXV,Denarius,VII,XXVI,DXL
Atamora,XL,VI,VIII,Quinarius,III,XIII,DCCV
Munarg,XL,XI,CXXV,Aureus,III,XXI,III
Munarg,XL,XI,CXXIV,Quinarius,VII,II,XCIV
Murytub,XXXIX,IV,CLX,Denarius,V,XXVII,DCXVI
Muniv,XL,VI,XX,Denarius,IV,XXVIII,DLVII
Munarg,XXXVII,XI,CLXV,Quinarius,IV,II,CX
Muniv,XXXVI,II,XXXIV,Denarius,V,X,CDXCII
Munarg,XL,X,CXXIII,Quinarius,VI,VII,LXXVIII
Murytub,XXXVI,I,CC,Denarius,V,XIII,DCXXXIX
Muniv,XL,II,XXV,Denarius,VI,XII,CDLV
Munarg,XXXVII,X,CXXV,Denarius,IX,XIX,CCCI
Munarg,XXXVI,XI,CLXIV,Quinarius,VII,XVIII,CLIV
Muniv,XXXIX,VIII,XXVII,Denarius,VI,XXX,DLXXXII
Munarg,XL,IX,CLV,Quinarius,VI,XXI,LXXXI
Muniv,XXXIX,XII,XXIV,Denarius,VI,XV,DLX
Munarg,XXXIX,IV,CXVII,Denarius,VI,VIII,CCLIV
Murytub,XL,X,CXXXV,Denarius,VI,XIV,DLIX
Munarg,XXXIX,IV,CXLVI,Denarius,V,XXVII,CCCLI
Muniv,XL,VI,XXX,Quinarius,V,V,CXXVIII
Murytub,XL,I,CXL,Quinarius,VII,II,CXXII
Suilis,XXXVIII,VII,XIV,Denarius,II,IX,MMMDCLXVII
Munarg,XXXVI,V,CLXXXVII,Denarius,II,XVII,CCCXX
Muniv,XXXIX,VI,XXII,Aureus,VIII,XVI,VI
Munarg,XL,IX,CLVI,Denarius,IV,III,CCXXIV
Murytub,XXXV,XII,CLXVI,Denarius,IV,XXIII,DCCXIII
Munarg,XXXIX,II,CXCI,Quinarius,VII,XXVII,XCVII
Munarg,XXXIX,VI,CXXX,Denarius,IV,III,CDXX
Munarg,XXXVI,VII,CLI,Quinarius,IX,XIII,CXV
Muniv,XXXVII,XI,XXXIV,Quinarius,VI,V,CLXXXVIII
Munarg,XXXVIII,VI,CXCIII,Denarius,VI,XII,CCXLI
Muniv,XXXVI,XI,XXXVI,Quinarius,VII,XXVI,CXCVII
Muniv,XL,XI,XXIX,Aureus,XI,XVII,IV
Munarg,XXXVI,II,CXX,Denarius,VI,XXVI,CCCXLVI
Muniv,XXXIX,IV,XXVIII,Denarius,V,XXII,DCII
Munarg,XXXV,VII,CLXXI,Quinarius,III,XVIII,CXLIX
Murytub,XL,V,CLXIII,Denarius,VII,XII,DLXIV
Munarg,XXXVII,VIII,CLXXI,Quinarius,IV,XIX,CXXXVII
Munarg,XXXIX,I,CXVII,Denarius,VII,XXXI,CCCLXXXIX
Muniv,XXXVII,IX,XXVI,Denarius,V,XXX,CDLV
Munarg,XXXVII,I,CLXIX,Aureus,VII,XVII,IV
Suilis,XL,VII,LXII,Denarius,VI,III,MMMDCCCLXXIV
Muniv,XXXVI,V,XXIX,Denarius,VI,II,DXL
Munarg,XXXV,IV,CXXXVII,Denarius,V,XX,CCCLX
Munarg,XL,X,CLIX,Denarius,VI,II,CCVIII
Munarg,XXXVI,I,CXLV,Denarius,V,XVIII,CCCLXII
Murytub,XXXIX,VI,CLXII,Aureus,VII,XIX,VI
Murytub,XXXIX,VII,CLXXVI,Aureus,V,XXVIII,VI
Murytub,XL,V,CLXIX,Denarius,VI,VI,DXLVI
Muniv,XXXIX,VI,XXIII,Quinarius,IV,XXIV,CXII
Murytub,XXXIX,XI,CXXXVIII,Aureus,VII,XXX,V
Murytub,XXXIX,XII,CL,Denarius,VIII,II,DLXXVI
Munarg,XXXVIII,VIII,CLXV,Aureus,VIII,XXX,II
Munarg,XXXV,XII,CLVI,Denarius,VI,X,CCCLX
Munarg,XXXIX,X,CXCV,Denarius,IV,V,CDLXIII
Suilis,XXXVII,XI,X,Denarius,V,VI,MMMCCCXXVII
Murytub,XXXVII,VIII,CXLIV,Denarius,V,XIV,DCXIX
Murytub,XXXV,I,CXXXIX,Denarius,V,XVI,DCLXXXV
Muniv,XXXVIII,III,XXIV,Quinarius,VI,VIII,CXXXVII
Munarg,XXXIX,VI,CLXXXVI,Denarius,IV,V,CCCXCIX
Munarg,XXXVII,XI,CXLVII,Quinarius,V,IX,LXXXVII
Muniv,XXXV,XII,XXXIV,Denarius,VI,XXI,CDLXXVIII
Muniv,XXXVI,X,XXVI,Denarius,III,XXX,CDLXXIII
Munarg,XXXIX,XI,CLXXXIX,Denarius,VI,XXII,CDLXVI
Munarg,XXXVIII,VIII,CXX,Denarius,VIII,XXX,CCCLXXV
Munarg,XL,VIII,CXXI,Denarius,VIII,XXIII,CCCLXXIII
Munarg,XXXVII,XI,CLX,Quinarius,V,VIII,CVI
Muniv,XXXV,VIII,XXIII,Quinarius,IX,XVIII,CCXXXIII
Munarg,XXXIX,IX,CXCVI,Quinarius,III,X,LXXXV
Murytub,XL,IX,CXXXIX,Quinarius,VII,XXVII,CXIV
Munarg,XXXIX,V,CLXXXVI,Denarius,III,XXV,CCLVIII
Murytub,XXXIX,VI,CXXVII,Denarius,II,X,DXCVII
Munarg,XXXV,IX,CX,Quinarius,VI,IV,CXCVII
Atamora,XXXVI,XII,XI,Denarius,X,XIII,MMMDCLII
Munarg,XXXVII,VIII,CXXXII,Denarius,VI,XXIX,CCCXIII
Muniv,XXXV,I,XXXI,Aureus,III,XXVI,VI
Murytub,XL,XII,CXXIII,Denarius,VI,II,DXII
Muniv,XXXVI,IX,XL,Denarius,VIII,XVI,DCXL
Murytub,XXXIX,XII,CXLI,Denarius,VI,XXIV,DXXV
Munarg,XXXVII,VIII,CLXXIX,Quinarius,V,XXI,CXXIV
Murytub,XXXVII,IX,CXLI,Quinarius,VII,XII,CCLV
Murytub,XXXIX,III,CLXXXII,Quinarius,VIII,IV,CXL
Munarg,XL,II,CLXVII,Quinarius,VIII,XVI,CVIII
Muniv,XL,VII,XXVI,Denarius,III,XV,CDXXXIX
Murytub,XXXIX,IX,CXCIV,Denarius,IV,XXV,DLX
Muniv,XXXIX,VII,XX,Denarius,V,I,DLXXIII
Munarg,XXXV,VI,CIV,Denarius,VI,XXVIII,CCCII
Murytub,XXXV,IX,CXL,Denarius,VI,XIV,DCXCVII
Murytub,XXXVII,I,CLXXI,Denarius,IV,XXVII,DCXXXVI
Munarg,XXXV,VI,CXI,Quinarius,VIII,XVIII,CCIII
Munarg,XXXIX,XII,CXIII,Denarius,VII,XIX,CCXXXII
Munarg,XXXVII,III,CXXX,Denarius,VI,I,CCCXXXV
Munarg,XL,V,CXC,Quinarius,VI,XXXI,L
Munarg,XXXVII,III,CLVIII,Quinarius,IV,XXVIII,CLXVII
Murytub,XXXVII,X,CLVII,Quinarius,VI,VII,CCVI
Muniv,XXXV,IV,XXV,Quinarius,VI,V,CCLXXXIV
Muniv,XXXVII,I,XXVIII,Denarius,VI,XIII,DIX
Munarg,XXXVII,V,CXXIV,Quinarius,VIII,XXII,CIV
Munarg,XL,VI,CXXIII,Denarius,II,XI,CCCLXVIII
Munarg,XXXVI,III,CXVI,Quinarius,V,XX,CXXIX
Munarg,XXXVI,II,CXXI,Denarius,V,II,CCCLXXXV
Munarg,XL,XII,CXI,Denarius,III,XVII,CDLXXIV
Murytub,XL,VII,CXIII,Denarius,VI,II,DXLVIII
Munarg,XXXIX,XII,CLXIX,Denarius,VIII,II,CCXXII
Murytub,XXXV,III,CLXXII,Aureus,VII,VI,VIII
Murytub,XXXVI,VI,CLXXIX,Denarius,V,X,DCLX
Muniv,XXXVI,XI,XXVI,Denarius,VIII,XX,DXXV
Murytub,XXXV,VII,CLIX,Aureus,VII,XXIX,IX
Munarg,XXXV,II,CXLVII,Quinarius,VII,V,CLXXVI
Munarg,XXXVI,III,CLXXIII,Quinarius,VII,XXXI,CXXXIII
Muniv,XXXVII,XII,XXV,Denarius,IV,XX,DLXXXVI
Muniv,XXXIX,III,XXX,Denarius,V,VI,DXV
Muniv,XXXVIII,VI,XXVIII,Denarius,V,XI,DLIII
Murytub,XXXVII,VII,CLXXI,Quinarius,IV,II,CCCXLIX
Munarg,XXXIX,X,CXXXIV,Quinarius,VI,II,XLIX
Munarg,XXXVI,IX,CVIII,Denarius,VII,XXVII,CCCXLIV
Murytub,XXXIX,X,CLXXXIII,Quinarius,V,XI,CXV
Murytub,XXXVIII,IX,CXXX,Denarius,V,V,DCXXXVIII
Murytub,XL,XII,CXXIV,Quinarius,IX,XIII,CXIII
Munarg,XXXV,XI,CLXXXIV,Quinarius,III,I,CLXIII
Munarg,XXXV,IX,CLXXXV,Quinarius,IV,XXVII,CC
Murytub,XXXIX,IV,CLXII,Denarius,VIII,XI,DXCIV
Muniv,XXXIX,III,XXV,Aureus,VI,XXIX,V
Murytub,XXXV,XII,CVI,Aureus,VI,XXVI,VIII
Suilis,XXXV,III,XIII,Quinarius,VII,XVI,MCDLXXXII
Munarg,XXXV,II,CXXIX,Denarius,V,XXVII,CCCLXXVII
Murytub,XL,I,CLXVII,Quinarius,VII,XXX,CXLIII
Munarg,XL,V,CXCV,Denarius,VIII,XXVII,CLXXXVI
Munarg,XXXV,XI,CXI,Denarius,V,XXVII,CCCXXVIII
Munarg,XXXVI,II,CXLI,Quinarius,VI,XXVI,CXXXIX
Murytub,XXXVI,X,CXXXII,Denarius,VI,II,DCCVI
Suilis,XL,X,X,Denarius,V,XXVI,MMMDCCXXVI
Murytub,XXXV,II,CLXXVII,Denarius,V,III,DCLXXXVII
Munarg,XXXVIII,IV,CXCVIII,Denarius,VI,III,CCCLII
Muniv,XL,V,XXVI,Denarius,IV,XXV,DXLIII
Munarg,XL,VIII,CXCI,Denarius,VII,IV,CCVI
Munarg,XL,I,CXXXI,Quinarius,VI,XXVI,LIII
Murytub,XXXIX,V,CLIII,Aureus,IV,XVI,VI
Munarg,XXXVIII,II,CXCVI,Denarius,VIII,VII,CCCLXIV
Munarg,XXXV,IX,CII,Denarius,IV,XXVII,CCCXCIV
Murytub,XXXVIII,XI,CXLV,Aureus,VIII,XIX,VI
Murytub,XXXVIII,VII,CXXXIX,Quinarius,VIII,XXVII,CLXXV
Munarg,XXXVII,XI,CLVI,Denarius,V,VIII,CCCVIII
Murytub,XXXV,VI,CLI,Aureus,VI,II,IX
Munarg,XXXV,II,CIV,Denarius,VII,XV,CCCXXIV
Munarg,XL,I,CVII,Quinarius,VII,XXII,XLV
Munarg,XXXIX,III,CXCIV,Denarius,VI,II,CDLVII
Muniv,XL,VI,XXXIV,Quinarius,IX,VII,CXIII
Muniv,XXXVIII,X,XXIV,Aureus,VIII,II,IV
Munarg,XXXVIII,I,CXX,Quinarius,VI,XIII,CXVI
Munarg,XXXV,VI,CLIX,Denarius,VI,XI,CCCLXXI
Munarg,XXXIX,IX,CXLII,Aureus,III,III,IV
Munarg,XL,XII,CXC,Denarius,IX,X,CDLVII
Murytub,XXXVII,X,CX,Denarius,VIII,IV,DCLIX
Muniv,XXXIX,IV,XXXI,Denarius,VI,XVIII,DLXXXIX
Munarg,XXXIX,III,CLVI,Denarius,VIII,X,CCLXI
Muniv,XL,VI,XXXIII,Quinarius,II,XI,CXIX
Munarg,XXXVI,VII,CXCIII,Quinarius,V,XXI,CXXXVIII
Murytub,XXXVII,IV,CLXV,Aureus,I,XXIV,X
Muniv,XXXV,VI,XX,Denarius,VII,VI,DIX
Murytub,XXXVI,IX,CXXXV,Denarius,V,XXVIII,DCXXXV
Murytub,XXXV,VIII,CLXVII,Aureus,IV,IX,IX
Munarg,XXXVIII,II,CXXXVI,Denarius,V,XXVIII,CCLXXVII
Munarg,XXXVI,II,CLXXIV,Denarius,VI,XV,CCCI
Munarg,XXXVIII,V,CLXXIX,Denarius,V,XXXI,CCXXVIII
Munarg,XXXIX,III,CXIV,Quinarius,VIII,IV,LXXXIII
Murytub,XXXVIII,V,CXLII,Denarius,VI,IX,DCXXIII
Murytub,XXXVIII,VIII,CXXXI,Denarius,VII,XV,DCXXIII
Murytub,XXXVI,XII,CLXXXV,Quinarius,X,XIII,CCLVI
Munarg,XXXIX,I,CIII,Denarius,IV,I,CCXL
Murytub,XXXVII,V,CXXXVI,Denarius,III,VIII,CMLXXVIII
Murytub,XXXIX,X,CLXI,Denarius,V,XIV,DCV
Munarg,XXXV,IX,CLX,Quinarius,VI,XX,CLXXXIII
Murytub,XXXV,IV,CIV,Denarius,VI,XXI,DCLII
Munarg,XXXVIII,I,CXCVII,Denarius,VII,II,CCLXVI
Munarg,XL,VIII,CXLVI,Aureus,VII,XVII,I
Muniv,XXXVI,IV,XX,Denarius,IV,X,DXXX
Munarg,XXXV,VIII,CXXXVIII,Quinarius,V,XIX,CLX
Atamora,XXXV,V,VIII,Quinarius,IV,XVI,MCDXI
Munarg,XXXVII,V,CXLIV,Quinarius,VI,XVI,CXXXVII
Atamora,XL,XI,XI,Denarius,III,III,MMMCXXXVI
Murytub,XXXVIII,V,LXXXIII,Denarius,VII,II,DCXX
Munarg,XXXV,I,CXXXVII,Denarius,VIII,II,CCCXLV
Munarg,XXXVI,VI,CLXXXVII,Quinarius,VI,XXII,CLIII
Murytub,XXXVIII,V,CXII,Quinarius,V,XV,CCVI
Murytub,XXXVI,VI,CLXXIII,Denarius,VIII,XXX,DCLXXXI
Suilis,XXXVII,XII,XXXI,Denarius,VI,XXIV,MMMCCCLXXVII
Murytub,XXXVII,III,CLVIII,Denarius,V,II,DCCXX
Suilis,XXXIX,IX,LXIV,Denarius,IV,XXX,MMMDCXL
Muniv,XXXV,XI,XXI,Aureus,III,V,VII
Munarg,XXXV,X,CXCVIII,Denarius,IV,XXI,CCCXXVI
Munarg,XXXVI,XII,CLXXI,Denarius,VII,IV,CCLXV
Murytub,XXXVI,X,CXLVIII,Quinarius,VI,IV,CCLVII
Munarg,XXXVI,X,CLXXVI,Denarius,V,X,CDXXII
Murytub,XXXVI,XI,CLXI,Quinarius,VIII,XVII,CCLXVI
Munarg,XXXIX,X,CXLII,Quinarius,III,XII,LXXXII
Munarg,XXXVIII,IV,CLXXXIV,Aureus,IV,VIII,III
Murytub,XXXVII,V,CLXXXV,Denarius,VI,XIII,CMXXVI
Muniv,XXXVII,X,XX,Quinarius,IV,XXIV,CLXXIX
Murytub,XXXVII,I,CVIII,Denarius,VIII,VIII,DCXXXI
Munarg,XXXVII,III,CLXXXII,Denarius,IX,VI,CDXXX
Muniv,XXXVIII,XI,XXV,Denarius,VIII,X,DI
Munarg,XL,I,CXX,Denarius,VI,XXI,CCXVIII
Murytub,XXXV,II,CVI,Denarius,VII,XXIII,DCLXXVIII
Munarg,XXXIX,VII,CLXXI,Denarius,IV,XXI,CCXLIV
Munarg,XL,IX,CLXVII,Denarius,VI,XXI,CDXXVII
Munarg,XL,I,CLXXXVI,Denarius,VI,XXVI,CXCV
Muniv,XXXVIII,X,XXVI,Quinarius,III,XVII,CLIV
Suilis,XXXVI,X,XIV,Denarius,VI,II,MMMDLVIII
Suilis,XXXIX,VI,XII,Quinarius,II,XXV,CMVII
Munarg,XXXVI,III,CXIII,Quinarius,VII,II,CLVI
Murytub,XXXV,VIII,CXL,Denarius,VIII,XIV,DCXCVIII
Murytub,XXXVIII,IV,CXXX,Denarius,VI,XIII,DCLXV
Munarg,XXXV,IX,CXCV,Quinarius,VII,III,CLXXVIII
Suilis,XXXVII,II,XXXVIII,Denarius,V,XXVIII,MMMDCXCVIII
Munarg,XXXIX,IV,CLIII,Quinarius,VIII,XXIV,LIV
Suilis,XXXVI,V,XLVIII,Denarius,VII,IV,MMMDCIX
Murytub,XXXVIII,XI,CLXXVIII,Denarius,V,XXX,DCXXXVIII
Munarg,XXXVIII,IX,CLIII,Denarius,VII,IV,CCCXCIX
Murytub,XXXVII,I,CLXXVII,Aureus,VI,XXVI,VI
Munarg,XXXVIII,II,CXXIII,Quinarius,VIII,XVII,LXXV
Munarg,XXXVI,XI,CXC,Quinarius,III,X,CXIX
Murytub,XXXVII,X,CLVII,Quinarius,IV,XXIV,CCXXX
Murytub,XL,VI,CLVII,Denarius,V,XVIII,DXV
Muniv,XL,VIII,XXXVI,Denarius,II,IX,CCCLXVII
Munarg,XXXVII,IV,CLXXXVIII,Denarius,VI,XI,CCCXLVII
Muniv,XXXVIII,I,XXXVI,Denarius,IV,XXIV,DCX
Munarg,XXXVI,V,CLXIV,Denarius,VI,XXV,CCLXXII
Murytub,XXXVI,XI,CLXXIV,Denarius,IV,XXII,DCLXXXV
Murytub,XXXVI,I,CCIV,Quinarius,V,XXIX,CCC
Munarg,XXXVI,VII,CLXIX,Denarius,IV,II,CCCXI
Atamora,XXXVIII,VII,XIV,Denarius,IX,XXXI,MMDCLXI
Murytub,XXXVII,III,CLXIX,Quinarius,VII,XXVII,CCXCVII
Murytub,XL,VII,LXVII,Denarius,VI,XXVII,DXL
Munarg,XXXVIII,VIII,CXCV,Quinarius,VII,XXI,CI
Murytub,XXXV,VI,CXLVIII,Quinarius,VII,VI,CCCV
Munarg,XL,XI,CL,Quinarius,VI,X,XXXV
Muniv,XXXV,III,XXVIII,Quinarius,IX,XXIV,CCIX
Murytub,XXXIX,V,CLXII,Denarius,VII,XIX,DXLI
Murytub,XL,I,CLXVII,Denarius,IV,XX,DLXIX
Munarg,XXXIX,VII,CXCII,Denarius,V,XVII,CCXXIII
Atamora,XXXVII,II,VI,Denarius,VI,XII,MMDCCLVII
Murytub,XXXVII,II,CXLVIII,Denarius,VII,VI,DCXXX
Munarg,XXXVI,III,CLI,Denarius,V,XV,CCCXXXI
Munarg,XXXVI,VIII,CXCVII,Quinarius,VII,XII,CXXVIII
Murytub,XXXVI,I,CLI,Denarius,X,III,DCLXXI
Munarg,XXXVI,VIII,CXXX,Denarius,VIII,XVI,CCLXXII
Murytub,XXXVIII,VIII,CXLI,Quinarius,VII,XIX,CLXIV
Murytub,XL,III,CLXXXI,Quinarius,VI,XXVI,CXXII
Munarg,XL,VIII,CXLVI,Quinarius,VI,VII,LXXVII
Murytub,XXXIX,VI,CXLVIII,Aureus,VI,XXIII,VI
Munarg,XXXVIII,I,CXXV,Denarius,V,VI,CCXLI
Munarg,XXXVIII,I,CXLI,Quinarius,VIII,XXVIII,CXIX
Murytub,XXXVII,VIII,CLV,Quinarius,VI,X,CCLXX
Suilis,XXXVI,X,LIX,Aureus,VIII,XXI,XXXVI
Muniv,XXXVIII,X,XXX,Quinarius,VI,V,CXLVIII
Murytub,XXXVIII,X,CXXX,Quinarius,IV,XXIII,CLXXXI
Munarg,XXXVII,VII,CL,Denarius,VII,XXII,CCCXCIX
Murytub,XXXIX,XI,CLXXXIX,Denarius,VIII,XXVI,DXLIII
Murytub,XXXV,IX,CLI,Denarius,VI,XX,DCCXXXIV
Munarg,XXXV,IV,CLXXIX,Denarius,III,XVII,CCCLXXXIII
Murytub,XXXVI,XI,CXXXIII,Denarius,VIII,XX,DCXXIX
Murytub,XXXVIII,VII,CXXXV,Quinarius,IV,XXIX,CLXI
Munarg,XXXIX,III,CXCV,Denarius,VIII,IV,CDII
Murytub,XXXVI,VIII,CXLVIII,Quinarius,V,XX,CCLI
Suilis,XXXVI,V,LI,Denarius,VII,IV,MMMCCXC
Munarg,XXXIX,VIII,CXCI,Quinarius,V,I,CVII
Murytub,XXXV,XII,CLXXXVII,Quinarius,IV,IV,CCCIII
Murytub,XXXIX,I,CXVI,Aureus,VI,IX,V
Munarg,XXXV,V,CLI,Denarius,IX,XXIII,CCCXXXI
Murytub,XXXV,III,CLXIV,Quinarius,IV,XXV,CCCLVIII
Munarg,XXXV,III,CXXII,Quinarius,VII,XX,CLXXVII
Murytub,XXXVII,VII,CXXVII,Aureus,IV,XXVII,IX
Munarg,XXXIX,VII,CXVII,Quinarius,V,XXX,LVII
Munarg,XXXVI,VI,CXIV,Denarius,V,XXVII,CCLXXVI
Suilis,XXXVII,I,LXXI,Denarius,VI,V,MMMDCLXI
Muniv,XXXVIII,III,XXVI,Quinarius,VI,II,CXLIV
Munarg,XXXVI,III,CLXXV,Denarius,V,VI,CCCLXXVIII
Atamora,XXXV,VII,XII,Denarius,VI,XIII,MMCMXL
Munarg,XXXVI,IX,CXXXI,Quinarius,IV,XXIII,CXIII
Murytub,XXXV,I,LXXVI,Quinarius,VI,XXIII,CCCXCIV
Murytub,XL,VIII,CXI,Quinarius,VIII,XXIII,CXXII
Murytub,XXXIX,X,CXXIV,Denarius,VI,XXV,DXCI
Suilis,XXXIX,IV,X,Denarius,V,XII,MMMMVIII
Munarg,XXXVII,X,CXXIV,Quinarius,VII,XXIII,CLV
Suilis,XXXVII,VI,XXII,Aureus,VI,XXIX,XXXIV
Atamora,XXXV,X,X,Quinarius,IV,XXIV,MDCCCLV
Murytub,XXXVI,VI,CLXXXVII,Quinarius,VIII,XIV,CCLXXV
Muniv,XL,VII,XXVI,Denarius,VI,IV,CDLXIV
Muniv,XXXVI,XI,XXII,Denarius,VII,XXVI,DXXXIV
Murytub,XXXVIII,VI,CXVIII,Denarius,VI,XII,DCXXXVII
Munarg,XXXVI,III,CXLII,Quinarius,VI,VIII,CXLV
Murytub,XXXV,III,CXLII,Denarius,IV,XXII,DCLXXXIII
Murytub,XL,IV,CLIV,Denarius,VI,X,DLXX
Muniv,XXXVIII,III,XXIII,Denarius,V,I,DXI
Munarg,XL,XII,CXXIV,Denarius,VII,XXXI,CXCI
Muniv,XL,X,XXVI,Aureus,IX,XXXI,III
Munarg,XXXVIII,III,CLXXII,Quinarius,V,XIV,CXXI
Suilis,XXXVI,XII,XX,Denarius,VII,IV,MMMCDLVIII
Murytub,XL,VIII,CXXVI,Denarius,VI,XXVIII,DXXXVIII
Murytub,XXXVIII,VII,CLXXXII,Quinarius,VI,XX,CLXXVII
Munarg,XL,I,CLXXIII,Denarius,VII,XV,CCCLXX
Murytub,XXXVI,I,CVIII,Denarius,XI,X,DCLXII
Murytub,XXXVIII,XI,CXCV,Denarius,IV,XV,DLXXXVII
Murytub,XXXIX,IV,CC,Quinarius,VI,VIII,CXXX
Munarg,XXXVI,IX,CI,Denarius,VI,VIII,CCCXLVI
Munarg,XXXVIII,XII,CXII,Denarius,VI,XXI,CCXVIII
Murytub,XXXVIII,XII,CLXXV,Denarius,IV,XIX,DCXXIV
Murytub,XXXVIII,XI,CXXXIV,Denarius,VII,XII,DC
Muniv,XL,XII,XVIII,Denarius,VI,XXV,DLX
Murytub,XXXVI,II,CLXIV,Aureus,IV,XXVII,VIII
Munarg,XXXVII,V,CXII,Denarius,IV,XXX,CCCLV
Murytub,XXXVIII,III,CXLIV,Quinarius,VIII,XXXI,CLXXIV
Murytub,XL,VI,CXXXI,Denarius,IV,IX,DXXXIV
Murytub,XL,IX,CXXXVII,Denarius,VI,VII,DLIII
Muniv,XXXV,VI,XXV,Denarius,VIII,XVIII,CDXCIX
Muniv,XXXVIII,IV,XXII,Denarius,VII,I,DXIX
Munarg,XXXV,VII,CXCII,Denarius,VI,XIII,CCCLXXVII
Murytub,XXXVI,IV,CXXVI,Quinarius,II,VIII,CCXCIX
Munarg,XL,VI,CLI,Aureus,IV,XX,II
Muniv,XXXVII,VII,XXIII,Denarius,VI,I,CDVIII
Muniv,XL,XI,XXI,Quinarius,IX,XXIV,CXXI
Murytub,XXXVII,X,CXXIV,Denarius,IX,XI,DCXLVI
Murytub,XXXVII,VI,CXXVI,Denarius,VI,XXIX,CMLI
Munarg,XL,VII,CLXXXVII,Quinarius,VII,X,XCVII
Munarg,XXXV,V,CLIX,Denarius,V,I,CCCIV
Munarg,XXXVII,IX,CXXI,Aureus,VII,XXI,II
Muniv,XXXVI,IX,XXVII,Quinarius,VI,XIX,CLXXVIII
Murytub,XXXVIII,X,CLXIII,Denarius,IV,X,DCIV
Murytub,XXXVIII,I,CLXXXIV,Denarius,III,XXI,DCLII
Murytub,XXXVII,VI,CLXXIV,Aureus,V,XXX,IX
Murytub,XXXVIII,I,CLXI,Quinarius,VII,XXII,CC
Suilis,XXXVII,VIII,XXI,Denarius,V,XXVI,MMMDXCIII
Atamora,XXXVIII,IV,XI,Denarius,III,XVII,MMMXLII
Suilis,XXXV,II,XIII,Denarius,VIII,VIII,MMMCCCLXXIX
Suilis,XXXIX,VI,XVI,Quinarius,III,XXX,CMXXII
Muniv,XXXVI,III,XXIV,Denarius,IV,XVI,DXXIX
Murytub,XXXVII,III,CLVIII,Denarius,VII,XXVII,DCLXXIV
Murytub,XL,X,CLXXIX,Denarius,V,XXVIII,DXXX
Munarg,XXXVI,IV,CXCI,Quinarius,VII,III,CXLIX
Suilis,XXXVII,I,XXX,Denarius,IV,XXVII,MMMCDX
Munarg,XXXV,XII,CIII,Quinarius,VI,XVI,CLIII
Murytub,XXXVIII,XI,CLXVII,Denarius,IV,XXI,DCX
Munarg,XXXVIII,XI,CXLII,Denarius,V,IX,CCLXXXIV
Suilis,XXXVII,I,XXXVI,Denarius,VIII,IX,MMMCCCXXIX
Muniv,XXXVIII,VI,XXIV,Denarius,VII,XX,DXXI
Muniv,XXXIX,XI,XXIV,Denarius,VII,XXX,DXVII
Suilis,XXXVIII,II,L,Denarius,IV,V,MMMCDLXXX
Murytub,XXXVIII,XI,CXXVI,Denarius,VII,XII,DCII
Munarg,XXXIX,IX,CXX,Quinarius,X,XII,LVI
Munarg,XXXVII,III,CLII,Quinarius,VI,I,CXIV
Murytub,XXXVI,VIII,CLVIII,Quinarius,VI,VI,CCLIV
Munarg,XXXVIII,V,CIX,Denarius,V,XXVII,CCLXXIII
Munarg,XXXV,V,CIX,Quinarius,VII,III,CXCIX
Muniv,XXXVIII,II,XX,Denarius,IV,XXV,DLIX
Munarg,XXXVII,X,CXC,Denarius,V,XV,CCLXI
Munarg,XXXV,I,CXLVII,Denarius,III,XXII,CCCV
Muniv,XXXVII,VI,XX,Denarius,VII,XIII,DXXV
Muniv,XXXVIII,III,XXIX,Denarius,X,XXVII,CDXXXV
Murytub,XXXVI,XII,CLXXXI,Quinarius,IV,XVII,CCXLVII
Munarg,XXXVI,II,CLXXVIII,Denarius,V,XXVIII,CCXCIII
Suilis,XXXIX,VII,XXII,Denarius,VII,III,MMMDXCI
Suilis,XXXVI,VIII,XXV,Denarius,VII,I,MMMDXLV
Munarg,XL,IV,CXXIII,Quinarius,VII,VII,XCII
Munarg,XXXVI,X,CLXXII,Denarius,VIII,XXI,CCCIV
Suilis,XL,VIII,XXXII,Denarius,VII,I,MMMCMLVIII
Munarg,XL,XI,CXXXIV,Aureus,V,XXIII,II
Murytub,XL,VI,CLXII,Denarius,III,I,DXCVIII
Muniv,XXXVII,VII,XXIX,Denarius,IV,II,DXL
Munarg,XXXIX,III,CX,Quinarius,V,VII,XLIX
Munarg,XXXV,VIII,CXLIII,Denarius,IX,XVIII,CCCVI
Suilis,XL,VI,XXII,Denarius,VI,XXII,MMMDCCXL
Munarg,XXXVII,IV,CLXIII,Denarius,VII,XXVIII,CCCXXVI
Munarg,XL,VII,CLXIX,Denarius,VI,XXV,CDXXXIV
Munarg,XXXIX,IX,CLXXVII,Quinarius,V,XIX,XLIII
Munarg,XXXVIII,X,CXCV,Denarius,IV,XXVIII,CCCLXXXIX
Murytub,XXXIX,XI,CXLI,Denarius,III,XVI,DXCIX
Munarg,XL,I,C,Denarius,VII,XXII,CCXLIX
Munarg,XXXVII,XII,CXII,Quinarius,IV,II,CXXXIX
Munarg,XXXVIII,VI,CLXXXIII,Denarius,VI,XXVII,CCXXXIX
Murytub,XXXVII,X,CXLIV,Quinarius,VII,XXV,CCXX
Muniv,XXXVIII,X,XVII,Quinarius,VII,IV,CXXXV
Muniv,XXXIX,II,XXIV,Denarius,III,III,DXXX
Murytub,XXXV,II,CXIII,Quinarius,VIII,XXV,CCCXLVI
Murytub,XXXVII,V,CXXII,Denarius,VII,IV,CMXXXIX
Murytub,XXXV,X,CLXXIII,Denarius,IV,VIII,DCLIII
Muniv,XXXVIII,IV,XVII,Quinarius,VII,XVIII,CLXXXII
Munarg,XXXVIII,VI,CLXXVI,Denarius,VII,VI,CCLIV
Muniv,XXXVIII,VII,XXXIII,Denarius,IV,XI,CDLIII
Munarg,XXXV,VII,CXLIV,Denarius,IV,XXIII,CCXCIX
Munarg,XXXVII,I,CLXXXI,Denarius,VI,XIII,CDIX
Munarg,XXXVII,IV,CXI,Denarius,VI,XVI,CCCLXXIV
Murytub,XXXVI,VII,CLXI,Denarius,VI,XV,DCLII
Murytub,XL,IX,XC,Denarius,VII,XXVII,DLIV
Munarg,XXXIX,XI,CXCIX,Denarius,III,XVI,CDLXII
Muniv,XXXV,VII,XXVII,Quinarius,VI,XVII,CCLXII
Munarg,XXXIX,II,CLVII,Aureus,VII,XXVII,IV
Munarg,XXXVII,VI,CXVI,Denarius,VI,XXIII,CDXVIII
Murytub,XL,X,CXXIV,Denarius,V,XXIII,DLXVI
Suilis,XXXVIII,I,XXIV,Denarius,VIII,XXVIII,MMMDCCCXXIII
Muniv,XL,XI,XVII,Aureus,VII,XIX,IV
Muniv,XL,IX,XXII,Quinarius,V,XII,LXXXV
Murytub,XXXIX,III,CLXXIII,Quinarius,VIII,XVII,CXXII
Murytub,XL,VII,CXXXV,Aureus,V,XVII,V
Murytub,XXXVIII,X,CXLII,Denarius,V,XX,DXCIX
Muniv,XXXVII,IX,XVIII,Denarius,V,II,CDXXXVII
Munarg,XXXVII,VII,CVI,Quinarius,VII,XII,XCIX
Munarg,XL,I,CXCIX,Quinarius,VII,XI,LII
Muniv,XXXVIII,VIII,XXX,Denarius,VII,XVIII,CDLII
Suilis,XXXVI,IX,XI,Denarius,VIII,XIII,MMMCCCLIX
Suilis,XL,II,XX,Denarius,VI,X,MMMMCX
Atamora,XXXVI,XI,XII,Denarius,III,VII,MMMCDLVIII
Munarg,XXXVI,I,CXX,Quinarius,IV,XIV,CLXII
Murytub,XXXVIII,VII,CXLIX,Quinarius,VI,II,CLXXXVI
Murytub,XXXV,VI,CLXXXI,Quinarius,I,III,CCCIV
Murytub,XXXVI,I,CXXXIX,Quinarius,VI,I,CCCXX
Murytub,XXXV,VIII,CXXX,Denarius,IX,XVIII,DCXCV
Munarg,XL,XI,CXXXVIII,Aureus,V,XXV,IV
Munarg,XXXV,VIII,CVIII,Denarius,IV,XXIV,CCCLXXXVIII
Munarg,XXXVIII,IV,CXCI,Denarius,VII,XI,CCLI
Murytub,XXXVI,VI,CLXXIII,Denarius,VI,XXII,DCLVI
Munarg,XXXVI,V,CXVIII,Denarius,III,X,CCCXXXVII
Munarg,XXXVII,III,CXLV,Quinarius,V,II,CLVIII
Murytub,XXXVII,VIII,CLXIV,Aureus,VII,V,VI
Suilis,XL,III,XVI,Aureus,V,XIV,XXXV
Muniv,XXXVI,III,XXVI,Quinarius,VIII,XXVII,CCXLIII
Munarg,XXXIX,VII,CLXVIII,Denarius,V,VI,CDXXXII
Munarg,XXXVIII,X,CLX,Aureus,VII,IV,II
Munarg,XXXVI,I,CLIX,Quinarius,IV,VII,CXLIX
Munarg,XL,IX,CLXII,Denarius,V,XXIII,CD
Munarg,XXXIX,II,CLXXI,Denarius,VII,XXVII,CCXLIII
Munarg,XXXVIII,I,CXCVII,Quinarius,V,V,LXXXI
Muniv,XXXVIII,II,XIX,Quinarius,V,XII,CXIX
Munarg,XXXIX,IX,CLXXXV,Denarius,IX,XXIV,CCCLXXIX
Munarg,XXXVIII,XI,CXC,Denarius,VIII,XIX,CCCLXVII
Munarg,XXXVI,XII,CXXI,Quinarius,VI,I,CLXIV
Muniv,XXXV,VII,XXXVI,Quinarius,V,IV,CCLXXV
Murytub,XXXIX,XII,CXXVII,Quinarius,IV,XVIII,CXXIV
Murytub,XXXVI,VI,CL,Denarius,VII,VII,DCLIV
Muniv,XXXV,IV,XVIII,Aureus,VI,XXIX,VII
Murytub,XXXV,IV,CLIII,Denarius,VI,V,DCXXXVII
Murytub,XXXVI,IX,CLIII,Denarius,V,XXVIII,DCLXXIV
Atamora,XXXIX,X,XII,Quinarius,VIII,XXIX,DCXXXIII
Murytub,XL,III,CL,Quinarius,VII,XXIV,CXVIII
Muniv,XXXVI,III,XXVIII,Denarius,VII,XXXI,CDLXXXV
Munarg,XXXVII,IX,CXXVI,Aureus,VII,X,III
Murytub,XXXVII,V,CLXVIII,Quinarius,VI,XVI,CCCLXXVII
Murytub,XL,IV,CLIII,Quinarius,VI,XXVII,CXVIII
Munarg,XXXVII,IX,CXXXVI,Denarius,VI,XXIV,CCCXXXIX
Suilis,XL,VI,XVI,Quinarius,VIII,XXIV,DCCCLXXII
Munarg,XXXVI,VI,CLXIV,Denarius,VIII,VI,CCCLIII
Muniv,XXXV,IV,XXII,Aureus,IV,VI,VI
Munarg,XXXIX,III,CLXV,Denarius,V,IX,CCLXIII
Murytub,XXXV,V,CXLVI,Denarius,IV,XII,DCXCVIII
Muniv,XXXIX,I,XVI,Denarius,V,XXVII,CDLXXXIV
Atamora,XXXV,VIII,X,Denarius,VII,XVI,MMDCCLXXX
Munarg,XXXVII,V,CL,Denarius,VI,XVI,CCCLXXIX
Munarg,XXXIX,XII,CLXV,Denarius,IV,XVIII,CCCLXXV
Munarg,XXXV,VII,CLV,Denarius,VII,III,CCCLIX
Munarg,XXXVIII,X,CXCIX,Aureus,V,XVIII,II
Muniv,XXXIX,IV,XXIX,Denarius,VII,XXI,DLXXVIII
Munarg,XXXVII,I,CLVIII,Denarius,V,VII,CCCXXX
Munarg,XL,VII,CLXXIV,Denarius,V,XVI,CDII
Munarg,XXXVI,VII,CLXXXIX,Denarius,IV,V,CCCXXXI
Murytub,XL,VI,CLI,Denarius,VII,XV,DXLI
Munarg,XXXV,IX,CLXVIII,Denarius,IX,X,CCCXXXIII
Murytub,XXXIX,I,CLXVI,Denarius,VIII,XXIX,DLXXII
Atamora,XXXVI,V,XI,Denarius,IX,I,MMDCLIII
Muniv,XXXIX,III,XXIII,Denarius,VI,XXVIII,CDLXVIII
Munarg,XXXVII,IX,CXCIV,Denarius,VI,XVI,CCLXIV
Munarg,XXXIX,IV,CXXVI,Quinarius,VI,XVIII,XCVII
Muniv,XXXIX,V,XXVI,Aureus,VII,V,V
Muniv,XL,V,XVII,Denarius,IV,XXII,CDLXIX
Muniv,XXXVII,III,XXII,Denarius,IV,XXV,CDLXXXVI
Murytub,XL,I,CXXVIII,Quinarius,VII,XIX,CXXXII
Suilis,XXXVI,XII,XXVI,Denarius,X,XIII,MMMCCLXXXI
Munarg,XXXV,VIII,CLX,Quinarius,VI,XXI,CXLI
Muniv,XXXVIII,VIII,XXXII,Aureus,V,IV,V
Murytub,XXXVI,IX,CXVII,Denarius,VI,III,DCXVIII
Munarg,XXXVIII,IX,CLXIX,Denarius,VII,XVIII,CCXXXVIII
Murytub,XL,VII,CXLVII,Quinarius,VIII,XIV,CXX
Munarg,XXXVIII,II,CXXX,Denarius,VIII,XI,CCLVII
Munarg,XXXVI,II,CVII,Denarius,IX,IX,CCCLXXVI
Munarg,XXXVI,IV,CXLVI,Quinarius,III,XXIV,CLXI
Munarg,XL,VIII,CXXVII,Denarius,VI,VII,CCCLXXXVII
Murytub,XXXVI,V,CLIV,Denarius,IV,XXIX,DCXIII
Atamora,XXXVI,XI,XII,Denarius,IV,VI,MMMLXX
Munarg,XXXVI,V,CXCIV,Denarius,VI,XIII,CCCLVI
Munarg,XXXVI,X,CLIX,Quinarius,VI,VIII,CXXXI
Munarg,XL,XI,CLXXI,Denarius,VII,XIII,CCX
Munarg,XXXV,I,CL,Denarius,III,III,CCCXIV
Munarg,XXXVII,IV,CLX,Aureus,VII,XXVI,III
Munarg,XXXVIII,I,CXCVI,Quinarius,VI,XXVII,LXXXVII
Murytub,XXXVII,I,CLVIII,Denarius,VIII,VIII,DCLXXXV
Muniv,XXXV,IV,XXIV,Denarius,VII,XIV,CDLX
Munarg,XXXIX,IV,CLXXVI,Denarius,V,XVII,CDXXX
Murytub,XXXVII,V,CXXXV,Quinarius,IV,XXX,CCCLIV
Munarg,XXXVII,V,CLXXI,Denarius,V,XXIV,CCXLVII
Muniv,XXXVI,VI,XXV,Denarius,VIII,XXX,CDLXXXI
Suilis,XL,I,XI,Denarius,VII,VI,MMMMCXXVIII
Munarg,XXXV,V,CLXVIII,Quinarius,VIII,XXII,CLXXXIV
Munarg,XL,VI,CLXVII,Aureus,VI,X,II
Murytub,XXXIX,II,CLXXV,Aureus,VI,VII,V
Murytub,XXXVI,V,CLXXVIII,Denarius,V,XXIII,DCLXXXI
Munarg,XXXV,VI,CLXXXVII,Denarius,I,III,CCCLVI
Munarg,XXXVI,IX,CLXXV,Denarius,VI,XXII,CCCXXXI
Munarg,XXXVI,II,CXCIII,Denarius,V,VIII,CCCLXVII
Muniv,XXXV,IX,XXIII,Quinarius,VII,III,CCLXXVI
Murytub,XXXVIII,X,CXCVII,Quinarius,VI,V,CLXV
Munarg,XXXVI,II,CXLVII,Quinarius,V,XIX,CXC
Murytub,XXXIX,X,CLXXXIX,Aureus,VIII,X,V
Munarg,XXXV,III,CXXI,Denarius,IV,XXII,CCCXX
Munarg,XL,VIII,CXIII,Quinarius,VI,XVI,XLII
Suilis,XL,VII,XXIV,Denarius,VII,VIII,MMMDCCCLXXXIV
Muniv,XXXVI,III,XXVIII,Denarius,V,XXIII,CDLVII
Suilis,XXXIX,I,X,Denarius,IV,XVI,MMMCMLIII
Murytub,XL,IX,CLIV,Quinarius,IX,XI,CXVIII
Munarg,XXXVII,XI,CXXII,Quinarius,IV,II,CLVII
Munarg,XXXVIII,IX,CXV,Denarius,VII,I,CCCLXX
Muniv,XXXIX,V,XVIII,Denarius,VI,IV,CD
Munarg,XXXVII,I,CLV,Denarius,VI,V,CCCLXXVI
Murytub,XXXVII,VIII,CIV,Denarius,VIII,XVI,DCXXXIX
Munarg,XL,III,CXLIX,Denarius,VI,XI,CLXXXVIII
Munarg,XXXV,I,CXXXIX,Denarius,VI,XXI,CCCIX
Murytub,XXXVI,VIII,CCV,Denarius,II,XXV,DCLXXXII
Murytub,XXXVII,IX,CLXXVI,Denarius,VII,XXI,DCLXXIV
Muniv,XXXV,XII,XXIV,Denarius,IV,XXVIII,CDXVII
Munarg,XL,XII,CXXI,Quinarius,VI,XXIX,XXXV
Suilis,XXXVI,I,XVII,Denarius,VII,XXIV,MMMCXXXIV
Murytub,XL,II,CXLIX,Quinarius,IV,XI,CXXXI
Munarg,XXXIX,IX,CXXXIX,Quinarius,III,III,XCV
Munarg,XXXVII,VIII,CVI,Denarius,IV,VIII,CDI
Murytub,XL,XI,CXXIII,Quinarius,IV,VIII,CXV
Murytub,XXXVI,II,CXLVIII,Denarius,VI,XX,DCII
Muniv,XXXVIII,III,XXIII,Denarius,VI,IX,CDXCIX
Murytub,XXXVII,V,CXLII,Aureus,VII,XXI,X
Murytub,XXXVII,IX,CLXXXVIII,Quinarius,IV,XXVII,CCXL
Munarg,XXXV,VI,CXXIV,Denarius,VI,XII,CCCLX
Muniv,XXXIX,I,XXXIV,Quinarius,VIII,II,CXV
Muniv,XXXIX,XII,XXIII,Quinarius,V,XXX,CXLV
Munarg,XXXV,XII,CII,Denarius,VI,XI,CCCXXIV
Murytub,XXXVII,I,C,Quinarius,VI,XIII,CCLII
Murytub,XXXVI,I,CLXV,Denarius,IV,XXVI,DCLXXXII
Munarg,XXXVII,VII,CLI,Denarius,VI,IX,CCCXXIII
Munarg,XXXVII,II,CLXXIX,Denarius,VIII,XIX,CCCXXXIII
Muniv,XXXVIII,X,XVIII,Denarius,V,XX,CDXCIV
Murytub,XXXVI,IV,CXLVI,Aureus,III,XXVI,VIII
Munarg,XXXVII,VI,CX,Denarius,VI,XXIX,CCXCVII
Muniv,XXXVI,V,XXVI,Quinarius,VII,VII,CCXI
Murytub,XL,X,CLXX,Quinarius,VI,II,CVIII
Suilis,XXXVII,IX,XXIII,Denarius,VII,VI,MMMDCLXXVI
Murytub,XXXVII,VIII,CLVII,Aureus,IV,XIX,VI
Atamora,XXXVI,IV,X,Aureus,III,XXIII,XXXIX
Murytub,XXXV,IV,CXXII,Denarius,V,I,DCCXXXVIII
Suilis,XXXVIII,IX,XVII,Denarius,V,XII,MMMCMX
Munarg,XXXVIII,VI,CXVIII,Denarius,VII,II,CCXCII
Murytub,XXXVII,II,CLXXVI,Denarius,VI,X,DCXCVII
Murytub,XXXVI,XII,CLXV,Denarius,V,XXVIII,DCLVI
Murytub,XL,IV,XCII,Denarius,VI,XXVII,DLXIX
Munarg,XXXV,X,CXCIX,Denarius,VII,XXV,CCCXXXII
Murytub,XXXVI,XI,XCIV,Quinarius,VIII,XXIX,CCLXI
Munarg,XXXVII,VI,CXXIV,Aureus,VII,VII,III
Murytub,XL,IV,CLIV,Quinarius,V,XXVI,CXII
Munarg,XL,IV,CXCV,Quinarius,V,XXVIII,LXXXVI
Munarg,XL,III,CXV,Denarius,VII,XXVII,CXC
Munarg,XXXVII,VI,CXXXIII,Denarius,V,XXVIII,CCLXXXII
Murytub,XXXVII,XI,CLV,Aureus,IX,XVI,VII
Munarg,XXXVIII,VIII,CLIX,Quinarius,VI,XXII,LXIII
Muniv,XXXVI,V,XXIV,Denarius,VII,XXI,CDIII
Suilis,XL,IX,XII,Quinarius,IX,XI,DCCCLXXV
Munarg,XXXVI,X,CLX,Quinarius,VI,VI,CXIII
Munarg,XXXVIII,VI,CL,Quinarius,VI,XXV,LXXXVIII
Muniv,XXXVI,IV,XXX,Denarius,IV,VI,CDXXIX
Murytub,XXXIX,VI,CLXXXI,Denarius,V,XVII,DLI
Murytub,XXXVII,VIII,CLIV,Denarius,VIII,I,DCCII
Muniv,XXXVII,X,XXIII,Denarius,VI,XXXI,CDXLIII
Muniv,XXXV,IV,XXVI,Denarius,VII,XV,DLXXXVII
Munarg,XXXVII,X,CLXXX,Denarius,IV,XXVIII,CCCXXX
Munarg,XXXIX,XI,CLXXXII,Quinarius,V,II,XLIX
Munarg,XXXIX,VI,CLIII,Denarius,V,XII,CCXXXIV
Murytub,XXXVIII,III,CLXXXIV,Quinarius,VI,II,CLXXXIV
Munarg,XL,XI,CLXVII,Denarius,VI,XI,CLXXXV
Muniv,XXXV,XII,XX,Denarius,VI,VI,DXXX
Muniv,XXXVIII,XII,XXV,Denarius,IV,XIX,DXCIII
Munarg,XL,I,CXVI,Quinarius,V,XXIX,LX
Munarg,XL,II,CLXXXV,Denarius,VIII,XIII,CDLXXII
Muniv,XXXVII,IV,XV,Aureus,VI,XIV,VI
Atamora,XXXVII,II,XI,Denarius,VIII,XXVI,MMMCCXC
Munarg,XXXVI,VIII,CLXXVII,Denarius,IV,IX,CCCXLVIII
Muniv,XXXVII,I,XXX,Denarius,VII,XVII,DXIX
Munarg,XXXVIII,VIII,CXCI,Denarius,VI,XXVI,CDXL
Suilis,XXXV,VIII,XXIX,Denarius,V,XXVIII,MMMXCIII
Muniv,XXXV,VIII,XXIII,Denarius,V,XXII,CDXVI
Muniv,XXXVIII,IX,XXVIII,Denarius,VI,IX,CDLXXIII
Murytub,XXXVII,IX,CXC,Quinarius,VI,IX,CCLXII
Murytub,XL,V,CXII,Quinarius,VI,XV,CIX
Murytub,XXXVI,I,CLXXVIII,Denarius,IV,XXX,DCLXIII
Muniv,XXXVII,I,XXVIII,Denarius,III,XIX,DXLIV
Munarg,XXXIX,VI,CXLVI,Denarius,VI,XXIII,CCXVI
Munarg,XL,II,CLXVI,Quinarius,VII,VII,LXXXVIII
Atamora,XXXV,II,XII,Quinarius,V,XX,MDCLV
Murytub,XXXIX,IV,CLXXIV,Quinarius,VII,II,CXXXVII
Munarg,XXXVII,VI,CL,Denarius,V,XXVIII,CCCXLI
Muniv,XXXVIII,II,XVIII,Aureus,V,XXIII,V
Munarg,XXXV,VIII,CXIII,Denarius,V,XV,CCCL
Murytub,XXXVI,IV,XCV,Denarius,III,XXVI,DCLXXVII
Munarg,XXXVII,III,CLXXIX,Denarius,VI,XVII,CCLXXI
Munarg,XL,VI,CXVIII,Denarius,V,XVIII,CCCXCVIII
Munarg,XXXVI,X,CXX,Quinarius,VIII,XXI,CXL
Munarg,XXXVII,II,CLXXIX,Denarius,V,III,CCCXIV
Munarg,XXXIX,VI,CXCIII,Denarius,V,XXVIII,CCXL
Muniv,XXXIX,X,XXVI,Aureus,V,XIV,IV
Munarg,XXXVI,VI,CXCII,Quinarius,III,XXVIII,CLXXII
Munarg,XXXVII,X,CLXV,Quinarius,IV,XXIV,XCII
Munarg,XXXIX,I,CXXXIX,Denarius,VII,XXVI,CDXXXII
Murytub,XXXVIII,VI,CXLIX,Denarius,IV,XIV,DXCVII
Murytub,XXXVI,IX,LXI,Denarius,VI,II,DCLXX
Muniv,XXXVII,VII,XXIV,Quinarius,VIII,XXXI,CLXXIII
Munarg,XL,VII,CXXI,Denarius,VI,II,CDXLIX
Munarg,XXXVIII,IV,CIV,Quinarius,V,XXX,LXXVII
Atamora,XXXIX,VIII,X,Denarius,IX,XXXI,MMDCCCLXXXVI
Munarg,XXXIX,V,CXXI,Aureus,VI,XXVII,II
Munarg,XXXIX,VIII,CLX,Denarius,VII,VI,CCLII
Murytub,XXXVIII,II,CLXXVII,Quinarius,VII,XXVI,CLXXXII
Murytub,XXXVI,X,CXXXVII,Denarius,II,V,DCLXI
Munarg,XXXIX,XII,CXLI,Denarius,IV,XVIII,CXCIII
Munarg,XXXV,V,CLXII,Quinarius,IX,XXX,CLXII
Murytub,XXXVII,II,CXI,Denarius,VIII,XIX,DCCXLI
Murytub,XL,XII,CCIX,Denarius,V,XXVIII,DXXIV
Muniv,XXXVI,IV,XXVIII,Quinarius,VIII,XXX,CCXXXIII
Murytub,XXXIX,IV,CLXXV,Denarius,II,IV,DLXXVII
Munarg,XXXVII,XII,CLVIII,Quinarius,VII,I,LXXVIII
Murytub,XXXVI,XII,CXLVII,Quinarius,VI,X,CCLX
Murytub,XXXVI,XII,CLXI,Denarius,VII,IX,DCXCII
Munarg,XXXVI,XI,CX,Denarius,VIII,XX,CDXXVI
Murytub,XXXVI,I,CLXV,Denarius,IX,XXXI,DCLXXVIII
Muniv,XXXVII,II,XXXI,Quinarius,VI,IV,CCII
Murytub,XXXVII,IX,CLXXI,Denarius,VII,XIX,DCXI
Muniv,XXXVI,VIII,XX,Denarius,V,V,DI
Murytub,XL,VI,CLXIII,Quinarius,VIII,XXI,CXXVII
Muniv,XL,IV,XXIII,Denarius,VII,VIII,CDLXXIII
Murytub,XXXV,VIII,CXXXII,Denarius,IX,II,DCLXXVIII
Murytub,XXXVII,IX,CLXXV,Quinarius,VI,XXII,CCLXIII
Munarg,XXXVI,XII,CLIII,Denarius,VI,I,CCCXI
Muniv,XXXVIII,II,XXVII,Quinarius,IX,II,CXLIII
Murytub,XXXVI,V,CXCV,Denarius,IV,XI,DCXXIV
Murytub,XXXVII,II,CLXI,Denarius,II,XXII,DCLXXIII
Munarg,XL,III,CLXIII,Quinarius,VI,XXX,LXXXI
Muniv,XXXVII,V,XIX,Quinarius,III,VI,CLXXXV
Munarg,XXXVI,X,CLXIV,Denarius,VII,XVI,CCCLXXXVII
Munarg,XXXV,VIII,CXCII,Quinarius,VI,XII,CLIX
Muniv,XXXIX,XII,XXI,Denarius,VIII,II,CDL
Murytub,XXXVI,XII,CXLVIII,Denarius,X,XIII,DCLXIV
Munarg,XXXVI,IX,CXXXIII,Quinarius,VI,XXIV,CXL
Munarg,XXXVI,I,CXXI,Denarius,IV,VII,CCCXI
Atamora,XXXVI,IV,VIII,Quinarius,IV,X,MCCCLII
Murytub,XXXIX,III,CLXXVI,Quinarius,VI,XVI,CXXX
Munarg,XXXV,VII,CXII,Aureus,VI,XXVIII,V
Murytub,XXXVII,XI,CLXXIX,Denarius,IX,XXIX,DLXXXIX
Murytub,XXXV,IV,CLXV,Denarius,VIII,XXVIII,DCCXXV
Murytub,XXXVII,VI,CXIV,Quinarius,III,XXV,CCCXLIX
Munarg,XXXVIII,V,CII,Denarius,V,VI,CCCXCVI
Suilis,XXXV,V,LVII,Denarius,VIII,XXII,MMMCXIII
Murytub,XXXV,III,CV,Quinarius,IV,VIII,CCCXXV
Murytub,XXXV,II,CXXX,Quinarius,V,III,CCCLXII
Muniv,XL,VI,XXXI,Denarius,II,XI,DCIX
Munarg,XXXVI,IX,CXXVIII,Quinarius,VI,XIX,CLXVIII
Munarg,XXXVII,X,CXXXV,Quinarius,IV,XXX,CXXX
Murytub,XXXVI,V,CLXI,Quinarius,V,XVIII,CCCI
Munarg,XXXIX,X,CXCIX,Denarius,VI,XVII,CCCXC
Murytub,XXXVIII,IV,CXXXIV,Quinarius,V,IV,CLXXXVII
Murytub,XXXVII,XII,CXXIX,Denarius,VIII,VI,DLXXI
Munarg,XXXV,IV,CXXXIII,Denarius,IV,VI,CCCLXXV
Muniv,XXXVII,V,XXII,Denarius,VIII,XXII,CDLXXXIV
Murytub,XXXVII,X,CI,Denarius,VI,XXVI,DLXXXVIII
Munarg,XXXV,III,CL,Denarius,VI,XVIII,CCCLXX
Murytub,XL,VII,CXXXIX,Denarius,VI,III,DLIV
Murytub,XXXV,V,CLXVI,Denarius,IV,XX,DCCXXVIII
Munarg,XXXVI,X,CXXXIII,Quinarius,VI,XIX,CXXXIII
Munarg,XXXVI,VI,CLIII,Quinarius,VII,XXIX,CLXVIII
Murytub,XXXVIII,XI,CXIII,Quinarius,VI,XVII,CLVIII
Munarg,XL,VIII,CXXXV,Aureus,VI,XII,II
Munarg,XXXV,VII,CVI,Quinarius,VII,III,CLIV
Muniv,XXXVI,IV,XXV,Denarius,VII,XVI,CDXCII
Murytub,XXXIX,VII,CVIII,Quinarius,VI,XV,CXLIII
Munarg,XXXIX,XII,CLXXXVII,Quinarius,VI,X,LVII
Murytub,XXXVI,IV,CXLIX,Aureus,IV,VI,VII
Murytub,XXXV,IV,CVIII,Denarius,VI,XI,DCXCIX
Muniv,XXXIX,III,XVII,Quinarius,VIII,XXV,CXIX
Murytub,XXXIX,II,CLXIX,Denarius,VI,XV,DLIX
Munarg,XXXIX,VI,C,Denarius,IV,XXVI,CCLXVI
Muniv,XXXVII,IX,XXXVII,Aureus,V,XXVIII,V
Munarg,XXXVI,VII,CXXX,Denarius,V,VIII,CCCXLVI
Muniv,XXXVII,II,XXIII,Quinarius,VI,V,CCXL
Murytub,XXXVII,XI,CLXIX,Aureus,VIII,XIX,VI
Murytub,XXXVIII,IV,CLXII,Denarius,IV,VIII,DLXXXVI
Munarg,XXXVII,V,CXCIV,Quinarius,IV,XXX,CXII
Muniv,XXXVII,I,XVII,Quinarius,VI,XI,CLXX
Munarg,XXXVI,IV,CVII,Denarius,II,VIII,CCCXXXVIII
Muniv,XXXVI,XI,XXXI,Denarius,VI,XXVIII,CDLXXXVI
Murytub,XL,IX,CLXXIX,Denarius,V,XVI,DLII
Murytub,XXXV,IX,CLVI,Denarius,VIII,XV,DCXVII
Munarg,XXXIX,X,CLXXXIX,Denarius,VI,II,CDII
Murytub,XXXVIII,IX,C,Quinarius,II,VIII,CLIV
Atamora,XXXVIII,VI,XVII,Denarius,VII,XXII,MMCCLX
Murytub,XXXIX,I,CLXX,Denarius,IV,I,DXCVII
Munarg,XXXIX,I,CXC,Quinarius,IX,XXVIII,LXII
Murytub,XXXVI,VIII,CLII,Denarius,VI,XXI,DCXLVI
Murytub,XXXV,XII,CCXXI,Denarius,V,II,DCXCIII
Muniv,XXXVIII,XI,XXIV,Denarius,III,XXV,DVII
Murytub,XXXIX,I,CLXXXII,Quinarius,IV,XIII,CXLII
Murytub,XXXV,XII,CLXXXVI,Denarius,VII,XIII,DCC
Murytub,XXXVIII,VII,CXVII,Denarius,V,III,DCXXVII
Muniv,XXXV,VI,XXVI,Quinarius,X,V,CCXXXVIII
Murytub,XXXV,X,CXLV,Quinarius,VI,XV,CCCLXXXVI
Murytub,XXXVII,IX,CXXXIV,Denarius,V,XXX,DCCII
Munarg,XXXIX,IV,CLVIII,Quinarius,V,I,XLVI
Murytub,XL,VIII,CLXXXVII,Denarius,V,XIII,DLXXIII
Munarg,XXXVI,X,CXCIX,Quinarius,VIII,XI,CLVI
Muniv,XXXIX,II,XXIV,Aureus,V,XXVI,V
Muniv,XXXVIII,XII,XXII,Denarius,IV,IX,CDXCVI
Murytub,XXXIX,II,CL,Quinarius,V,XIV,CXXV
Suilis,XXXIX,IX,XVI,Denarius,VII,VI,MMMMXXXIII
Munarg,XXXVIII,VII,CXXVII,Aureus,VI,XXIV,II
Murytub,XL,VII,CXV,Denarius,VII,VIII,DLXVII
Murytub,XXXVIII,V,CLI,Denarius,VII,XXIX,DCXXIX
Munarg,XXXIX,IV,CLXXXI,Quinarius,VII,II,LII
Munarg,XL,VI,CXCVII,Denarius,VII,XVII,CCXX
Murytub,XXXVI,IX,CXLIII,Denarius,IV,XXVI,DCXVII
Atamora,XXXV,VIII,XII,Quinarius,V,I,MCCCXXXVI
Murytub,XXXIX,X,CLVII,Denarius,VII,XXIV,DLXXXII
Munarg,XXXV,IV,CLXXXIII,Aureus,VI,XVI,V
Munarg,XXXVII,X,CIII,Denarius,VII,VIII,CCCXII
Muniv,XXXVIII,I,XXXII,Denarius,II,XII,CDLXVI
Munarg,XXXVIII,XII,CXLV,Quinarius,VI,II,LXXIV
Suilis,XXXVII,VIII,XVI,Denarius,V,XXVIII,MMMDCCCXXVIII
Munarg,XXXVIII,VII,CXXXIX,Denarius,V,XII,CCCLXIX
Munarg,XXXVII,II,CXIV,Denarius,VI,XII,CCCXVII
Murytub,XXXV,II,CXXXVII,Denarius,VI,XIV,DCLXXXV
Suilis,XXXVI,VII,XXVIII,Aureus,VII,XXIX,XXXV
Suilis,XXXVII,VI,XXVI,Denarius,IV,IV,MMMDCCXCV
Munarg,XXXVIII,V,CXXXIX,Denarius,IV,XXIII,CCCXCV
Munarg,XXXVII,V,CIX,Denarius,III,XXIII,CCLXXXI
Munarg,XXXVI,II,CLXXI,Quinarius,V,II,CLVI
Murytub,XXXIX,II,CLII,Denarius,III,III,DLXXIV
Munarg,XXXVIII,III,CLX,Aureus,III,VI,IV
Munarg,XXXV,XI,CXXX,Quinarius,V,XXIII,CLXI
Munarg,XXXIX,V,CLXXXIX,Denarius,VI,XXX,CCLXV
Munarg,XL,I,CVI,Aureus,VII,XIX,II
Munarg,XL,IV,CXXX,Denarius,VI,XXVII,CCXXVI
Munarg,XXXVI,V,CIII,Aureus,IX,I,V
Murytub,XXXVII,XI,CLII,Aureus,VIII,XIX,VII
Munarg,XXXVI,IV,CLXXXVII,Quinarius,V,IV,CLVII
Munarg,XXXV,II,CXCIX,Denarius,V,XVI,CCCLXXI
Murytub,XXXIX,IX,CXXXII,Denarius,VI,XXVII,DLXI
Murytub,XXXIX,VIII,CCXXII,Quinarius,VII,XIV,CL
Murytub,XXXVII,XI,CXVI,Denarius,IX,XXIII,DCXXVI
Murytub,XXXV,XII,CLIV,Aureus,VI,I,VIII
Murytub,XXXV,VI,CLX,Denarius,VI,XXVII,DCXCVI
Munarg,XXXVI,XI,CXCVI,Denarius,VII,XXIII,CCCLXI
Munarg,XXXVIII,VIII,CXXIV,Denarius,IV,XXIX,CCXLIV
Suilis,XXXVIII,VI,XVI,Denarius,VII,XIII,MMMDCCLXXXII
Murytub,XXXIX,III,CXXXIX,Denarius,VIII,XVII,DLXXIII
Munarg,XL,VII,CXXIX,Denarius,V,XXIX,CCXI
Suilis,XXXVIII,V,XXXIX,Denarius,V,XIV,MMMDLXXIII
Munarg,XXXVIII,VIII,CXCIV,Denarius,IV,IX,CCXXXII
Murytub,XXXIX,III,CXIII,Quinarius,VIII,XXV,CXXXI
Murytub,XXXVI,V,CXX,Denarius,III,IX,DCLXIX
Munarg,XXXVIII,VI,CLIII,Denarius,VII,VIII,CCXCV
Murytub,XXXVI,III,CLXV,Denarius,VIII,XXV,DCXLVII
Munarg,XXXV,V,CXXXV,Quinarius,VIII,XVII,CLIII
Suilis,XXXV,XII,XXXVII,Denarius,IV,IV,MMMDLXXVII
Munarg,XXXVII,IV,CXXX,Aureus,VI,XVI,V
Suilis,XXXV,VI,XXII,Aureus,VI,II,XL
Murytub,XXXVII,VII,CXXII,Denarius,VI,I,DCCCLXV
Munarg,XXXIX,XII,CXXIII,Quinarius,VI,XI,LVIII
Murytub,XXXIX,XI,CCXIII,Denarius,IV,XV,DXCVII
Muniv,XL,V,XXVI,Quinarius,VIII,XXIX,C
Munarg,XXXVIII,XI,CLXXII,Denarius,III,XIV,CCCXCIII
Muniv,XXXIX,IX,XVI,Denarius,IV,XIII,DLIV
Murytub,XL,XII,CIX,Denarius,VI,XXV,DXXXVI
Munarg,XXXVII,VIII,CXCVIII,Denarius,VIII,XX,CCCLXIX
Murytub,XXXVI,IV,CLXXXVI,Denarius,VIII,XIV,DCLXXIX
Muniv,XXXVIII,IX,XXIV,Aureus,VII,I,IV
Muniv,XXXIX,VI,XVIII,Denarius,IV,II,DLXVI
Murytub,XL,III,CLXVII,Quinarius,VII,II,CXXXI
Munarg,XXXVI,V,CXLI,Aureus,IX,XXVII,III
Muniv,XXXIX,V,XXIII,Denarius,V,VII,CDLIX
Muniv,XXXVI,II,XXXII,Denarius,IV,XXVII,CDLXXXI
Munarg,XXXIX,VI,CXXX,Quinarius,VII,XIX,LX
Murytub,XXXV,VI,CLI,Denarius,III,I,DCXXXVIII
Murytub,XXXVIII,V,CLI,Denarius,V,XXXI,DLXXXVI
Munarg,XXXVIII,IV,CLXXIX,Quinarius,V,IV,CVI
Munarg,XL,VII,CLXXV,Quinarius,V,XXII,LXXXII
Munarg,XXXVIII,XII,CLXXVI,Denarius,IV,IX,CCXXXVIII
Munarg,XXXIX,III,CLV,Denarius,VI,XV,CCCXCVII
Munarg,XL,VIII,CXI,Quinarius,III,X,XLIX
Murytub,XXXVII,XII,CXXIX,Quinarius,IV,XXX,CCVI
Murytub,XXXVII,XI,CLXXIX,Quinarius,VII,XV,CCVII
Munarg,XXXVIII,VIII,CXXXII,Denarius,VIII,VI,CCCXCIX
Murytub,XXXV,I,CII,Denarius,IX,XIX,DCCXXII
Murytub,XXXVI,VI,CLXXX,Quinarius,VIII,XXX,CCCI
Munarg,XXXVI,VII,CXCIII,Denarius,V,III,CDI
Murytub,XXXV,VII,CXXXV,Aureus,II,XXI,VIII
Muniv,XXXVII,IX,XXXVIII,Denarius,III,V,DVII
Muniv,XXXVII,VI,XXIV,Quinarius,VI,XXIX,CCXXX
Munarg,XXXVIII,V,CLXXII,Denarius,V,XVII,CCLX
Muniv,XXXVII,XII,XXX,Denarius,IV,VII,DL
Munarg,XXXVIII,IV,CLXIV,Aureus,VIII,XV,IV
Murytub,XXXVII,I,CXXII,Aureus,IV,XII,VI
Munarg,XXXVII,III,CXXIII,Denarius,III,XXXI,CCCXVII
Munarg,XL,X,CXXXI,Quinarius,V,XXX,XXXVI
Munarg,XL,IV,CLXXXVIII,Quinarius,VII,XXIV,XL
Munarg,XL,I,CXI,Quinarius,III,XXVIII,XCII
Munarg,XXXIX,X,CLXX,Quinarius,VI,XXV,LIII
Murytub,XXXVI,X,LXXXVIII,Denarius,VI,XIX,DCLV
Munarg,XXXV,XII,CIII,Aureus,V,II,IV
Murytub,XXXVII,VIII,CXXIII,Denarius,VII,XI,DCLXXVIII
Murytub,XXXVII,VI,CLIX,Denarius,IV,III,CMXIX
Munarg,XXXIX,XI,CXXXVII,Denarius,X,VI,CDIV
Munarg,XXXIX,X,CLVII,Quinarius,V,XIII,XLIX
Munarg,XXXIX,VIII,CLXIV,Denarius,VIII,XIII,CDXLIX
Munarg,XXXVIII,II,CXCIV,Denarius,VIII,XI,CCLVIII
Munarg,XXXVI,X,CXXVII,Denarius,IX,XV,CCCLXIV
Munarg,XXXIX,VII,CLVIII,Denarius,VII,II,CCCLXXXVIII
Muniv,XXXVI,I,XXIX,Aureus,IV,VII,VI
Muniv,XXXIX,IX,XXI,Quinarius,VI,XX,CXII
Murytub,XXXVIII,VIII,CV,Denarius,V,III,DCXVII
Munarg,XXXVI,VI,CXVI,Aureus,VIII,XXI,IV
Munarg,XXXVI,III,CLI,Denarius,VIII,XXIV,CDXI
Munarg,XXXV,VIII,CXCI,Denarius,VIII,XXIX,CCCXXI
Murytub,XXXV,VII,CLXXXVI,Quinarius,VI,XII,CCCLI
Munarg,XXXV,VII,CXCVI,Quinarius,IX,VI,CXCVIII
Munarg,XXXVII,IX,CXLII,Denarius,VII,XIX,CCLIV
Munarg,XXXIX,I,CVI,Denarius,VII,XV,CCLXVII
Murytub,XXXV,VII,CLXIII,Aureus,III,XVI,IX
Muniv,XXXVIII,VI,XXVIII,Quinarius,V,XI,CLXVII
Munarg,XL,VIII,CLXXXV,Denarius,V,XXVI,CCCLXXV
Munarg,XXXVI,IX,CXCIII,Quinarius,X,XVII,CXXXI
Muniv,XXXV,V,XXX,Denarius,VII,XXVI,DXC
Munarg,XL,II,CLXVIII,Quinarius,V,XIV,CVI
Munarg,XL,XII,CLXXXVI,Denarius,IV,XXX,CCXV
Muniv,XXXIX,VI,XXVII,Denarius,IX,VI,DXXIII
Murytub,XXXIX,V,CXXVIII,Denarius,VI,VI,DLVII
Muniv,XXXVIII,III,XXIX,Denarius,VII,IV,CDXXXV
Murytub,XXXVI,IX,CLIX,Denarius,VIII,XIII,DCLXIII
Munarg,XXXVII,XI,CLXV,Aureus,VII,III,IV
Munarg,XXXVI,IX,CLXXIV,Quinarius,VIII,XIII,CXL
Munarg,XXXVI,IX,CXCIII,Quinarius,V,XV,CLXXI
Munarg,XL,V,CXXIX,Denarius,VII,XXIII,CCXXIV
Murytub,XXXVIII,I,CXXXIII,Aureus,IV,XXIV,VI
Muniv,XXXVIII,VIII,XXVIII,Denarius,VI,XXII,DLX
Munarg,XXXVII,IV,CLXXII,Quinarius,VII,XXVIII,CLXIII
Munarg,XXXVII,VII,CVII,Aureus,VII,XXI,IV
Munarg,XXXVIII,II,CXCIV,Quinarius,X,XIII,CXXX
Murytub,XXXVII,XII,CLVIII,Denarius,V,V,DCXLIV
Murytub,XXXIX,XI,CXLVII,Denarius,VI,XXVII,DLXXIX
Murytub,XXXVIII,II,CXXII,Aureus,VII,XIX,VI
Munarg,XXXIX,VI,CXXIV,Quinarius,IV,II,XC
Munarg,XXXVIII,XI,CXLV,Quinarius,VI,IV,CXXIV
Murytub,XXXVIII,X,CII,Denarius,VIII,VIII,DCXXX
Munarg,XL,IX,CXLVIII,Quinarius,IV,III,XCV
Murytub,XXXIX,I,CLIX,Denarius,VIII,XXII,DCXVIII
Munarg,XXXVIII,II,CLV,Denarius,VI,IX,CCLV
Murytub,XXXIX,I,XCIX,Aureus,V,XXX,VI
Munarg,XXXIX,II,CLXXVIII,Aureus,III,IV,II
Munarg,XL,II,CLXXXIX,Denarius,VI,XII,CCIII
Murytub,XXXVI,VI,CXXXV,Denarius,VII,XXIV,DXCVI
Murytub,XXXVI,XII,CLXXVIII,Quinarius,VII,XXV,CCLV
Atamora,XL,I,IX,Quinarius,VI,VIII,DCLXVI
Muniv,XXXVI,III,XVI,Denarius,V,IX,DXXV
Munarg,XXXIX,V,CLXXIII,Quinarius,VI,XII,CII
Muniv,XXXVI,V,XIX,Denarius,III,XII,CDXLVI
Muniv,XXXVI,III,XXIX,Aureus,VI,I,VI
Murytub,XXXVIII,II,CVII,Denarius,VII,XVIII,DCIV
Munarg,XXXVI,XI,CXIV,Denarius,V,II,CCCXXXVII
Murytub,XXXVII,II,CLXII,Quinarius,VII,XXV,CCLXIX
Muniv,XXXIX,II,XXV,Denarius,III,III,DXLI
Munarg,XXXV,V,CLIX,Denarius,V,II,CCCXI
Murytub,XXXV,X,CLXXIV,Denarius,IV,XVI,DCLXI
Atamora,XXXVII,VI,IX,Denarius,IV,XV,MMXVII
Murytub,XXXVIII,VII,CXXXIX,Denarius,VI,I,DLXVII
Murytub,XXXV,IX,CXLIV,Denarius,VI,XXI,DCXCI
Munarg,XXXIX,IV,CXI,Denarius,VI,VIII,CCXII
Murytub,XXXIX,V,CXXXVIII,Denarius,VI,XXIX,DCXV
Munarg,XL,XII,CXLI,Denarius,IX,X,CCVII
Murytub,XXXVII,V,CLXX,Quinarius,VIII,XXII,CCCXLVI
Munarg,XL,XII,CLI,Denarius,VII,XXII,CLXXXVII
Munarg,XL,V,CLXXXVII,Aureus,VIII,XVII,III
Suilis,XXXVII,XI,XLI,Denarius,IV,XXVII,MMMDLXXXIII
Murytub,XXXVIII,VI,CXLIV,Denarius,VII,VI,DXCVI
Muniv,XL,XII,XVIII,Denarius,V,IX,DXL
Murytub,XL,V,CVI,Denarius,IX,III,DCIII
Muniv,XXXVII,XII,XXIV,Denarius,V,IV,DLXXXVII
Atamora,XXXVII,IV,XI,Denarius,VII,XXVIII,MMCCCXIX
Muniv,XXXIX,VIII,XXI,Aureus,VII,XXIV,IV
Atamora,XXXVIII,I,VIII,Quinarius,VI,XXVII,MCXLIV
Munarg,XXXIX,IX,CXLVI,Denarius,V,VIII,CCXI
Murytub,XXXV,VII,CXCIII,Denarius,IV,XXIV,DCCLI
Muniv,XXXVII,IX,XXXII,Denarius,VI,XXIV,DXXXI
Muniv,XL,VIII,XXXIV,Aureus,V,XXVI,V
Muniv,XXXVII,VIII,XXVII,Quinarius,IV,XVII,CLXXIV
Muniv,XL,XI,XXVI,Denarius,VI,XI,CDXI
Munarg,XXXIX,XI,CLIX,Denarius,VII,XXIX,CCCLXX
Murytub,XL,VII,CLIV,Denarius,VIII,XXI,DXXXV
Suilis,XXXIX,III,XXVIII,Denarius,VIII,XXX,MMMCMLIV
Munarg,XXXVI,VII,CXCV,Quinarius,IV,II,CXXXII
Suilis,XXXV,III,XV,Denarius,IV,XXV,MMMLXXX
Murytub,XXXVII,I,CVI,Quinarius,VI,III,CCXXIX
Suilis,XXXVII,XII,X,Denarius,IX,XXVI,MMMDCCLXXXV
Murytub,XXXVI,IX,CL,Denarius,VI,XIX,DCXXXII
Munarg,XXXVIII,VII,CLXXIII,Denarius,VII,VII,CDXIX
Muniv,XXXVII,VI,XXVIII,Denarius,VI,V,CDLXIV
Munarg,XXXVI,XI,CXXXVII,Denarius,VI,XXX,CCLXIII
Murytub,XXXVII,XII,CXXXIII,Quinarius,IV,II,CCXV
Munarg,XL,V,CLXXX,Aureus,VIII,XIX,II
Muniv,XXXVII,XII,XXIII,Quinarius,III,XV,CLXXVII
Murytub,XXXVIII,IV,CXXXI,Denarius,IV,VIII,DCII
Murytub,XXXVII,VIII,CXLI,Quinarius,VI,XXX,CCLXXXVI
Murytub,XXXV,X,CLXXV,Denarius,VI,XV,DCLXXV
Muniv,XXXVI,III,XXX,Denarius,IV,XIX,DXX
Munarg,XL,XII,CXLIV,Quinarius,IV,I,XXXIX
Murytub,XXXVIII,I,CXXXVIII,Denarius,III,XXI,DLXXXVII
Murytub,XXXV,IV,CLXXXII,Denarius,VII,XXIII,DCCXVII
Muniv,XXXV,IV,XII,Denarius,V,X,DLX
Murytub,XL,X,CXXXVI,Denarius,VII,XVII,DXXXIII
Murytub,XXXVI,X,CLXXVI,Denarius,VII,XXVI,DCLXXX
Murytub,XXXVI,VI,CXXXVIII,Quinarius,III,IX,CCLIX
Murytub,XXXIX,VI,CXXVII,Denarius,IV,II,DLXXXI
Murytub,XXXIX,III,CXXIX,Denarius,VI,XXVIII,DCXXXVIII
Munarg,XXXVIII,V,CXIX,Denarius,VII,VIII,CDXXXVI
Suilis,XXXV,VI,XI,Denarius,VI,XI,MMMCXXXI
Munarg,XXXVI,IV,CLXIV,Aureus,V,V,IV
Munarg,XXXVIII,XII,CLXXXIV,Quinarius,VI,XVI,XCIII
Murytub,XXXVII,I,CXLVI,Denarius,VII,XXXI,DCXXXIX
Muniv,XXXVIII,IV,XXIX,Quinarius,VIII,X,CXXX
Muniv,XXXVIII,IV,XXI,Denarius,VIII,XX,DLI
Munarg,XL,III,CXXXVI,Quinarius,VI,XXIX,LXXXI
Munarg,XXXV,VI,CXLV,Denarius,I,III,CCCXXIII
Murytub,XLI,I,CXCII,Denarius,VI,I,DLIII
Munarg,XL,II,CXXVII,Quinarius,V,VIII,XCIV
Murytub,XXXVII,II,CXCVIII,Denarius,II,XXII,DCXCV
Murytub,XXXVII,IV,CLI,Denarius,VIII,III,CMXIV
Munarg,XXXVIII,IX,CXVII,Denarius,VII,XX,CCCLII
Munarg,XXXVIII,X,CII,Denarius,IV,XXX,CDXXXI
Muniv,XXXIX,IX,XXX,Denarius,V,XVII,DXVI
Muniv,XXXIX,IX,XXIII,Denarius,IX,IV,DLXXXIII
Munarg,XXXVI,VII,CXLIII,Aureus,VIII,X,IV
Muniv,XXXVIII,IV,XXV,Denarius,VI,XXIII,DXLIII
Muniv,XL,VIII,XXII,Quinarius,VI,XXVIII,CXI
Muniv,XXXVII,X,XXI,Quinarius,IX,XX,CCII
Munarg,XXXV,IX,CLXXXIX,Denarius,VI,XXI,CCCXLVII
Munarg,XXXVII,IV,CXCI,Denarius,VI,XIV,CCLXVII
Munarg,XXXVII,III,CLX,Denarius,V,XIII,CCCXIII
Murytub,XXXIX,V,CXXXII,Denarius,III,XXV,DXXVIII
Murytub,XXXIX,I,CXVII,Denarius,VII,XV,DLXX
Murytub,XXXVIII,XI,CLX,Denarius,IV,XXVIII,DXCVII
Munarg,XXXVIII,I,CXCVIII,Aureus,VI,IX,IV
Atamora,XXXIX,VI,XI,Quinarius,IX,VI,DCCLIX
Murytub,XXXIX,II,CXLIII,Quinarius,VII,XVII,CXXXIII
Munarg,XXXVII,XII,CXLIV,Denarius,IV,XX,CCCXCI
Munarg,XL,VII,CLXXIX,Denarius,VI,II,CDXLI
Munarg,XXXVIII,IX,CLXV,Denarius,II,XVI,CCLXIX
Munarg,XXXVI,IV,CXXXIV,Denarius,V,XXVIII,CDXV
Munarg,XXXVII,IV,CXCI,Aureus,V,XXII,III
Munarg,XXXIX,III,CIV,Denarius,VIII,XXV,CCLI
Munarg,XXXVIII,IX,CLVII,Denarius,V,XXI,CCCLXX
Munarg,XXXIX,III,CVIII,Aureus,VI,XXXI,IV
Munarg,XXXVIII,V,CLXXXII,Denarius,V,XVII,CCLI
Munarg,XL,VII,CLXXXV,Denarius,V,XXIX,CCCLXXXII
Munarg,XXXIX,XI,CLV,Quinarius,V,XXIII,LXXXIV
Munarg,XXXIX,VIII,CLXXXIX,Aureus,IX,XXI,IV
Munarg,XXXV,X,CXXIII,Quinarius,IV,XXI,CLXXIV
Suilis,XL,III,XII,Denarius,III,I,MMMDCXVI
Munarg,XXXV,X,CXIII,Denarius,IV,V,CCCLVII
Munarg,XXXVII,IV,CXXV,Denarius,I,XXIV,CCCXXV
Munarg,XXXIX,I,CXIX,Denarius,V,XXX,CD
Murytub,XXXVIII,III,CLXIII,Quinarius,VII,XIX,CXCI
Munarg,XXXVI,VII,CXIII,Aureus,V,III,IV
Murytub,XXXVIII,V,XCVI,Denarius,VII,XIX,DCXXVI
Munarg,XXXIX,I,CXXXIX,Denarius,IV,I,CCLIII
Murytub,XXXVI,XI,CLX,Denarius,VII,XXVI,DCLVIII
Muniv,XXXVI,IV,XXVIII,Denarius,IV,VI,CDLXXXII
Murytub,XXXIX,VII,LXXXIX,Quinarius,IX,XVI,CLI
Munarg,XXXVII,VI,CLI,Quinarius,V,X,XCVII
Murytub,XXXV,X,CCXXXII,Quinarius,VII,XXIII,CCCLXXXIII
Munarg,XXXV,IX,CXI,Denarius,VII,III,CDIV
Muniv,XL,II,XXVI,Denarius,IV,XI,CDLXIX
Murytub,XXXVI,V,CXXXI,Quinarius,III,XXVI,CCLXXXV
Suilis,XXXV,VIII,XVII,Denarius,VI,XXI,MMMCCXVII
Munarg,XL,I,CXCVII,Denarius,III,XXVIII,CDLVI
Muniv,XXXV,V,XXVII,Denarius,VIII,VII,CDLXXXV
Murytub,XXXVII,VIII,CXXXIX,Quinarius,VIII,I,CCXXXVI
Muniv,XXXIX,V,XXVI,Denarius,VIII,XVII,DLXXIV
Murytub,XXXIX,VI,CLXI,Denarius,VI,XV,DCXVIII
Suilis,XL,II,XXVIII,Denarius,VII,XVIII,MMMDCCXXII
Munarg,XXXVII,IV,CXXX,Quinarius,V,II,CXXXVII
Munarg,XXXVII,X,CLXII,Quinarius,VI,XVI,CLVIII
Murytub,XL,XII,CXV,Quinarius,VI,VII,CXXVI
Murytub,XL,I,CXCIV,Aureus,VII,XIX,VI
Murytub,XXXIX,VIII,CIX,Quinarius,V,XVI,CLII
Munarg,XXXVII,X,CLXII,Denarius,V,XV,CCCLXXVII
Munarg,XXXVIII,XI,CXLIII,Denarius,IV,XV,CCLXXIX
Munarg,XL,I,CXVIII,Denarius,VII,XXXI,CXCIII
Murytub,XXXVI,IX,CXXIII,Denarius,VII,X,DCXXXV
Munarg,XL,II,CLXIII,Quinarius,IV,XXII,CIII
Munarg,XXXVII,I,CIII,Denarius,VII,XV,CCCLXIII
Munarg,XXXVI,VII,CLVIII,Quinarius,VI,IX,CLXVIII
Murytub,XL,V,CLXVIII,Denarius,VII,XX,DLXXVII
Murytub,XL,XI,CXXIII,Denarius,III,XXI,DXLIII
Muniv,XXXIX,II,XXI,Denarius,III,IV,DXXII
Munarg,XXXVII,V,CXCIV,Denarius,VI,VII,CCCXLIV
Murytub,XL,IV,CLXXVI,Denarius,VI,XXII,DCXIII
Munarg,XXXVIII,III,CLX,Denarius,VII,XII,CDX
Suilis,XXXVI,X,XVI,Aureus,IX,XVIII,XXXVIII
Murytub,XXXVII,IX,CLXXXII,Denarius,VI,XIV,DCLXXVIII
Muniv,XXXVIII,VII,XXIX,Quinarius,IV,XIV,CXXXIX
Murytub,XXXVII,IX,CLXIX,Denarius,V,XIII,DCCXXXIX
Munarg,XXXVIII,IV,CXXXIII,Aureus,V,XXX,III
Murytub,XXXVII,I,CXIV,Denarius,V,VI,DCXLVII
Murytub,XXXVIII,X,CLXXXVII,Quinarius,II,VI,CLVIII
Murytub,XXXVIII,XI,CXXIX,Denarius,VI,XVII,DXCII
Munarg,XXXIX,X,CI,Denarius,VII,VII,CCLIII
Munarg,XXXVII,VIII,CXX,Quinarius,VII,XI,CLVI
Murytub,XXXV,IV,CL,Denarius,III,XVII,DCCXXIII
Muniv,XXXIX,VII,XXVII,Denarius,V,I,CDLXVII
Muniv,XXXVI,I,XXI,Denarius,IV,XXX,CDXXXVI
Munarg,XXXIX,III,CLXXVII,Denarius,II,XXI,CCX
Munarg,XXXVII,II,CLXXX,Denarius,VIII,XXI,CCCLXXIII
Munarg,XXXVII,IV,CLV,Quinarius,I,XXIV,CXII
Murytub,XXXV,V,CXLII,Denarius,IV,XXVII,DCCXIV
Muniv,XXXV,XII,XXIII,Quinarius,IV,IV,CCXLVIII
Munarg,XXXVII,I,CXXIII,Quinarius,IX,IV,CXI
Munarg,XXXVI,VI,CLXIV,Quinarius,IV,V,CLI
Munarg,XXXVIII,IX,CXLII,Denarius,VII,XXVI,CCCLXXIII
Murytub,XXXVII,VI,CLII,Denarius,VI,I,DCCCLXXXVIII
Murytub,XXXVI,VIII,CXLIV,Denarius,VI,XIX,DCLVIII
Murytub,XL,XII,CLXIII,Quinarius,VI,XXVII,CXII
Munarg,XXXV,VI,CXXIII,Quinarius,VI,XIII,CLXXXVIII
Munarg,XXXV,I,CLXXXVIII,Denarius,III,III,CCCLXXI
Murytub,XXXIX,VIII,CXLIV,Denarius,V,VII,DLXIII
Murytub,XXXVI,XII,CXLI,Denarius,VI,I,DLXXXV
Suilis,XXXVII,VIII,XXVI,Denarius,V,III,MMMDCCLXXXVII
Munarg,XXXIX,II,CXXIII,Aureus,IX,XXI,III
Murytub,XL,IX,CXXXI,Aureus,VI,VII,V
Muniv,XL,V,XXVI,Denarius,VI,XVI,DL
Murytub,XXXVI,VII,CXXXVII,Denarius,VII,XI,DCLV
Suilis,XXXVI,XII,XVII,Denarius,VIII,XX,MMMCCCLXXXIX
Murytub,XL,I,CCXXIX,Denarius,VII,XI,DLXXXII
Muniv,XXXVII,II,XXXI,Aureus,V,XV,V
Munarg,XL,III,CLXXXVIII,Denarius,VII,XXIV,CCXXV
Munarg,XL,IX,CXCV,Denarius,V,XXIII,CCCLXXVI
Munarg,XXXVI,IX,CLXXXVIII,Denarius,VI,III,CCLXXXIV
Munarg,XXXV,XII,CXXXVIII,Quinarius,VII,VII,CXXXIX
Munarg,XXXVI,IV,CXLVIII,Quinarius,VIII,XVIII,CLXXXV
Munarg,XXXVI,X,CXLVI,Denarius,VII,XXVI,CCLXXXIV
Murytub,XXXVII,IV,CLXXIX,Denarius,VI,XXV,DCCCLXXVIII
Munarg,XXXVI,I,CXII,Denarius,VII,XVII,CCCXIV
Muniv,XL,VII,XXVI,Denarius,V,XXII,DLI
Suilis,XXXV,X,XV,Denarius,III,XIX,MMMCCCI
Munarg,XXXIX,X,CLXXXVII,Quinarius,VII,VII,LII
Suilis,XXXIX,III,XVII,Aureus,VIII,XXX,XXXVII
Muniv,XXXVII,IV,XIX,Denarius,IV,XX,CDLXXXVII
Munarg,XXXVIII,III,CXXXV,Aureus,X,XXVII,II
Muniv,XXXVI,XII,XIX,Denarius,VII,XXV,DXII
Munarg,XXXVII,III,C,Aureus,IV,X,IV
Atamora,XXXV,II,XII,Denarius,VIII,XXII,MMDCCVIII
Murytub,XXXIX,III,CXXVII,Aureus,II,XXI,VI
Munarg,XXXV,IX,CXVII,Denarius,VII,XXIV,CCCXCVI
Suilis,XXXVII,I,XXVI,Aureus,V,XXIII,XXXVII
Atamora,XL,XI,VIII,Denarius,V,XV,MMDCCCLV
Munarg,XXXIX,V,CXLVII,Quinarius,VII,V,LXXXIX
Murytub,XXXVI,IX,CLXII,Quinarius,VI,VIII,CCLVI
Munarg,XXXV,III,CXVII,Quinarius,VII,I,CLXVI
Munarg,XXXVI,V,CXXXII,Denarius,VII,XXI,CDIII
Murytub,XL,XII,CXXXIII,Quinarius,VI,XVI,CII
Murytub,XXXVI,X,CVII,Denarius,VI,IV,DCLXXXIX
Munarg,XXXIX,VI,CXXXIV,Denarius,VI,IX,CCLX
Suilis,XXXVII,V,XIX,Quinarius,VI,XIV,MCCCXL
Muniv,XL,V,XXIX,Denarius,VI,XXVI,DLXV
Munarg,XXXVII,XI,CXXVI,Denarius,V,VI,CCCLI
Munarg,XXXVII,IV,CLXXXVII,Aureus,VI,XI,III
Muniv,XXXVIII,VIII,XXIV,Denarius,V,V,DXXXII
Munarg,XXXVI,X,CLXXVI,Denarius,VIII,XXI,CCLXVI
Munarg,XXXV,VIII,CXCV,Denarius,V,XXIII,CCCLXXVII
Muniv,XXXIX,III,XXIX,Aureus,V,XXII,V
Munarg,XXXIX,X,CLXXXIII,Denarius,VI,XXVIII,CDXVI
Murytub,XXXVIII,VII,CXXIII,Denarius,VII,VII,DCIX
Munarg,XXXVIII,VII,CI,Denarius,VI,XV,CCCXCVIII
Munarg,XXXVII,VII,CLXVIII,Denarius,III,XIII,CCCXCIII
Munarg,XXXVIII,III,CXV,Denarius,VI,IX,CCLIII
Muniv,XXXVII,I,XXXIV,Denarius,IX,X,CDLXIV
Munarg,XL,II,CLXXXIII,Denarius,VII,III,CCVII
Atamora,XXXV,XII,IX,Denarius,VI,VI,MMDCCCXC
Murytub,XXXIX,II,CXXXIII,Denarius,IX,XI,DLXIX
Murytub,XXXIX,I,CXXIX,Denarius,IV,I,DLXVIII
Murytub,XXXV,V,CXVI,Denarius,VI,VIII,DCCX
Muniv,XXXIX,X,XXIV,Denarius,V,VIII,DLXIII
Muniv,XXXVII,V,XXXIII,Aureus,V,XI,IV
Munarg,XXXVIII,I,CXXVII,Denarius,VI,IX,CCCLXI
Munarg,XXXV,IX,CLVIII,Denarius,VII,XXIV,CCCXXVIII
Murytub,XL,V,CXI,Quinarius,VI,XV,CXVIII
Muniv,XXXIX,VII,XXIV,Denarius,IV,VIII,DCXVI
Munarg,XXXVIII,V,CV,Quinarius,VI,V,XC
Murytub,XL,I,CXXVII,Denarius,VII,VII,DLXXII
Suilis,XXXVI,V,XI,Aureus,VII,V,XL
Munarg,XL,VII,CXI,Denarius,VI,IX,CCCLXXXIV
Munarg,XXXV,IX,CXLVII,Denarius,VI,XXVI,CCCXCVI
Murytub,XXXVIII,VII,CXXXI,Denarius,VI,XXII,DCX
Munarg,XXXIX,VII,CXLIX,Quinarius,V,XVII,LXII
Munarg,XXXVI,I,CXXI,Denarius,VI,XI,CCCXXVI
Muniv,XXXVIII,VII,XX,Quinarius,VI,XXIII,CLIX
Munarg,XXXIX,III,CXXVII,Quinarius,VI,XXIX,LVI
Murytub,XL,XI,CLXX,Denarius,IV,VIII,DLIII
Murytub,XXXV,I,CLXXXI,Denarius,IV,XXIX,DCCII
Murytub,XL,II,CLXXIV,Denarius,V,XXIII,DLXXII
Murytub,XXXVII,VII,CXXVIII,Denarius,VI,XXVIII,DCCCLXVI
Murytub,XXXVII,VI,CLXVII,Denarius,III,XXIV,CMI
Murytub,XXXVIII,IX,CLXI,Denarius,V,XXIII,DLXVI
Munarg,XXXVIII,II,CLXIX,Quinarius,VIII,XXII,LXX
Murytub,XXXIX,III,XCIII,Denarius,VIII,XVIII,DLXXXVIII
Munarg,XXXVII,III,CLVI,Aureus,V,XVI,III
Muniv,XXXV,II,XXVI,Denarius,VII,XXIV,DLXXII
Murytub,XXXIX,VII,CXXIV,Denarius,VIII,VII,DLXXXIX
Murytub,XXXVIII,XI,CXCIX,Denarius,V,IX,DCVI
Murytub,XXXV,VIII,CXLII,Aureus,VI,XXV,IX
Suilis,XXXVI,VII,XVI,Quinarius,VII,XXX,MCDXLIII
Munarg,XXXVIII,X,CXCIII,Denarius,V,XXVII,CDXLV
Murytub,XXXVI,IX,LXXXII,Denarius,V,XIV,DCLXXVI
Munarg,XXXVII,XII,CLVII,Denarius,VI,XXI,CCLXXVIII
Muniv,XXXV,XII,XXVI,Denarius,VI,XXI,DVI
Munarg,XXXVII,VIII,CLXVIII,Denarius,V,XXVII,CDXI
Suilis,XXXVI,VII,XXX,Denarius,VII,XXVI,MMMDLXXIV
Murytub,XXXVII,X,CLXI,Aureus,VII,I,VII
Suilis,XXXVI,IV,XV,Denarius,IV,X,MMMCCXCIII
Murytub,XXXVIII,VI,CLIX,Quinarius,VI,XXVII,CLXXXV
Munarg,XXXVII,VII,CII,Quinarius,VII,XXI,CLVIII
Munarg,XXXV,X,CLXXXIII,Denarius,VII,XXIII,CCCXLI
Murytub,XL,IX,CXL,Denarius,IV,IV,DXXXIX
Murytub,XXXV,III,CL,Denarius,VII,XX,DCCXIV
Murytub,XXXIX,X,CLXIV,Denarius,V,XIV,DXLIII
Murytub,XXXVI,X,CXXXVI,Denarius,VII,XXII,DCLXVII
Munarg,XXXVIII,IV,CLXXXIV,Quinarius,VII,XI,CXXIV
Muniv,XXXV,V,XXVIII,Quinarius,VII,V,CCV
Munarg,XXXVIII,II,CXXI,Quinarius,VII,XXIV,LXXXIV
Murytub,XL,II,CLXXXVI,Denarius,VI,X,DLXVII
Munarg,XXXV,IV,CXIV,Denarius,V,XXV,CCCXL
Murytub,XXXVI,IV,CCXXVI,Denarius,IX,XI,DCCXXIX
Murytub,XXXVIII,VIII,CXXVII,Denarius,IV,I,DLIV
Munarg,XXXV,I,CLXI,Quinarius,VI,XXIII,CXCI
Munarg,XXXVI,II,CXXI,Denarius,VI,VII,CCXCIV
Murytub,XXXVIII,II,CLVIII,Denarius,X,XIII,DXCVI
Muniv,XL,VII,XX,Denarius,VI,XXV,DXXXVI
Muniv,XXXVIII,XII,XXXII,Aureus,III,VII,V
Murytub,XL,V,CLXVI,Quinarius,VII,XXI,CXII
Murytub,XXXV,XII,CLIX,Quinarius,V,II,CCCXVII
Munarg,XXXVI,VII,CXCVI,Aureus,IV,II,IV
Muniv,XXXIX,II,XXVII,Denarius,VIII,XIX,DXXVI
Munarg,XXXVII,VIII,CLXXII,Quinarius,VII,XXIV,C
Muniv,XXXIX,IV,XXIV,Denarius,V,XII,CDXX
Muniv,XXXVIII,I,XXVII,Denarius,VIII,XXV,CDLXVIII
Atamora,XXXVIII,X,IX,Aureus,IV,XXX,XXVIII
Atamora,XXXV,IX,XIII,Denarius,VII,XXIX,MMMDVIII
Munarg,XL,I,CXXIV,Denarius,VIII,XVII,CDXV
Munarg,XXXIX,XI,CLXXIV,Quinarius,VII,IV,LVI
Muniv,XL,X,XXVIII,Denarius,IX,IV,CDLXXXVI
Munarg,XXXV,XI,CLXXVII,Denarius,VI,XVI,CCCLXI
Murytub,XXXV,III,CLXXIX,Denarius,VI,VII,DCLXXXVIII
Muniv,XXXV,I,XXIX,Quinarius,VIII,XXIV,CCLXVIII
Munarg,XXXVI,IX,CXLIII,Denarius,V,XIV,CCCXCVII
Munarg,XXXIX,VI,CXLVIII,Denarius,V,I,CCCXCV
Murytub,XXXIX,V,CXXIX,Denarius,VII,XXXI,DLXXVI
Munarg,XL,IV,CXXXV,Denarius,VII,VII,CDXXXV
Muniv,XXXVIII,I,XXV,Aureus,VI,IX,IV
Suilis,XXXVIII,II,XXXII,Denarius,VIII,VII,MMMDCCLVII
Munarg,XL,XI,CXLIII,Denarius,VII,XXII,CCXXIV
Munarg,XXXVI,VI,CIV,Denarius,IV,XXV,CCLXXXVIII
Murytub,XXXIX,III,CXXXIX,Quinarius,VIII,XX,CXX
Munarg,XXXVII,VII,CXCV,Denarius,V,VII,CCCLXV
Munarg,XXXVI,XII,CXLVII,Denarius,IV,XVIII,CCCXCVI
Munarg,XXXVII,XI,CLXXIV,Quinarius,V,IV,CXIII
Munarg,XXXIX,IX,CXXV,Aureus,VI,XXVII,II
Munarg,XXXVI,VII,CXCI,Denarius,V,XXV,CCCLVI
Murytub,XL,IV,CXXXV,Aureus,VI,XXII,V
Murytub,XXXV,XII,CXCV,Denarius,V,II,DCXXXVII
Muniv,XXXVII,VI,XXI,Denarius,V,X,CDXIX
Munarg,XXXVI,X,CXVIII,Denarius,VIII,XI,CCCVIII
Munarg,XXXVII,VIII,CLXXXVI,Denarius,IV,XVIII,CCXLVIII
Munarg,XXXVIII,X,CXXIV,Denarius,VII,XII,CCCLXV
Murytub,XXXIX,IV,CXXXIV,Quinarius,VIII,XIII,CXXVIII
Munarg,XXXVII,VII,CXLIX,Denarius,IV,XVII,CDXXII
Muniv,XL,V,XXVIII,Denarius,IV,XXX,DXLIV
Murytub,XXXVIII,VI,CII,Quinarius,VII,XXII,CXCVI
Muniv,XXXVIII,IV,XXIX,Denarius,VII,XVI,DLIII
Muniv,XXXVIII,V,XXVI,Denarius,VIII,XX,DXXXIV
Atamora,XXXV,V,VII,Denarius,IX,XXX,MMCMXX
Munarg,XXXVI,VI,CXCII,Denarius,VIII,XIV,CCCLXXXIII
Murytub,XXXVI,IX,LXXXI,Quinarius,V,VI,CCLXIII
Munarg,XXXVIII,IV,CLXIII,Denarius,V,XXIX,CCCXCIX
Munarg,XXXVII,V,CXXXI,Quinarius,IV,XXX,CXLIV
Munarg,XXXIX,VIII,CLXXXII,Denarius,IX,XI,CCXLII
Muniv,XXXVI,VII,XXXV,Denarius,VII,XXXI,DXLVIII
Suilis,XL,VI,XI,Denarius,VI,XVI,MMMDCCCLXVII
Murytub,XL,III,CLIX,Denarius,VI,XII,DLXIX
Munarg,XXXVI,I,CII,Quinarius,VII,XVI,CLXXVI
Munarg,XL,VII,CXVIII,Denarius,VI,IV,CDLXIII
Munarg,XXXVIII,V,CLXXXIV,Quinarius,V,XXVII,CXXII
Muniv,XXXIX,III,XXIII,Quinarius,VI,XXXI,CXXV
Munarg,XXXVI,VIII,CLXXV,Denarius,VII,III,CCCXXX
Munarg,XL,XII,CLXXXI,Aureus,V,XXVI,II
Murytub,XXXV,IV,CXCVIII,Denarius,VII,XIV,DCLXXV
Munarg,XL,VIII,CLXXXIII,Denarius,II,XV,CDXLIII
Suilis,XXXVI,X,XXII,Denarius,III,XXX,MMMCDXLIII
Muniv,XL,IX,XXVII,Aureus,VII,XXVII,IV
Muniv,XXXVII,VI,XXVI,Quinarius,V,XXX,CLXXV
Muniv,XXXVIII,IV,XXIII,Quinarius,VIII,XII,CLI
Muniv,XXXVII,XII,XXVII,Denarius,VII,IX,DXLV
Munarg,XL,VI,CXXXII,Denarius,V,XXV,CCXXXVI
Muniv,XXXVII,XII,XXXI,Denarius,IV,II,CDXCIX
Munarg,XXXVII,II,CXIX,Quinarius,V,XVI,CLXIII
Muniv,XL,X,XXIV,Denarius,IX,VI,CDLXXXVI
Murytub,XXXIX,XI,CXLIX,Aureus,V,II,VI
Muniv,XXXVIII,XI,XXIV,Denarius,V,XXVII,CDXXXIX
Munarg,XL,XI,CLXXIX,Denarius,IV,VIII,CCXI
Muniv,XXXV,IX,XXV,Aureus,VII,III,VIII
Atamora,XXXV,V,VI,Denarius,V,XXIV,MMMXCVIII
Munarg,XXXVII,VIII,CLV,Denarius,IV,XVII,CCCLXXXVI
Munarg,XXXVI,X,CXCVIII,Denarius,VIII,XIII,CCLXXXVI
Murytub,XXXVIII,X,CXIV,Denarius,V,XXII,DLXXV
Atamora,XXXVIII,I,VIII,Denarius,VIII,XXV,MMDCCCXLI
Munarg,XXXVIII,VI,CLXXXII,Denarius,IV,V,CCXLIX
Murytub,XXXIX,IV,CXXXIX,Denarius,VIII,X,DLXXXIII
Munarg,XXXVI,V,CXXVIII,Denarius,III,X,CCXCI
Munarg,XXXV,VII,CXXI,Quinarius,IV,XXIV,CLVI
Munarg,XL,IX,CLVII,Quinarius,IX,XV,XLIX
Muniv,XXXV,XII,XXI,Aureus,VI,XXVI,VII
Murytub,XXXVII,I,CXXIII,Aureus,IV,II,VI
Munarg,XXXVII,VII,CXLVIII,Denarius,VII,XVIII,CDXXVIII
Munarg,XXXIX,II,CLXXXV,Denarius,VII,II,CCXVI
Murytub,XXXVII,VII,CCIX,Quinarius,VII,XXI,CCCLVIII
Atamora,XL,VIII,XI,Quinarius,VIII,XXII,DCXVIII
Suilis,XXXIX,V,XX,Denarius,VII,XIX,MMMDCCCVI
Munarg,XL,XI,CLIII,Aureus,VI,I,II
Murytub,XL,V,CCVII,Quinarius,III,II,CXVI
Munarg,XXXIX,XI,CXC,Quinarius,VI,XII,XLVIII
Muniv,XXXIX,IV,XXV,Denarius,V,I,DXXIV
Murytub,XXXVIII,IV,CXL,Denarius,VIII,XV,DXCVII
Muniv,XXXV,X,XXXI,Quinarius,VIII,I,CCII
Muniv,XL,XI,XX,Aureus,VI,I,V
Murytub,XXXVII,IX,CXXXI,Denarius,VII,VIII,DCXCIV
Murytub,XXXVIII,IX,CLXIII,Quinarius,V,V,CLXIV
Munarg,XXXVII,VIII,CV,Denarius,V,VI,CCLXIX
Atamora,XL,II,VII,Denarius,VIII,XVI,MMMCLXXIV
Munarg,XXXVI,I,CXXXV,Quinarius,V,XVIII,CLV
Munarg,XXXV,XII,CXXXV,Denarius,VI,III,CCXCIV
Murytub,XL,I,C,Denarius,VII,XXII,DLVI
Murytub,XXXVII,VII,CLXIV,Aureus,VIII,V,IX
Murytub,XL,V,CLXXXII,Denarius,VIII,XVII,DLXXIV
Munarg,XXXIX,III,CXXV,Quinarius,IV,V,LXXXVII
Murytub,XXXVII,IV,CLXXIII,Denarius,VIII,IV,CMLIV
Atamora,XXXIX,IV,VIII,Denarius,V,XVII,MMCMVI
Muniv,XXXV,IV,XX,Denarius,VIII,XXVIII,DXI
Munarg,XXXVI,IV,CII,Denarius,VIII,XIII,CCCXXI
Munarg,XXXVIII,VII,CXCIII,Denarius,V,XII,CDXXXVII
Murytub,XXXV,IV,CIX,Denarius,VI,V,DCCXIX
Munarg,XXXV,IV,CLXIX,Denarius,VI,V,CCCX
Munarg,XXXVII,IX,CLXXXIV,Denarius,VIII,XX,CCCII
Suilis,XXXV,IX,XXI,Denarius,IV,VI,MMMCXXIX
Suilis,XXXIX,VI,XIV,Denarius,V,XII,MMMDCCII
Murytub,XXXVIII,V,CXIV,Quinarius,VI,XXVI,CCIX
Murytub,XXXVII,III,CXL,Denarius,V,XVIII,DCLXXIII
Suilis,XL,XI,XXXII,Denarius,VII,II,MMMDCCXXIII
Murytub,XXXIX,VII,CLXIX,Denarius,V,XXXI,DXLI
Munarg,XXXV,VI,CXLII,Quinarius,VIII,XVIII,CLXXXVII
Munarg,XXXVIII,XII,CXCI,Denarius,VIII,XXVI,CCCXLIV
Munarg,XL,VII,CXCV,Quinarius,VIII,XXVI,LIII
Murytub,XXXV,I,XCVII,Denarius,IV,XVII,DCLXXXIV
Suilis,XXXVII,VIII,XXVII,Quinarius,V,XXVI,MDX
Munarg,XXXVII,X,CXXXVII,Denarius,VI,XVI,CCLXXI
Atamora,XXXV,I,XII,Quinarius,VIII,XXIV,MDCCXLV
Munarg,XXXVII,XI,CXXXIX,Denarius,IX,XVI,CCXL
Munarg,XL,IX,CXXIX,Denarius,IV,III,CDXLIII
Munarg,XXXVI,VIII,CLXXVII,Aureus,IV,XIV,III
Muniv,XXXVI,I,XX,Denarius,VIII,XXV,CDLXVIII
Munarg,XXXIX,IX,CXCIII,Denarius,V,XXII,CCXXV
Munarg,XXXVII,IX,CLXX,Denarius,VII,X,CCLIX
Murytub,XXXVII,I,CXCIX,Denarius,VII,XXXI,DCXXXIX
Munarg,XXXV,VIII,CXL,Denarius,V,XXVIII,CDVII
Muniv,XXXIX,XI,XXVI,Aureus,V,II,IV
Murytub,XXXV,IV,CLXXV,Denarius,V,XX,DCCXXVI
Murytub,XXXVII,V,CXXV,Denarius,IV,XIX,DCCCLXXVII
Munarg,XXXIX,IX,CXCII,Denarius,VII,VII,CCLXII
Munarg,XXXIX,V,CXIV,Quinarius,VI,XVIII,LXXVIII
Murytub,XXXVIII,X,CLXXV,Quinarius,II,VI,CLIV
Suilis,XXXVII,X,XXVIII,Denarius,IV,XXX,MMMCDLXIV
Munarg,XXXV,III,CLXVII,Quinarius,VII,XXXI,CLXXXVI
Murytub,XXXVII,V,CLIII,Denarius,VI,XXVII,CMLII
Murytub,XXXVI,IX,CLXXXVI,Quinarius,VI,IV,CCXLI
Atamora,XXXIX,VIII,XI,Denarius,XI,II,MMMCCXXV
Munarg,XXXVIII,III,CLV,Denarius,III,VI,CDX
Suilis,XXXIX,III,XIX,Quinarius,VIII,IV,CMXIV
Munarg,XXXVI,III,CXXII,Denarius,VIII,XXIV,CCCVI
Munarg,XXXIX,VI,CXIX,Denarius,V,XXVIII,CCCLXXVII
Munarg,XXXVII,X,CVII,Denarius,VII,XXV,CCCLXXXV
Muniv,XXXVIII,IX,XXXVI,Denarius,V,XXIII,DXV
Murytub,XXXIX,III,CL,Denarius,VI,XXXI,DLXX
Muniv,XXXIX,VI,XXVIII,Denarius,IV,V,CDLXXXII
Murytub,XXXVIII,I,CXXIII,Quinarius,VII,XX,CCVIII
Munarg,XXXVI,V,CX,Denarius,IX,I,CCCXLVIII
Murytub,XXXVI,X,CLVII,Denarius,IX,XXVII,DCLXXXIX
Murytub,XL,VII,CXXI,Denarius,IV,VII,DXXXIX
Muniv,XXXVIII,III,XXVI,Denarius,VII,XII,DXII
Murytub,XXXV,I,CLIII,Denarius,VIII,II,DCCI
Suilis,XXXVIII,IX,XLV,Denarius,V,V,MMMCDXLI
Munarg,XXXIX,I,CLXXVII,Aureus,VIII,VIII,IV
Munarg,XXXIX,XI,CXXIII,Quinarius,X,VI,XLVI
Munarg,XXXVIII,III,CXXIV,Denarius,VIII,XVI,CCCI
Munarg,XXXV,XI,CXXXI,Aureus,IV,XXI,IV
Muniv,XXXV,X,XXIII,Denarius,VIII,I,DXXXVII
Munarg,XL,I,CLXXXII,Quinarius,VII,I,LIII
Murytub,XXXVIII,VII,CXXXI,Quinarius,VI,II,CXCIV
Munarg,XXXVIII,IV,CXCVIII,Denarius,VII,XXV,CCCXXXVII
Murytub,XXXVII,VII,CXL,Quinarius,IX,XXIV,CCCXXIX
Murytub,XXXVII,XI,CLIX,Aureus,VI,X,VII
Munarg,XXXVIII,X,CLXXXVII,Quinarius,V,III,LXXV
Muniv,XXXVI,IV,XXV,Quinarius,IV,XXI,CCIII
Munarg,XL,III,CLXXII,Denarius,V,XIV,CCXL
Murytub,XXXIX,III,CXLIII,Denarius,IX,I,DLXXI
Muniv,XXXVII,V,XX,Aureus,VII,XXVI,VI
Murytub,XL,VIII,CLXIII,Denarius,VII,IV,DCVIII
Munarg,XXXIX,VIII,CLXXXIX,Denarius,V,XXII,CXCIX
Munarg,XXXIX,II,CLXII,Denarius,VI,V,CCXXVI
Muniv,XXXVII,VIII,XXIV,Denarius,V,XXVI,DLX
Murytub,XXXVII,IX,CLXIX,Quinarius,VI,XXIX,CCLXV
Muniv,XL,III,XXIII,Quinarius,VII,XXVII,CXII
Muniv,XL,III,XXVIII,Denarius,V,V,CDLXV
Murytub,XXXV,VII,CXCIV,Denarius,VI,XXVI,DCCX
Munarg,XXXIX,V,CXVIII,Denarius,VIII,VIII,CCCLXXVIII
Munarg,XXXV,VI,CXXIV,Quinarius,VIII,XVIII,CLXXXII
Munarg,XXXIX,III,CXX,Denarius,VIII,XXV,CCCLXXIII
Murytub,XXXV,I,CXXII,Denarius,VI,XXIII,DCCXII
Murytub,XXXVII,VII,CXLI,Denarius,VII,XX,CMLXI
Munarg,XXXVI,III,CXXXVIII,Denarius,IV,XXI,CCCXC
Munarg,XXXVII,VII,CLXXXIX,Quinarius,VII,XX,CXXII
Muniv,XXXVI,II,XXXII,Denarius,VII,VI,CDLXX
Munarg,XL,X,CXXXI,Quinarius,VI,XIV,XLIV
Munarg,XXXVI,III,CLVII,Quinarius,V,III,CLXXXI
Murytub,XXXV,II,CXVII,Denarius,V,IV,DCCV
Muniv,XXXIX,VIII,XIX,Denarius,V,I,DLXX
Munarg,XXXIX,XI,CXXXIX,Quinarius,IV,V,XCI
Munarg,XXXV,XI,CXLVIII,Denarius,IV,XXI,CCCLXXXI
Murytub,XXXV,VIII,CXXX,Denarius,IV,XXIV,DCXLV
Muniv,XXXIX,X,XL,Quinarius,VI,XVII,CIV
Munarg,XXXVIII,III,CXVIII,Denarius,IX,XIII,CDVI
Murytub,XL,XI,CLXXXI,Quinarius,VI,IX,CVII
Muniv,XXXVIII,VIII,XXII,Denarius,IV,XIV,CDLIII
Munarg,XXXVI,II,CXVIII,Denarius,V,I,CCCXXX
Murytub,XXXIX,III,CXVII,Aureus,VIII,XVIII,VI
Munarg,XXXV,X,CXIV,Denarius,VI,IV,CCCXXX
Murytub,XXXV,XII,CLXIV,Quinarius,VI,X,CCCXXXVI
Muniv,XXXVI,X,XXXV,Denarius,VI,XIX,DVIII
Murytub,XL,XII,CLII,Quinarius,VI,II,CXII
Murytub,XXXV,VII,CL,Denarius,IX,X,DCXCV
Munarg,XXXVI,XI,CXLI,Quinarius,VI,XXVIII,CXXXV
Muniv,XXXV,VIII,XXV,Denarius,IV,IX,CDLVIII
Murytub,XL,III,CXX,Denarius,VII,XVII,DLXXVIII
Murytub,XXXIX,IV,CLXVIII,Denarius,VI,VIII,DCXXIII
Munarg,XL,V,CLXXII,Quinarius,IV,XXII,XXXIX
Murytub,XXXVIII,XII,CLXI,Quinarius,V,XXVII,CLVI
Atamora,XXXVI,II,XI,Denarius,V,XIX,MMDCXV
Munarg,XXXVII,VI,CXXV,Quinarius,VI,XXIX,CLXI
Munarg,XXXVIII,IV,CLXI,Quinarius,VII,XXV,CXVII
Muniv,XXXVI,V,XXXVIII,Denarius,IX,I,CDLXV
Muniv,XXXVII,XI,XXXIII,Denarius,V,XXIV,D
Munarg,XXXV,XII,CLXXXV,Quinarius,VI,XXVI,CLV
Munarg,XL,IX,CXCI,Aureus,VII,XVIII,III
Murytub,XXXIX,XI,CXX,Denarius,VI,XVIII,DLXXII
Muniv,XXXIX,V,XXI,Denarius,V,XXIV,CDL
Atamora,XXXV,XII,VIII,Quinarius,V,II,MCCCXXI
Munarg,XXXVII,VI,CXXIX,Quinarius,V,X,CLIX
Munarg,XXXVI,I,CVIII,Denarius,V,XII,CCLXXXI
Munarg,XXXV,VIII,CLXIII,Denarius,VII,X,CCLXXXVIII
Murytub,XXXVIII,II,CLXXVII,Denarius,V,XII,DLXXXI
Munarg,XXXV,II,CXLVIII,Denarius,V,XIX,CCCLXXVI
Muniv,XXXVI,VII,XXIX,Denarius,V,XXVIII,DLXXX
Murytub,XXXVI,VIII,CLXXXII,Quinarius,VI,VI,CCLXXIV
Munarg,XXXVI,VI,CXII,Quinarius,VIII,XXX,CLXXXVI
Murytub,XXXVII,V,CXXXI,Denarius,VI,XXVII,CMXXIII
Munarg,XXXVII,I,CLXI,Denarius,IV,XII,CCCLXXXV
Murytub,XL,IV,CLXXIII,Denarius,VI,XXI,DLXXV
Murytub,XXXVII,XII,CXLVI,Denarius,VIII,VI,DCXXXIV
Munarg,XXXVI,XI,CXXXV,Quinarius,VII,XXVI,CXXIII
Murytub,XXXVI,XII,CXLIV,Quinarius,VIII,V,CCXXXI
Munarg,XXXVI,II,CXCVII,Denarius,VII,XXIII,CCCLXIV
Atamora,XXXV,V,XI,Quinarius,V,XXXI,MCCV
Murytub,XXXVII,IV,CL,Denarius,VI,XXIII,CMXXXIV
Atamora,XXXVIII,V,XI,Denarius,IX,XXIV,MMCCXCVII
Murytub,XXXV,X,CXLIII,Quinarius,IV,XXI,CCCXLIX
Munarg,XXXV,VIII,CL,Quinarius,VII,VIII,CLIV
Murytub,XXXV,IX,CLIV,Denarius,IX,X,DCCIII
Murytub,XXXVII,VIII,CXXXVIII,Denarius,VIII,XVI,DCCXX
Murytub,XXXIX,II,CXXVII,Denarius,VI,IX,DCIX
Murytub,XXXVII,II,CXXVII,Quinarius,VI,I,CCC
Munarg,XXXV,VIII,CIX,Denarius,VII,XI,CCCLXX
Murytub,XXXVI,IV,CXXXVI,Quinarius,II,VIII,CCLXXXII
Munarg,XXXVI,XI,CLXXX,Aureus,VII,XVIII,III
Munarg,XXXVII,III,CXXXVII,Denarius,VIII,XV,CCCXXVIII
Munarg,XL,VII,CLXXX,Denarius,VIII,XXI,CDXL
Suilis,XL,V,XI,Denarius,VI,VI,MMMCMLXXXIII
Munarg,XXXIX,I,CXXXIX,Quinarius,IV,XVI,LIX
Muniv,XXXVIII,I,XVI,Denarius,VI,VII,DX
Murytub,XXXVII,III,CXXII,Quinarius,VII,VIII,CCLXXV
Munarg,XXXVIII,VIII,CXVI,Quinarius,VI,XII,LXIV
Munarg,XXXIX,I,CXCVIII,Denarius,V,XII,CCXVII
Munarg,XXXIX,XI,CXLIV,Denarius,VI,III,CCCLXXVIII
Munarg,XXXVIII,VI,CLIII,Quinarius,VII,VI,LXXI
Murytub,XXXVI,I,CLII,Denarius,V,IV,DCCIX
Atamora,XXXVI,VI,IX,Aureus,IV,V,XXXII
Munarg,XXXVII,XII,CXXXVIII,Denarius,VI,XXV,CCLI
Muniv,XXXIX,II,XXIV,Quinarius,V,XXVI,CIV
Murytub,XXXVII,II,CXC,Denarius,VI,X,DCLXXVI
Murytub,XXXV,II,CXXVI,Aureus,VIII,VIII,IX
Munarg,XXXVII,VIII,CXC,Denarius,VIII,XXIII,CDXVIII
Munarg,XXXVII,XII,CXXV,Denarius,VI,XXVIII,CCLXIII
Murytub,XXXVIII,II,CXIX,Denarius,VI,I,DCXXXVII
Murytub,XXXV,VI,CXV,Denarius,X,XXVI,DCXXX
Munarg,XXXVI,VI,CXXXII,Denarius,VII,XV,CCLXXXV
Munarg,XXXVIII,I,CLVIII,Aureus,V,VI,III
Munarg,XXXVI,II,CXXVII,Denarius,IV,XXIX,CCXCV
Munarg,XXXIX,IX,CXXX,Aureus,V,XV,II
Suilis,XXXVII,VIII,XLVI,Denarius,VII,XIII,MMMDCXXXVII
Munarg,XXXVII,VI,CX,Denarius,VII,VII,CCLXXXII
Murytub,XXXVII,VII,CXXVI,Quinarius,VII,XVIII,CCCLVII
Munarg,XXXVIII,VIII,CLXXXI,Quinarius,VI,XXVI,CIX
Muniv,XXXVIII,VIII,XXIII,Denarius,V,III,DIII
Munarg,XXXVII,XI,CXXIV,Denarius,VIII,XI,CCLXX
Murytub,XXXV,VIII,CXLVI,Quinarius,VIII,III,CCCLIX
Munarg,XXXIX,VII,CXXXI,Denarius,VI,XV,CCCLXI
Munarg,XL,IV,CXVII,Denarius,VIII,XIV,CCCLXXVIII
Munarg,XXXVIII,V,CLXXXIII,Denarius,V,XXVII,CCXCIX
Suilis,XXXVI,XII,XV,Denarius,VIII,V,MMMDCCXLI
Munarg,XXXVII,IX,CLII,Aureus,IV,III,IV
Murytub,XXXVII,XI,CXVII,Denarius,VI,XIV,DLXXIV
Munarg,XL,II,CXCVIII,Quinarius,VI,VI,XLIX
Murytub,XXXV,XI,CXXXIII,Aureus,VII,XV,IX
Suilis,XXXIX,III,LX,Denarius,IX,I,MMMCMLXXXII
Atamora,XXXVII,VII,XIII,Quinarius,IV,XVII,DCCCLVI
Suilis,XXXVI,III,XII,Denarius,VI,XVII,MMMDCXXXI
Murytub,XXXIX,III,CLXIV,Quinarius,VI,XIV,CXXXV
Munarg,XXXVIII,IV,CXXIX,Denarius,VIII,XII,CDXXVIII
Muniv,XXXIX,I,XXI,Quinarius,VI,IX,CXV
Murytub,XXXVI,VII,CLXVII,Denarius,V,XIV,DCXLVI
Muniv,XXXVI,XII,XXII,Quinarius,V,XXVIII,CXCVI
Munarg,XXXVIII,XII,CLXXVII,Denarius,IV,XIX,CCLXXV
Muniv,XXXV,I,XXII,Denarius,IX,XIX,CDXL
Munarg,XXXV,I,CXCVI,Denarius,VI,XIV,CCCXC
Muniv,XXXV,VIII,XIX,Denarius,VI,XXI,CDLXXII
Suilis,XXXIX,V,XII,Aureus,VI,XII,XXXVIII
Muniv,XXXVIII,V,XXIII,Denarius,VII,II,DLII
Murytub,XXXVI,VIII,CLXVII,Quinarius,IX,X,CCLV
Suilis,XL,I,XII,Denarius,VII,X,MMMMLXXXI
Murytub,XXXV,XII,CXXXVIII,Denarius,VI,VI,DCCLXXXVI
Murytub,XXXVIII,I,CXXVI,Denarius,V,VI,DXCVI
Munarg,XXXV,IV,CLXXX,Aureus,III,XVII,IV
Munarg,XL,II,CXLVII,Denarius,V,XV,CXCVI
Munarg,XXXVII,X,CLXXVI,Denarius,VI,XXII,CDXVII
Munarg,XXXVII,III,CXLII,Quinarius,IV,XXIII,CLIX
Munarg,XL,X,CXXXVI,Denarius,VI,XXVII,CCI
Munarg,XXXVIII,XI,CXLVII,Denarius,IV,XV,CDXXXVII
Muniv,XXXVIII,XI,XXVI,Denarius,III,XXV,CDLVI
Murytub,XXXVI,XII,CVIII,Denarius,VI,X,DCXLV
Munarg,XXXVII,II,CVI,Denarius,V,XXVIII,CDXXVI
Suilis,XXXVII,III,XXXVI,Denarius,VIII,XXVI,MMMDCCXLII
Murytub,XXXIX,II,CXCIX,Denarius,IX,XXI,DCVI
Munarg,XXXV,VIII,CLXVIII,Denarius,V,XXVI,CCCXXVIII
Murytub,XXXVI,V,CXXXIX,Quinarius,VII,VII,CCLIV
Muniv,XXXVI,VI,XX,Denarius,IV,XXV,CDLXIV
Muniv,XXXVII,IX,XXII,Denarius,VI,XXIII,CDXCIV
Murytub,XXXVII,II,CLXXXVI,Aureus,VI,XIII,VII
Murytub,XXXVI,XI,CXL,Quinarius,VII,XVI,CCLXVIII
Muniv,XXXV,VIII,XXVI,Aureus,VI,XXV,VI
Murytub,XXXVII,IX,CXLVII,Quinarius,V,IV,CCLXVII
Murytub,XXXVI,I,CXLIX,Denarius,VI,I,DCXXXII
Munarg,XXXV,III,CXXXI,Denarius,VII,XXVI,CCCX
Murytub,XXXV,IV,CLXXV,Denarius,VIII,XXVIII,DCCVI
Suilis,XXXIX,X,XV,Denarius,V,VIII,MMMDCCXXVI
Munarg,XXXV,VI,CLXXII,Denarius,VIII,VII,CCXCII
Munarg,XXXV,V,CLXXXVI,Denarius,V,I,CCCLXI
Murytub,XXXV,XI,CLXXI,Denarius,VI,XI,DCLIV
Murytub,XXXIX,VIII,CXLVII,Denarius,IX,XXXI,DCIX
Suilis,XXXVI,IX,LXIV,Denarius,VI,III,MMMCCCLXIX
Muniv,XXXV,VI,XXXI,Denarius,VI,XIII,CDLXXXVI
Munarg,XXXV,IX,C,Denarius,VI,XXVI,CCC
Murytub,XL,XII,CI,Quinarius,IV,XI,CXIII
Munarg,XXXVI,I,CLXVII,Denarius,V,XIX,CCCXXIV
Murytub,XXXVIII,V,CIX,Quinarius,VII,II,CCXI
Murytub,XXXVIII,IV,CXXXIX,Denarius,IV,XXI,DLXXIII
Muniv,XXXVI,VII,XVIII,Aureus,IV,V,V
Murytub,XXXVI,III,CXLVI,Denarius,VIII,VII,DCLXXXI
Murytub,XXXV,I,CXXVII,Quinarius,V,XVIII,CCCLXXXVIII
Munarg,XXXVIII,IV,CLXXXIII,Denarius,IX,II,CDXXXVIII
Murytub,XXXVI,II,LXXXIII,Quinarius,VII,XXIV,CCCVI
Murytub,XXXV,XII,CLXXXVIII,Quinarius,IV,XXVIII,CCCXVI
Munarg,XL,XI,CXCIV,Denarius,IV,XXIX,CCXVII
Munarg,XXXIX,IX,CXXXIII,Denarius,IV,XXX,CCXXI
Suilis,XXXVIII,V,X,Aureus,V,XI,XXXIX
Munarg,XXXVIII,VIII,CLXXIX,Denarius,VII,XXI,CD
Munarg,XL,VII,CLIV,Denarius,VIII,XXVIII,CCCXCVIII
Murytub,XL,III,CLVIII,Denarius,VI,VIII,DLXVI
Munarg,XXXVII,X,CLXXVI,Denarius,IX,II,CCCLVII
Murytub,XXXVII,VIII,CL,Denarius,VI,XV,DCL
Murytub,XXXVIII,V,CXCIII,Denarius,V,VI,DCLIV
Suilis,XXXVIII,I,XLII,Denarius,VI,X,MMMDCCCX
Murytub,XXXIX,VII,CLXII,Denarius,VII,XI,DLXXV
Munarg,XXXVIII,VIII,CXCI,Quinarius,V,XXIII,CIII
Munarg,XXXIX,IX,CLXV,Aureus,IX,IV,II
Munarg,XXXVII,I,CXCVIII,Quinarius,VII,XX,CXXVI
Murytub,XXXVII,XI,CLIII,Quinarius,VIII,XIX,CCIII
Munarg,XXXVII,XII,CXXXV,Denarius,VIII,XIV,CCXLII
Muniv,XXXV,I,XX,Aureus,IV,XXXI,VI
Munarg,XL,III,CXXXVIII,Denarius,VI,IX,CCCLIX
Muniv,XXXV,VII,XXXI,Denarius,IX,VI,CDXLVI
Munarg,XXXVIII,I,CLXXXVI,Denarius,VI,IX,CCCLXXXI
Murytub,XXXVI,XI,CLXXVIII,Denarius,VI,XXX,DCXL
Murytub,XXXVIII,XII,CXLVIII,Denarius,IV,VIII,DLXXVIII
Muniv,XXXVIII,XII,XIX,Denarius,V,III,DXXII
Muniv,XXXVI,XII,XXV,Quinarius,VIII,V,CCXII
Murytub,XXXVIII,II,CLIX,Quinarius,IV,V,CLXXXII
Munarg,XXXIX,X,CXCVIII,Aureus,V,XIII,IV
Munarg,XXXIX,V,CLXXXII,Denarius,VI,XXII,CCXLII
Murytub,XL,IX,CXLIX,Denarius,VIII,XXIX,DXXVIII
Muniv,XXXV,IV,XXVIII,Denarius,IV,III,CDXXXV
Muniv,XXXVI,III,XXVIII,Denarius,VII,XXVIII,DXII
Murytub,XXXVI,XI,CXCVII,Quinarius,VII,XV,CCLXXIV
Muniv,XXXVII,IX,XXI,Denarius,VII,VIII,DVII
Munarg,XXXVII,X,CLXXXVIII,Quinarius,VI,XXII,CXV
Muniv,XXXVIII,VI,XXIII,Quinarius,IV,IV,CLXX
Murytub,XXXIX,V,CXC,Denarius,VII,XIX,DXCV
Munarg,XXXVIII,IX,CLXIII,Denarius,VII,XX,CCXXVIII
Munarg,XXXV,X,CXXII,Denarius,IV,V,CCCXIII
Muniv,XXXIX,IX,XXVIII,Denarius,VIII,I,CDLXI
Murytub,XXXVI,X,C,Quinarius,VII,XXVI,CCLXXV
Atamora,XXXIX,X,XII,Denarius,VIII,IX,MMDCCLXXXV
Munarg,XXXVI,VIII,CXXXV,Aureus,V,V,III
Muniv,XXXVIII,II,XXIII,Denarius,VIII,XI,CDLXVI
Munarg,XXXVI,I,CXCII,Aureus,V,XXIX,IV
Muniv,XXXVIII,V,XV,Denarius,VI,IX,CDLXXIX
Muniv,XXXVIII,XII,XXX,Aureus,VII,XXIV,IV
Murytub,XL,VII,CLV,Denarius,VI,XI,DLIII
Munarg,XXXV,VI,CXV,Denarius,VII,XXII,CCCLXX
Suilis,XXXV,V,XXII,Denarius,V,VI,MMMCCXXXIII
Murytub,XXXVI,IV,CXLIII,Aureus,VIII,XXX,VIII
Muniv,XXXVII,I,XX,Denarius,IX,IV,CDXCI
Munarg,XXXVI,VI,CX,Quinarius,IV,XXV,CXX
Munarg,XL,II,CXIX,Denarius,VIII,II,CCXVIII
Murytub,XXXVIII,VIII,CXXVI,Denarius,VII,XIII,DCLI
Murytub,XXXVIII,X,XCIV,Denarius,VII,IV,DCXXVIII
Munarg,XXXVII,VII,CXCI,Denarius,IV,XXVII,CCLXXX
Munarg,XXXV,V,CXIV,Quinarius,VI,XVIII,CLXXXV
Suilis,XXXVII,X,XXI,Denarius,VI,III,MMMCCCLIX
Munarg,XXXV,VI,CXLII,Quinarius,VIII,IV,CLXIII
Munarg,XXXVII,XII,CLXIII,Denarius,VI,XXIII,CCXXXVII
Munarg,XXXV,VIII,CLXXXI,Denarius,VIII,III,CCCLXIV
Munarg,XL,VI,CLXVIII,Aureus,V,XXIII,IV
Murytub,XXXVI,IV,CXXVIII,Denarius,V,XXVIII,DCCX
Munarg,XXXVI,IV,CV,Aureus,IV,XXI,IV
Munarg,XXXIX,VI,CXXI,Denarius,V,VIII,CCCXCI
Atamora,XXXV,IX,IX,Denarius,VI,XIV,MMMCCCXLIX
Munarg,XL,XII,CXLVII,Denarius,VI,VII,CLXXXIX
Munarg,XXXV,III,CXXVIII,Denarius,IV,XXII,CCCLXIV
Munarg,XXXVI,V,CXXX,Denarius,III,XXVI,CCXCIV
Munarg,XXXV,IV,CLXII,Quinarius,IV,XIII,CLXXIII
Murytub,XXXVII,XII,CLVI,Denarius,VIII,X,DCXLI
Murytub,XXXVII,V,CLVI,Denarius,VII,V,DCCCXCIII
Murytub,XXXVIII,VI,CXX,Denarius,IV,XIV,DCX
Murytub,XXXVI,II,CXLI,Aureus,VI,VII,VIII
Muniv,XXXVII,XI,XXIX,Denarius,VIII,XIX,CDLXXIV
Murytub,XXXVIII,III,CXL,Quinarius,VII,IV,CLXXIX
Muniv,XL,III,XXIX,Denarius,VI,XIX,CCCLXIX
Munarg,XXXIX,XI,CLXXXIII,Quinarius,VII,IV,XLIX
Murytub,XL,V,CXLIII,Denarius,IV,XXX,DLXIII
Atamora,XXXVIII,VIII,VIII,Denarius,IV,XXIX,MMCDLXI
Munarg,XXXIX,III,CXLIV,Denarius,V,VI,CCXIV
Munarg,XXXVII,III,CXCVII,Denarius,V,IX,CCCXLV
Muniv,XL,VII,XXVII,Denarius,IX,XIX,DXLIII
Atamora,XXXV,IV,XII,Denarius,IV,IV,MMDCCXLVII
Murytub,XXXIX,VII,CXVII,Denarius,VII,XXVII,DCI
Suilis,XXXV,V,XII,Denarius,I,IV,MMMCCCXXIII
Munarg,XXXVI,II,CXXXI,Aureus,V,XVIII,V
Muniv,XXXV,II,XXXII,Quinarius,IV,II,CCXLIV
Murytub,XXXVII,VII,CLXXII,Quinarius,VII,XII,CCCXXXVII
Muniv,XXXVII,I,XXVII,Denarius,VI,XXVIII,DXVIII
Munarg,XL,VI,CXI,Denarius,V,V,CDVII
Munarg,XXXVII,VII,CXCV,Denarius,VI,XXVIII,CCLIII
Murytub,XXXVI,I,CLXXXVIII,Denarius,VI,XXVII,DCXCIX
Munarg,XXXV,VIII,CXI,Denarius,V,IV,CCCLXII
Munarg,XXXVIII,III,CLXIX,Quinarius,X,XXVII,CXXIV
Munarg,XL,V,CLXIV,Quinarius,VIII,VIII,XLI
Suilis,XXXVI,I,XI,Denarius,V,XVIII,MMMCLXXI
Munarg,XL,II,CXIII,Quinarius,VIII,II,LV
Murytub,XL,VII,CLXI,Quinarius,VI,IX,CXXXV
Munarg,XXXVIII,XII,CXI,Quinarius,VI,XI,CXIV
Muniv,XXXV,VIII,XIX,Denarius,V,XIX,CDXL
Murytub,XXXV,III,CXLII,Denarius,VI,XII,DCLXXXII
Murytub,XXXV,II,CXXV,Quinarius,VII,V,CCCLXXII
Munarg,XXXIX,XII,CLVI,Denarius,IX,XXVI,CCLI
Munarg,XL,XII,CLXIV,Quinarius,III,XII,LXXXIV
Munarg,XXXIX,V,CXCVIII,Quinarius,VI,XVIII,XLV
Munarg,XXXVIII,IX,CXXVI,Denarius,IX,XXIV,CCXL
Muniv,XXXVI,V,XXIII,Aureus,IX,I,VI
Muniv,XXXIX,V,XXIII,Quinarius,VIII,XVII,CVI
Munarg,XXXIX,III,CXXI,Denarius,VI,XXVIII,CDXXIII
Munarg,XXXVIII,VI,CXCV,Quinarius,VII,VIII,LXXIV
Munarg,XXXIX,XI,CXIX,Quinarius,VIII,XXIV,XLIX
Murytub,XXXIX,XI,CLIX,Denarius,X,VI,DLVII
Suilis,XL,VII,XXIII,Quinarius,VII,X,DCCCLXIV
Murytub,XL,IV,CXLVI,Quinarius,VI,I,CXXVII
Munarg,XXXVII,X,CLXXXIX,Denarius,IV,XVII,CCCXXX
Munarg,XXXIX,XI,CIV,Denarius,VIII,VIII,CCXL
Murytub,XXXV,VII,CLX,Aureus,VI,XXXI,X
Munarg,XXXVII,XII,CLXXVIII,Denarius,V,XII,CCXCVII
Munarg,XXXV,X,CXCII,Aureus,VI,IV,V
Murytub,XXXIX,IV,CXLI,Denarius,III,XV,DCVIII
Muniv,XXXV,VI,XXVI,Denarius,IV,XXI,CDXCIX
Murytub,XXXIX,II,CXXIII,Quinarius,VI,XV,CXXXVI
Murytub,XXXVIII,I,CXXI,Denarius,V,I,DCXII
Muniv,XXXVII,V,XIX,Quinarius,III,VI,CC
Murytub,XXXVI,XII,XCVII,Quinarius,IV,XVIII,CCXLII
Muniv,XXXVI,II,XXI,Quinarius,VI,XXVI,CCLXII
Munarg,XXXVIII,III,CLXV,Denarius,VI,V,CCCLXVII
Muniv,XL,X,XXIII,Aureus,VII,XVII,IV
Munarg,XXXVIII,II,CLXXXVI,Quinarius,VII,XIX,CXIX
Munarg,XXXVIII,X,CXCII,Denarius,III,XXV,CCLXXVII
Munarg,XL,IV,CXLIV,Denarius,V,XI,CXCI
Munarg,XXXIX,IV,CVI,Denarius,VII,XXI,CDXV
Muniv,XL,I,XXIII,Denarius,II,XVIII,CDXXVIII
Muniv,XXXVI,XI,XIX,Quinarius,VII,I,CCXXVIII
Munarg,XXXVII,II,CLIV,Denarius,VIII,VII,CCLXIV
Munarg,XXXVII,VI,CLXXXVIII,Denarius,III,XXV,CCCXLIII
Muniv,XXXVII,II,XIX,Quinarius,V,XXVIII,CCXVI
Atamora,XL,VII,XI,Denarius,VIII,V,MMCCLXXXVII
Munarg,XL,I,CLXXIV,Quinarius,VI,VIII,LXXXIX
Murytub,XXXVIII,VIII,CXC,Denarius,V,V,DCXVIII
Munarg,XL,IV,CXXXVII,Aureus,VI,XXVII,III
Munarg,XXXVI,V,CXXIV,Denarius,IX,XXVII,CCCLIII
Muniv,XL,VII,XXVIII,Denarius,VIII,XXIII,CDXIX
Munarg,XXXVII,VIII,CXCIII,Quinarius,V,XXVI,CLXXV
Murytub,XL,VIII,CXLIII,Quinarius,VIII,XXIII,CXXX
Munarg,XL,III,CLXXIII,Quinarius,V,XXI,XLIII
Murytub,XXXVII,V,CXXV,Denarius,VI,XXVII,DCCCLXXXI
Murytub,XXXVII,VII,CXCI,Denarius,V,XV,CMXLI
Munarg,XXXIX,X,CXIX,Denarius,VII,XXXI,CCVII
Munarg,XXXVII,V,CXLII,Denarius,VII,XXIX,CCCXI
Munarg,XXXV,XII,CVIII,Quinarius,IV,XXVIII,CXXX
Muniv,XL,I,XXVI,Denarius,V,XXIX,DLXIX
Munarg,XL,VII,CLIII,Quinarius,VI,IV,XLIII
Murytub,XXXV,XII,CCIV,Denarius,IV,XXVIII,DCLIII
Munarg,XXXVI,X,CXXV,Denarius,VI,II,CDXXI
Munarg,XXXVII,II,CXLIX,Denarius,V,XV,CCLVI
Murytub,XXXVII,XI,CC,Denarius,V,XX,DCLX
Munarg,XXXIX,X,CLXXXII,Quinarius,VIII,XXIX,XCI
Murytub,XXXIX,IX,CLXXX,Quinarius,V,XIX,CXXVII
Murytub,XXXV,II,CLIII,Aureus,VIII,VIII,IX
Muniv,XXXV,III,XXIV,Denarius,VII,VI,DLXXI
Munarg,XXXV,VII,CXLIX,Aureus,IV,V,IV
Murytub,XXXIX,VI,CXLIV,Quinarius,VI,XIII,CXXXVIII
Muniv,XXXVII,X,XXV,Denarius,IX,XI,CDLXXV
Murytub,XL,III,CLXX,Denarius,VI,XXX,DXCIX
Murytub,XXXVIII,IX,CXXXIX,Denarius,V,XII,DCXLVIII
Munarg,XXXIX,I,CXLII,Quinarius,VII,XXV,LXXXVIII
Munarg,XXXIX,XII,CIV,Denarius,V,XXX,CCXVII
Muniv,XXXVI,IX,XXVI,Quinarius,V,XXV,CLXXXVII
Murytub,XXXV,III,CII,Denarius,VII,XXI,DCLXXIII
Murytub,XXXV,II,CLII,Denarius,VI,XIV,DCCVII
Munarg,XXXV,X,CLXIX,Denarius,IV,IX,CCCLXIV
Munarg,XXXV,II,CLX,Denarius,V,XVI,CCCXC
Munarg,XXXV,II,CLVI,Denarius,IV,I,CCCII
Murytub,XXXVIII,X,CIX,Quinarius,VII,XI,CXLIX
Muniv,XL,IX,XXIX,Denarius,V,XII,CDLXXXVII
Muniv,XXXVI,IX,XXVIII,Quinarius,VIII,XVI,CCXVIII
Munarg,XXXVII,XI,CXLVI,Denarius,IX,XXIII,CCLXXI
Munarg,XXXV,XI,CXIX,Denarius,IV,VII,CDII
Murytub,XXXV,XI,CCXXV,Quinarius,V,XVII,CCCXLV
Munarg,XXXVII,VI,CXL,Denarius,V,XXX,CCCXXI
Munarg,XXXVII,I,CLXXIV,Quinarius,V,XXV,CXXXV
Muniv,XXXVI,II,XXIX,Aureus,IV,XXIX,VI
Munarg,XL,I,CXCVI,Denarius,IV,XXVII,CCIX
Muniv,XXXIX,VIII,XXVI,Denarius,VI,V,CDLXIX
Muniv,XL,I,XXIX,Denarius,VI,XIII,DI
Munarg,XXXV,II,CLXXXIX,Denarius,VI,XXVI,CCCXXXV
Muniv,XXXVI,I,XXX,Aureus,III,V,VI
Murytub,XXXVI,IV,CLXXV,Denarius,V,V,DCCXL
Murytub,XXXVII,IX,CCIV,Denarius,VII,XII,DCCVII
Murytub,XXXVII,III,CXCIII,Denarius,IV,XXV,DCLIII
Munarg,XL,IV,CXLIII,Denarius,VII,VIII,CLXXXIV
Murytub,XL,V,CLXXXV,Denarius,VI,XIV,DLXXIX
Munarg,XXXV,X,CLXXII,Denarius,VII,XXV,CCCLXXXVII
Munarg,XXXVIII,II,CXLV,Denarius,IX,XX,CCLXXXII
Munarg,XL,VII,CXXXVII,Denarius,VI,VI,CCII
Munarg,XXXV,II,CXL,Denarius,VI,XXI,CCCXXVII
Murytub,XXXVI,VIII,CLXXII,Aureus,VII,VII,VII
Murytub,XXXVIII,VII,CLVII,Quinarius,IV,XXIX,CLXXI
Munarg,XXXVII,X,CLXIV,Denarius,VIII,IV,CCC
Munarg,XXXVIII,IV,CXXVIII,Aureus,VII,XVIII,III
Suilis,XXXV,I,XV,Denarius,VIII,II,MMMCCCXXXVI
Munarg,XXXIX,VIII,CX,Denarius,IV,XIX,CDIV
Muniv,XXXIX,I,XVIII,Denarius,VIII,XXIX,CDXXXV
Suilis,XXXVI,II,XXV,Quinarius,IV,IV,MDXXXVII
Muniv,XXXV,I,XXI,Quinarius,VII,XXVII,CCLXV
Murytub,XXXVII,X,CXXXVI,Denarius,IX,XI,DCXXIV
Muniv,XXXVII,II,XIX,Denarius,VI,XI,DXXIX
Muniv,XXXVII,XII,XVII,Quinarius,VI,XXIII,CLXII
Munarg,XXXVI,V,CXCVII,Quinarius,IV,XI,CXXXV
Munarg,XXXVII,IX,CXCI,Quinarius,VIII,XX,CLXVIII
Muniv,XXXIX,IX,XXIV,Quinarius,IV,XXV,CVII
Muniv,XXXVII,V,XXXI,Denarius,VII,XXVI,CDXLVIII
Muniv,XXXVI,I,XXVI,Denarius,IX,XXXI,DLIII
Munarg,XXXV,X,CIX,Quinarius,VIII,XXX,CLXXXI
Murytub,XXXVII,XI,CXXXIII,Quinarius,VIII,XIX,CCVII
Atamora,XL,II,VIII,Denarius,VII,XVIII,MMCCCLXII
Murytub,XXXVI,IX,CXLII,Denarius,VII,XXVII,DCXLIII
Munarg,XXXVIII,II,CXIV,Quinarius,VII,XVIII,LXXXVII
Murytub,XXXVII,X,CXLVI,Denarius,IV,XXVIII,DCXLI
Murytub,XXXIX,IX,CXCVI,Denarius,IV,XXV,DLX
Munarg,XXXV,XI,CLXXXIV,Denarius,VII,XII,CCCLIV
Munarg,XXXIX,III,CLXXXVIII,Quinarius,VI,II,XCVI
Murytub,XXXV,X,CXIII,Denarius,VI,X,DCXCIII
Murytub,XL,III,CLXXXVI,Aureus,IV,XXIII,V
Suilis,XXXVI,IX,XVI,Denarius,IV,XXVI,MMMDCLXXXVIII
Murytub,XXXVI,I,CXXIII,Denarius,III,V,DCLXXVIII
Munarg,XXXIX,VI,CXCIV,Denarius,V,VIII,CCLVI
Munarg,XL,XI,CLXVI,Denarius,V,XV,CCCLXVI
Munarg,XXXV,XII,CXXXVI,Quinarius,VI,XXVI,CXLVII
Suilis,XL,IX,XXIV,Denarius,V,II,MMMDCCCLVI
Munarg,XXXVII,VIII,CLXXXIII,Quinarius,V,XXVII,CXIV
Munarg,XXXIX,XII,CVII,Denarius,VII,XIX,CXCV
Murytub,XXXVI,VI,CLXVIII,Denarius,V,VIII,DCLXXI
Munarg,XL,VI,CLXVIII,Denarius,VIII,XXIV,CCXVI
Murytub,XXXV,VI,CXLIV,Denarius,V,XVII,DCCV
Muniv,XXXVIII,I,XXXI,Quinarius,VI,X,CLXXXII
Munarg,XXXV,VI,CII,Denarius,I,III,CCCLXIX
Atamora,XXXVI,VIII,XI,Quinarius,VI,VI,MXLVI
Muniv,XXXVII,I,XV,Aureus,VI,V,V
Murytub,XXXV,I,CLXIII,Denarius,VII,VI,DCCXIX
Munarg,XL,II,CXLVI,Denarius,VII,XXI,CDIV
Munarg,XXXVI,XII,CXLIV,Quinarius,VII,IX,CXXVII
Suilis,XXXVII,VI,XV,Quinarius,V,XXVIII,MCDVII
Munarg,XXXIX,XI,CLXXXII,Denarius,V,II,CCLVII
Murytub,XXXVI,VII,CLXIV,Aureus,VII,XXXI,VI
Muniv,XXXVII,I,XXIV,Denarius,VII,XX,CDXCIV
Munarg,XXXVI,XII,CLXIV,Denarius,X,XIII,CCCLIX
Murytub,XXXVIII,X,CLXIV,Denarius,VIII,VIII,DLXXXVIII
Munarg,XXXV,VIII,CLXVIII,Aureus,VI,XXI,IV
Munarg,XXXVI,I,CLXVIII,Quinarius,IV,XXVI,CLVI
Murytub,XXXVIII,IV,CLXXXVII,Denarius,VI,IX,DCXXXIV
Munarg,XXXVII,X,CLIV,Quinarius,V,XVIII,XCIX
Munarg,XXXV,V,CLVI,Denarius,V,XI,CCCLXVII
Munarg,XXXVI,X,CXCVIII,Aureus,VIII,XIII,III
Munarg,XL,VIII,CVIII,Aureus,IX,VIII,III
Suilis,XL,XI,LII,Quinarius,VI,X,DCCLX
Murytub,XXXVII,III,CLXXXIX,Denarius,VI,VII,DCCXVI
Murytub,XXXV,I,CXXXII,Quinarius,VI,XXI,CCCLXIII
Munarg,XXXVIII,VII,CXXXVIII,Aureus,VIII,V,IV
Murytub,XL,VII,CVI,Aureus,VI,XXV,V
Murytub,XXXVI,V,XCVI,Denarius,VI,XVI,DCCXXI
Murytub,XXXVIII,III,CXLVI,Aureus,IV,III,VI
Murytub,XXXVI,IV,CCXVIII,Quinarius,III,XXIII,CCCIV
Muniv,XXXVIII,X,XVII,Aureus,V,XX,V
Munarg,XXXVII,VIII,CXLIII,Quinarius,VI,XXIX,CXLVI
Murytub,XXXVI,II,CXCII,Aureus,VII,XI,VIII
Suilis,XXXVII,VI,XXX,Denarius,VII,XIII,MMMCCCLXII
Muniv,XXXVII,IX,XXIII,Denarius,IX,VII,CDXXXIV
Munarg,XXXVI,XI,CXCVI,Denarius,VII,XV,CCCLXXXI
Munarg,XXXV,I,CXCVI,Quinarius,VIII,XXVIII,CLXXVIII
Muniv,XXXV,XI,XIX,Quinarius,VI,II,CCXLVIII
Murytub,XXXIX,VII,CXLIII,Quinarius,VI,XX,CLIII
Muniv,XXXVIII,III,XXV,Denarius,IV,XVIII,CDXC
Munarg,XXXIX,I,CLXXIII,Quinarius,VIII,VIII,LXXXII
Munarg,XXXVII,VII,CLXVIII,Aureus,V,X,III
Murytub,XXXVII,II,CLXVI,Denarius,IV,XVIII,DCLII
Murytub,XL,I,CXVII,Quinarius,III,XXVIII,CXXI
Munarg,XXXVIII,X,CVIII,Denarius,VII,XV,CCCLXXI
Munarg,XXXVII,VIII,CXLVII,Denarius,VI,IV,CDXXXII
Murytub,XXXV,VII,CLII,Denarius,VI,XV,DCCVII
Murytub,XXXVIII,X,CLXXV,Denarius,VII,IX,DC
Munarg,XL,I,CXLI,Aureus,VII,VI,IV
Muniv,XXXIX,VII,XIX,Denarius,VIII,XXVI,CCCLXI
Murytub,XXXVIII,VII,CXXXVI,Denarius,IV,XVII,DCVI
Munarg,XXXVII,VI,CLXXXV,Denarius,VII,XXVII,CCLXV
Suilis,XXXVIII,XII,XXXI,Denarius,V,III,MMMCDLV
Munarg,XXXVIII,VIII,CLXIX,Denarius,VIII,XXX,CCCLVII
Suilis,XXXVI,X,XIX,Denarius,III,I,MMMCCCVI
Muniv,XL,III,XXXIII,Quinarius,V,XXVIII,CIX
Munarg,XL,II,CXXXII,Quinarius,VIII,XVI,XCI
Munarg,XXXVI,IX,CLXXXIV,Quinarius,IV,XXIX,CXXXV
Murytub,XXXVIII,IV,CXXXVII,Quinarius,VI,V,CLXV
Munarg,XL,X,CLXXVII,Denarius,VIII,V,CLXXIV
Murytub,XXXV,IV,CXCIV,Denarius,VI,V,DCCXXXII
Munarg,XXXVIII,X,CLVII,Quinarius,V,XIV,LXI
Suilis,XL,II,XX,Denarius,V,XXIX,MMMDCXCVIII
Murytub,XXXVIII,II,CXXXIV,Aureus,VII,XIX,VII
Munarg,XXXVIII,XII,CXXV,Aureus,VI,XVII,IV
Murytub,XXXVIII,I,CLXIII,Quinarius,VIII,XXVIII,CCIV
Murytub,XL,I,CLVI,Denarius,VII,XXX,DCXL
Murytub,XXXVII,II,CXLIII,Quinarius,II,XXII,CCXCIV
Murytub,XXXV,IV,CXLV,Quinarius,IV,III,CCCLVI
Murytub,XL,XII,CXI,Quinarius,VI,VI,CXIX
Munarg,XXXVII,II,CXXXIV,Denarius,VIII,XIX,CCLXXXVII
Murytub,XXXVI,X,CLXXXVII,Quinarius,VII,XXXI,CCLXIV
Munarg,XXXVII,X,CXXVI,Quinarius,IX,XI,CIX
Munarg,XXXV,VII,CXXVI,Denarius,VII,II,CCCXXVII
Munarg,XXXVI,IV,CXVIII,Aureus,VIII,XIV,IV
Murytub,XXXVIII,XI,CXLI,Denarius,IV,XVIII,DCXXVIII
Suilis,XL,VI,XXVIII,Denarius,III,I,MMMDCCXXVIII
Murytub,XXXVI,III,CLXX,Denarius,III,XXII,DCCXVIII
Murytub,XXXVI,II,CXLVII,Denarius,V,II,DCLXXVI
Murytub,XXXVI,X,CLXVII,Denarius,V,XII,DCLXIV
Murytub,XXXV,XI,CXIV,Quinarius,VI,XXX,CCCXXIX
Suilis,XXXIX,XII,LXXXIV,Denarius,VIII,II,MMMDCCXLVII
Munarg,XXXV,VI,CLXVIII,Quinarius,VII,XXII,CL
Atamora,XXXV,IX,VIII,Denarius,VI,XII,MMMDCLXXVIII
Muniv,XXXVII,VIII,XXXI,Denarius,V,XXVI,CDXVIII
Murytub,XXXVII,I,CXXXI,Denarius,X,XXIX,DCLXXII
Murytub,XXXV,IV,LXXIV,Aureus,V,X,IX
Suilis,XXXV,V,XI,Aureus,V,XI,XLV
Murytub,XXXIX,VII,CXXXVI,Denarius,VI,XIII,DXC
Muniv,XXXVI,VII,XXX,Denarius,VI,XII,DXLIX
Munarg,XXXVI,V,CXXIX,Denarius,IV,XXIX,CCCXXX
Munarg,XXXVI,V,CLXXIX,Denarius,VII,XIV,CCCV
Suilis,XXXV,IV,XXV,Aureus,VII,XIV,XLV
Muniv,XL,V,XVII,Quinarius,VIII,XIX,CXIX
Munarg,XL,XI,CXVIII,Denarius,III,XXI,CCCLXIX
Munarg,XXXVII,VI,CLV,Quinarius,V,X,CXLIX
Munarg,XXXVI,VII,CLXXXIV,Denarius,VII,XXVI,CCLXXXIII
Murytub,XXXVI,XII,CLXXIX,Denarius,I,II,DCXCIV
Munarg,XL,II,CLXXIII,Denarius,VII,III,CCXXI
Murytub,XL,VI,LXXXVIII,Denarius,VI,XXVI,DXXXI
Munarg,XXXVI,IX,CLXI,Denarius,IV,XXIX,CDXX
Murytub,XXXIX,VIII,CXXXIV,Quinarius,IX,XXXI,CXXXVI
Munarg,XXXIX,I,CXV,Denarius,V,XXVII,CCXVII
Murytub,XXXVIII,IX,CCXXXI,Denarius,VII,IV,DCXXIV
Munarg,XXXVI,III,CIV,Denarius,III,V,CCCXXIII
Muniv,XXXVI,IV,XVIII,Quinarius,III,XXIII,CCXXIII
Muniv,XL,I,XXX,Denarius,VI,XXIII,DLXXXII
Munarg,XXXVIII,XI,CIX,Quinarius,V,VIII,LXXIV
Atamora,XXXIX,IX,V,Denarius,VI,XXVII,MMMCCCIII
Munarg,XXXVII,XI,CXLVII,Denarius,VI,XXVI,CCCXXXIII
Muniv,XL,I,XIV,Denarius,V,XVI,DLXX
Murytub,XXXV,XII,CXLVIII,Denarius,IX,IX,DCCIII
Munarg,XXXV,IV,CXLV,Aureus,IV,XIII,V
Murytub,XXXIX,XII,CLXXIV,Quinarius,V,VI,CXXXVIII
Munarg,XXXVIII,V,CLXXV,Denarius,V,XVI,CDXXIV
Munarg,XXXV,X,CXXVI,Denarius,VIII,XXIX,CCCLX
Muniv,XXXVII,XI,XXV,Quinarius,IX,XVI,CLI
Munarg,XXXVIII,II,CXLIV,Quinarius,VI,XXI,LXXXIV
Munarg,XXXVI,VIII,CXCVIII,Quinarius,V,XV,CXXXIII
Muniv,XXXV,VI,XXVII,Denarius,IV,XV,DXCIX
Munarg,XXXVI,V,CXXII,Quinarius,VI,XVI,CXXVIII
Munarg,XXXIX,IX,CXXVII,Denarius,V,XVII,CDXXIII
Murytub,XXXVII,IV,CL,Denarius,V,XXI,CMXI
Muniv,XXXV,IX,XX,Denarius,VII,XXII,DXII
Munarg,XXXVII,VIII,CLXXXVI,Quinarius,VII,XIII,CXXXV
Munarg,XXXVII,I,CXII,Aureus,VI,III,III
Munarg,XL,XI,CXIII,Quinarius,V,XV,LXXIV
Muniv,XXXVI,V,XVII,Denarius,VI,XV,DIX
Munarg,XXXVIII,X,CLII,Denarius,V,III,CCXXII
Munarg,XXXVII,I,CLXXI,Denarius,VI,XIII,CCCXLII
Munarg,XXXV,VII,CLXI,Denarius,IV,XXX,CCCLXIV
Murytub,XXXVIII,II,CXLIII,Denarius,VIII,X,DCXLIII
Murytub,XXXVI,XII,LXXXVII,Denarius,VIII,XV,DCLVIII
Murytub,XXXIX,XI,CLXXIII,Denarius,VIII,XIII,DLXXII
Murytub,XXXIX,VI,CLXXI,Denarius,VII,XXVII,DCV
Munarg,XXXVIII,I,CXCIV,Denarius,V,VI,CCCLXVIII
Suilis,XXXV,I,X,Quinarius,IV,X,MCMXVI
Munarg,XXXIX,XI,CLIX,Denarius,VI,III,CCVII
Murytub,XXXIX,III,CLXVI,Aureus,II,XXI,VI
Murytub,XXXIX,I,CXL,Quinarius,VIII,XXII,CXXXII
Munarg,XXXIX,IV,CLVIII,Quinarius,VII,XXI,LVIII
Munarg,XXXVIII,VII,CLXXVI,Denarius,VI,VI,CDXVIII
Murytub,XXXVI,VI,CCXXV,Denarius,VIII,XXX,DCXLI
Munarg,XXXVIII,IX,CXVI,Aureus,IV,XVII,IV
Murytub,XXXVIII,XI,CLII,Quinarius,VI,XVII,CLXIII
Munarg,XXXVI,III,CXVI,Denarius,VII,II,CCCLXXXV
Suilis,XXXVII,X,XXXIII,Denarius,VI,III,MMMCDXII
Murytub,XXXVI,VII,CXIV,Denarius,IV,XX,DCXCIII
Murytub,XL,V,CXIV,Denarius,III,II,D
Munarg,XXXIX,I,CLX,Denarius,VI,XIX,CCXLIII
Munarg,XXXVII,XI,CVIII,Quinarius,V,XII,CXL
Atamora,XL,III,X,Denarius,VII,II,MMMXXXII
Muniv,XXXVII,IV,XIII,Denarius,V,XVIII,CDXXXV
Munarg,XXXIX,V,CX,Denarius,VI,XXII,CDXXIII
Muniv,XXXVI,VII,XXXII,Quinarius,V,I,CCVIII
Muniv,XXXVIII,X,XXII,Quinarius,VII,XII,CXXXVIII
Murytub,XXXVIII,III,CXXX,Quinarius,V,X,CLXXIX
Munarg,XXXV,XII,CLV,Denarius,VI,XI,CCCXIII
Munarg,XXXVI,IX,CLIX,Quinarius,V,XXV,CXXXIV
Murytub,XXXVIII,VIII,LXXXIII,Denarius,VI,XII,DC
Muniv,XXXVI,IX,XVII,Quinarius,VI,XXX,CLXXXVII
Murytub,XXXV,VII,CLXXVI,Denarius,V,XXII,DCLI
Murytub,XXXVI,VI,CXXIX,Quinarius,V,XXIII,CCXCIII
Atamora,XXXVI,XI,X,Denarius,IV,XXII,MMMDCXCVII
Murytub,XXXV,I,XCIII,Aureus,IV,XVII,IX
Murytub,XXXV,X,CCXIX,Quinarius,V,XIII,CCCLVI
Munarg,XXXIX,IX,CX,Quinarius,VI,IX,CII
Munarg,XXXIX,IX,CLXXXVIII,Quinarius,IV,XXV,XCVI
Atamora,XXXVII,III,XV,Quinarius,VI,I,MCCXIV
Munarg,XXXVIII,VII,CIV,Denarius,VI,XXIII,CCLXXXIV
Murytub,XXXVII,II,CLXIX,Denarius,VII,XXV,DCXLVII
Suilis,XXXVI,VI,X,Quinarius,V,XXIII,MCDLXVI
Suilis,XL,III,XIX,Denarius,IV,XXIII,MMMDCCCXLV
Murytub,XXXV,IV,CXXX,Denarius,V,XXVII,DCLXXXVII
Muniv,XXXVI,IV,XXVI,Denarius,IV,X,DIV
Muniv,XXXVIII,I,XVI,Denarius,III,XXI,DLXV
Munarg,XL,II,CLXXXII,Quinarius,VII,V,XCI
Murytub,XXXVII,I,CLXIII,Quinarius,VIII,XXI,CCLXIII
Munarg,XXXVIII,VII,CXLI,Denarius,V,XII,CCLXXVI
Munarg,XXXVIII,IX,CXXXV,Denarius,IV,XV,CCLXII
Munarg,XXXV,II,CLVII,Denarius,V,XIX,CCCIX
Munarg,XXXVIII,III,CLXXXII,Quinarius,VII,XIX,CXXVIII
Murytub,XL,VII,CLXXVI,Quinarius,V,XVIII,CXXVI
Muniv,XXXVI,III,XIX,Aureus,VII,II,VII
Atamora,XXXVIII,VIII,XIII,Denarius,V,IV,MMMCLXXVIII
Murytub,XXXVI,X,CXLV,Quinarius,III,XXX,CCLXXIX
Munarg,XXXVIII,X,CLXXV,Denarius,IV,XXIV,CCLXXXV
Munarg,XXXVII,VII,CIII,Quinarius,V,XXV,CXXXV
Murytub,XXXVIII,IX,CLXIX,Denarius,V,III,DXCVI
Suilis,XXXIX,X,XIII,Denarius,VI,XXIII,MMMCMXXXV
Murytub,XXXVII,VI,CLXIV,Denarius,VI,XXIII,CMXXXVI
Munarg,XXXVII,III,CXXX,Denarius,VI,I,CCLXV
Murytub,XL,IV,CXX,Denarius,VII,XVI,DLVI
Murytub,XXXVIII,IX,CXXVIII,Aureus,IV,XVII,VI
Murytub,XXXIX,III,CLIV,Denarius,VIII,XXVII,DLIX
Murytub,XXXVIII,I,CLXIII,Quinarius,VI,VIII,CCVI
Atamora,XXXVII,VIII,XI,Denarius,IV,XVIII,MMDV
Atamora,XXXIX,X,X,Quinarius,VI,II,CDLIII
Muniv,XXXVII,II,XXV,Denarius,VI,X,CDXIX
Murytub,XXXV,VII,CXCVI,Denarius,VI,XXXI,DCXC
Muniv,XL,XI,XXXI,Denarius,VI,I,DXVIII
Munarg,XXXIX,I,CXIV,Denarius,VIII,II,CDXXVIII
Murytub,XL,I,CXIV,Quinarius,VII,XI,CXXXIX
Murytub,XXXVIII,II,CII,Quinarius,IV,V,CLXXVI
Munarg,XXXIX,III,CLXXIV,Quinarius,IV,XXIV,LXXXII
Munarg,XXXV,III,CLXX,Denarius,VI,XIV,CCCLXXXVIII
Murytub,XL,VIII,CLVI,Denarius,IV,XIV,DXIX
Murytub,XXXIX,VIII,CV,Quinarius,VII,XXIV,CXL
Suilis,XXXVI,II,XIII,Denarius,V,X,MMMCCCLXIV
Muniv,XXXV,X,XXI,Denarius,VII,XVII,DXXXV
Atamora,XXXV,V,XII,Denarius,I,IV,MMDCVII
Munarg,XXXVIII,I,CXVIII,Denarius,V,I,CCXXXVIII
Munarg,XL,III,CXXX,Denarius,VI,IX,CCCXCII
Murytub,XXXIX,XII,CLVIII,Quinarius,IV,XVIII,CXLVII
Munarg,XXXIX,V,CXCVII,Denarius,VI,XXII,CCCLVIII
Murytub,XXXV,VI,CXXIII,Denarius,VII,VI,DCXL
Murytub,XXXV,III,CXLVII,Quinarius,VII,XVI,CCCXXI
Munarg,XXXV,IV,CXX,Denarius,IV,XII,CCCXVII
Munarg,XXXVIII,V,CLXXXIV,Quinarius,IV,III,LXXXVI
Munarg,XXXIX,XII,CV,Denarius,V,XXI,CCCLXI
Munarg,XXXVII,X,CXVIII,Denarius,VI,III,CCCXIV
Munarg,XXXVIII,V,CXI,Aureus,IV,IV,IV
Murytub,XXXVI,XI,CLXV,Quinarius,III,X,CCLXX
Munarg,XXXVII,II,CLVII,Quinarius,VIII,XIX,CLXII
Murytub,XXXVI,XII,CXXXIII,Quinarius,V,XVI,CCXLVII
Muniv,XXXVI,IX,XXXIII,Quinarius,VIII,XII,CXCVI
Munarg,XXXV,II,CLXXVIII,Aureus,VIII,XXII,IV
Murytub,XL,I,CXCI,Quinarius,VII,XXX,CXXIII
Murytub,XXXV,IV,CXI,Denarius,VII,XV,DCLXVII
Murytub,XXXVIII,XII,CXC,Denarius,III,VII,DXLV
Murytub,XXXVI,X,LXXXVIII,Quinarius,VI,VIII,CCLXVIII
Murytub,XXXVIII,XII,CLXVIII,Aureus,VI,II,VI
Munarg,XXXIX,IV,CXXXIII,Aureus,V,XII,II
Munarg,XXXV,VI,CXLIX,Denarius,III,XIV,CDV
Munarg,XXXVI,VIII,CXXXIV,Quinarius,VII,XXII,CXXII
Munarg,XXXVI,X,CLXVIII,Quinarius,IV,XXIII,CXXVIII
Munarg,XXXVIII,XI,CXIX,Denarius,IV,XXI,CDXXXIX
Murytub,XXXIX,VIII,CXCII,Denarius,IX,XXXI,DXCVII
Murytub,XL,VII,CLXIII,Aureus,VIII,XXI,V
Muniv,XXXV,X,XXVII,Denarius,IV,XVI,CDLXXIX
Murytub,XXXVI,VI,CIII,Aureus,V,X,VII
Munarg,XXXVIII,XII,CLXVI,Aureus,VI,II,IV
Munarg,XXXIX,V,CXV,Aureus,VI,I,III
Murytub,XXXIX,X,CLI,Quinarius,V,XI,CXXVII
Munarg,XXXVIII,III,CLXIX,Denarius,V,X,CDXXXVIII
Munarg,XXXV,V,CXXXVII,Quinarius,V,VI,CLXIV
Murytub,XXXVII,VIII,CLXXVII,Denarius,V,XXVI,DCXLVII
Murytub,XXXV,VI,CXC,Denarius,VI,XXX,DCLXXII
Munarg,XXXV,XI,CLXI,Denarius,V,XVII,CCCLIX
Muniv,XL,I,XIV,Quinarius,IV,IX,CXXI
Muniv,XXXVI,XII,XXIV,Denarius,IV,XXVII,CDLXXXVI
Munarg,XXXVI,VII,CXIII,Denarius,VIII,VII,CCCXXXIX
Munarg,XXXVI,X,CXLI,Quinarius,IV,VII,CLXXII
Muniv,XXXVIII,V,XXV,Denarius,VIII,XXI,CDLXII
Munarg,XXXVI,X,CXLVIII,Denarius,V,XII,CCCXXX
Murytub,XXXVIII,VII,CLXXV,Denarius,IV,XXIX,DCXXXI
Munarg,XXXVI,XI,CXLVI,Quinarius,VIII,XXIX,CXXXIII
Munarg,XXXV,III,CXIII,Quinarius,V,IX,CLV
Muniv,XXXVIII,XI,XXVII,Denarius,VII,XVI,CDXLII
Murytub,XXXVII,I,CXLII,Denarius,IX,X,DCLV
Munarg,XXXVII,XII,CXXVI,Denarius,IV,VII,CDXX
Munarg,XXXIX,I,CXLVI,Aureus,V,XII,IV
Munarg,XXXVII,VII,CXXVII,Aureus,VII,XXII,III
Munarg,XXXVII,IV,CVII,Aureus,VII,VIII,IV
Munarg,XXXIX,XII,CXVIII,Denarius,VIII,XXIX,CCIX
Munarg,XXXV,II,CLXXXIX,Quinarius,V,XVI,CLX
Murytub,XXXVIII,I,CII,Quinarius,VIII,XVI,CXCVIII
Munarg,XL,V,CLXI,Quinarius,VII,XI,LXXXVII
Muniv,XXXV,X,XXV,Denarius,VI,XXVI,CDXCIII
Murytub,XXXVII,I,CLXXIV,Denarius,IV,XII,DCXLIV
Murytub,XXXIX,X,CLXXXIX,Quinarius,VII,XV,CXXII
Munarg,XXXVIII,VI,CXCI,Denarius,VI,XXVII,CCLIV
Munarg,XXXV,XI,CXV,Denarius,V,XXVII,CCCLX
Murytub,XXXVII,XII,CXLVI,Aureus,VI,XIII,VI
Munarg,XL,X,CLXXXIV,Quinarius,IX,XXXI,LXXIV
Murytub,XXXV,IV,LXXXVII,Denarius,VII,XIV,DCXCV
Munarg,XXXVIII,X,CXXXII,Denarius,VII,XV,CCXXIV
Munarg,XXXVI,X,CXX,Denarius,IV,VII,CCLXXVII
Munarg,XXXVIII,IV,CXCII,Denarius,IX,XIX,CDXXXI
Murytub,XXXVI,VIII,CLXXXIX,Denarius,III,IV,DCXXI
Muniv,XXXVI,III,XIX,Denarius,IX,XIV,DLXXVII
Munarg,XXXIX,III,CV,Denarius,VIII,IV,CCLVIII
Muniv,XXXVIII,VIII,XX,Denarius,VIII,XXX,DI
Murytub,XXXIX,II,CCII,Denarius,III,IV,DLXII
Munarg,XXXVII,X,CLXXIII,Denarius,IX,XXIX,CDXV
Murytub,XXXVII,X,CXXIX,Denarius,IX,II,DCXIV
Murytub,XXXVIII,VII,CXXXIX,Denarius,VI,II,DCXLVII
Murytub,XL,III,CVIII,Denarius,VII,XXVII,DXLVI
Murytub,XXXV,XII,CXXXI,Quinarius,IV,XXVIII,CCCXII
Muniv,XXXVI,V,XXIII,Denarius,VI,XIII,CDXLII
Suilis,XXXV,XI,XXVI,Denarius,V,XVII,MMMCCXLIX
Atamora,XXXVIII,I,XI,Denarius,VI,X,MMCDXXXIX
Murytub,XXXVIII,III,CXLVI,Denarius,VII,XXVIII,DLXXIV
Muniv,XXXIX,XII,XXII,Denarius,VII,XXII,DCXXVI
Munarg,XXXVIII,I,CXCI,Denarius,VII,II,CDXLI
Munarg,XXXVII,IX,CLXXII,Denarius,VII,XXI,CCLXII
Muniv,XXXVII,XI,XIV,Denarius,V,VII,CDLXXXIX
Munarg,XXXVIII,XI,CLXXXIV,Quinarius,IV,XXI,XCIII
Munarg,XXXVIII,III,CXXIX,Quinarius,VI,XXIV,LXXVII
Munarg,XXXVI,III,CLXXV,Aureus,III,V,IV
Munarg,XXXVII,VIII,CLXXXIV,Denarius,VIII,XXIII,CCCXLIII
Muniv,XXXIX,X,XXIII,Denarius,V,XI,DXIV
Muniv,XXXVIII,II,XXIII,Denarius,IX,II,CDLXXXIX
Suilis,XXXVI,III,XI,Denarius,VII,XXVIII,MMMCCXXIV
Murytub,XXXVII,III,CXLIV,Quinarius,IV,X,CCXCVII
Murytub,XXXVII,V,CXLVII,Quinarius,VII,XXIX,CCCXLVI
Murytub,XXXVIII,VI,CX,Denarius,VI,XXVII,DXLIX
Munarg,XXXV,IV,CLXXVIII,Aureus,VII,XIV,IV
Munarg,XL,VII,CV,Quinarius,IV,VII,XCVI
Murytub,XXXVIII,X,CXCIII,Quinarius,VIII,II,CLX
Munarg,XL,VI,CLXVIII,Aureus,V,XXIII,II
Munarg,XL,VIII,CXL,Denarius,VI,XI,CLXXVIII
Munarg,XXXVI,V,CLXXXVI,Aureus,VI,II,IV
Murytub,XXXV,XI,CXXIX,Quinarius,VI,VIII,CCCLXX
Murytub,XXXV,IX,CLIII,Denarius,VIII,XXVIII,DCXCIII
Munarg,XXXV,X,CXXIII,Quinarius,VI,XII,CLXX
Munarg,XXXVI,X,CXX,Denarius,VIII,XIV,CCCXIV
Suilis,XXXIX,VII,XXIII,Quinarius,VII,XXIV,DCCCLXXXII
Munarg,XL,II,CLXXXVI,Denarius,VIII,XVI,CCXXIII
Munarg,XXXIX,V,CXXXVI,Denarius,IX,IX,CCXII
Murytub,XXXIX,VIII,CXCV,Quinarius,VI,IV,CXLIX
Munarg,XXXVII,X,CLVI,Denarius,IX,II,CDXII
Muniv,XXXV,VIII,XXV,Denarius,VI,XII,CDLXXVII
Muniv,XXXVIII,XI,XVIII,Denarius,VIII,XIX,CDLXXXIX
Munarg,XXXVII,VI,CXLII,Aureus,IV,VI,II
Murytub,XXXVIII,XII,CLXIV,Denarius,V,XXVII,DLXXXVIII
Muniv,XXXVI,V,XXV,Quinarius,III,X,CXCVI
Murytub,XXXIX,II,CXIV,Aureus,VII,II,VI
Munarg,XL,X,CXII,Denarius,IX,XXV,CLXXIII
Muniv,XXXV,VII,XXIV,Denarius,IV,XXIV,DLXI
Murytub,XXXVII,IX,CXLVII,Denarius,VI,XXIV,DCXXXVIII
Munarg,XXXVIII,IV,CLXIV,Quinarius,V,XXVI,LXXIX
Murytub,XL,V,CLII,Quinarius,VIII,XXIX,CXXXII
Munarg,XXXV,V,CX,Quinarius,VI,XXV,CXLVII
Murytub,XXXIX,XI,CXXXIV,Denarius,VI,XXVIII,DLXXXII
Munarg,XL,IX,CXLI,Denarius,VIII,XXIX,CCCLXXXIII
Murytub,XXXIX,XI,CXXVIII,Denarius,IV,XV,DLXIII
Munarg,XXXV,IX,CVI,Denarius,V,XXV,CCCXXXIV
Muniv,XL,VI,XXXII,Denarius,VII,VI,CCCLXXXI
Munarg,XL,II,CXLVIII,Denarius,VIII,XVI,CCCLXX
Munarg,XL,III,CXCV,Quinarius,IX,XIII,XLVII
Suilis,XXXVIII,VI,XV,Denarius,VII,XXX,MMMCCCLXXXVII
Munarg,XXXV,VI,CXXV,Denarius,VI,XXV,CCCLXXV
Munarg,XXXV,XI,CV,Quinarius,VII,III,CLXXI
Muniv,XXXV,XII,XXI,Denarius,VIII,XIX,CDLXXI
Murytub,XXXVI,VI,CXLII,Denarius,V,VIII,DCLIX
Murytub,XL,I,CXLV,Quinarius,VI,XXI,CXXX
Murytub,XXXVII,VI,CCXIX,Aureus,VI,XXIII,IX
Munarg,XXXV,IX,CXXIV,Denarius,VI,XII,CCCLXXII
Muniv,XXXIX,XI,XXXVI,Denarius,VI,XII,DXIX
Muniv,XXXVIII,IX,XXXII,Quinarius,VI,XIX,CXII
Murytub,XXXVIII,I,CLXVII,Denarius,VII,XX,DLXXV
Muniv,XXXVI,IX,XXVI,Quinarius,VIII,XII,CLXXXIX
Murytub,XXXIX,X,CXXXI,Denarius,V,VIII,DLXXI
Munarg,XXXVIII,XII,CLXIX,Denarius,III,VII,CCLX
Murytub,XXXVI,VI,CXLV,Denarius,VIII,XIV,DCLXV
Murytub,XXXV,IX,CCIV,Denarius,VII,XXIV,DCXCIX
Munarg,XXXVI,VII,CII,Quinarius,III,XXIV,CXXIV
Munarg,XXXV,XI,CXX,Denarius,III,I,CCCXXII
Munarg,XXXVI,II,CLXXXIII,Denarius,VIII,XII,CCCXVIII
Munarg,XXXVIII,VI,CIX,Quinarius,VII,XXX,CXIII
Murytub,XXXVII,IV,CLXXIV,Denarius,VI,XI,DCCCXCVII
Murytub,XXXVI,IX,LXXXIX,Denarius,VI,XXII,DCCXI
Muniv,XXXV,VIII,XXVI,Denarius,V,XXIII,CDLXXXIII
Munarg,XXXVII,IX,CXXVIII,Denarius,VI,XXIV,CCCXI
Munarg,XXXIX,I,CIX,Denarius,IX,XXVIII,CCCXCVI
Munarg,XXXVIII,III,CLXXXV,Denarius,VII,XIX,CDXIII
Muniv,XXXVIII,I,XXXI,Quinarius,VIII,XXVIII,CLXXIV
Atamora,XL,X,XIII,Denarius,VIII,XVIII,MMLII
Munarg,XXXIX,XII,CVI,Denarius,VIII,V,CDXXVIII
Murytub,XXXVI,XII,CXL,Denarius,VIII,XI,DCXXVIII
Muniv,XXXIX,IX,XXXIV,Denarius,V,XV,CDLII
Murytub,XXXVI,I,CLVI,Quinarius,V,XV,CCCXXIII
Murytub,XXXVI,VI,CLXVI,Denarius,VII,XV,DCLXXX
Munarg,XXXVI,VIII,CLXX,Denarius,IV,XIV,CCCXXVIII
Muniv,XL,I,XXIV,Aureus,VI,VIII,V
Murytub,XL,VI,CCXL,Denarius,VI,X,DLXXIV
Muniv,XXXVI,XII,XXI,Quinarius,VI,III,CXC
Murytub,XXXVII,V,CLXXXVI,Denarius,V,XXIV,CMLX
Muniv,XL,VII,XVIII,Quinarius,VI,XX,CIII
Murytub,XXXVII,III,CXLIX,Denarius,VI,VII,DCCXXIII
Murytub,XL,IX,CXLII,Quinarius,V,X,CXII
Murytub,XXXVII,I,CLVII,Aureus,VI,XI,VI
Munarg,XXXVII,VII,CLVI,Aureus,VII,XI,III
Atamora,XXXIX,XI,XIII,Denarius,VII,XXX,MMDCCLXIX
Munarg,XXXVIII,VII,CXLIV,Quinarius,VI,I,CX
Munarg,XXXV,III,CLIII,Denarius,VII,XXVI,CCCXXXVII
Muniv,XXXV,XI,XXVII,Quinarius,III,I,CCLXXXIV
Muniv,XXXV,I,XXV,Denarius,VI,XXI,DXIX
Muniv,XXXIX,VII,XXIX,Denarius,VIII,XXV,CDLXXV
Munarg,XXXIX,XII,CXIX,Denarius,X,XII,CCXII
Munarg,XL,IV,CX,Denarius,VI,XVIII,CC
Munarg,XL,II,CXXVII,Quinarius,VIII,XIII,XLVIII
Muniv,XXXVII,XII,XXIII,Denarius,VII,XI,CDLXXXI
Munarg,XXXIX,VII,CLVI,Denarius,IX,XVI,CCXXXIII
Suilis,XXXV,II,XII,Quinarius,IV,XVIII,MDCXLIV
Suilis,XXXIX,X,XIX,Denarius,VI,XXIII,MMMDCXCIX
Atamora,XXXV,I,XII,Denarius,IV,XXIX,MMMDCCCXXXIX
Munarg,XXXV,XII,CXXIV,Denarius,IV,XV,CCCXCVII
Munarg,XXXVIII,X,CLXXXVIII,Denarius,VI,I,CCLXIX
Murytub,XXXVII,VII,CLI,Denarius,VII,XXII,DCCCLXX
Munarg,XXXIX,IV,CLXXIII,Denarius,III,XV,CDLIII
Murytub,XXXVIII,VII,CLXIV,Denarius,VI,XXIV,DCXLII
Murytub,XL,IX,XCII,Quinarius,VII,I,CXIV
Munarg,XXXVI,V,CXL,Denarius,IV,XXVIII,CCCXLI
Munarg,XXXV,XI,CLXVII,Denarius,IV,VII,CCCLIII
Munarg,XXXVI,I,CLXXII,Quinarius,X,III,CLXI
Murytub,XXXVII,I,CLXXIII,Denarius,VII,XVII,DCXXXIX
Murytub,XXXVI,VIII,CLXXIX,Denarius,VI,XXXI,DCLXVII
Munarg,XXXVI,II,CXXVIII,Quinarius,VI,XX,CLXIII
Murytub,XXXVIII,VI,CXCIV,Quinarius,VII,XX,CCII
Atamora,XXXV,XII,VIII,Denarius,VII,XIII,MMMCDXCVII
Murytub,XXXV,IX,CXVIII,Denarius,VI,VII,DCLXXXIX
Munarg,XXXV,VIII,CXXIV,Denarius,VI,XIII,CCCLV
Atamora,XXXV,XI,VIII,Quinarius,IV,VII,MDLXXVI
Murytub,XL,VII,CXLVI,Denarius,VI,II,DLXXXVII
Muniv,XXXVI,IX,XIX,Denarius,V,XXV,CDI
Muniv,XXXVII,VII,XXVIII,Denarius,III,XIII,CDLXIII
Munarg,XXXVI,II,CLXXVII,Denarius,VI,VII,CDII
Muniv,XL,VIII,XXIV,Denarius,VI,XVI,DXXIV
Munarg,XXXVI,I,CLXXIV,Denarius,VIII,XXV,CCCLVI
Munarg,XXXIX,I,CVIII,Denarius,IV,I,CCLXIX
Munarg,XXXIX,IV,CI,Denarius,VI,VIII,CCXL
Munarg,XL,VIII,CXXXII,Denarius,VI,II,CLXXVII
Murytub,XXXV,XII,CXXXIX,Denarius,VII,XVII,DCLIII
Munarg,XL,VI,CXLVI,Denarius,VIII,III,CDLXIII
Murytub,XXXVIII,VIII,CLXXV,Denarius,VII,XVII,DLXXXV
Suilis,XXXVIII,VI,XLVI,Denarius,VII,VI,MMMDCCCLXXXI
Munarg,XL,VI,CX,Denarius,V,XVIII,CDLII
Munarg,XXXIX,I,CLIX,Quinarius,IV,XIII,LXXXV
Munarg,XXXV,X,CXV,Denarius,VII,II,CCCLXXXIV
Muniv,XXXIX,XII,XXX,Quinarius,X,XII,CXXXVI
Atamora,XL,IV,XII,Denarius,VI,XXII,MMDCCXXVIII
Murytub,XL,X,CXXXVI,Denarius,IX,XXXI,DLV
Munarg,XL,X,CLVII,Denarius,VI,VII,CCXXI
Murytub,XXXV,II,CLXX,Denarius,V,IV,DCCXXVIII
Munarg,XL,XII,CXXVIII,Quinarius,VII,IV,XLIV
Munarg,XXXVII,V,CLXXVI,Denarius,VII,V,CCXCVII
Muniv,XXXIX,XI,XXII,Denarius,VIII,XXVI,CDXCVIII
Muniv,XXXVII,IX,XXVII,Denarius,V,XIII,CDXLIII
Muniv,XXXV,XII,XXXII,Denarius,IV,IV,DXLVII
Munarg,XXXVII,IX,CXXXIV,Denarius,IV,XXVI,CCLV
Munarg,XL,IX,CXVIII,Quinarius,IX,XI,LXXXVI
Murytub,XXXV,IV,CLXIV,Quinarius,VII,XIV,CCCXLV
Muniv,XXXV,VII,XXIII,Denarius,VI,XXVI,DXIX
Munarg,XXXIX,V,CLVIII,Denarius,VIII,VIII,CCXXIII
Muniv,XXXIX,IX,XXVIII,Denarius,VII,XVI,CDLXIV
Munarg,XXXV,XI,CXCVIII,Quinarius,VI,XVI,CL
Muniv,XXXIX,VIII,XVIII,Denarius,IV,III,CDLVI
Munarg,XXXVIII,III,CXLII,Denarius,VI,XXII,CDXI
Suilis,XXXVIII,VII,XIII,Aureus,V,XII,XXXVII
Murytub,XXXVI,IV,CXXI,Aureus,VII,III,VIII
Muniv,XXXIX,II,XXXIII,Quinarius,VII,I,CXXXI
Muniv,XL,X,XXIV,Quinarius,VII,XVI,CI
Munarg,XXXVI,IV,CLV,Quinarius,V,V,CXLVIII
Munarg,XL,VII,CXXXIV,Denarius,VI,XX,CCCLXXXVIII
Muniv,XXXIX,I,XXV,Quinarius,V,XXX,CXIX
Muniv,XXXVII,VI,XXIV,Denarius,V,XXII,CDXCVII
Munarg,XXXVII,VI,CXXX,Denarius,VI,XVII,CCLXX
Muniv,XL,VII,XXV,Quinarius,VIII,XXI,XCIX
Murytub,XL,II,CLX,Denarius,IV,XXII,DLXXII
Munarg,XXXVIII,IV,CXCVI,Denarius,VI,VI,CDX
Muniv,XXXVIII,XII,XXII,Denarius,III,VII,DL
Murytub,XXXVIII,IX,CXLVII,Denarius,IX,XXIV,DXCVI
Murytub,XXXIX,VIII,CXXIII,Aureus,VI,XXX,VI
Munarg,XXXIX,XI,CXXIX,Denarius,VI,XXVIII,CCXX
Muniv,XXXV,IV,XXV,Quinarius,III,XVII,CCXLIX
Munarg,XXXV,III,CXLIII,Denarius,IV,XIX,CCCXIV
Murytub,XL,I,CXIX,Denarius,VI,XII,DCXXI
Munarg,XXXVIII,VIII,CXXXI,Quinarius,V,IV,CVII
Murytub,XXXV,VIII,LXXXVI,Denarius,V,XXVIII,DCLXXXI
Murytub,XXXVI,II,CXXXIII,Denarius,III,XVII,DCCXLVI
Munarg,XL,XI,CXLIX,Denarius,VII,XXII,CCCLXXXV
Murytub,XXXVI,II,CXIX,Denarius,VII,XXIV,DCCII
Munarg,XXXV,VIII,CLXXV,Quinarius,V,XXIII,CLVII
Murytub,XL,VI,CXLII,Denarius,VI,XXVI,DLV
Munarg,XXXV,IV,CLXXXIV,Quinarius,IV,XII,CXCI
Suilis,XXXVII,I,XII,Denarius,IV,XII,MMMDCCXLIX
Munarg,XXXV,IV,CLXXXIII,Quinarius,VII,XXIII,CXCVI
Munarg,XXXIX,IX,CLXXXIV,Quinarius,IV,XXV,XLV
Murytub,XXXVI,X,CLIV,Aureus,VII,XVII,VII
Atamora,XXXV,IV,X,Denarius,VII,VII,MMMLXXXIII
Munarg,XXXV,XII,CXLIII,Quinarius,V,XXXI,CL
Muniv,XXXVII,I,XL,Quinarius,VI,XIII,CCXXVI
Muniv,XXXVI,XI,XXX,Denarius,IV,XIX,CDXXIV
Murytub,XXXV,VI,CXXVII,Denarius,IV,XV,DCCXVIII
Munarg,XXXVI,VII,CXXII,Aureus,VII,XXIX,III
Muniv,XXXIX,IV,XIV,Quinarius,VIII,V,CXXVI
Muniv,XXXVI,IV,XXXII,Denarius,V,I,DIV
Murytub,XXXIX,I,CLVI,Quinarius,VII,VI,CL
Munarg,XL,IV,CXLVI,Quinarius,IV,IV,XCIV
Murytub,XXXVIII,IV,CXLVIII,Denarius,IV,VIII,DCXXXVII
Muniv,XXXIX,III,XXVIII,Denarius,VIII,XVIII,DLXXXI
Suilis,XXXVIII,II,XVII,Quinarius,VI,XV,MCXLVI
Murytub,XXXVII,VIII,CXLIII,Aureus,V,III,VII
Munarg,XXXVI,XI,CLXX,Quinarius,V,XXI,CXXXV
Munarg,XXXIX,VI,CLXI,Denarius,IV,XXI,CCCLXXXII
Munarg,XXXVII,XII,CLXV,Denarius,VI,XXII,CCCXCII
Atamora,XXXVI,VIII,X,Quinarius,VI,XXI,CMLIV
Munarg,XXXVII,XI,CXCII,Denarius,IX,XVI,CCCXIII
Murytub,XXXVI,V,CCVII,Quinarius,VI,XXV,CCLXXXVII
Muniv,XXXVII,X,XXVIII,Denarius,VI,XXXI,DXXVIII
Munarg,XXXVIII,VIII,CLXXXII,Denarius,VI,XXXI,CCCLXIX
Muniv,XXXV,XII,XXXIII,Denarius,VI,XI,DII
Murytub,XXXV,I,CLIX,Denarius,V,IX,DCCXIII
Muniv,XXXVII,X,XXVII,Quinarius,IX,XX,CCXXVIII
Murytub,XXXVIII,VIII,CXXI,Quinarius,X,XXIV,CLVII
Murytub,XL,I,CLXVIII,Denarius,VIII,III,DXLVII
Murytub,XXXVII,V,CXL,Denarius,IV,XIX,CMXXXI
Munarg,XXXVI,II,CXLI,Denarius,V,X,CCCVII
Muniv,XXXVI,XI,XXII,Denarius,V,XXIV,CDLXX
Munarg,XXXVIII,VII,CLXXI,Quinarius,V,XII,LXVIII
Munarg,XXXVIII,VI,CXXX,Quinarius,IV,IV,CXXI
Munarg,XXXVI,XI,CXLIV,Denarius,VII,XXVII,CCCXLII
Munarg,XXXV,II,CXLIX,Denarius,V,IV,CCCXLI
Murytub,XXXV,XII,CLXVI,Quinarius,IV,XV,CCCXVI
Muniv,XXXVIII,II,XXXI,Aureus,V,XXVIII,IV
Suilis,XXXV,V,X,Aureus,V,II,XLVI
Munarg,XXXV,VII,CLXVII,Denarius,III,XVIII,CCCLXXXIII
Munarg,XL,XII,CXLI,Denarius,VI,II,CDXXI
Murytub,XXXVII,VI,CXXXIV,Denarius,VII,XXVII,CMXLVI
Murytub,XXXIX,I,CLV,Aureus,V,XXX,V
Murytub,XXXVI,VI,CXXIII,Denarius,VII,XXIX,DCXLIII
Murytub,XXXVII,X,CLI,Denarius,IV,XVII,DCXI
Murytub,XXXIX,VII,CXXVIII,Denarius,V,XXIX,DLXX
Murytub,XXXV,III,CXIV,Aureus,VI,XVII,IX
Munarg,XXXV,X,CLXXII,Quinarius,VI,X,CLII
Munarg,XXXV,V,CXVII,Denarius,I,IV,CCCLXXXVII
Murytub,XXXVIII,VI,CLV,Quinarius,VI,XXVIII,CXCII
Munarg,XXXIX,VI,CXIII,Aureus,VII,XXII,II
Munarg,XXXV,VI,CLXXVII,Quinarius,VIII,VIII,CLXXII
Muniv,XXXVIII,II,XXIV,Quinarius,VII,XIX,CXLVII
Munarg,XXXVI,X,CXCIX,Denarius,II,IX,CCCLX
Munarg,XXXVI,V,CLXXV,Denarius,II,XVII,CCCLI
Muniv,XXXIX,V,XIX,Quinarius,VI,IV,CXLIV
Atamora,XXXVII,IX,VIII,Denarius,VII,VI,MMMLXXVIII
Munarg,XXXVI,VII,CLXXVIII,Denarius,V,XXV,CCCXVIII
Murytub,XXXVIII,IX,CLXVI,Quinarius,VI,IX,CLXXI
Muniv,XXXVII,II,XXXIV,Quinarius,VI,X,CLXXIX
Murytub,XL,VI,CLXIV,Denarius,VII,VI,DLXXXIX
Murytub,XL,X,CXCIX,Denarius,IX,XXIV,CDXCVIII
Muniv,XXXVIII,VI,XXIII,Denarius,IV,IV,CDLI
Suilis,XXXIX,V,XXI,Denarius,VII,XIX,MMMDCCXIV
Muniv,XXXVI,XII,XXII,Denarius,VIII,XV,CDLXXVII
Munarg,XXXVI,I,CXI,Denarius,VII,IX,CCCXL
Munarg,XL,V,CLVIII,Denarius,VII,IX,CCCLXXXIX
Murytub,XL,X,CXXIV,Denarius,V,XXVI,DXXII
Muniv,XXXVI,VIII,XXVII,Denarius,II,XXV,CDLXXXII
Munarg,XL,VI,CLIII,Denarius,III,I,CDLXIV
Munarg,XXXVIII,IV,CXCII,Quinarius,VIII,XXVIII,XC
Murytub,XXXVII,IX,CLI,Quinarius,VII,VI,CCXLII
Muniv,XL,VII,XXXIII,Quinarius,V,XVI,CXII
Munarg,XXXIX,VI,CXI,Denarius,II,XXV,CCCLIII
Munarg,XXXIX,III,CLXXX,Denarius,V,XXIII,CCXV
Munarg,XL,IV,CXXVI,Denarius,IV,II,CCCLXV
Muniv,XXXIX,XII,XXII,Quinarius,V,XXX,CXXV
Suilis,XXXV,I,XIII,Denarius,VI,VII,MMMLXIX
Munarg,XXXVI,VI,CLXXX,Denarius,IV,XXV,CCCXXX
Murytub,XXXVII,V,CLXIV,Quinarius,III,XXIII,CCCXXXV
Muniv,XXXIX,XI,XX,Denarius,VII,XXX,DXVII
Murytub,XXXVII,VIII,LXXXII,Denarius,VI,X,DCLVI
Murytub,XXXV,V,CXLIX,Denarius,VI,XIII,DCXCII
Suilis,XL,II,XXIV,Quinarius,V,VIII,DCCCLXXXVIII
Murytub,XXXVI,III,CXLI,Denarius,VIII,XXVII,DCLXXXVI
Muniv,XXXVI,III,XXVIII,Denarius,IX,XIV,DLXV
Murytub,XXXIX,I,CLXXIII,Aureus,VIII,XVIII,V
Atamora,XXXIX,III,VIII,Quinarius,VIII,XXV,DCVI
Murytub,XL,III,CXXXVI,Quinarius,VII,XXIV,CXIV
Munarg,XXXVII,VII,CV,Denarius,V,XXV,CCCXXX
Munarg,XXXVI,V,CXXXVI,Denarius,VII,VII,CCCLXV
Murytub,XXXVII,III,CLXX,Aureus,VI,VII,VII
Muniv,XXXVIII,XI,XXV,Denarius,V,I,DXX
Murytub,XL,III,CLVIII,Denarius,VI,III,DXLVIII
Munarg,XXXVI,III,CLXI,Denarius,V,VI,CCCLXIV
Muniv,XXXVI,X,XXVI,Denarius,VI,VIII,CDXCIV
Murytub,XXXVII,II,CLXVIII,Denarius,VI,IV,DCCLXXXII
Muniv,XXXVI,I,XVII,Quinarius,V,XIX,CXCVII
Murytub,XXXIX,VI,CCXIII,Denarius,VII,XXVII,DCIV
Murytub,XXXVI,II,CLXXXI,Denarius,V,VIII,DCXCII
Murytub,XXXVII,III,CLXXIII,Quinarius,V,XXII,CCCXXIX
Muniv,XXXIX,XII,XXV,Quinarius,VIII,XVI,XCVIII
Munarg,XXXV,X,CXV,Denarius,VIII,I,CCCLXXIV
Munarg,XXXVI,X,CLXIV,Quinarius,IV,XXIII,CXLVII
Murytub,XXXV,XII,CXXXVIII,Denarius,VII,XXVII,DCX
Murytub,XXXV,VIII,CXCIX,Quinarius,VII,XVI,CCCXXXVII
Murytub,XXXVI,V,CL,Denarius,V,XXIII,DCLXII
Murytub,XXXIX,XII,CLXXXIV,Aureus,VIII,XXVII,VI
Munarg,XL,III,CLXXVII,Denarius,V,VI,CCCXCI
Murytub,XL,XI,CXXXVIII,Denarius,V,V,DLXXV
Murytub,XXXIX,VII,CLXXII,Quinarius,VIII,XIX,CXLIII
Murytub,XXXVI,VII,CLXIX,Denarius,VI,XVII,DCCXV
Murytub,XL,V,CXLIX,Denarius,VIII,XIX,DLXXXV
Murytub,XL,VIII,CLXXX,Quinarius,IV,V,CXIII
Munarg,XXXVI,VIII,CXIV,Denarius,VIII,XVI,CCLXXI
Murytub,XXXV,V,CXLII,Denarius,IX,IX,DCLIX
Murytub,XL,I,CXIII,Denarius,IV,XX,DLXXIX
Munarg,XXXIX,III,CXXXIV,Denarius,VI,XXIX,CCCXLVIII
Murytub,XXXV,XI,CLXXXVII,Denarius,VII,III,DCLXXXIII
Muniv,XXXIX,IV,XXXV,Denarius,V,XII,CDLXXVIII
Munarg,XXXV,IV,CLXXXII,Denarius,III,XVII,CCCX
Murytub,XL,IV,CXXXVII,Aureus,IX,XXIII,V
Murytub,XXXV,VIII,CLXXXIV,Denarius,VI,XXV,DCLXXXI
Murytub,XXXVI,IV,CLXXIX,Denarius,VII,XVI,DCLXXXVIII
Murytub,XXXV,II,CXLVII,Quinarius,VII,XXIV,CCCL
Munarg,XXXV,V,CXCVII,Aureus,IV,XII,IV
Munarg,XL,X,CXXXIX,Denarius,IX,IV,CDXXVII
Munarg,XXXIX,VII,CLXXVI,Denarius,VII,XXIV,CDVII
Muniv,XXXV,X,XXII,Denarius,IV,V,CDLXXXIII
Murytub,XXXVIII,XII,CXLVI,Quinarius,VI,XVI,CLX
Murytub,XXXIX,II,CXV,Denarius,VI,XXIII,DXCIII
Munarg,XXXIX,II,CXL,Denarius,III,III,CCLVII
Munarg,XXXVII,X,CXLVII,Denarius,IX,II,CCCV
Munarg,XXXV,XII,CXXIII,Aureus,VI,XI,IV
Munarg,XXXVIII,II,CXXV,Denarius,X,XIII,CCCLXXXIX
Munarg,XL,IV,CLXXI,Quinarius,V,XXX,XLIV
Munarg,XL,XII,CLXXXV,Quinarius,VII,XXXI,XCI
Muniv,XXXIX,VI,XXX,Denarius,IV,XXIV,CDLXXVIII
Munarg,XXXVII,V,CLXXVI,Quinarius,VI,XXVII,CXXI
Atamora,XXXVII,XII,XIV,Quinarius,IX,XXVI,DCCCXCV
Murytub,XXXIX,VI,CXCII,Denarius,IV,XXVI,DCIV
Munarg,XXXVIII,V,CLXXXV,Quinarius,V,XI,CXXIII
Munarg,XXXVI,X,CLXIII,Denarius,VIII,XI,CCCXCVIII
Suilis,XXXV,X,XXXIII,Quinarius,VII,XVII,MDCCCLXIV
Munarg,XXXVI,I,CXIII,Aureus,IV,VII,IV
Muniv,XXXVII,XII,XXIX,Denarius,IV,VIII,DXXXIV
Munarg,XL,II,CXXVIII,Quinarius,VI,XXVII,LXXXII
Atamora,XXXVII,IX,IX,Aureus,III,V,XXXVI
Munarg,XL,IV,CXXIII,Denarius,VII,VII,CDXXII
Murytub,XXXVII,XI,CXVII,Denarius,VI,V,DCLI
Murytub,XXXIX,VII,CXCIII,Aureus,VIII,VII,VI
Munarg,XXXVIII,XII,CLIV,Quinarius,VI,XVI,LXXI
Suilis,XXXV,VIII,XXI,Denarius,VIII,XXIX,MMMCCVI
Suilis,XXXV,V,XI,Denarius,IX,XXIII,MMMDV
Suilis,XXXVIII,VI,XXXIII,Denarius,IV,XVII,MMMDLXVII
Murytub,XL,XI,CLIX,Aureus,III,XXI,IV
Munarg,XXXVII,I,CLXXXIV,Aureus,VI,I,IV
Munarg,XXXVIII,IX,CXLI,Quinarius,V,VI,LXIV
Munarg,XXXVI,V,CLXXII,Denarius,VI,XVI,CCCXLIV
Munarg,XL,X,CXV,Denarius,V,XI,CLXXX
Murytub,XXXV,V,CXLII,Quinarius,VII,III,CCCLIII
Murytub,XXXIX,VII,CLXXVII,Quinarius,VII,XXII,CXLVI
Munarg,XL,III,CXVI,Denarius,III,I,CCXI
Munarg,XXXVIII,VIII,CLXVII,Denarius,X,XXIV,CDXLVII
Murytub,XXXVII,II,CXCII,Denarius,VII,VI,DCLXIII
Murytub,XXXIX,XI,CLXXIII,Quinarius,VI,XXVII,CXXXI
Munarg,XXXVIII,VI,CLX,Quinarius,VII,VIII,CXX
Murytub,XXXVIII,III,CXXVII,Denarius,VII,XXX,DCXVI
Murytub,XXXVIII,III,CLXXXIX,Quinarius,VIII,XXXI,CLXXXVI
Murytub,XXXVIII,III,CXIV,Denarius,V,XXI,DCXVII
Suilis,XXXV,X,XIV,Quinarius,III,XIX,MDCLI
Muniv,XL,XII,XXII,Denarius,III,XX,DXCV
Munarg,XXXV,X,CII,Denarius,VI,VI,CCCLXXIII
Muniv,XXXVIII,II,XXIV,Quinarius,VII,XVIII,CLXXV
Muniv,XL,VI,XIX,Quinarius,IV,XXVIII,CXIX
Suilis,XXXVII,VIII,LX,Quinarius,V,XXVI,MDXXI
Atamora,XXXVIII,X,VII,Denarius,VIII,II,MMCCL
Muniv,XXXV,XI,XXII,Quinarius,VI,XI,CCVIII
Muniv,XXXVIII,I,XXIV,Quinarius,VIII,XXV,CXXXVIII
Suilis,XXXVII,IV,XLI,Quinarius,VIII,X,MDLVII
Murytub,XXXVII,V,CXXVI,Quinarius,VII,XXXI,CCCLXI
Munarg,XXXVIII,I,CXXXII,Denarius,VII,XXII,CCLXXXV
Munarg,XXXVI,X,CLXIX,Quinarius,VII,XXII,CXLIV
Muniv,XXXVII,I,XXII,Denarius,VI,XXII,DXCIX
Munarg,XXXVI,VIII,CXLIII,Denarius,VII,VII,CCCXLV
Suilis,XXXV,IX,X,Denarius,VII,II,MMMCDLXI
Muniv,XXXIX,VI,XXXIII,Aureus,VI,XI,V
Munarg,XXXVII,XI,CXLI,Denarius,VIII,XXII,CCLXII
Munarg,XXXV,III,CXCI,Denarius,V,IX,CCCLXXXIX
Munarg,XXXVII,X,CLX,Denarius,IX,XX,CCLXI
Munarg,XXXV,XII,CLXX,Quinarius,VI,X,CXLVIII
Murytub,XL,III,CXLVIII,Aureus,VI,VIII,V
Muniv,XXXV,IX,XXVI,Denarius,IX,XXIII,DXVI
Murytub,XXXVII,IX,CXCVII,Denarius,VII,XII,DCXXVIII
Munarg,XXXVIII,X,CXXXIX,Denarius,X,XXI,CCLXXII
Muniv,XXXIX,V,XVI,Denarius,VI,I,DXLIX
Munarg,XXXIX,XII,CXLVIII,Denarius,V,XXXI,CCXIX
Munarg,XXXVIII,XII,CVIII,Denarius,V,XXIX,CDL
Muniv,XXXV,IV,XVI,Denarius,VII,XXIII,CDXCI
Munarg,XL,VI,CXCI,Denarius,VIII,XXI,CCXXV
Murytub,XXXVI,IV,CXXXII,Denarius,VIII,XVIII,DCXLII
Muniv,XL,VII,XXI,Quinarius,IV,XXXI,CXXXIV
Murytub,XXXIX,III,CLXII,Quinarius,VI,III,CXXXVII
Murytub,XL,VII,CLXXIII,Denarius,VI,XXVII,DXLVIII
Muniv,XXXVII,IV,XXII,Quinarius,VI,V,CCVIII
Murytub,XXXVII,II,CXL,Quinarius,VI,V,CCXCV
Muniv,XXXVIII,IX,XXX,Aureus,VI,XIX,V
Murytub,XXXVII,VI,CXLVII,Quinarius,IV,XX,CCCXLVI
Murytub,XL,II,CLXXXVII,Quinarius,VII,V,CXL
Munarg,XL,III,CXVI,Denarius,V,V,CCXLI
Munarg,XL,X,CXXXIV,Denarius,V,XXVI,CCCXCII
Munarg,XXXVII,XII,CXL,Quinarius,IV,VII,CXXXV
Murytub,XL,IV,LXXV,Denarius,VI,XVIII,DXII
Murytub,XXXV,II,CXXVII,Denarius,VI,XIV,DCCXXIII
Munarg,XXXV,XII,CVI,Aureus,V,II,IV
Munarg,XXXVII,XII,CXLII,Denarius,VI,XXII,CCLV
Murytub,XXXV,X,CXXXIII,Quinarius,VII,XXIII,CCCLXXVI
Muniv,XL,IX,XXVIII,Quinarius,V,II,CXIV
Murytub,XXXVI,VI,CLXXII,Denarius,VII,XVIII,DCLXXIII
Murytub,XL,III,CXLVI,Quinarius,IV,XXIII,CXIX
Muniv,XXXIX,XI,XVIII,Denarius,VII,IV,DXLII
Muniv,XXXIX,X,XXXV,Denarius,II,XXII,CDLXVIII
Murytub,XXXIX,III,CLXXXV,Denarius,IX,XIX,DCIV
Munarg,XXXVI,IV,CXXXIX,Aureus,VIII,XVIII,V
Munarg,XXXVII,I,CXXII,Denarius,VI,XXVI,CCCVI
Munarg,XXXIX,XI,CIX,Aureus,V,XVII,IV
Munarg,XXXVIII,IX,CXLV,Quinarius,V,VII,LXIV
Muniv,XXXVII,V,XXIX,Quinarius,IV,XIX,CCXIII
Muniv,XXXIX,IX,XXXIV,Denarius,IV,XIII,CDXCII
Muniv,XXXV,XII,XXXIV,Denarius,VIII,XXIV,CDLVIII
Munarg,XXXVIII,VIII,CLXXXVII,Quinarius,IV,XIV,CXXII
Munarg,XXXVI,I,CXLI,Denarius,III,XXI,CCCLIII
Munarg,XXXVIII,VI,CLXXXVI,Denarius,IV,XIV,CDXLVI
Munarg,XL,VIII,CXXV,Denarius,VIII,XXIII,CCXV
Atamora,XXXV,II,XII,Denarius,V,XIII,MMDCLXXIII
Murytub,XXXVI,VII,CV,Denarius,V,XXI,DCLXX
Muniv,XXXVI,XI,XXI,Denarius,VII,IV,DLXIII
Murytub,XXXVI,XI,CCVI,Denarius,V,XXI,DCXXI
Murytub,XXXV,VIII,CXXXVIII,Denarius,VI,XXVII,DCCIII
Murytub,XXXVII,XI,CXCI,Quinarius,V,XXI,CCVII
Murytub,XXXIX,XI,CVIII,Aureus,VI,XII,V
Munarg,XXXVII,II,CXXXVI,Aureus,VIII,XXI,III
Munarg,XXXVIII,XI,CLXXII,Quinarius,V,IX,LXXVI
Murytub,XXXVI,VIII,CLXXVI,Quinarius,IV,II,CCLXIV
Munarg,XXXIX,V,CLXVII,Aureus,VI,XXX,IV
Munarg,XL,VII,CLXXIV,Aureus,V,XVII,IV
Murytub,XXXIX,III,CLXX,Quinarius,VI,III,CXXX
Murytub,XXXV,II,CLXI,Denarius,IV,II,DCCXLV
Murytub,XXXIX,I,CXXXVIII,Quinarius,IV,XVI,CXLI
Murytub,XXXVII,V,CXXXVII,Denarius,VI,XVI,CMXXXVIII
Munarg,XXXVI,VII,CLVIII,Quinarius,VII,XXVI,CLIX
Murytub,XXXVI,IX,CLXXVIII,Denarius,VI,IV,DCLXXVII
Munarg,XXXIX,III,CLXXXVIII,Quinarius,V,IX,XCIX
Munarg,XXXVI,XI,CLVII,Denarius,VIII,XX,CCCXXVIII
Murytub,XL,VIII,CXXXVIII,Denarius,VI,XI,DLXV
Munarg,XXXVII,II,CXCIII,Denarius,V,XV,CCLXXVIII
Munarg,XXXV,IV,CXX,Denarius,VI,XXIX,CCCXCII
Murytub,XXXV,VI,CLIX,Quinarius,VI,XIII,CCCXLI
Suilis,XXXVII,IV,XXXIV,Denarius,VI,XXIII,MMMCCCLXXX
Muniv,XXXVI,I,XXVII,Quinarius,VI,XI,CCLXIII
Murytub,XXXVIII,IV,CXVII,Denarius,V,XXX,DCIX
Muniv,XXXVII,II,XXVIII,Denarius,VIII,XIX,DLXXXIII
Munarg,XXXIX,X,CLXIII,Denarius,VII,XXI,CCCLXX
Muniv,XXXVI,VII,XIX,Quinarius,III,XIX,CCLII
Murytub,XL,III,CLXV,Quinarius,V,V,CXXIX
Muniv,XL,X,XXI,Quinarius,VII,XX,C
Munarg,XXXVI,V,CXLI,Denarius,IX,XXVII,CDI
Murytub,XXXVII,XII,CLXXVI,Quinarius,VIII,X,CCXII
Munarg,XL,I,CXXXIV,Denarius,VI,XII,CCCXC
Munarg,XXXVIII,II,CLXXII,Quinarius,V,VI,CXXX
Munarg,XXXIX,III,CLXXI,Denarius,VII,XIII,CDLVIII
Munarg,XL,XI,CXXV,Denarius,VI,X,CCVIII
Muniv,XXXVIII,VIII,XXIX,Denarius,VI,XXVI,CDXCVII
Murytub,XXXV,XI,CXLVI,Aureus,V,XXVII,VIII
Murytub,XL,VIII,CLVIII,Quinarius,III,XXVII,CXXVI
Munarg,XL,II,CXCVIII,Denarius,IV,IX,CCIV
Muniv,XXXV,VIII,XXII,Denarius,IX,XVIII,CDXLV
Munarg,XXXVIII,II,CLXVII,Denarius,VI,IX,CCXXXVI
Munarg,XXXVI,IX,CXXV,Quinarius,VIII,XIII,CIX
Muniv,XL,XI,XXXI,Quinarius,V,V,CXXXVIII
Munarg,XL,I,CL,Quinarius,VII,I,LX
Murytub,XXXVI,II,CXXII,Denarius,V,II,DCXCVII
Atamora,XXXVI,VI,XI,Quinarius,V,XXVII,MCX
Munarg,XXXIX,I,CLXIII,Aureus,V,XVII,II
Murytub,XXXV,VII,CLXXIII,Denarius,VI,XV,DCCVII
Muniv,XXXIX,II,XVIII,Denarius,V,XXV,DXCV
Munarg,XXXVIII,VI,CLXXVII,Quinarius,VI,IX,CXXXVIII
Murytub,XXXV,VI,CVI,Denarius,VII,XXII,DCCXXIX
Murytub,XXXVIII,III,CLXIII,Quinarius,IV,XXIX,CLXXXI
Munarg,XXXVII,X,CXLVII,Quinarius,V,XVIII,CXLI
Murytub,XXXV,IV,CLVI,Denarius,VI,XVI,DCLXXIV
Munarg,XXXIX,II,CXCVIII,Denarius,V,XXVI,CCXXXVII
Munarg,XXXVIII,XII,CXXVIII,Denarius,V,XX,CCLXIV
Murytub,XXXVI,XII,CXXXI,Quinarius,X,XIII,CCXXXVI
Suilis,XL,I,XXV,Aureus,VII,VII,XXXIX
Murytub,XXXV,IV,CXVI,Denarius,IV,VI,DCLXX
Munarg,XXXVII,X,CLXXX,Quinarius,VIII,IV,CXXXVII
Munarg,XXXVIII,VII,CL,Quinarius,VII,VII,CXXV
Murytub,XXXV,VI,CXLIII,Denarius,VI,XXV,DCXLIII
Munarg,XXXVI,XI,CLXXXII,Quinarius,III,VII,CXXII
Munarg,XL,VI,CLXXXIII,Quinarius,VIII,XXI,XLIV
Suilis,XXXVIII,VI,XX,Quinarius,VII,XXII,MCLXXXIV
Murytub,XL,V,CXXX,Denarius,VII,XI,DLXX
Murytub,XXXIX,I,CLX,Quinarius,V,XVII,CXL
Muniv,XXXVII,VII,XVIII,Quinarius,VI,XXVI,CXCVII
Muniv,XXXVII,II,XXVII,Denarius,VI,IV,DXLII
Atamora,XXXIX,X,X,Denarius,VI,XXIII,MMDCLVII
Munarg,XXXIX,XII,CXXI,Denarius,III,IX,CDXXXIV
Muniv,XXXIX,III,XXXI,Quinarius,VI,XXIX,CXVI
Murytub,XXXVII,IV,CXXXI,Quinarius,V,II,CDVI
Muniv,XXXVI,IV,XXIII,Quinarius,IV,VI,CCXXXIV
Murytub,XXXVIII,VII,CXII,Quinarius,VII,VII,CLXXXII
Murytub,XXXVI,II,CXLIX,Aureus,VII,V,VIII
Munarg,XXXVI,I,CXXVII,Denarius,IV,VII,CCCXCVI
Murytub,XXXV,IX,CXXXVI,Denarius,VI,VII,DCXCVII
Atamora,XXXVII,VI,IX,Quinarius,VIII,XXVI,DCLII
Munarg,XXXVIII,II,CLXX,Aureus,VI,IX,IV
Suilis,XXXV,I,XVI,Denarius,V,IX,MMMCLIII
Muniv,XXXVII,XII,XXXIII,Denarius,IV,VII,DLXVIII
Munarg,XXXVIII,VIII,CXCV,Denarius,VII,XVIII,CCCXCVII
Munarg,XXXVI,VI,CXCVIII,Quinarius,VII,XV,CLXXIII
Munarg,XXXVIII,III,CLXV,Denarius,X,XXVII,CCCXLIII
Muniv,XL,VI,XXVIII,Denarius,VI,XXIX,CDLXXIII
Muniv,XXXVI,VIII,XXXIII,Denarius,VI,XXIX,CDLXIX
Murytub,XL,IV,CXLVI,Aureus,IX,XXIII,V
Murytub,XXXIX,VII,CXLI,Denarius,VIII,XIX,DXLVII
Muniv,XL,I,XXVI,Denarius,V,IV,CDLXIV
Munarg,XXXVI,VIII,CLXX,Denarius,VII,VII,CCCLXIX
Atamora,XXXVII,IV,IX,Denarius,VI,XIV,MCMLXXV
Munarg,XXXV,IV,CLXXXIX,Denarius,VI,XXI,CCCLXII
Muniv,XXXVII,XII,XXX,Quinarius,VIII,XXIX,CLXIV
Munarg,XXXIX,VI,CXCII,Denarius,V,XXVIII,CDXVII
Murytub,XXXVIII,XI,CLXIX,Denarius,V,I,DCXXXIII
Muniv,XXXIX,VI,XXI,Quinarius,IV,XXVI,CXLVII
Muniv,XXXIX,II,XXV,Denarius,VI,X,CDLVII
Muniv,XXXVIII,X,XXVII,Aureus,VIII,II,IV
Munarg,XXXIX,VIII,CLXIII,Quinarius,V,VIII,LXII
Suilis,XXXVI,XII,X,Denarius,VI,VIII,MMMDLXXII
Munarg,XXXVII,II,CLXXXVIII,Aureus,VII,XXV,IV
Murytub,XL,IX,CLXVIII,Denarius,IV,IV,DLXIV
Murytub,XXXVIII,XII,CXXV,Aureus,VII,XIII,V
Munarg,XXXIX,XI,CLXIII,Quinarius,VII,IV,LXXXV
Murytub,XXXIX,IV,CLXXXVIII,Denarius,III,IX,DLXIX
Suilis,XXXV,V,XXXIII,Denarius,VI,XVIII,MMMCDXVIII
Muniv,XXXVII,III,XXIII,Denarius,V,XXII,CDXCVII
Munarg,XL,X,CXXXVIII,Denarius,IX,IV,CCCXCIX
Munarg,XXXV,VII,CXCVII,Denarius,VI,XII,CCCLX
Murytub,XXXVIII,XII,CLVI,Quinarius,III,VI,CLI
Munarg,XXXIX,V,CXXII,Quinarius,V,XXIV,LXXXIX
Munarg,XL,X,CXI,Denarius,VII,XX,CDXLVIII
Muniv,XXXVI,XII,XXX,Denarius,I,II,CDLXXXIV
Muniv,XXXVII,XII,XXVII,Aureus,IV,II,V
Munarg,XXXIX,XI,CII,Quinarius,X,VI,LVII
Munarg,XXXVI,VI,C,Denarius,III,XXVIII,CCCXLIV
Muniv,XXXVIII,I,XXVI,Denarius,VI,VII,DCXLI
Murytub,XXXIX,I,CXCVII,Denarius,VI,III,DCXVII
Murytub,XXXV,VII,CLXXVIII,Denarius,VII,II,DCLXXVI
Murytub,XXXVIII,IX,CLIX,Quinarius,V,XXIII,CLXII
Muniv,XXXV,XI,XXV,Quinarius,VI,II,CCXXIV
Murytub,XXXVIII,I,CLXXVII,Denarius,V,XXIII,DCXXII
Suilis,XL,I,LII,Quinarius,VI,XXIII,DCCCLXXXIX
Muniv,XXXVI,III,XXIII,Denarius,IV,XVI,CDLVIII
Munarg,XXXIX,V,CI,Denarius,VII,V,CCLVI
Munarg,XXXIX,XII,CLXXXVI,Denarius,VI,XXIV,CDV
Muniv,XXXVI,III,XXV,Denarius,VI,VIII,CDXCVI
Munarg,XL,XII,CLXXI,Denarius,III,XX,CCX
Murytub,XXXIX,IV,CCI,Quinarius,VII,VI,CXXV
Murytub,XXXV,V,CLXXIII,Denarius,VI,VIII,DCXLVI
Munarg,XXXVI,IX,CLXIX,Denarius,VIII,XIII,CCCLI
Munarg,XXXVIII,IX,CLVI,Denarius,III,XI,CDVII
Murytub,XXXVII,VII,CLXII,Denarius,V,VII,DCCCLXVIII
Muniv,XL,X,XXVIII,Denarius,V,XXIII,CDLVI
Muniv,XXXVI,II,XXV,Denarius,VI,XXVI,CDLXX
Munarg,XXXVII,V,CLI,Denarius,VIII,XXII,CDXVIII
Munarg,XXXV,XII,CLVII,Denarius,IV,XX,CCCXIX
Murytub,XXXIX,II,CXXIV,Quinarius,VII,VI,CXLVII
Murytub,XL,VI,CXLV,Denarius,VI,XXVI,DLXIII
Muniv,XXXVIII,V,XIX,Aureus,V,XV,VI
Murytub,XXXVI,XI,CCII,Quinarius,VI,XXVIII,CCLXIV
Munarg,XXXVIII,V,CXLII,Denarius,VI,IX,CCLXVI
Murytub,XXXV,III,CL,Quinarius,VI,XXVIII,CCCXXXVIII
Murytub,XXXVII,VI,CXXXVII,Quinarius,V,XXII,CCCLV
Munarg,XXXIX,II,CXCV,Quinarius,VII,VI,LXXXVIII
Murytub,XXXVII,VI,CLVIII,Denarius,IV,III,CMLVIII
Atamora,XXXIX,IX,VIII,Denarius,VI,XX,MMCCXVI
Munarg,XXXVIII,IX,CXXII,Denarius,V,V,CCLXXXVI
Munarg,XXXVI,I,CXXXI,Denarius,IX,XXXI,CCCXIV
Murytub,XL,VII,CXLVIII,Quinarius,V,XXIX,CXXXVI
Muniv,XXXVII,VI,XXXIV,Quinarius,VI,V,CLXXIV
Muniv,XXXVIII,VIII,XXXIII,Aureus,VI,XII,V
Munarg,XXXVII,VII,CXCIV,Aureus,VI,XXVI,IV
Munarg,XXXVIII,IX,CLIX,Quinarius,VII,XXVII,XCIII
Munarg,XXXVII,VI,CIV,Denarius,V,X,CCCXII
Murytub,XL,VII,CLI,Quinarius,VII,X,CXXIX
Muniv,XXXVIII,VIII,XIX,Denarius,VII,XIX,DLXXXV
Munarg,XL,II,CLXVIII,Aureus,V,I,II
Muniv,XXXVI,XII,XXIII,Denarius,V,VII,CDXCIV
Munarg,XXXV,XII,CXLV,Quinarius,V,II,CLXII
Munarg,XXXV,X,CII,Denarius,III,XIX,CCCXXXVIII
Suilis,XXXVI,XI,XXVI,Quinarius,VII,XXVII,MCDXXVII
Munarg,XXXIX,XII,CV,Denarius,V,I,CCCLIX
Muniv,XXXV,IV,XXV,Denarius,V,I,CDLXXIX
Muniv,XXXVII,III,XXX,Denarius,VII,VIII,DXXI
Suilis,XXXVIII,III,XX,Quinarius,IV,III,MCXV
Muniv,XXXIX,VII,XXV,Denarius,VI,XVIII,CDXCVI
Murytub,XXXIX,VI,CLXXV,Quinarius,IV,XIV,CXLVI
Murytub,XXXVI,IX,CXVI,Denarius,VI,II,DCCIX
Murytub,XL,VIII,CLXII,Denarius,IV,XX,DXXXIII
Murytub,XXXVIII,VI,CLXXX,Quinarius,IX,XXVI,CLXXXIV
Muniv,XXXV,X,XVII,Denarius,VI,XV,CDXLI
Murytub,XXXVIII,V,CLVIII,Denarius,VII,II,DCVI
Muniv,XXXVII,III,XXV,Aureus,V,V,VI
Suilis,XXXVII,VI,XVII,Denarius,VI,XIV,MMMCCLXXXI
Munarg,XXXVII,I,CII,Denarius,VIII,XXIV,CCLXXVI
Munarg,XXXV,VIII,CLXV,Quinarius,VI,XXV,CLXXVIII
Suilis,XXXVIII,X,XXII,Aureus,VII,XI,XXXII
Murytub,XXXIX,XI,CL,Quinarius,VI,XIX,CXXIX
Murytub,XXXVIII,VII,CLXXIX,Denarius,VIII,XXI,DLXXXIV
Munarg,XXXVIII,XI,CX,Denarius,VI,XX,CCXLVII
Munarg,XL,VII,CLII,Denarius,VI,XXV,CDLXIX
Murytub,XL,IV,CLXII,Denarius,IV,IX,DLXII
Munarg,XXXVIII,III,CLIII,Denarius,VI,XXIV,CCXCVIII
Munarg,XXXVI,II,CXXI,Aureus,VI,XIV,IV
Munarg,XXXIX,VIII,CXXV,Quinarius,V,XXIII,XCVIII
Munarg,XXXIX,I,CLXXIX,Denarius,VI,IX,CDLVI
Murytub,XXXIX,V,XC,Aureus,IX,IX,VI
Muniv,XXXVII,VIII,XVII,Denarius,VIII,XX,CDXII
Muniv,XXXVI,VII,XVIII,Denarius,VII,XXX,DXLIII
Murytub,XL,VIII,CLXX,Denarius,IV,V,DXX
Muniv,XXXIX,XI,XXIX,Denarius,IV,XXI,CD
Murytub,XXXVIII,VI,CXXX,Denarius,IV,XVI,DCXXIII
Murytub,XXXVII,VII,CXXXIV,Quinarius,VII,XII,CCCXL
Murytub,XXXVI,III,CXLVII,Denarius,V,III,DCLXXII
Murytub,XXXVIII,V,CXLVIII,Denarius,IX,VII,DCXXVII
Munarg,XXXVII,III,CLXXXVIII,Quinarius,V,XVIII,CLXXIV
Murytub,XXXVIII,VI,CXXX,Denarius,VI,XII,DCXVI
Murytub,XXXIX,I,CLXV,Quinarius,VI,XIX,CXLI
Munarg,XXXVIII,II,CXLVII,Denarius,VIII,X,CDIV
Munarg,XXXVII,I,CLXVI,Aureus,VI,XXVI,III
Murytub,XXXIX,VIII,CXVI,Denarius,VII,XII,DLXV
Munarg,XXXVII,IV,CXLIII,Denarius,VII,VI,CCCVI
Munarg,XXXVI,VII,CXCV,Quinarius,VII,XXVI,CXXXVI
Munarg,XL,X,CXXIII,Quinarius,VIII,IX,XXXV
Murytub,XXXV,IX,CIV,Denarius,VI,VII,DCLXXXVI
Murytub,XXXVII,VIII,CXXVIII,Denarius,IV,XVIII,DCLXXX
Murytub,XXXV,I,CLIX,Denarius,VII,XI,DCCII
Murytub,XL,IV,CXX,Quinarius,II,XX,CXVIII
Muniv,XXXV,XII,XXXIII,Denarius,IX,IX,CDL
Atamora,XXXIX,VII,XI,Denarius,VII,X,MMCCCII
Muniv,XXXV,III,XXVI,Aureus,VII,XXVI,VI
Murytub,XXXV,VI,CLXVI,Denarius,VII,VI,DCLXXVIII
Munarg,XXXVI,IX,CXXXVIII,Denarius,X,XVII,CCCXXXIII
Murytub,XXXVI,XI,CLXVI,Quinarius,III,XXV,CCLIX
Munarg,XXXVIII,I,CVI,Quinarius,IV,XXIX,CX
Munarg,XXXV,II,CXXIII,Quinarius,VII,VII,CLXXVIII
Murytub,XXXVIII,IX,CXV,Denarius,V,III,DCIV
Muniv,XXXVIII,XI,XXI,Denarius,VIII,XIX,CDLXXI
Suilis,XXXV,VII,XV,Denarius,IV,VII,MMMDXLIV
Munarg,XXXVII,XII,CXLVI,Denarius,VI,XXI,CCLXXXVII
Munarg,XL,XII,CXCI,Denarius,VII,XXXI,CLXXIII
Muniv,XXXIX,II,XVIII,Quinarius,VII,VI,CII
Munarg,XXXVIII,XI,CIII,Quinarius,V,I,LXXVIII
Murytub,XXXV,II,CXLII,Denarius,V,III,DCLXXIII
Munarg,XXXVI,I,CXCV,Denarius,V,XII,CCCXXVII
Murytub,XXXIX,VII,CXXXIII,Quinarius,VII,III,CLVI
Muniv,XXXVII,V,XXXV,Denarius,VIII,X,CDLXXXV
Munarg,XXXVI,IV,CXIX,Aureus,VII,III,IV
Murytub,XXXV,I,CXIV,Denarius,V,XVI,DCLXXX
Murytub,XXXVIII,II,CLXXXVII,Denarius,VIII,X,DCXVII
Murytub,XXXVIII,VII,XCIII,Denarius,VI,XXIV,DCXVIII
Munarg,XXXVII,IX,CXXVI,Quinarius,V,XIII,XCIX
Munarg,XXXVII,III,CLVIII,Denarius,IV,XXIII,CCCLXI
Murytub,XXXVII,VI,CLII,Denarius,VI,XVII,CMLXXIII
Muniv,XXXV,VI,XIX,Denarius,IV,XXI,CDVI
Munarg,XXXIX,XI,CXIX,Denarius,X,VI,CCXLIV
Murytub,XXXVIII,IV,CLXI,Denarius,V,XXII,DCXLI
Munarg,XL,X,CLIX,Quinarius,VII,XVII,XXXIX
Murytub,XXXVIII,VII,CXLIX,Denarius,V,XIX,DCXXII
Munarg,XXXVIII,IV,CXXIX,Denarius,VIII,XII,CCXXXIX
Muniv,XXXIX,X,XXVII,Denarius,V,XIII,DXXXVIII
Atamora,XXXVI,X,VIII,Denarius,VI,IV,MMMCCLV
Murytub,XXXVI,VI,XCIX,Quinarius,VI,IV,CCLIII
Munarg,XXXVII,VI,CLXXIX,Aureus,VII,IX,III
Munarg,XXXVIII,IX,CXIV,Aureus,V,XII,IV
Munarg,XXXV,III,CIV,Denarius,VI,X,CCCXXV
Muniv,XXXVIII,VIII,XXIX,Quinarius,VI,XXVI,XCVI
Murytub,XXXIX,VI,CLXXII,Denarius,V,XVII,DLXXIII
Murytub,XXXV,I,CXLVII,Quinarius,VI,XXIII,CCCLXVIII
Suilis,XXXIX,XII,XIV,Denarius,V,XXX,MMMDCLXXXV
Munarg,XXXVIII,V,CXVIII,Denarius,VIII,XXI,CCXXVIII
Murytub,XL,V,CCVII,Denarius,III,II,DLXXXI
Muniv,XXXVIII,X,XVII,Denarius,III,XVII,CDXCIX
Muniv,XXXIX,IX,XV,Quinarius,VI,XXVII,CXV
Muniv,XXXVII,VIII,XXXII,Denarius,V,III,DXVI
Murytub,XXXVI,IV,CCVII,Denarius,IV,XXI,DCXCIX
Murytub,XXXIX,X,CXVII,Denarius,VIII,X,DLII
Murytub,XXXIX,IV,CXLII,Quinarius,V,XXVII,CXXIII
Muniv,XXXV,V,XXXI,Aureus,V,I,VII
Munarg,XXXVII,V,CL,Quinarius,VIII,X,CLVI
Munarg,XXXIX,II,CXLIII,Denarius,III,III,CCCXCVIII
Murytub,XXXVIII,VIII,CXXXIX,Denarius,VI,XXXI,DCXXXII
Muniv,XXXIX,V,XXII,Denarius,VII,V,CDLXXXII
Murytub,XXXVIII,IX,CLXIV,Quinarius,VI,IX,CLXVIII
Suilis,XXXV,IV,XXXII,Denarius,V,VIII,MMMCDLXVIII
Munarg,XXXVII,IV,CXCIV,Aureus,VI,XXVII,III
Suilis,XXXV,VII,LXXX,Denarius,VI,XXVIII,MMMDXXX
Murytub,XXXV,V,CLXXVIII,Quinarius,IX,XXX,CCCXXXVI
Muniv,XXXVI,IX,XXVIII,Quinarius,IV,XVIII,CLXXX
Muniv,XXXVII,II,XXV,Denarius,VII,VI,CDLXXVI
Murytub,XXXVII,X,CXLIII,Quinarius,VII,XXIII,CCXXIX
Murytub,XXXIX,VII,CLXIII,Denarius,V,I,DCI
Munarg,XXXIX,XII,CLXI,Denarius,VIII,II,CXCIV
Murytub,XXXVI,XII,CXXXIII,Denarius,VIII,XXIII,DCLXII
Murytub,XXXIX,IV,CLXXXIX,Quinarius,IV,XXV,CXVIII
Munarg,XXXVI,V,CXXIX,Denarius,IV,XXIV,CCCXVII
Murytub,XXXVI,III,CLX,Quinarius,III,IV,CCCIX
Munarg,XXXVIII,I,CVII,Quinarius,VI,VII,LXXXIV
Muniv,XXXVIII,XI,XXIX,Denarius,VIII,XIX,DXLI
Murytub,XXXIX,I,CLXXVI,Denarius,V,XI,DXCI
Munarg,XXXIX,I,CXLV,Denarius,IX,XXVIII,CCLXIV
Munarg,XXXVIII,V,CLXIII,Quinarius,VI,I,CXXXI
Murytub,XXXV,I,CLXV,Denarius,VII,XXVII,DCC
Muniv,XXXIX,V,XXI,Denarius,V,XXVI,DXIX
Munarg,XXXV,X,CXCIII,Denarius,VI,XXII,CCCLXXXV
Munarg,XL,VIII,CXIV,Quinarius,IV,XIV,LII
Munarg,XXXVIII,VIII,CXX,Denarius,VI,VII,CCCLXXXII
Murytub,XXXVI,V,CLXVII,Quinarius,III,XXII,CCLXXXIV
Murytub,XXXVI,XII,CLX,Denarius,VII,IX,DCXXXVII
Murytub,XXXVI,IX,CXXXIII,Denarius,IV,XXIII,DCLXVII
Munarg,XXXVI,VI,CLXVIII,Denarius,V,XIX,CDIII
Munarg,XXXV,XII,CLXXX,Quinarius,IV,XXVIII,CXXVI
Murytub,XXXV,V,CLXXIV,Denarius,VIII,XXII,DCXCVI
Murytub,XXXVII,II,CLX,Aureus,II,XXII,VIII
Murytub,XXXVII,III,CXXXII,Quinarius,X,IV,CCLXXX
Munarg,XXXVIII,I,CLXXII,Quinarius,VII,XX,CXIV
Murytub,XXXVII,XI,CLXXII,Denarius,V,IV,DCXXXVI
Munarg,XXXVI,XI,CXVIII,Denarius,III,X,CCCLXXIV
Munarg,XXXVIII,III,CLXIV,Quinarius,V,XIV,XCIV
Murytub,XXXIX,V,CLXXIII,Denarius,VII,III,DCXXVI
Munarg,XXXVI,III,CXCIX,Quinarius,VI,XVII,CXXIX
Murytub,XXXVII,VI,CXXI,Denarius,VI,XVII,CMLXXII
Muniv,XXXVII,III,XXII,Denarius,VIII,XXVI,CDXXXVIII
Suilis,XXXV,V,XXI,Denarius,VIII,XVII,MMMCCCVIII
Munarg,XXXVIII,VIII,CXCVIII,Denarius,VI,XII,CCXLV
Murytub,XXXVI,IV,CXI,Quinarius,III,XXVI,CCLXIV
Munarg,XXXVII,XII,CLVII,Denarius,IV,VII,CCCIII
Munarg,XXXVIII,VI,CLVI,Denarius,VII,XXII,CCCLXXXVII
Murytub,XXXIX,IV,CLIX,Denarius,V,XII,DXCVII
Atamora,XL,V,XV,Denarius,VII,XXI,MMMCL
Munarg,XXXVI,XII,CLXXVIII,Quinarius,V,VII,CXVII
Munarg,XXXVIII,X,CXII,Denarius,IV,XVI,CCCLXXXIII
Suilis,XL,VIII,XVIII,Quinarius,IV,XX,DCCCXXXIII
Muniv,XXXVI,III,XXVII,Aureus,VII,XI,V
Murytub,XL,XI,CLVIII,Aureus,IV,XXIX,IV
Murytub,XXXIX,VIII,CXVII,Quinarius,VIII,XXVIII,CXXIII
Munarg,XXXVII,XII,CXXIV,Denarius,VII,XI,CCC
Suilis,XXXVIII,XI,XXVIII,Denarius,IV,XVIII,MMMDCLXXI
Murytub,XXXIX,IV,CXXXIII,Quinarius,V,XVII,CXXXIV
Murytub,XXXIX,IV,CXCVIII,Quinarius,V,XXII,CXXV
Murytub,XXXVI,VIII,CXXX,Quinarius,VI,XXIV,CCXXXVI
Munarg,XXXIX,VIII,CVI,Aureus,VII,XIV,III
Murytub,XXXVI,V,CLXXI,Denarius,II,XVII,DLXXXV
Munarg,XXXIX,XI,CXXVIII,Denarius,IV,XV,CCXXXIII
Murytub,XXXIX,VIII,CXVIII,Denarius,IV,XIX,DXLIX
Murytub,XXXIX,II,CXLVIII,Denarius,VII,II,DLXXXV
Munarg,XL,VI,CXLVII,Denarius,IV,IX,CDLV
Munarg,XXXIX,III,CXLVII,Quinarius,IX,XIX,XLV
Munarg,XXXV,XII,CXXVIII,Quinarius,V,II,CLXVI
Murytub,XXXVI,VIII,CXXII,Quinarius,VI,XIX,CCLXII
Muniv,XXXVIII,VII,XXII,Denarius,VI,XV,DXXIX
Munarg,XXXV,VI,CXCV,Quinarius,III,I,CLV
Munarg,XXXV,X,CXV,Quinarius,IV,XXVII,CLXXX
Murytub,XXXIX,X,CXLVI,Denarius,V,XIX,DLXXXVI
Munarg,XXXVI,V,CLXI,Quinarius,IX,XXVII,CLXXVI
Murytub,XXXVIII,III,CXCIII,Denarius,IV,III,DLXIX
Munarg,XXXVII,V,CXCIX,Quinarius,VIII,X,CXXXVIII
Atamora,XXXVI,V,VIII,Quinarius,VI,XIII,MCCLXIII
Suilis,XXXVII,X,XIV,Denarius,IV,XXIV,MMMDIX
Murytub,XXXV,VII,CLXXIX,Denarius,V,XXVII,DCCXXII
Murytub,XXXVI,VII,CXLIX,Denarius,V,I,DCLIII
Murytub,XL,I,CV,Denarius,IV,XXVII,DL
Munarg,XXXVI,VI,CXLIV,Denarius,V,XXIII,CCLXXXII
Muniv,XL,X,XXVIII,Denarius,VI,XXIX,DLXXXI
Munarg,XXXVI,V,CXLVIII,Quinarius,III,XXVI,CLXX
Munarg,XL,I,CXCVIII,Denarius,III,XXVIII,CCXXXIII
Munarg,XXXVI,III,CXXXIII,Denarius,VI,XXIX,CCCXLI
Murytub,XXXIX,III,CXXXIII,Denarius,VI,XXIX,DCIX
Suilis,XXXVI,VI,XIII,Denarius,VI,XIII,MMMCCCX
Munarg,XXXV,II,CVI,Denarius,VII,XXIII,CCCXXXII
Murytub,XXXVII,VII,CXLV,Denarius,IV,III,DCCCLXIX
Murytub,XXXVIII,IX,CLXXXV,Denarius,VII,XVIII,DCXXXIX
Murytub,XXXVIII,VIII,CLXII,Quinarius,VIII,VI,CLXXV
Munarg,XXXVI,IV,CLXXVI,Denarius,III,XXIV,CCCXXXIII
Munarg,XL,IX,CV,Denarius,V,XIX,CLXXXI
Munarg,XXXVIII,III,CLXXII,Quinarius,X,XXVII,LXXI
Munarg,XXXVI,VII,CLXI,Denarius,IV,XX,CCCXLVI
Muniv,XXXV,I,XXI,Denarius,IV,X,CDXC
Munarg,XXXIX,VI,CXX,Denarius,V,XVIII,CDXLVII
Muniv,XXXV,VIII,XXVI,Denarius,VI,VII,DLII
Munarg,XXXVII,VI,CII,Denarius,VII,IX,CCCXCVII
Munarg,XXXVII,XII,CLXXXV,Aureus,VIII,VI,IV
Munarg,XL,V,CLVI,Quinarius,VI,XVI,LXXXIX
Murytub,XXXVIII,I,CLXIX,Quinarius,IV,XXIX,CCV
Atamora,XXXVII,VII,XIV,Quinarius,VII,XXIII,DCCCXXXIX
Munarg,XXXVIII,IX,CXLIII,Aureus,VII,XXVII,IV
Munarg,XXXIX,II,CVIII,Quinarius,VI,XXVIII,XLVII
Muniv,XXXVI,I,XXVII,Denarius,IV,XIV,DLVIII
Murytub,XXXIX,XII,CCII,Denarius,V,I,DCXI
Muniv,XL,X,XXIX,Denarius,VII,XX,DXX
Munarg,XXXVII,VII,CXCVI,Denarius,VII,VIII,CDXXVI
Murytub,XXXIX,II,CLXXV,Denarius,VI,V,DLXXIV
Murytub,XXXIX,IV,CLXXXIV,Denarius,V,XVII,DCVI
Munarg,XXXVII,I,CLXXXVI,Denarius,IV,XXVII,CCCXI
Murytub,XXXIX,V,CXXXV,Denarius,VI,XXVII,DXXXVIII
Munarg,XXXVIII,I,CXVIII,Aureus,VI,X,IV
Munarg,XXXV,III,CLXIX,Denarius,IV,VIII,CCCXCII
Munarg,XXXV,VI,CXL,Denarius,VI,XIX,CCCLXXIV
Muniv,XXXVI,VIII,XVII,Aureus,VI,XIII,V
Munarg,XXXVI,XI,CLXIV,Denarius,VII,IV,CCCXL
Murytub,XXXVII,VII,CLXIV,Denarius,VI,I,CMXL
Muniv,XXXVI,I,XXVI,Denarius,IV,XIV,DLXXXIX
Murytub,XXXV,V,CIX,Denarius,I,IV,DCLXXI
Munarg,XXXVII,VI,CXLII,Aureus,IV,VIII,IV
Munarg,XL,III,CXL,Denarius,VI,XI,CCXIII
Munarg,XXXV,X,CXLVII,Denarius,VII,XI,CCCLXXVII
Muniv,XXXV,XII,XX,Denarius,VI,V,CDXC
Murytub,XXXVII,IV,CLXXVII,Denarius,VIII,XII,DCCCXXI
Murytub,XXXVIII,X,CXL,Denarius,III,XVII,DCXLVI
Muniv,XXXVI,V,XXX,Quinarius,III,XXVI,CCXIX
Muniv,XL,II,XIX,Denarius,VI,XII,DCXXIV
Muniv,XXXVII,III,XVIII,Denarius,IV,X,CDXLIII
Muniv,XXXV,VII,XXIII,Denarius,V,XXII,CDLXXI
Murytub,XXXVII,IX,CLXIX,Denarius,V,XIII,DCXLVI
Munarg,XL,VII,CLXIV,Quinarius,VIII,XXIV,XLVI
Munarg,XL,IX,CXXVII,Quinarius,IV,XXVIII,XXXVIII
Murytub,XXXV,VIII,CVIII,Denarius,VI,XVII,DCCIX
Atamora,XXXVIII,III,XI,Denarius,V,X,MMCCXXX
Munarg,XXXVII,VIII,CL,Denarius,IV,XII,CDXXXIII
Murytub,XL,IX,CIX,Denarius,I,IX,DLIX
Murytub,XXXV,III,CLI,Denarius,VI,X,DCLXIII
Murytub,XXXIX,VIII,CXLVIII,Aureus,IX,XXI,VII
Munarg,XXXVII,XII,CLXXXVII,Denarius,VI,XXV,CDIX
Murytub,XXXIX,II,CXIII,Denarius,V,XXVI,DLXXXIV
Muniv,XL,XII,XXIX,Quinarius,VII,XIX,CXVII
Munarg,XXXV,II,CXXVII,Denarius,VI,XXVI,CCCXLVI
Munarg,XXXVI,II,CLXXXV,Quinarius,IV,XIII,CLXVII
Murytub,XXXVIII,V,CLXXIX,Denarius,III,XXV,DCVI
Munarg,XXXIX,XI,CLXIX,Denarius,IV,V,CCCLXV
Munarg,XXXVII,VI,CLIV,Denarius,VI,XXIII,CCLXXXIV
Murytub,XXXVIII,I,CLXXXIX,Quinarius,VI,XV,CCIX
Munarg,XXXIX,IX,CXCVIII,Denarius,VII,XXVI,CCLXI
Munarg,XXXV,III,CV,Quinarius,VI,XXIX,CLXXXVII
Munarg,XXXVI,VIII,CLXIII,Quinarius,VI,XVIII,CXI
Muniv,XXXVIII,XI,XXIII,Denarius,IV,XVIII,DLXIV
Munarg,XXXVII,III,CLXIII,Denarius,VII,XXIV,CCCLXII
Munarg,XXXV,VII,CLXXXVII,Aureus,V,XI,V
Murytub,XXXVIII,XII,CLIII,Denarius,VI,II,DLV
Munarg,XL,IX,CXCVI,Denarius,V,XIX,CXCIX
Murytub,XL,I,LXXXI,Denarius,VII,XI,DLI
Suilis,XXXVI,VII,XXI,Denarius,III,XXIV,MMMDCVIII
Munarg,XXXV,VIII,CVII,Denarius,IX,XVIII,CCCV
Munarg,XXXIX,X,CXLVIII,Denarius,VI,XXIII,CCXLVII
Munarg,XXXVI,III,CLXXXIII,Denarius,III,XVIII,CCCLXXXIII
Muniv,XXXVI,V,XXIII,Quinarius,III,XII,CXCII
Murytub,XXXIX,III,CXLVI,Aureus,IX,XIX,V
Murytub,XL,IV,CXLI,Quinarius,III,XII,CXVIII
Muniv,XXXVII,VII,XVI,Denarius,VI,XXVIII,DXLV
Atamora,XXXVIII,I,XIII,Aureus,IV,XXXI,XXIII
Munarg,XXXVI,XI,CXXIV,Denarius,VII,XIV,CDXXIII
Munarg,XXXVII,XII,CXVII,Denarius,III,XXXI,CCCLI
Muniv,XXXIX,XII,XXVIII,Quinarius,V,XXVIII,CXXI
Munarg,XXXVI,II,CXIX,Quinarius,VI,XV,CXCI
Muniv,XL,X,XVI,Quinarius,IX,XXXI,LXXXII
Munarg,XXXV,XII,CXCII,Denarius,VI,XXX,CCCLXXIII
Munarg,XXXVIII,VIII,CXXIV,Denarius,VI,XII,CCXLII
Munarg,XXXVIII,VI,CXIII,Denarius,VI,I,CCCXXXIX
Munarg,XXXIX,V,CXLVIII,Quinarius,VI,XXIII,LV
Murytub,XXXVIII,VIII,CXXXVII,Denarius,V,V,DLXXXIX
Murytub,XXXVI,III,CXLVI,Aureus,V,III,VIII
Munarg,XXXVII,I,CXCVII,Aureus,IX,IV,III
Munarg,XXXV,XII,CXCVII,Denarius,VI,XXX,CCCIV
Muniv,XXXV,XII,XXXII,Denarius,VI,XXIX,CDXXX
Suilis,XL,XI,XXXVIII,Denarius,VI,I,MMMMXCI
Suilis,XL,X,XXII,Aureus,V,XXVIII,XXX
Murytub,XXXVI,V,CXLII,Denarius,V,VIII,DCXLIX
Murytub,XL,III,CXLII,Denarius,VII,II,DLIV
Suilis,XXXVII,XI,XXXVI,Denarius,IV,XXVIII,MMMDCXLVI
Munarg,XL,III,CLXXIV,Denarius,VI,XXX,CXCVII
Munarg,XXXVII,V,CXLVIII,Aureus,V,XV,III
Murytub,XXXVIII,XII,CXVII,Denarius,III,XXVIII,DXCI
Atamora,XL,IV,XI,Quinarius,VIII,XIII,DXXIII
Munarg,XXXVIII,I,CXXXVIII,Denarius,IV,XXIV,CCXLVIII
Munarg,XXXVI,X,CXXXVII,Denarius,III,I,CCCIX
Murytub,XXXVII,I,CXLV,Aureus,III,XIX,VI
Murytub,XXXVII,III,CXXVII,Quinarius,VII,XXIV,CCXLVII
Muniv,XXXVIII,V,XXIII,Denarius,V,XVI,DIX
Muniv,XXXVIII,X,XXIX,Aureus,IV,X,V
Munarg,XXXVII,VIII,CXCV,Quinarius,VI,XV,CXXXIX
Suilis,XXXVI,III,XXVII,Denarius,VII,II,MMMCCVII
Muniv,XXXVIII,VIII,XXIII,Denarius,VI,XX,DXX
Munarg,XXXVI,XII,CXCV,Quinarius,VI,VIII,CIV
Muniv,XXXVII,VIII,XXVIII,Quinarius,VII,XXIV,CXCV
Munarg,XXXVIII,X,CLXXXVII,Denarius,VIII,II,CCXX
Munarg,XXXVIII,IX,CLXXXIII,Denarius,VII,XXVI,CCCLI
Murytub,XXXIX,XI,CXLII,Denarius,VII,I,DCXXI
Munarg,XXXV,V,CLXII,Aureus,V,XXIV,IV
Murytub,XL,IV,CLXX,Quinarius,VIII,XIII,CXIV
Munarg,XL,V,CXLIX,Denarius,VII,XI,CXCIX
Muniv,XXXIX,V,XV,Denarius,IX,IX,DXI
Munarg,XXXVIII,III,CXVI,Quinarius,V,I,LXXII
Munarg,XXXVII,X,CL,Quinarius,VI,XXVI,LXXXIX
Murytub,XXXIX,XI,CXLIX,Denarius,VI,III,DLXXVI
Munarg,XXXVI,VIII,CXXX,Denarius,IV,XXIII,CCLXXXVII
Murytub,XL,I,CXLVI,Quinarius,IV,XXVII,CXXXIV
Munarg,XXXV,X,CLXV,Aureus,VI,XXVIII,IV
Murytub,XXXVI,X,CVII,Denarius,VIII,XIII,DCLXXXIII
Munarg,XXXVIII,II,CXCI,Quinarius,VI,XXI,LXXXV
Muniv,XXXIX,XI,XX,Quinarius,V,XX,CVI
Munarg,XXXVIII,IX,CXI,Denarius,IV,XV,CDXXX
Murytub,XL,VIII,CCXI,Quinarius,V,XXI,CXXIV
Muniv,XXXVII,X,XVIII,Denarius,VI,III,CDXCI
Munarg,XXXV,X,CXCVIII,Denarius,V,XX,CCCLVI
Atamora,XXXVIII,XI,VI,Quinarius,IV,XXI,DCXCIX
Murytub,XXXVIII,VII,CL,Quinarius,IV,XIV,CLXVIII
Munarg,XL,X,CLXVI,Denarius,IX,IV,CDXXX
Murytub,XXXIX,XII,CLXXVII,Denarius,VIII,XVI,DXXXVIII
Murytub,XXXIX,IX,CXC,Quinarius,IV,XIII,CXXX
Munarg,XXXIX,IV,CXC,Denarius,VIII,XIII,CDXVI
Munarg,XXXV,III,CIX,Denarius,VII,XX,CCCLX
Suilis,XL,XI,XXIII,Quinarius,VI,XXX,DCCCXVII
Muniv,XXXVIII,X,XXV,Denarius,IV,XVI,CDLXXXVI
Munarg,XXXIX,X,CXCV,Denarius,VII,XXVII,CCXLVIII
Munarg,XL,I,CVI,Aureus,VII,XXV,IV
Munarg,XL,X,CLXXVI,Aureus,VIII,IX,II
Munarg,XXXVI,I,CXCVI,Quinarius,VI,I,CLIV
Murytub,XXXVII,III,CIV,Denarius,VI,XVII,DCCXXIX
Muniv,XXXVII,IV,XXVII,Denarius,VII,VI,CDXCIII
Munarg,XXXVII,II,CXC,Denarius,VI,V,CCCXVII
Munarg,XXXVI,V,CLVIII,Denarius,VI,II,CCCXXV
Munarg,XXXVII,VIII,CLXVIII,Aureus,VI,XXXI,IV
Munarg,XL,VII,CLXXXVII,Quinarius,VI,II,XLVII
Muniv,XXXVII,IV,XXXIX,Quinarius,V,XXI,CCLXX
Munarg,XXXVII,V,CXIX,Denarius,VII,XXIX,CCLVII
Munarg,XL,VI,CLXXIV,Denarius,VII,XV,CCXXIX
Murytub,XXXVI,XII,CXII,Quinarius,VI,VIII,CCLIII
Munarg,XL,X,CXLIV,Denarius,V,XXVI,CDII
Murytub,XXXVI,XII,CIV,Quinarius,VIII,XV,CCXLI
Murytub,XXXVII,II,CXLVII,Denarius,VII,XXV,DCLXXXVIII
Munarg,XXXVIII,I,CXV,Quinarius,VII,XX,CXXVI
Munarg,XXXVII,XII,CIII,Denarius,VIII,VI,CCCLXIII
Muniv,XL,VII,XXIV,Denarius,V,XVIII,CDLXXXIV
Murytub,XXXVIII,XI,CCIX,Quinarius,VIII,XIX,CLX
Muniv,XXXVII,XII,XXIII,Aureus,IV,XVII,V
Suilis,XL,I,XLII,Denarius,VI,XII,MMMCMIII
Munarg,XL,XI,CLIII,Denarius,VII,XXII,CLXXXV
Suilis,XL,IX,XXXVI,Quinarius,III,XIV,DCCCLXXIX
Suilis,XXXIX,III,XII,Denarius,IV,V,MMMMXXX
Munarg,XXXVII,I,CLXV,Denarius,VIII,XXIV,CCCXXXIII
Munarg,XXXV,VIII,CLXXXIII,Denarius,V,XXVIII,CCCXIII
Munarg,XXXVIII,VIII,CLXXII,Denarius,VII,XVIII,CCLXXVI
Munarg,XL,X,CXXXVIII,Denarius,II,III,CCXXXI
Murytub,XXXVII,VII,LXXXI,Aureus,V,XVI,IX
Muniv,XL,III,XXIII,Denarius,VII,XXVII,DLXXX
Muniv,XXXV,II,XXX,Denarius,VII,V,DXVII
Munarg,XXXVIII,VIII,CLXXXIV,Denarius,IV,XXIX,CCXIX
Munarg,XXXVII,I,CLI,Denarius,IX,XXX,CCCXXV
Suilis,XL,I,XXI,Denarius,VII,XXV,MMMMXC
Munarg,XXXVII,I,CXCIX,Quinarius,VI,XXII,CXXXIV
Muniv,XXXVI,IV,XXXV,Quinarius,VI,XXIX,CCXLII
Murytub,XL,X,CLVI,Aureus,V,XXVIII,IV
Muniv,XXXVIII,XI,XX,Quinarius,V,VIII,CXLVI
Muniv,XXXVIII,X,XX,Aureus,VIII,II,IV
Munarg,XXXVIII,I,CII,Denarius,VII,II,CCLX
Murytub,XXXVIII,V,CLVIII,Denarius,III,XXV,DCXLVII
Muniv,XXXIX,III,XX,Denarius,VIII,XVII,DLII
Munarg,XXXIX,I,CIV,Denarius,IV,XVI,CCXXIII
Munarg,XL,III,CXXXVIII,Denarius,VI,XIX,CCXL
Munarg,XL,XII,CXXX,Denarius,VI,XXVII,CLXXXVI
Munarg,XXXVI,VI,CXXXI,Denarius,IV,XXV,CCCXCII
Suilis,XXXVII,X,XLV,Quinarius,VI,XXVI,MCCXXII
Muniv,XXXVIII,IV,XXV,Quinarius,VII,XXV,CLXXI
Murytub,XXXVI,V,CLXIX,Denarius,V,XXIII,DCXLVIII
Murytub,XXXV,IV,CXXXIV,Denarius,VII,XXIII,DCCLVI
Murytub,XL,IV,CXXV,Quinarius,III,XIX,CXXI
Murytub,XXXV,VI,CLXXXIII,Denarius,VII,XXII,DCLVIII
Murytub,XXXVIII,V,CXCIII,Denarius,VII,II,DCXXXIV
Suilis,XL,III,XXVII,Denarius,IV,VII,MMMCMXXXVIII
Munarg,XXXVIII,XII,CXLVI,Denarius,VI,XXV,CCXL
Munarg,XXXIX,XI,CXXXV,Denarius,V,X,CCIII
Munarg,XXXVI,III,CI,Aureus,IV,XXX,IV
Suilis,XL,VI,XI,Denarius,V,XXV,MMMDCCCXXVII
Murytub,XXXVIII,VII,CCVII,Denarius,II,XIII,DXCIV
Munarg,XXXV,II,CXV,Denarius,V,XX,CCCLXVI
Murytub,XXXVII,VIII,CXIX,Denarius,IV,XVIII,DCCLXXXVIII
Munarg,XL,XI,CLXX,Denarius,VII,XXII,CCI
Munarg,XXXV,VIII,CLXXVII,Denarius,VIII,III,CCCXII
Munarg,XXXIX,VII,CIV,Denarius,V,XVII,CDXXXVIII
Munarg,XXXVII,II,CXXXIV,Denarius,VI,X,CCCXXVIII
Munarg,XXXVI,VI,CXIV,Denarius,V,VIII,CCCXLIV
Muniv,XXXVIII,IV,XXVI,Quinarius,V,IV,CLXX
Munarg,XXXVII,IV,CLIII,Denarius,VIII,XII,CCCLXX
Munarg,XXXVI,III,CXXIV,Denarius,V,XXIII,CCCLI
Murytub,XL,IV,CXXXVI,Quinarius,V,XI,CXVIII
Murytub,XXXVI,II,CXXXIII,Denarius,V,X,DCLXXVIII
Munarg,XL,IX,CXL,Denarius,VIII,XXIX,CCCXCV
Murytub,XXXIX,VI,CXLVI,Denarius,VIII,VII,DLXXV
Munarg,XXXVI,III,CLXXXVI,Quinarius,VII,XXXI,CXLII
Munarg,XXXVII,VI,CLXXXV,Quinarius,V,X,CL
Murytub,XXXIX,VII,CLXVIII,Quinarius,VII,XXVII,CXLV
Muniv,XXXVIII,VII,XII,Quinarius,IV,XI,CL
Murytub,XXXV,III,CXVI,Quinarius,VII,I,CCCXXXIII
Munarg,XXXVII,XI,CLXVIII,Denarius,VIII,XI,CCCXCV
Murytub,XXXVI,VIII,CLXXVII,Denarius,VII,VII,DCLXXIII
Murytub,XXXVI,I,CXXXVIII,Denarius,VII,XX,DCCXXXVIII
Murytub,XL,VI,XCVI,Denarius,II,XI,DLXII
Murytub,XL,IV,CLXXXIX,Denarius,II,XX,DLVII
Munarg,XL,II,CLXXIV,Quinarius,IV,XX,CII
Munarg,XXXIX,VII,CXXXIV,Quinarius,VIII,XIX,CIX
Munarg,XXXIX,V,CXVIII,Denarius,IX,IX,CCCLXXI
Munarg,XL,XI,CLXIII,Quinarius,V,XXVIII,CI
Munarg,XXXIX,II,CXXI,Denarius,VII,I,CCLXII
Munarg,XXXVII,VIII,CXCVI,Aureus,VIII,XVI,III
Murytub,XXXVII,XI,CXCV,Aureus,V,IV,VII
Munarg,XXXIX,XII,CLXXXIX,Denarius,IV,XIV,CXCIII
Munarg,XXXVI,V,CII,Denarius,V,XIX,CCCLXXXVII
Munarg,XXXIX,I,CXXXV,Denarius,VII,XXV,CCLXVII
Muniv,XXXIX,VIII,XXXI,Quinarius,IV,XXV,CII
Muniv,XXXV,II,XXXVI,Denarius,IV,XVIII,CDXLIV
Munarg,XL,X,CXXIX,Denarius,V,XI,CCXIX
Munarg,XXXVIII,XII,CXCVII,Aureus,IX,XVIII,IV
Munarg,XXXVI,XI,CVII,Denarius,V,II,CCCXXVII
Murytub,XXXIX,XI,CXLVI,Quinarius,VII,XXV,CXL
Suilis,XXXVI,X,XXVIII,Denarius,III,I,MMMCCXCVI
Murytub,XXXV,II,CXXII,Denarius,VI,XII,DCLXXXVII
Murytub,XXXIX,VI,CLXXVII,Denarius,VI,XIII,DCVI
Muniv,XXXV,V,XXI,Quinarius,VI,XVIII,CCLXXXVII
Munarg,XXXIX,XII,CXCVIII,Aureus,IV,XVIII,IV
Muniv,XXXV,V,XXV,Quinarius,IX,XXIII,CXC
Murytub,XXXVI,IX,CXCI,Quinarius,V,XXI,CCLIV
Atamora,XXXVIII,I,IX,Denarius,V,XXX,MMMCXLII
Murytub,XXXVI,XII,CLVIII,Denarius,VI,XIX,DCXXIII
Munarg,XXXVII,VII,CLXXXIV,Quinarius,VII,XXII,CXLI
Murytub,XL,XII,CCI,Denarius,IV,XXX,DLXVIII
Munarg,XXXV,III,CXXXII,Quinarius,VII,XXVII,CLXXVI
Suilis,XXXIX,IV,XXX,Denarius,IV,XXIII,MMMDCCCXXXI
Munarg,XXXVII,VI,CLXIII,Quinarius,VIII,XI,CXXXVI
Munarg,XXXV,II,CXXVIII,Denarius,IV,II,CCCXLII
Murytub,XXXVI,VI,CXLIII,Denarius,VIII,XVII,DCLIII
Munarg,XXXVI,II,CXII,Aureus,IV,XXIX,IV
Murytub,XXXVIII,XI,CXXXVII,Denarius,V,XXX,DC
Munarg,XXXVIII,III,CLXXXVIII,Denarius,V,XIV,CCXCII
Munarg,XXXVI,I,CX,Quinarius,IV,XXVI,CLXXXV
Murytub,XXXVII,IV,CLIX,Denarius,IX,XIII,MX
Suilis,XXXVII,VII,XXIX,Denarius,VIII,V,MMMCCCXXII
Muniv,XXXVIII,XII,XXI,Denarius,VI,XXV,DXXVI
Muniv,XL,II,XXIII,Denarius,VII,XXI,DXCIX
Murytub,XXXVI,IX,CLIV,Quinarius,V,V,CCLXVI
Muniv,XXXVI,VII,XXVII,Denarius,V,I,CDLXX
Muniv,XXXVIII,VIII,XVI,Quinarius,VII,XV,CXXXVI
Munarg,XXXVI,II,CIX,Quinarius,VI,XV,CLXXXVII
Murytub,XXXVI,I,XCVIII,Denarius,III,XXI,DCCIX
Munarg,XXXVIII,I,CXLII,Denarius,VII,II,CDXIX
Murytub,XL,X,CXLVI,Quinarius,VI,II,CXII
Murytub,XXXVI,VIII,CXXVII,Denarius,IX,X,DCXXXVIII
Murytub,XL,VIII,C,Quinarius,VI,XXVIII,CXVIII
Munarg,XXXVI,IX,CXX,Denarius,V,XXVIII,CDIII
Munarg,XXXV,II,CLXVI,Aureus,V,XX,V
Murytub,XXXV,IX,CLXIX,Quinarius,VI,XXI,CCCLXXIX
Munarg,XXXIX,XII,CLXXV,Denarius,VI,XV,CCX
Muniv,XXXV,X,XXI,Denarius,VI,XXVI,DCXXXIX
Munarg,XL,VI,CIV,Quinarius,IV,XXVIII,XCIV
Munarg,XXXIX,X,CLIV,Denarius,V,XI,CDXXIII
Muniv,XXXIX,XII,XX,Denarius,VIII,XVI,DLXXX
Munarg,XXXVI,XI,CXXXIX,Quinarius,III,XXV,CLXIII
Muniv,XXXV,III,XXVI,Denarius,VI,XIII,DXXVIII
Murytub,XXXV,VIII,CXLIII,Aureus,VI,XXV,VIII
Murytub,XXXVIII,VIII,CLXIII,Quinarius,VI,XXVIII,CLXX
Muniv,XXXV,III,XIX,Denarius,VII,XXI,DXLIV
Murytub,XXXVIII,VIII,CLXXXVII,Denarius,VI,VII,DLXVIII
Murytub,XXXVIII,VI,CLXXXV,Denarius,VII,XXI,DCVII
Munarg,XXXIX,VI,CXXIII,Denarius,V,XVII,CCXXIX
Munarg,XXXIX,VIII,CLXXX,Denarius,VII,XVIII,CCXLV
Murytub,XXXVI,XII,CLXXXIII,Quinarius,IV,XXVII,CCL
Murytub,XXXIX,I,CXC,Denarius,VIII,VIII,DCXLII
Muniv,XL,X,XXVIII,Quinarius,IV,XXII,CXIX
Suilis,XXXIX,III,XLVIII,Denarius,VII,XII,MMMCMLXXIII
Muniv,XXXVI,VIII,XXV,Aureus,IV,IX,IV
Muniv,XXXVII,VIII,XXXII,Denarius,IV,VII,CDLXXXIX
Murytub,XXXV,VI,CLXVII,Quinarius,X,XXVI,CCCLXXIX
Muniv,XXXVIII,I,XXVI,Denarius,VI,XIII,CDXXIX
Munarg,XXXV,IX,CV,Aureus,VII,XXIV,IV
Murytub,XXXVI,XII,CLXXXIII,Denarius,VI,III,DCLXXXVIII
Murytub,XXXVIII,XI,CIV,Quinarius,VII,VI,CLXX
Munarg,XL,VI,CXLII,Denarius,IX,VII,CDLVIII
Murytub,XL,V,CLXXXIX,Aureus,VIII,XVII,V
Murytub,XXXV,XII,CLXXXI,Quinarius,IX,IX,CCCXLIII
Muniv,XXXVI,VI,XXXI,Aureus,V,XXIII,V
Munarg,XXXV,XI,CXCIII,Quinarius,V,XXVII,CXXXVII
Murytub,XXXV,I,CXXXVI,Denarius,VIII,XXVIII,DCLXXXIII
Suilis,XXXVI,XII,XVIII,Denarius,VI,III,MMMCDL
Murytub,XXXV,X,CXXXVI,Denarius,VI,X,DCLIX
Munarg,XXXVIII,II,CLII,Denarius,VI,XV,CCLXXXVI
Murytub,XXXVI,XI,CXLIX,Aureus,IV,VI,VII
Munarg,XXXVI,VI,CXXI,Denarius,VIII,XIV,CCCLXXXIV
Murytub,XXXIX,II,CLVII,Quinarius,VI,XIII,CXXI
Muniv,XXXV,XII,XXV,Denarius,IV,XXII,CDIX
Murytub,XXXVII,VIII,CV,Denarius,IV,VII,DCXXIV
Muniv,XXXVII,IV,XXI,Denarius,VIII,XV,DLI
Munarg,XXXIX,II,CXCVIII,Quinarius,III,III,LI
Murytub,XXXV,VIII,CIII,Denarius,V,XXII,DCXCII
Munarg,XL,IV,CXC,Quinarius,VII,VI,XLIII
Murytub,XXXVII,IX,CLIX,Quinarius,VI,XXIV,CCXLVI
Munarg,XXXVIII,VII,CLXI,Quinarius,VII,XXVIII,CXV
Murytub,XXXIX,VII,CXLI,Denarius,VII,II,DLXXXIII
Murytub,XXXVII,V,CXXX,Denarius,V,XI,CMXV
Munarg,XXXIX,I,CLXXI,Quinarius,VIII,VIII,CVIII
Muniv,XXXVIII,V,XXX,Quinarius,III,XXII,CLXXXIII
Murytub,XXXV,II,CLXXXII,Denarius,VI,XXVIII,DCLXXX
Murytub,XXXIX,IV,CLXXXIV,Denarius,IV,XXV,DXLVII
Murytub,XL,XII,CLXIII,Denarius,VI,VII,DLXVII
Munarg,XXXV,V,CIV,Aureus,V,XXIV,IV
Munarg,XXXVI,IV,CLXVI,Quinarius,V,IV,CLXXVIII
Munarg,XXXV,VII,CXXIII,Denarius,VI,XXXI,CCCXVI
Munarg,XXXVIII,V,CXLVIII,Quinarius,VII,XIX,XCVIII
Murytub,XXXVII,II,CCIV,Quinarius,VIII,XXIII,CCXCIV
Murytub,XXXVIII,I,CXCIX,Quinarius,V,VI,CCXIII
Munarg,XXXVIII,XI,CXXXVI,Denarius,IV,XXI,CCCLVII
Munarg,XXXIX,II,CLXIX,Denarius,III,IV,CCXXXIX
Munarg,XXXIX,VII,CLXVIII,Quinarius,III,XXIII,LXV
Munarg,XXXVIII,IX,CXIX,Quinarius,VII,XVIII,LXXVII
Murytub,XXXVII,XII,CXXXVIII,Quinarius,VIII,XXIX,CXCV
Murytub,XXXVIII,V,CXXXV,Quinarius,VII,II,CCIV
Murytub,XXXVIII,V,CLIV,Denarius,IV,XIII,DCLV
Munarg,XXXV,V,CLXXXIV,Denarius,VII,V,CCCVI
Murytub,XXXIX,VII,CLX,Denarius,VII,XXVII,DLXXIII
Muniv,XXXVI,XII,XXII,Denarius,VIII,XX,DXXXIII
Murytub,XXXV,XII,CLXVII,Quinarius,VI,V,CCCX
Murytub,XXXVI,V,CXXXI,Denarius,VII,VI,DCLV
Muniv,XXXVII,II,XIX,Denarius,VI,X,DLXXVIII
Munarg,XXXVII,III,CLXXXVI,Aureus,V,XIII,III
Munarg,XXXIX,VIII,CLIII,Quinarius,IV,XIX,LVIII
Munarg,XXXV,II,CXCII,Quinarius,VIII,XXV,CL
Murytub,XXXV,VI,CLXV,Denarius,VI,XXVII,DCCIII
Munarg,XXXIX,IX,CXXVII,Denarius,VII,VII,CDXV
Muniv,XXXVI,X,XXXII,Quinarius,IX,XV,CCXXVIII
Munarg,XXXVII,VII,CXXXVI,Denarius,IX,XXIV,CCCIX
Muniv,XXXVI,VIII,XXI,Denarius,III,XXVII,CDLXV
Atamora,XXXVI,I,VIII,Denarius,V,XII,MMMCCCLI
Murytub,XXXVII,VI,CXLV,Denarius,VI,XXIX,DCCCLXX
Munarg,XXXIX,V,CXLII,Denarius,VI,XVIII,CCCLIII
Munarg,XXXVII,III,CLXXXI,Quinarius,IV,XXIII,CXXX
Munarg,XXXVIII,VII,CLXXXI,Aureus,VII,XXVIII,III
Atamora,XXXVIII,IX,VII,Denarius,V,XXIII,MMMCCLIII
Murytub,XXXVIII,VII,CXXII,Denarius,V,XIX,DLXXI
Muniv,XXXVII,X,XVIII,Quinarius,VIII,IV,CLXXXVII
Suilis,XXXVII,V,XI,Denarius,V,XV,MMMDXV
Munarg,XXXV,X,CXXI,Denarius,VIII,XXIX,CCCXIX
Munarg,XXXVI,VII,CLXI,Denarius,VI,XXVII,CDII
Murytub,XXXVI,XII,CLIII,Aureus,VII,XXV,VI
Suilis,XXXV,X,X,Denarius,VII,II,MMMCDLXXI
Munarg,XXXVIII,XII,CXLV,Quinarius,IV,VIII,CIV
Munarg,XXXVI,X,CXXXVII,Aureus,VI,II,IV
Munarg,XL,III,CLXXXVI,Denarius,VII,XV,CCXXXVIII
Muniv,XXXVIII,XII,XXV,Aureus,IV,XIX,IV
Murytub,XXXV,IV,CCXXI,Quinarius,IV,VI,CCCLVI
Murytub,XXXIX,IV,CLXXX,Aureus,VII,XXI,VI
Munarg,XXXVIII,IX,CLXI,Denarius,IV,XVII,CCLXXXII
Muniv,XXXVII,VIII,XXVII,Denarius,VI,XXIX,DLXXV
Munarg,XXXV,XII,CXXXIII,Denarius,VI,V,CCCXXXIV
Munarg,XXXV,VIII,CXXXII,Quinarius,IX,XX,CLXIX
Murytub,XXXVIII,III,CLXXIV,Quinarius,VII,XXX,CLXXV
Murytub,XXXVI,VIII,CLXV,Quinarius,VI,XVII,CCXXXIX
Murytub,XXXVII,III,CLXXVI,Denarius,IV,XXVIII,DCLII
Murytub,XXXVII,VIII,CLV,Denarius,VI,XXII,DCLXXXI
Muniv,XXXVIII,IV,XXXII,Quinarius,VI,VII,CLXXXII
Muniv,XXXVI,X,XXXIII,Quinarius,VI,XXVIII,CC
Muniv,XXXVII,IX,XV,Denarius,V,XXX,DXCII
Murytub,XXXVII,III,CLXXI,Quinarius,VIII,XXVI,CCCI
Munarg,XL,IX,CLXXII,Denarius,IV,III,CDLI
Munarg,XXXIX,XII,CLXVIII,Denarius,IX,XXVI,CCXLVI
Murytub,XXXVII,I,CLXXI,Denarius,VIII,XXI,DCLII
Murytub,XXXV,X,CXVI,Quinarius,VIII,I,CCCXLVII
Munarg,XXXVIII,I,CXCVIII,Denarius,VII,XX,CCCLXXXVII
Muniv,XXXIX,X,XXXIII,Denarius,IV,V,DIX
Munarg,XXXIX,XII,CL,Aureus,VIII,V,IV
Atamora,XXXIX,IX,XV,Denarius,V,XXII,MMCL
Munarg,XXXVII,III,CLXXXI,Quinarius,VI,VII,CXI
Muniv,XL,I,XXIV,Quinarius,VI,XIV,CXII
Murytub,XXXIX,XI,CLXI,Denarius,X,VI,DLXI
Muniv,XXXVIII,VI,XXI,Quinarius,V,XI,CXLIII
Murytub,XXXV,VII,CLXI,Denarius,VII,III,DCLXXXIII
Murytub,XXXVIII,VIII,CXVIII,Quinarius,VIII,VI,CLXVI
Munarg,XXXV,V,CLVI,Denarius,IX,XXIII,CCCLXXIII
Munarg,XXXVI,IV,CXXIV,Denarius,V,XXVII,CCCLXVI
Muniv,XXXVII,VI,XXII,Aureus,V,XXVIII,VI
Munarg,XXXVII,VII,CXCIV,Denarius,VI,I,CCLXVII
Munarg,XXXVIII,XII,CXXII,Quinarius,IV,IV,XCII
Munarg,XXXVIII,VI,CXXIII,Denarius,VII,XX,CCLXIX
Muniv,XXXVII,V,XXXIX,Denarius,III,VIII,DLXI
Suilis,XXXVI,XII,XI,Aureus,IV,XXIX,XXXIV
Murytub,XXXIX,IV,CXXII,Denarius,VII,XIX,DCVII
Munarg,XXXIX,V,CXX,Quinarius,VI,XXIX,LXXIX
Muniv,XXXV,XII,XXVIII,Denarius,VII,XVII,DXLIII
Atamora,XXXIX,I,XIV,Denarius,IV,X,MMCCCXLI
Murytub,XL,VI,CLXXI,Aureus,VIII,XXX,V
Munarg,XXXVII,X,CLXVIII,Denarius,VIII,V,CDXXXV
Munarg,XXXVIII,V,CLXVIII,Denarius,VII,XIX,CCCXXXVI
Munarg,XXXVI,IX,CLXXXIX,Denarius,V,XXV,CDVIII
Muniv,XL,VII,XXIX,Quinarius,VI,VI,CV
Muniv,XXXVII,IV,XXXIII,Aureus,VI,XXV,VI
Suilis,XXXVII,I,XIX,Quinarius,VIII,VIII,MCCCXLIX
Murytub,XXXVI,XI,CLXVII,Quinarius,III,VII,CCLXIII
Munarg,XXXVII,XII,CV,Aureus,VI,XIII,IV
Suilis,XXXVII,VI,XVII,Quinarius,III,XXV,MCCXLIII
Munarg,XL,IV,CXVI,Denarius,V,XXX,CCXIII
Suilis,XXXIX,III,XXXIV,Aureus,VIII,XVIII,XXXIII
Munarg,XL,VII,CLXXVII,Denarius,VII,I,CDLIII
Munarg,XXXIX,V,CXCII,Quinarius,VI,II,XCVI
Munarg,XL,IV,CLXXVII,Quinarius,V,XXX,XLVI
Murytub,XXXV,VI,CCXVIII,Denarius,VIII,XXIV,DCXLIV
Munarg,XXXVI,I,CXXVII,Denarius,VII,XVI,CCCXCVII
Munarg,XXXVIII,V,CXCVIII,Quinarius,VII,II,LXXIII
Munarg,XXXVIII,I,CXXXIV,Aureus,VI,III,III
Murytub,XXXV,IV,CXXIV,Denarius,V,XX,DCCXXI
Munarg,XXXIX,III,CXX,Aureus,VI,II,III
Munarg,XXXV,XII,CXLI,Quinarius,VIII,XXIV,CLXXXIX
Munarg,XXXIX,VI,CXXXI,Quinarius,V,XVIII,CX
Munarg,XXXV,II,CII,Denarius,VI,XXI,CCCLVII
Suilis,XXXV,III,XV,Aureus,VII,III,XL
Atamora,XXXVII,VII,X,Denarius,V,VII,MCMXL
Murytub,XXXVII,VII,CV,Denarius,IV,XVII,CMXVIII
Munarg,XXXVI,XII,CLXXX,Denarius,IV,XXVII,CCLXXXVI
Suilis,XXXVIII,XII,XI,Denarius,V,I,MMMCMXX
Murytub,XXXVII,III,CLXXXVII,Denarius,X,IV,DCLXXXVII
Murytub,XXXV,II,CLXVII,Denarius,V,IV,DCXC
Munarg,XXXVII,IX,CLII,Denarius,VII,VI,CCLV
Munarg,XXXVII,I,CVII,Denarius,X,XXIX,CCCXII
Murytub,XXXVIII,III,CLXV,Denarius,VI,IX,DLXXXV
Munarg,XXXVII,XII,CXI,Quinarius,V,IV,CXXXIX
Murytub,XXXVIII,VII,CXVIII,Quinarius,V,III,CLXXXVIII
Munarg,XXXV,XI,CLV,Denarius,V,XIV,CCCXLIX
Muniv,XXXVIII,XII,XXVIII,Quinarius,XI,XV,CXLV
Muniv,XXXIX,XI,XXV,Denarius,VI,XIV,CDXCVI
Atamora,XXXIX,VIII,X,Denarius,IV,XXV,MMMLII
Murytub,XXXV,VI,CXVII,Quinarius,VI,XXV,CCCLXVI
Muniv,XXXVIII,XI,XXVI,Denarius,VII,XII,DXV
Murytub,XXXVIII,III,CLXVII,Denarius,V,XVII,DCIX
Murytub,XXXVIII,III,CXXXIX,Denarius,V,XIV,DCXXVI
Murytub,XXXV,XII,CLXVII,Denarius,VII,XXVII,DCLXXXV
Munarg,XXXVIII,II,CLIII,Denarius,VIII,XVII,CCLXIII
Munarg,XXXIX,V,CLXVI,Denarius,III,XXVIII,CCXLIX
Munarg,XXXIX,XI,CXLI,Denarius,VI,XXVIII,CCXL
Murytub,XXXIX,VIII,CLXXXII,Aureus,VII,VI,VI
Murytub,XXXIX,VIII,CLXXXVII,Quinarius,VII,X,CXL
Muniv,XXXVIII,VIII,XXX,Denarius,V,V,DXLII
Munarg,XXXVIII,XI,CLXVI,Denarius,II,XXIV,CD
Munarg,XXXVII,II,CLXXVIII,Denarius,VI,X,CCCXXIX
Murytub,XXXVIII,II,CXXXVII,Denarius,VIII,X,DLXXXIII
Munarg,XXXIX,XII,CLXXXVII,Quinarius,VI,XI,LXXXVIII
Munarg,XXXIX,XII,CLXIV,Quinarius,V,VI,XCII
Munarg,XXXVII,V,CXII,Aureus,VI,XXVII,IV
Munarg,XXXV,XII,CIX,Denarius,V,II,CCCLI
Munarg,XL,I,CLVIII,Denarius,VII,XI,CDI
Muniv,XL,VIII,XIV,Quinarius,VII,IV,XCVII
Munarg,XXXVI,VI,CLXXII,Quinarius,V,XXVII,CLV
Munarg,XL,VIII,CVIII,Denarius,V,XXX,CDXXXVIII
Muniv,XXXVII,XI,XXV,Denarius,V,XXI,CDLXXXVIII
Suilis,XXXVIII,IV,XII,Denarius,VII,XXIV,MMMDCCCXLII
Murytub,XXXIX,III,CLXXXVII,Denarius,VII,XII,DXCVIII
Munarg,XXXVI,X,CLXXXIX,Quinarius,VI,II,CLIV
Munarg,XXXVI,VIII,CV,Quinarius,VI,XVII,CXLII
Murytub,XXXVIII,VI,CCXXXVI,Denarius,VI,X,DCXLIII
Murytub,XXXVI,IV,CLXXVI,Denarius,VIII,XVIII,DCLXXIV
Munarg,XXXV,VIII,CLXXVIII,Denarius,V,I,CCCVII
Murytub,XL,XI,CXXXIII,Quinarius,VII,XXVII,CXV
Munarg,XXXV,VIII,CXLII,Quinarius,VII,VIII,CLXXVIII
Munarg,XXXVIII,X,CXL,Aureus,VI,V,IV
Suilis,XXXV,IX,XI,Denarius,VI,XIV,MMMCCCV
Munarg,XXXVIII,I,CXL,Quinarius,V,XIV,CXV
Munarg,XL,VII,CLXVII,Denarius,V,XXII,CDLXV
Munarg,XXXVIII,VII,CLXV,Quinarius,V,III,LXXV
Munarg,XXXV,VII,CLXXXVIII,Quinarius,II,XXI,CLVI
Munarg,XXXV,VII,CVII,Quinarius,V,XI,CLXXXII
Munarg,XL,XI,CLXXIV,Quinarius,VI,XVIII,XCV
Munarg,XL,IX,CLXII,Quinarius,IX,XV,XLII
Muniv,XXXVIII,V,XXIV,Denarius,V,XVI,DVI
Munarg,XXXVII,II,CLXXXVII,Denarius,VI,XIII,CCCXXIII
Murytub,XXXVIII,VIII,CXXIV,Denarius,VI,XXII,DCXXIV
Munarg,XXXVI,IV,CXL,Quinarius,IV,XXI,CLIII
Muniv,XXXIX,VIII,XXII,Denarius,VII,VI,DXXXI
Munarg,XXXV,III,CLI,Quinarius,VI,XVIII,CLXXXI
Munarg,XXXVII,XII,CXIII,Denarius,III,XXXI,CCXLII
Murytub,XXXV,III,CXXX,Quinarius,VI,XXIX,CCCXXXIX
Munarg,XL,II,CLXXVII,Quinarius,IV,XX,LIII
Munarg,XXXV,IX,CXLIX,Denarius,IX,XVI,CDIX
Suilis,XXXV,IX,X,Denarius,VI,VII,MMMCCCLXXXI
Munarg,XXXV,V,CLXX,Quinarius,VI,XIV,CLXXI
Muniv,XXXVI,IV,XXI,Denarius,VI,XXIX,CDXLIV
Munarg,XXXVIII,VIII,CLXVIII,Denarius,X,XXIV,CCXXXIV
Suilis,XL,X,XI,Denarius,VI,II,MMMDCCCXXIV
Munarg,XL,V,CLI,Denarius,IV,XIII,CCIII
Muniv,XXXVII,III,XXI,Denarius,VI,XXI,DXL
Munarg,XXXVI,IX,CLIV,Aureus,VI,VII,III
Munarg,XXXIX,I,CLXXII,Denarius,VI,IX,CCCXCIII
Muniv,XXXV,XII,XXXI,Quinarius,IV,XXII,CCXXVII
Murytub,XXXVII,V,CLI,Denarius,VI,XIII,CML
Munarg,XXXIX,VII,CLXXVI,Denarius,VI,XX,CCLXIII
Muniv,XL,X,XXII,Aureus,VI,II,V
Murytub,XXXVI,VIII,CXXVII,Denarius,VI,XVIII,DCXXVI
Munarg,XXXVI,VIII,CXXXI,Denarius,VI,XXIX,CDI
Munarg,XL,IX,CXCIV,Denarius,IX,XV,CCXVII
Munarg,XXXVII,II,CXCV,Denarius,V,XVI,CCCLXXXI
Munarg,XXXIX,II,CX,Quinarius,IX,XI,XCVI
Munarg,XXXV,VII,CXLIII,Denarius,V,XI,CCCLXXI
Muniv,XXXV,XI,XXIV,Denarius,VI,XVI,CDLXI
Murytub,XXXIX,VII,CLII,Quinarius,IV,XXI,CXLI
Muniv,XL,VI,XXVII,Aureus,III,I,IV
Munarg,XXXVI,II,CLXVII,Quinarius,VIII,XII,CLXXIX
Murytub,XXXVIII,V,CXIX,Quinarius,V,XV,CXCVIII
Munarg,XXXVII,IV,CXCV,Denarius,IV,XIX,CCCXCIII
Munarg,XXXVI,I,CLXXXV,Denarius,III,V,CCCX
Munarg,XL,III,CLI,Denarius,VII,XV,CDLXX
Murytub,XXXV,III,CLXXIX,Aureus,VIII,XI,IX
Suilis,XXXV,VII,XII,Denarius,VII,XXIX,MMMCCLXXVII
Muniv,XXXVII,XII,XXX,Denarius,V,XVIII,DLXVIII
Murytub,XL,I,CXLVIII,Aureus,IV,XX,VI
Murytub,XXXVIII,III,XXXVI,Aureus,V,XXVI,VI
Muniv,XXXVII,II,XVIII,Denarius,VII,VIII,DXLVII
Munarg,XXXV,XI,CXCIX,Denarius,VI,XI,CCXCIX
Munarg,XXXIX,XI,CXXI,Denarius,VI,XXII,CCXXVIII
Muniv,XXXVI,VII,XXV,Denarius,V,XXVIII,DXLII
Murytub,XXXV,I,CLXVII,Quinarius,IV,X,CCCLXVIII
Atamora,XXXVI,I,X,Denarius,III,V,MMMDIV
Suilis,XXXVII,II,XXVII,Aureus,V,XXVIII,XXXVI
Muniv,XXXIX,VIII,XXIX,Quinarius,VIII,XV,CXXXIII
Murytub,XXXVI,XI,CXXIV,Quinarius,V,XXIV,CCLX
Murytub,XXXVI,I,CXXV,Quinarius,IV,XXVI,CCCXV
Murytub,XXXIX,VI,CLXVII,Denarius,IV,V,DLXXXII
Murytub,XXXIX,VI,LXXXIV,Denarius,IV,XXVI,DCXXXIII
Murytub,XL,III,CLXX,Denarius,VI,IV,DLIII
Murytub,XL,IV,CLXVIII,Denarius,IV,XV,DXXXVIII
Muniv,XXXV,VI,XXII,Denarius,VI,XIII,CDXV
Murytub,XXXVII,XII,CLXVI,Aureus,V,XIX,VII
Murytub,XXXVI,VII,CLVIII,Quinarius,V,I,CCXCIX
Atamora,XL,VII,VIII,Quinarius,IV,VII,DCLIX
Munarg,XXXVI,VI,CXXIV,Denarius,IV,XXV,CDXX
Munarg,XXXVI,X,CLXXXVI,Quinarius,II,IX,CXVI
Muniv,XXXVII,XI,XVIII,Aureus,VI,XXVI,V
Suilis,XXXVI,X,XIV,Quinarius,II,IX,MCCCXXXVII
Murytub,XL,IV,CXLIV,Denarius,IX,XXIII,DLV
Murytub,XXXVII,VI,CLXXXVI,Denarius,VII,XIX,CMXLIX
Munarg,XL,VII,CXIII,Aureus,VI,IX,II
Suilis,XXXVI,II,XI,Denarius,V,XXVIII,MMMCCLXXX
Munarg,XXXVII,X,CLXIX,Denarius,VII,IX,CCCXCIX
Munarg,XXXIX,VI,CLVIII,Denarius,II,X,CDL
Munarg,XXXVII,VII,CLVI,Denarius,IV,XXIX,CCCXXXVI
Murytub,XXXVIII,IV,CLXIII,Denarius,IV,VIII,DCXV
Munarg,XXXV,III,CLX,Aureus,VI,XVII,IV
Munarg,XXXVIII,I,CIII,Denarius,VI,XVIII,CCCLVI
Murytub,XXXVIII,I,CXXI,Quinarius,VI,IX,CCXXII
Munarg,XL,VI,CLVI,Denarius,VI,XXII,CXCVIII
Muniv,XXXVIII,IX,XXVIII,Aureus,VI,II,V
Murytub,XXXIX,IX,CIX,Quinarius,IV,XXX,CXXIII
Munarg,XXXVIII,IX,CXXIX,Aureus,VII,I,II
Muniv,XXXIX,XII,XXXIV,Denarius,VII,XXII,CDLXXII
Munarg,XXXIX,VIII,CLXXV,Quinarius,IV,XIX,LVIII
Murytub,XXXVI,VIII,CXXXV,Quinarius,VII,XII,CCLXXIV
Munarg,XXXV,VIII,CLIX,Quinarius,VII,XVI,CLXIV
Muniv,XXXVII,III,XXXVI,Denarius,IX,XX,DXCIV
Atamora,XXXVII,X,XIII,Denarius,II,XII,MMMCXXV
Munarg,XL,I,CLXXII,Denarius,VI,XII,CCXXIX
Murytub,XXXIX,VIII,CXXIV,Denarius,V,XVI,DLXXXIX
Munarg,XXXVIII,VI,CLXX,Denarius,VI,XXV,CCLV
Muniv,XL,V,XXVI,Aureus,VIII,X,IV
Munarg,XXXVII,VII,CL,Quinarius,VI,XXVI,CXXXVIII
Muniv,XXXVII,VI,XXVII,Quinarius,VII,VII,CLIII
Munarg,XL,XI,CLIV,Quinarius,VI,XXX,XLIV
Murytub,XXXVIII,I,LXXI,Quinarius,V,XXIII,CXCIII
Murytub,XXXVIII,VIII,CXII,Denarius,VI,VII,DLXIII
Munarg,XXXVIII,XI,CXCI,Quinarius,VI,XVII,LXXII
Murytub,XXXV,III,CXLIV,Denarius,V,XXIII,DCCLXXV
Muniv,XXXVI,II,XXXIII,Quinarius,V,VIII,CCVII
Murytub,XL,I,LXXXI,Quinarius,VII,VII,CXXXVI
Munarg,XXXVII,X,CXCV,Denarius,V,XIII,CCCLXXXVII
Murytub,XXXVIII,I,CXXXVI,Denarius,VIII,IV,DCIX
Munarg,XXXIX,V,CXXII,Quinarius,VIII,VIII,LI
Munarg,XXXIX,I,CLVII,Denarius,IV,V,CCLII
Murytub,XXXVI,VIII,CXCVI,Denarius,II,XXV,DCXXIII
Munarg,XXXVI,XI,CL,Quinarius,VI,XII,CXXXII
Muniv,XXXIX,XI,XXIII,Denarius,VI,XXII,CDXXXIII
Munarg,XXXV,XI,CXI,Denarius,V,XVII,CCCLI
Munarg,XXXVI,V,CLXX,Quinarius,VI,II,CXLIV
Munarg,XXXVI,III,CLXXVIII,Denarius,VII,XXXI,CCLXXIX
Munarg,XXXVIII,IX,CXXVII,Denarius,V,VII,CCXX
Munarg,XXXIX,V,CLXX,Denarius,VI,XXIII,CCXLIII
Murytub,XXXVII,I,CLXXXVII,Denarius,V,VI,DCXXIII
Murytub,XXXV,VIII,CXLIII,Denarius,VII,XXX,DCC
Muniv,XXXVI,V,XXVII,Quinarius,VII,XXI,CCXLIX
Munarg,XXXVIII,IX,CXIX,Denarius,V,VII,CDXLVI
Murytub,XXXVI,II,CXCVIII,Quinarius,VII,XXIII,CCCXXII
Suilis,XXXVII,III,XXXVII,Denarius,IX,XX,MMMDCCXLIV
Munarg,XXXV,VII,CLXVII,Denarius,IV,XXX,CCCXLVII
Murytub,XL,XI,CLV,Quinarius,VI,XI,CII
Munarg,XXXVI,V,CXLVIII,Aureus,VI,II,IV
Atamora,XXXVIII,III,XI,Denarius,VII,IV,MMCMVIII
Munarg,XXXVI,XII,CLXXX,Quinarius,IV,XVIII,CXXXIII
Munarg,XL,VIII,CXCVIII,Denarius,VIII,XXIII,CCCLXX
Munarg,XXXIX,XI,CLXXXV,Denarius,VII,IV,CDIV
Murytub,XXXVI,VI,CXCI,Denarius,V,XXVII,DCXXVII
Muniv,XXXIX,III,XXXII,Quinarius,III,VIII,CXXII
Munarg,XXXIX,III,CLXIII,Quinarius,VIII,IV,XCVII
Atamora,XXXIX,II,XI,Quinarius,IV,XII,DCCLXXIV
Munarg,XXXVII,X,CLIX,Denarius,V,XIII,CCCVI
Murytub,XL,II,CLXXI,Aureus,V,VIII,VI
Atamora,XL,I,X,Quinarius,VII,VII,DCVIII
Murytub,XXXVII,V,CXIII,Denarius,VII,XXVIII,CMLXVI
Murytub,XL,X,CXXI,Denarius,VIII,XVIII,DLI
Munarg,XXXVI,VI,CXLIII,Quinarius,IV,V,CXXXVIII
Muniv,XXXVIII,X,XXVI,Denarius,V,XXVII,DCXXVI
Munarg,XL,VI,CXLI,Aureus,V,IV,IV
Munarg,XXXVI,V,CLXXXIV,Denarius,IV,XXIV,CCCVI
Murytub,XXXVII,V,CVIII,Denarius,VII,XXIX,CMXXXIX
Muniv,XXXVIII,VII,XXII,Quinarius,IV,XIV,CLXV
Munarg,XXXVII,III,CL,Denarius,VI,VII,CCCXLVIII
Murytub,XXXVII,V,CLXXI,Denarius,VIII,X,CMLXXIX
Murytub,XL,I,XCII,Quinarius,VII,XXX,CXXXIV
Munarg,XXXIX,VII,CLXIV,Quinarius,IV,VIII,XCVII
Suilis,XXXVIII,III,XV,Aureus,VI,II,XXXVI
Murytub,XL,I,CXXIII,Quinarius,VII,XV,CXXXIII
Muniv,XXXVII,VI,XXVIII,Denarius,V,X,DCXLVI
Murytub,XXXV,III,CXXIX,Denarius,VI,XIV,DCC
Munarg,XXXVI,XI,CXXXIV,Denarius,IV,VI,CDXIX
Murytub,XXXV,V,CLV,Denarius,VII,XV,DCLII
Munarg,XXXV,X,CLXXXI,Denarius,VI,VI,CCCLXVI
Suilis,XL,X,XVI,Denarius,VIII,V,MMMCMLXVII
Murytub,XXXVI,IV,CLXVII,Denarius,V,XIX,DCXXXVII
Munarg,XXXV,V,CXLV,Denarius,V,I,CCCXIV
Murytub,XL,X,CXX,Denarius,V,XXVIII,DLXXXVIII
Munarg,XXXVIII,V,CXCV,Quinarius,VIII,XX,CXII
Murytub,XXXIX,IV,CLXII,Denarius,V,XXVIII,DXCVII
Muniv,XXXVI,XI,XXVIII,Denarius,VII,XVI,DX
Munarg,XXXVI,VIII,CXXX,Denarius,VI,XIX,CDXVII
Munarg,XXXV,X,CXXII,Denarius,VII,XXIII,CCCLXVII
Munarg,XXXVI,II,CXCVII,Quinarius,V,XXII,CLXVII
Murytub,XXXVI,XII,CXLIV,Quinarius,VI,XIX,CCXLV
Murytub,XL,IX,CCVIII,Quinarius,VI,XXI,CXIX
Murytub,XXXVI,XI,CLXI,Denarius,VII,XXVI,DCXXXV
Murytub,XL,VI,CLXIV,Denarius,VII,XVII,DLXXXV
Munarg,XXXVI,VIII,CXVII,Denarius,IV,II,CDXVIII
Munarg,XXXIX,VIII,CLXXII,Denarius,VIII,XIII,CCCLV
Murytub,XL,X,CXXVI,Denarius,VI,XXIX,DXLIV
Murytub,XXXV,VI,CXIII,Denarius,VI,IX,DCXXX
Murytub,XXXVII,II,CLXIV,Quinarius,VI,V,CCCXIII
Murytub,XXXVI,X,CV,Denarius,VIII,XIII,DCXLVII
Munarg,XXXVIII,IV,CXCVII,Denarius,VIII,X,CCCLIII
Munarg,XXXV,VIII,CLXIX,Quinarius,VI,XXXI,CXC
Suilis,XXXVI,III,XI,Quinarius,IV,XIX,MCDLXXXIV
Murytub,XL,VI,CXXXI,Denarius,VII,XV,DLXXV
Munarg,XXXVI,VI,CXXIII,Quinarius,VI,XXVI,CXXX
Munarg,XXXVII,III,CIII,Aureus,III,XXXI,III
Muniv,XXXVII,X,XXIV,Aureus,IX,XXIX,V
Suilis,XL,V,XXXVII,Denarius,VIII,XIX,MMMMCXIX
Muniv,XL,VIII,XXVI,Quinarius,VI,VII,CIX
Munarg,XXXVII,III,CXV,Denarius,X,IV,CCCXIX
Murytub,XXXVIII,V,CLXXIII,Quinarius,V,XVI,CCX
Munarg,XXXV,VIII,CIII,Denarius,IV,IX,CCCX
Munarg,XXXVIII,IX,CXCIV,Denarius,VII,XXV,CCXIX
Munarg,XXXIX,III,CXLIV,Quinarius,V,IX,LXI
Munarg,XXXVI,VIII,CV,Denarius,VII,III,CCCLIV
Atamora,XXXVIII,III,X,Denarius,VII,XXX,MMMCXXVI
Munarg,XXXV,VI,C,Denarius,VI,XXV,CCCLXXIX
Murytub,XL,VIII,XCV,Denarius,VI,XI,DXLIV
Munarg,XXXVIII,XI,CXLIII,Quinarius,V,XXX,LXXV
Murytub,XXXVIII,IV,CLXVI,Denarius,V,XIV,DCXXII
Murytub,XXXVI,II,CXXVI,Denarius,V,II,DCLI
Munarg,XXXVI,VIII,CXLI,Denarius,VI,XVII,CCCLXIV
Munarg,XXXVII,VIII,CLV,Quinarius,VIII,IX,CIII
Munarg,XL,VI,CLI,Quinarius,VI,XXIX,L
Murytub,XXXVI,IX,LXVIII,Denarius,VIII,XVI,DCLII
Munarg,XXXVI,II,CXLVIII,Denarius,V,VIII,CCCXXIV
Munarg,XXXVIII,IV,CXL,Denarius,V,XXX,CCCLXXIX
Murytub,XXXVII,II,CXLV,Denarius,V,XXVIII,DCXXXIV
Murytub,XL,III,CVIII,Denarius,VI,XXX,DLXXX
Murytub,XL,III,CXLVIII,Quinarius,VI,XXIX,CXXVI
Murytub,XXXVII,VII,CXXXIII,Denarius,V,X,CMXLI
Munarg,XL,VI,CLXIV,Denarius,V,XVIII,CLXXXVI
Atamora,XXXIX,VII,VII,Denarius,IV,VIII,MMDCVI
Suilis,XXXIX,XI,XI,Denarius,III,XVI,MMMDCII
Murytub,XXXVII,XII,CCVI,Denarius,VIII,III,DCXLIX
Atamora,XL,IX,X,Denarius,VIII,XIII,MMDV
Munarg,XXXVI,V,CXLI,Denarius,III,XXVI,CCCXXI
Murytub,XXXVIII,X,CLXIV,Denarius,VI,XIX,DXCV
Murytub,XL,XI,CLIX,Denarius,VII,XXII,DLI
Munarg,XXXVI,IV,CVII,Denarius,V,XXVII,CDXI
Murytub,XXXIX,XII,CXVI,Quinarius,III,IX,CXXXIV
Murytub,XXXIX,XII,CLXXVI,Quinarius,VI,XI,CXXXV
Muniv,XXXV,VI,XXIII,Denarius,X,XXVI,D
Murytub,XXXVIII,IV,CLII,Quinarius,VI,XIII,CLXXXII
Murytub,XL,V,CVI,Quinarius,VIII,XXVII,CXIV
Munarg,XXXVIII,VII,CLXXXII,Denarius,VII,XVI,CCCXLIV
Munarg,XXXIX,X,CXXI,Denarius,VI,XVII,CDXI
Murytub,XL,IV,XCIII,Denarius,IV,II,DL
Murytub,XXXVIII,XI,CXXIV,Quinarius,VI,XI,CLXXIV
Murytub,XXXVIII,V,CLXX,Denarius,IV,III,DCLIII
Muniv,XXXV,VI,XVIII,Quinarius,IV,XV,CCXLVI
Munarg,XXXVI,VII,CLXXXIX,Denarius,V,I,CCLXXXII
Murytub,XXXIX,IV,CII,Denarius,V,XVII,DLXXX
Murytub,XXXV,V,CXXII,Denarius,V,II,DCLXXV
Muniv,XXXVIII,IV,XXIV,Denarius,VI,XXIII,CDXCV
Murytub,XL,II,CCXXIV,Quinarius,VI,XXVI,CXXVII
Murytub,XXXVI,I,XCVII,Denarius,X,XXVIII,DCCXII
Munarg,XXXIX,VI,CLXV,Denarius,IV,III,CCIX
Munarg,XXXVI,X,CXXXVII,Quinarius,IX,XXVII,CXXIII
Murytub,XXXVI,XII,CLV,Denarius,IV,XXIX,DCLXVIII
Murytub,XXXVII,IV,CV,Denarius,VI,XI,DCCCLXXXVIII
Murytub,XXXVII,VII,CLXXIV,Aureus,VI,I,IX
Munarg,XXXVI,V,CLXVI,Denarius,VI,XX,CCLXXII
Munarg,XXXVII,IV,CLXV,Quinarius,VI,V,CXXXIII
Munarg,XXXVI,XII,CLXX,Denarius,VI,VI,CDXIII
Atamora,XL,II,XI,Quinarius,VII,III,DXXXII
Murytub,XXXVIII,III,CCIV,Denarius,V,XXVI,DCV
Suilis,XXXIX,XII,XV,Denarius,V,I,MMMCMXXIX
Murytub,XXXVII,I,CXII,Denarius,VIII,VIII,DCXIV
Munarg,XXXIX,III,CXXXIII,Denarius,VI,XV,CCCXLIX
Murytub,XXXVI,III,CXII,Aureus,IV,XIX,VIII
Munarg,XXXVII,VII,CXLVIII,Quinarius,VII,XVIII,CXXXIII
Murytub,XXXVIII,X,CXIX,Quinarius,VI,XXIX,CLXXIII
Munarg,XXXV,V,CV,Quinarius,VII,XXI,CLXXII
Murytub,XXXVIII,V,CXLV,Quinarius,V,XV,CCV
Muniv,XXXV,IV,XXXII,Denarius,IV,XII,DXXXIV
Muniv,XXXVII,IV,XXV,Denarius,IX,XIII,DCXL
Munarg,XL,X,CLXI,Denarius,IV,VIII,CLXXX
Munarg,XXXIX,XII,CLXXXII,Quinarius,VI,XV,XCIII
Atamora,XXXVI,IV,XIII,Denarius,IV,X,MMDCCCLXVIII
Muniv,XXXVIII,III,XXVI,Denarius,IX,XIII,CDXCVI
Munarg,XXXVIII,V,CXXX,Denarius,VII,II,CCLXXXIII
Munarg,XXXVII,III,CXXVII,Denarius,IX,VI,CCCVI
Munarg,XXXVII,III,CXLIV,Quinarius,IV,XXV,CL
Suilis,XL,I,XIV,Denarius,V,XXIV,MMMDCXXIII
Murytub,XXXVIII,VIII,CXXIV,Denarius,V,IV,DLXXIX
Murytub,XXXVII,XI,CLIX,Quinarius,V,XX,CCXX
Muniv,XXXVIII,III,XXVIII,Quinarius,VII,IV,CLXV
Muniv,XL,III,XXXI,Denarius,VI,IV,DXII
Munarg,XXXIX,VIII,CLIV,Denarius,VII,X,CDLXVI
Muniv,XXXV,V,XXIV,Denarius,VIII,VII,CDLXXVII
Muniv,XXXVIII,IV,XXV,Denarius,V,XXIX,DXLIX
Munarg,XXXVI,X,CVI,Denarius,IX,III,CCCXXXV
Murytub,XXXV,V,CXIX,Aureus,VII,XV,VIII
Murytub,XXXVI,III,CXXVI,Denarius,V,IX,DCLXIX
Munarg,XXXVIII,XI,CXXVII,Quinarius,VI,XXII,LXXII
Muniv,XXXV,IX,XV,Quinarius,VII,II,CCLXXXII
Murytub,XXXVII,X,CIX,Aureus,IV,XXIV,VII
Munarg,XXXVI,V,CXXXI,Denarius,VI,II,CCLXXIII
Murytub,XXXV,VI,CLVII,Denarius,VI,XXVIII,DCLXII
Murytub,XXXIX,XII,CXXIII,Denarius,VIII,XXVII,DXCII
Murytub,XXXVI,VIII,CXLIV,Quinarius,VI,XXXI,CCXLVI
Murytub,XXXVIII,XII,CVI,Quinarius,VI,XXX,CXLIII
Atamora,XXXVII,VIII,IX,Denarius,VIII,I,MMMDXLIV
Suilis,XXXVIII,IX,X,Denarius,VII,XX,MMMDCCCLVI
Munarg,XXXV,III,CXVI,Quinarius,IX,II,CXLVIII
Murytub,XXXVIII,VIII,CLXI,Denarius,IV,VIII,DLXXXVIII
Murytub,XL,V,XC,Denarius,VII,XVIII,DLII
Munarg,XL,I,CLXX,Denarius,VI,XIII,CCXL
Suilis,XXXV,V,L,Denarius,VIII,XVII,MMMCCLXXXVII
Muniv,XXXIX,II,XXVII,Denarius,VIII,XIX,DXXIX
Muniv,XXXV,VIII,XIX,Denarius,IV,XXIV,CDLVI
Muniv,XXXIX,XII,XXIII,Quinarius,V,XXX,CXIX
Muniv,XXXVII,I,XXII,Quinarius,VII,XV,CCXXVIII
Murytub,XXXVIII,III,CXLII,Denarius,VII,IV,DCLXV
Munarg,XXXVII,I,CXXIX,Quinarius,IX,IV,CXXXIX
Suilis,XL,III,XI,Quinarius,V,XXV,DCCCXXV
Munarg,XXXVIII,XI,CVI,Quinarius,VII,XII,CV
Murytub,XXXIX,VII,CLXXVII,Aureus,V,XXIX,VI
Murytub,XL,XI,CXXXVII,Denarius,III,XXI,DLX
Murytub,XL,IX,CLXXV,Denarius,VII,XXVI,DLVII
Atamora,XXXV,X,IX,Quinarius,III,III,MCDXIII
Murytub,XXXV,I,CCXII,Denarius,V,XXV,DCXXXV
Suilis,XXXVII,II,LI,Denarius,VI,XI,MMMDCLVIII
Murytub,XL,VI,CCXXXIII,Denarius,VIII,III,DLXXV
Munarg,XXXVII,II,CI,Denarius,VIII,XXI,CCCXI
Munarg,XXXVII,XII,CXLIV,Denarius,V,XVIII,CCCXCVIII
Munarg,XXXV,XII,CLXXVIII,Denarius,IV,XXVIII,CCXCVII
Suilis,XXXIX,V,XX,Denarius,VII,XIV,MMMDCCCLXXXVIII
Munarg,XXXVII,XII,CVI,Denarius,VIII,III,CDI
Munarg,XXXV,X,CLVII,Quinarius,VII,XXV,CLXXXV
Murytub,XL,XII,CCXXVIII,Quinarius,VI,XXIX,CVIII
Murytub,XXXV,V,LXXXV,Quinarius,V,II,CCCXLI
Murytub,XXXV,IV,CLXXVII,Denarius,V,XXV,DCLXXXI
Munarg,XL,XII,CXCVI,Quinarius,VI,XVI,XXXVI
Murytub,XXXVIII,VIII,XCVI,Quinarius,VII,XI,CLXXXII
Munarg,XXXVII,XII,CXC,Denarius,VIII,III,CCCXL
Muniv,XXXVI,VIII,XXXIX,Quinarius,III,XXVII,CLXXXI
Munarg,XXXIX,IV,CVI,Quinarius,V,XXVII,L
Murytub,XXXVI,XI,CLXIII,Denarius,VIII,XX,DCLXIV
Munarg,XXXVIII,VII,CLXXII,Denarius,VI,XX,CCXXXVII
Munarg,XXXVIII,XII,CLXXI,Denarius,XI,XV,CCLIII
Suilis,XXXVI,V,XXII,Quinarius,VI,XXV,MDXXXVII
Muniv,XXXVII,VIII,XXIII,Denarius,IV,VIII,CDLXXVIII
Muniv,XL,IX,XXVI,Denarius,VII,XXVII,DLVII
Munarg,XXXVIII,IV,CXCV,Denarius,III,XVII,CCLIII
Muniv,XXXV,IV,XXVIII,Denarius,VI,XXIX,DLXXII
Muniv,XL,XI,XXIX,Quinarius,III,IV,XCVIII
Muniv,XXXVIII,XI,XIX,Denarius,V,XXVII,DXLVII
Munarg,XXXVII,V,CX,Denarius,VIII,XXII,CCLXXXIII
Munarg,XL,VII,CLIII,Quinarius,V,XVII,CV
Murytub,XL,I,CXLII,Denarius,VII,XI,DXCII
Atamora,XXXV,VI,XII,Quinarius,VIII,VIII,MCMVII
Murytub,XXXVIII,III,CXXX,Quinarius,VI,XX,CLXXXIX
Murytub,XL,III,CLXXXVI,Quinarius,III,I,CXXVII
Murytub,XXXVI,I,CXLIII,Quinarius,VII,IX,CCCXLIX
Muniv,XL,X,XVII,Denarius,VI,XXIX,DI
Muniv,XXXVII,IV,XXI,Aureus,I,XXIV,V
Murytub,XXXVII,I,CLXX,Quinarius,IV,XXVII,CCLVI
Murytub,XXXVII,VII,CLXIX,Quinarius,V,XXX,CCCLXI
Munarg,XXXIX,VII,CXLVII,Denarius,VII,XI,CCCXC
Murytub,XXXVI,X,XCVII,Denarius,IV,XXIII,DCXCVI
Munarg,XL,XII,CXXXIV,Denarius,III,XX,CCCLXXXI
Muniv,XL,IX,XXI,Denarius,VI,XX,DCVI
Murytub,XXXVII,IX,CXLI,Denarius,V,XIII,DCLIV
Murytub,XXXIX,IX,CXCVI,Denarius,VII,XVI,DLXXXVIII
Suilis,XXXV,III,XLIII,Denarius,IX,V,MMMDXIX
Munarg,XXXV,III,CXC,Quinarius,VII,XVI,CLXXXIII
Murytub,XXXIX,VI,CCI,Denarius,II,XXV,DCX
Munarg,XXXIX,VIII,CLXI,Denarius,VIII,XXIX,CCCLXVI
Munarg,XXXVI,I,CL,Quinarius,X,III,CXXXVIII
Murytub,XXXV,VI,CLXXVII,Denarius,VI,XII,DCLXI
Suilis,XL,V,XI,Denarius,VIII,VIII,MMMMXV
Munarg,XXXVII,IX,CXL,Quinarius,V,XXVIII,CLIII
Murytub,XXXVIII,VIII,CCXXXV,Denarius,VI,XXVIII,DLXXIV
Muniv,XXXV,II,XXIX,Denarius,IV,I,DXV
Murytub,XXXV,VIII,CXXXV,Quinarius,V,XIX,CCCLX
Munarg,XXXV,I,CXXVI,Denarius,V,V,CCCXI
Munarg,XXXV,IV,CXCII,Aureus,IV,XIII,V
Murytub,XL,II,CLIX,Denarius,IV,XI,DLX
Muniv,XXXVI,III,XXIV,Quinarius,VII,XXVIII,CCXVI
Munarg,XXXVIII,X,CIX,Quinarius,V,XIII,LXIII
Munarg,XXXV,IV,CXV,Denarius,IV,XII,CCCXC
Munarg,XXXVIII,I,CXL,Aureus,II,XII,III
Munarg,XXXVI,XI,CXLVII,Denarius,VIII,XXIX,CCCLIII
Muniv,XXXVI,V,XIX,Denarius,IV,XI,DXXI
Munarg,XL,IV,CXII,Aureus,V,XXVI,II
Murytub,XXXIX,X,CXXXIII,Quinarius,VII,IV,CXVI
Murytub,XXXVIII,II,CI,Denarius,VI,XXI,DCXX
Munarg,XL,III,CVII,Quinarius,III,X,XLVII
Muniv,XXXVIII,XI,XXII,Denarius,IV,XXVIII,CDLXXXVI
Muniv,XXXV,VI,XXII,Quinarius,VI,XXX,CCXLV
Muniv,XXXVIII,VIII,XXVIII,Denarius,X,XXIV,DXLVII
Munarg,XXXVI,VIII,CLXXIII,Quinarius,V,XV,CXXXVI
Murytub,XXXIX,VII,CCXVIII,Denarius,III,XXIII,DL
Murytub,XXXIX,IX,CXXXIII,Denarius,IV,XXX,DLXXXVIII
Muniv,XXXV,VI,XXV,Denarius,I,III,CCCIII
Murytub,XXXVIII,X,CLIX,Quinarius,II,VI,CLXI
Munarg,XXXIX,IV,CXCI,Denarius,X,XX,CCCLXIV
Munarg,XXXV,I,CLXXXIII,Quinarius,V,XVIII,CXCV
Munarg,XXXVI,III,CLXX,Denarius,VIII,VII,CCCLXXV
Munarg,XL,X,CLXXVIII,Quinarius,VI,II,XL
Murytub,XL,VIII,CXCIV,Quinarius,III,XVIII,CXXVI
Munarg,XXXIX,VIII,CLXXIV,Aureus,VIII,XXVII,III
Suilis,XXXVII,XII,XVIII,Aureus,VI,XXIII,XXXIV
Muniv,XXXV,VII,XX,Quinarius,IV,XXX,CCXI
Munarg,XXXVI,III,CLXXXVII,Denarius,VI,XVII,CCCLXXI
Murytub,XXXVI,XI,CXLVI,Denarius,VII,I,DCLIII
Munarg,XXXVIII,IV,CXLI,Denarius,VI,IX,CCCLXXXVIII
Murytub,XXXIX,XII,CLXXXVI,Denarius,V,XXVIII,DLXXXIV
Munarg,XXXVI,XI,CLXXIX,Denarius,VII,XVI,CCCLXXXIII
Murytub,XXXV,I,CLXV,Aureus,VIII,XXVIII,IX
Munarg,XXXV,VIII,CXXXIX,Denarius,VI,XXVII,CCXCVIII
Muniv,XXXVI,VIII,XXVI,Denarius,V,XXX,DLXVI
Murytub,XL,II,CLXX,Denarius,VI,XII,DLIX
Murytub,XXXIX,X,CLXVI,Denarius,V,XIX,DLXXIX
Munarg,XL,I,CLXX,Aureus,VII,XI,IV
Murytub,XXXVII,IV,CXXXVIII,Denarius,VI,VII,DCCCLXXV
Munarg,XXXIX,X,CXXXVIII,Denarius,VI,XXVIII,CDXVI
Munarg,XXXVI,XII,CLVII,Denarius,VIII,XXIII,CCCXXXVIII
Munarg,XXXVIII,VII,CLXXXIX,Denarius,VI,XXII,CDXL
Muniv,XXXVII,IX,XXIII,Aureus,VII,XXI,VI
Murytub,XXXV,V,CXCVIII,Denarius,IX,XXX,DCLXV
Murytub,XXXVIII,IV,CCIV,Denarius,VI,VII,DC
Munarg,XXXV,VII,CLXXII,Denarius,II,XXI,CCCXXVII
Munarg,XXXV,III,CIV,Denarius,IV,VIII,CCXCVI
Munarg,XXXVIII,III,CXLI,Denarius,VI,II,CCLX
Atamora,XXXVIII,III,XIII,Denarius,VII,XXX,MMCCLIII
Murytub,XXXVII,XI,CCVIII,Quinarius,VI,XXV,CCXVI
Munarg,XXXIX,V,CL,Denarius,VII,V,CCLXIV
Muniv,XXXVI,III,XXVIII,Denarius,III,XVIII,DCXVI
Murytub,XXXIX,II,CLVIII,Aureus,VI,X,V
Munarg,XXXVI,XI,CXXXVIII,Denarius,VI,XIII,CCCLXI
Munarg,XL,III,CXXXVI,Denarius,VI,XXIX,CCXXXIII
Munarg,XL,IV,CLXXXV,Denarius,V,XXVI,CDLXII
Murytub,XL,VIII,CXLIII,Quinarius,V,XXI,CXXV
Munarg,XXXV,III,CXCIV,Denarius,VI,XIV,CCCLVI
Munarg,XXXIX,IX,CXXVI,Denarius,VII,VI,CCCLV
Murytub,XL,IV,CXXII,Quinarius,VIII,XIII,CXVI
Munarg,XXXV,X,CLIII,Denarius,VI,IV,CCCLI
Murytub,XXXVIII,VI,CCLVIII,Denarius,IV,XIV,DLXXV
Suilis,XXXVII,VII,XVI,Denarius,VI,XXVIII,MMMDCXCVIII
Murytub,XXXV,VIII,CCXXI,Aureus,VI,VII,VIII
Munarg,XXXVII,I,CLXX,Aureus,VI,III,III
Murytub,XXXV,XII,CLIV,Aureus,IV,XXIII,IX
Murytub,XXXVI,VII,CI,Quinarius,IX,XIII,CCXCV
Munarg,XXXV,II,CLIII,Quinarius,V,IV,CLXXVII
Murytub,XL,IX,CLXXIV,Quinarius,III,XIV,CX
Munarg,XXXVII,VIII,CXLII,Denarius,VIII,I,CCLII
Muniv,XXXVI,XII,XXXIII,Denarius,VIII,XX,CDLXXIX
Atamora,XXXVI,V,XIII,Quinarius,IV,XXVIII,MDLXII
Atamora,XXXVIII,II,IX,Denarius,X,XIII,MMMXXXVII
Munarg,XL,VIII,CLIV,Denarius,VII,XXV,CDXXIV
Munarg,XXXIX,XII,CLXIX,Quinarius,VIII,XVI,LI
Munarg,XXXVII,XI,CXC,Quinarius,IX,XXIX,XC
Munarg,XXXIX,IV,CXXII,Denarius,VII,III,CCLXXIII
Murytub,XXXV,V,CL,Denarius,VII,X,DCCXV
Murytub,XXXVI,VI,CLXXII,Aureus,VIII,XVII,VII
Murytub,XXXIX,VIII,CXLIII,Denarius,VI,XVII,DXC
Munarg,XXXV,VI,CXLIII,Denarius,VI,IX,CCCLIV
Munarg,XL,X,CLIII,Denarius,V,XXVIII,CCCLXXI
Munarg,XXXVIII,I,CXXX,Denarius,V,XIV,CCLXXXVI
Munarg,XL,III,CXL,Denarius,VI,XXX,CCXXV
Murytub,XXXVI,I,CV,Quinarius,VI,I,CCXCIII
Murytub,XXXIX,IV,CXCII,Quinarius,VIII,XXX,CXXV
Munarg,XXXV,IX,CXXXIX,Denarius,VII,VIII,CCCVIII
Munarg,XXXVIII,VIII,CLXIII,Quinarius,VI,XXVI,CIV
Muniv,XXXVI,III,XVIII,Denarius,V,XX,DXXV
Munarg,XXXVIII,VI,CLXXXIII,Denarius,IV,IV,CCXLV
Atamora,XXXVI,III,IX,Quinarius,VIII,XXIV,MCCCLXXXII
Muniv,XXXV,V,XXV,Quinarius,VII,III,CCLXXI
Murytub,XXXV,VIII,CXCII,Quinarius,VI,VII,CCCLX
Murytub,XXXVI,V,CLXIV,Denarius,V,XIX,DCLXXV
Murytub,XXXIX,VII,CLXIII,Quinarius,V,XVII,CXLI
Muniv,XXXVI,XII,XXV,Denarius,VIII,XV,CDLXVII
Munarg,XXXVII,VIII,CXVIII,Denarius,VII,XIII,CDX
Munarg,XL,II,CXI,Denarius,VII,XXI,CLXXXVIII
Munarg,XXXVII,X,CLXI,Quinarius,IX,XXIX,CI
Muniv,XL,IX,XXIII,Denarius,VI,XXI,DXXI
Munarg,XXXVIII,II,CIV,Denarius,V,IV,CCCLX
Murytub,XXXVII,VI,CLXXIII,Denarius,VII,XIX,DCCCLXX
Suilis,XXXVI,V,XXVII,Quinarius,VII,IV,MCCCXXXIV
Muniv,XL,VII,XVII,Denarius,VIII,XXIII,CDXXXI
Munarg,XXXVIII,VII,CXXX,Denarius,V,III,CCCXCIX
Munarg,XXXVI,VII,CLXXXVIII,Aureus,VI,XVII,IV
Muniv,XXXVI,III,XXX,Denarius,VIII,XXVII,DLIV
Munarg,XXXVIII,X,CXXVI,Quinarius,X,XXI,XCVIII
Muniv,XXXVIII,VI,XXV,Quinarius,VII,XIII,CXLVIII
Muniv,XXXIX,VIII,XXIX,Quinarius,VIII,XIII,CXIX
Murytub,XXXVIII,IX,CXXXIX,Quinarius,VII,XXVII,CLXVIII
Muniv,XXXVIII,IX,XXVII,Quinarius,V,VI,CX
Muniv,XXXIX,VI,XXIV,Quinarius,VII,IV,CXXI
Munarg,XXXVI,XI,CLXVII,Denarius,VII,XVI,CCLXVI
Munarg,XXXVIII,III,CVIII,Denarius,V,I,CDXXI
Murytub,XXXV,IX,CXLVI,Quinarius,II,XXX,CCCLIV
Murytub,XXXVI,X,CLXII,Quinarius,VII,XXVI,CCLXXIII
Munarg,XL,III,CLXXVII,Denarius,VI,XXVI,CDLVIII
Atamora,XXXV,II,XI,Aureus,VI,XXVI,XLVII
Murytub,XXXIX,VII,CXXXV,Quinarius,V,I,CXLII
Muniv,XL,V,XXX,Denarius,V,XXIV,DLII
Munarg,XXXV,XI,CXVI,Aureus,VII,X,V
Munarg,XXXV,IX,CLXXVI,Denarius,VII,XVIII,CCCLXIII
Munarg,XXXVIII,IV,CXLI,Denarius,VIII,XXVIII,CCCLIII
Murytub,XXXVII,V,CXXVIII,Quinarius,VII,XXIX,CCCXLIX
Munarg,XXXV,VIII,CXLII,Quinarius,VI,XXI,CLXXVIII
Muniv,XXXV,III,XXVI,Denarius,VII,XXXI,CCCLXXIII
Munarg,XXXVII,IV,CLXV,Denarius,VI,VII,CCCLXXIX
Murytub,XXXV,XII,CXCI,Quinarius,V,II,CCCXXV
Murytub,XXXVII,VII,CXLVII,Aureus,V,XV,IX
Suilis,XXXVII,XI,X,Quinarius,V,XXI,MCLXIX
Munarg,XXXIX,XII,CLXXXIV,Denarius,VI,XXV,CCCLVIII
Murytub,XL,III,CLXXVII,Denarius,III,X,DLXXXV
Munarg,XXXV,XI,CXVII,Quinarius,V,XX,CL
Munarg,XXXVII,II,CXVII,Denarius,VIII,XIX,CCCXXIX
Muniv,XXXVI,VII,XXI,Denarius,IV,IV,CDLX
Murytub,XXXV,III,CLXXIII,Denarius,IX,V,DCXC
Murytub,XXXVI,III,CLXIX,Denarius,VIII,XXV,DCLXXVII
Munarg,XL,III,CLVII,Quinarius,VI,XI,CII
Munarg,XXXV,II,CXCII,Denarius,V,XVI,CCCXLVII
Murytub,XXXV,IV,CLXXXV,Denarius,IV,XXIV,DCCXXXIII
Munarg,XXXIX,IV,CLII,Quinarius,VIII,XXIV,LXXV
Murytub,XXXVIII,X,CL,Denarius,VI,XXVI,DCXIII
Murytub,XXXVI,VIII,CXV,Denarius,VII,XXII,DCLV
Munarg,XL,IV,CXIII,Denarius,VII,VII,CDLXXII
Munarg,XXXVIII,IX,CLVI,Denarius,VI,II,CCCXLI
Munarg,XXXVII,IV,CXXI,Denarius,VIII,X,CCCVI
Munarg,XXXVIII,X,CXCVIII,Denarius,VI,XIX,CCLVIII
Munarg,XXXVI,I,CXXIX,Quinarius,VII,XVI,CLXIII
Murytub,XXXIX,XI,CXXVII,Denarius,VI,XXVII,DXLIII
Munarg,XXXVI,IV,CXXIX,Quinarius,VIII,XIV,CLXIII
Murytub,XXXV,VIII,CLXXVI,Denarius,VI,XXV,DCLXV
Muniv,XXXVI,XI,XV,Denarius,VII,XXVII,CDXCVI
Munarg,XL,IV,CLXXVII,Denarius,IX,XXIII,CCXVIII
Munarg,XXXIX,VII,CLXXXI,Quinarius,VII,XI,CXII
Murytub,XXXVI,VI,CXXXVIII,Quinarius,VII,XXIV,CCLXXXIV
Munarg,XXXIX,VII,CX,Denarius,III,XXIII,CCXXII
Munarg,XXXVI,VII,CXXXIII,Quinarius,VII,XXX,CXLVIII
Murytub,XXXVIII,IX,CXXXV,Denarius,V,VI,DLXXXIII
Murytub,XXXIX,VIII,CXLII,Denarius,XI,II,DLXXIII
Munarg,XXXV,VIII,CLXXXVIII,Denarius,VII,XVI,CCLXXXVI
Muniv,XXXIX,III,XVIII,Denarius,VI,XIV,DXIV
Munarg,XXXVII,XII,CLII,Denarius,IV,II,CCCXXXIX
Murytub,XXXVIII,V,CLVII,Denarius,VIII,XXI,DCXIX
Murytub,XXXIX,XI,LXXXVII,Denarius,VII,XXX,DXCV
Atamora,XXXVII,V,XII,Denarius,VI,XIV,MMCCXLII
Munarg,XL,IX,CLXI,Aureus,IX,XI,III
Munarg,XL,V,CLXXXVIII,Denarius,V,VII,CCIV
Munarg,XXXVIII,IX,CLXV,Denarius,VII,XX,CCLXVII
Munarg,XXXVIII,VI,CLXXVIII,Denarius,VII,VI,CCCLXXI
Munarg,XXXV,VII,CLXVI,Denarius,VII,II,CCCXL
Murytub,XXXVI,X,CXLIII,Denarius,III,I,DCXXVII
Munarg,XXXVIII,X,CXL,Quinarius,VIII,VIII,LXIX
Munarg,XL,XI,CXXXII,Denarius,VI,XXVI,CLXXIV
Munarg,XXXV,XI,CIX,Denarius,III,I,CCXCI
Munarg,XXXVII,VI,CXII,Denarius,IV,VIII,CCCXLI
Murytub,XL,V,CLXVIII,Denarius,VIII,XVII,DLXVI
Munarg,XXXIX,III,CXXVIII,Aureus,V,XXII,IV
Murytub,XXXVIII,VIII,CXLI,Denarius,IV,I,DCIV
Munarg,XXXIX,I,CX,Quinarius,VI,III,XCIII
Murytub,XXXVIII,III,CXXIII,Denarius,VII,XXVIII,DCLXXVIII
Munarg,XL,VI,CXLVI,Denarius,VIII,XXI,CCXXIV
Munarg,XXXVII,V,CVI,Aureus,III,XXIII,III
Muniv,XXXVII,V,XXIV,Denarius,IV,XX,DLV
Muniv,XXXVIII,IX,XXX,Denarius,VII,XXII,D
Murytub,XXXVIII,VI,CXLIV,Quinarius,VII,II,CCX
Suilis,XXXVI,III,XIV,Quinarius,VIII,VII,MDLXXI
Munarg,XXXIX,V,CXLVII,Denarius,V,XXIV,CCCLIX
Murytub,XXXVIII,VII,CXLVII,Denarius,II,IX,DXCVI
Muniv,XL,IV,XVIII,Quinarius,VI,XXVII,CVIII
Murytub,XXXIX,V,CLXVII,Quinarius,VII,III,CXXVI
Munarg,XXXVII,VIII,CXIV,Quinarius,VIII,XX,CXXXIII
Murytub,XXXV,VI,CXXXII,Denarius,IV,XX,DCLXIV
Munarg,XXXVII,I,CXXIII,Denarius,VII,XXXI,CCCXXVII
Munarg,XXXVI,III,CXXIX,Quinarius,VII,II,CXXXIV
Murytub,XXXV,VII,CLXXVI,Denarius,IV,XXX,DCCXXI
Murytub,XXXVII,II,CCI,Denarius,VIII,XXVI,DCLXXX
Muniv,XXXIX,V,XXVI,Denarius,IX,IX,DCXVIII
Murytub,XL,V,CXLVIII,Quinarius,VIII,XIX,CXXIV
Murytub,XL,IV,CLXXVIII,Denarius,VI,XXVII,DLXVIII
Murytub,XXXVI,I,CLIV,Quinarius,IV,XIV,CCCXXIV
Murytub,XXXIX,III,CXXXIV,Quinarius,VI,XV,CXXXV
Muniv,XXXV,XII,XXIII,Quinarius,VI,I,CLXXVIII
Munarg,XXXV,I,CL,Quinarius,VIII,IV,CCXIII
Murytub,XXXIX,I,CXXXII,Denarius,V,XI,DCIII
Muniv,XXXVIII,II,XXVIII,Denarius,VII,XXIV,CDLXIII
Murytub,XXXIX,XII,CXCVIII,Quinarius,V,XXI,CXXXIX
Suilis,XXXVIII,V,XXI,Denarius,VIII,XX,MMMDXCVII
Munarg,XXXIX,VIII,CV,Quinarius,V,XXIII,XLVIII
Murytub,XL,VI,LXXXIX,Denarius,IX,VII,DLXXIII
Muniv,XXXVI,VII,XXX,Denarius,VI,XV,DLV
Munarg,XXXVI,VI,CXXX,Quinarius,VI,IV,CXXXIX
Murytub,XXXIX,I,CXXXVIII,Denarius,VI,XIX,DCXXX
Munarg,XXXVI,I,CXLVII,Denarius,IV,XXX,CCCLXIII
Munarg,XXXVI,I,CXI,Quinarius,V,XII,CXLVIII
Munarg,XL,VI,CLXIX,Denarius,IX,VII,CCCLXXV
Muniv,XL,XII,XXIV,Denarius,VI,II,CDXCVI
Munarg,XXXIX,IV,CLVIII,Quinarius,VII,XIX,LIII
Murytub,XXXVIII,VII,CXXIX,Quinarius,II,IX,CLXXXIII
Muniv,XL,II,XXV,Denarius,V,I,DXI
Murytub,XL,IV,CXXXVII,Denarius,VI,XXV,DLXXXV
Murytub,XL,X,CLVI,Denarius,VI,II,DLXXX
Munarg,XXXVII,VIII,CLXXVI,Quinarius,VI,XXXI,CXXII
Munarg,XXXVII,III,CLXXVII,Denarius,VI,XVII,CCLXXIII
Munarg,XXXVIII,XI,CIV,Denarius,IV,XV,CD
Munarg,XXXV,XII,CXLVII,Quinarius,VI,X,CLXII
Munarg,XXXVI,VI,CLI,Denarius,VIII,XXX,CCCXXXII
Murytub,XXXV,IV,C,Aureus,VI,XVI,IX
Munarg,XL,X,CLXII,Denarius,V,XI,CCCLXIV
Suilis,XXXVIII,V,XI,Denarius,VI,I,MMMDXXVIII
Murytub,XXXVIII,VIII,CLXXV,Quinarius,IV,VIII,CLXVII
Munarg,XXXVII,X,CIX,Denarius,IX,XX,CCCLXXXII
Munarg,XXXVI,IV,CXXXI,Quinarius,V,XVII,CLX
Munarg,XXXVII,III,CXXII,Denarius,III,XII,CCCXXXIII
Munarg,XXXVII,IX,CLXXXVII,Denarius,V,XXVIII,CDVII
Munarg,XXXVI,VI,CXXV,Denarius,V,XIX,CCCXLIV
Munarg,XL,II,CLXIX,Denarius,VII,VII,CLXXXVIII
Atamora,XXXVIII,III,IX,Quinarius,VI,XX,DCCCIV
Murytub,XXXIX,X,CXXXVI,Denarius,V,I,DLX
Munarg,XXXIX,III,CII,Denarius,VIII,IV,CCLX
Murytub,XL,X,CXLIII,Denarius,VII,XX,DXLVI
Munarg,XL,VIII,CLXXII,Denarius,VIII,XXII,CCXIV
Munarg,XXXIX,XI,CLXIX,Quinarius,VII,I,XLVIII
Murytub,XXXV,VIII,CLXXXVIII,Denarius,V,XIX,DCXXII
Munarg,XXXVIII,I,CXL,Quinarius,VII,II,CXII
Munarg,XXXVII,X,CXLV,Denarius,VI,XVI,CCCLX
Munarg,XXXVII,III,CLXXVIII,Denarius,VI,XIV,CCLXXIV
Muniv,XXXVI,XI,XIX,Quinarius,IV,XIX,CCVIII
Murytub,XXXVI,X,CXXXIV,Denarius,VI,VI,DCLIV
Munarg,XL,VI,CXLI,Aureus,IV,XX,II
Murytub,XXXVI,XI,CCVII,Quinarius,II,III,CCLIX
Munarg,XXXVI,II,CLIII,Denarius,III,XVII,CDX
Munarg,XXXVII,I,CXCII,Denarius,VIII,VIII,CCCII
Munarg,XXXIX,X,CLIII,Aureus,V,XIX,IV
Munarg,XXXV,VIII,CLI,Quinarius,VI,VI,CXC
Munarg,XXXV,VII,CXCIII,Quinarius,V,XXII,CXCVIII
Murytub,XXXVI,IV,CXL,Quinarius,III,XII,CCXC
Munarg,XXXVIII,V,CXLII,Denarius,V,XVII,CCLXXXIV
Muniv,XXXVII,XI,XXXII,Denarius,V,XII,DLIII
Suilis,XXXVI,I,XVII,Denarius,VII,IX,MMMDCIII
Murytub,XXXV,VII,CXLVI,Quinarius,VI,XII,CCCXLV
Munarg,XXXVI,II,CXXVIII,Denarius,VIII,XXI,CCCLXXII
Munarg,XXXV,VI,CXC,Denarius,VIII,XXIX,CCCXI
Muniv,XXXVI,X,XXIX,Quinarius,VI,XIX,CLXXX
Muniv,XXXV,X,XXI,Aureus,IV,XXXI,VI
Murytub,XL,VI,CLXXI,Denarius,V,VIII,DLXIV
Munarg,XXXVI,V,CLXII,Aureus,IX,I,IV
Suilis,XL,IV,LXVI,Denarius,VI,I,MMMDCXX
Munarg,XXXV,VII,CLXV,Aureus,VII,XX,V
Murytub,XL,IV,CXXX,Quinarius,V,XI,CXII
Munarg,XXXV,VII,CLXXV,Aureus,VI,XII,V
Munarg,XXXVII,VI,CLXXII,Denarius,VI,XXIII,CCCX
Munarg,XXXVIII,VIII,CLVII,Denarius,VI,XII,CCLVIII
Munarg,XXXVI,V,CXXXIII,Denarius,III,IX,CCCXXXV
Munarg,XXXIX,III,CLXXXIV,Denarius,IX,XIX,CDXXXVII
Munarg,XL,VI,CXXII,Denarius,IX,XIX,CXCV
Muniv,XXXV,VII,XXVIII,Denarius,VI,XII,DXLVI
Murytub,XXXVII,IV,CXC,Denarius,VIII,XII,CMXLII
Suilis,XXXVIII,XI,XX,Denarius,VI,III,MMMDCXLVIII
Muniv,XXXV,III,XXIII,Quinarius,VII,XVI,CCLXXVIII
Muniv,XXXIX,X,XXVI,Denarius,V,I,CDXLI
Muniv,XL,X,XXV,Denarius,VI,XII,DXI
Muniv,XXXVIII,VIII,XIX,Quinarius,VIII,XXX,CXVII
Munarg,XXXIX,II,CX,Quinarius,V,XXV,XC
Munarg,XXXVI,IX,CXII,Denarius,V,VI,CCCXXIX
Murytub,XXXVIII,III,CLI,Denarius,V,X,DCXXVI
Murytub,XXXIX,IV,CXXXVII,Denarius,VIII,XXX,DCXXVIII
Munarg,XL,VI,CXXII,Denarius,VIII,XXX,CDXLIV
Munarg,XXXVI,IV,CLXVIII,Denarius,VIII,XIV,CCCXVI
Murytub,XL,I,CXXVII,Denarius,VI,XXIII,DXCVII
Murytub,XXXVIII,IX,CXCVII,Denarius,VII,XXVII,DCXXV
Munarg,XXXVI,III,CV,Quinarius,III,XVIII,CXLI
Murytub,XXXV,VIII,CXII,Aureus,VII,X,IX
Suilis,XXXVIII,XII,XIV,Quinarius,XI,XV,CMLXXIX
Murytub,XXXVII,V,CXXXII,Denarius,VI,XIII,DCCCXXXVIII
Munarg,XXXVIII,X,CLXIX,Denarius,IV,XXX,CDXXXVII
Muniv,XXXV,V,XXVI,Denarius,VIII,XXII,CDXLIV
Suilis,XXXIX,X,XIII,Denarius,VI,II,MMMDCCX
Munarg,XXXIX,XII,CXXXVIII,Denarius,X,XII,CCCLXXXI
Murytub,XXXVIII,VIII,CXLVII,Denarius,V,III,DLXXX
Munarg,XL,XII,CXCVI,Quinarius,VII,XIV,LXXIX
Munarg,XXXVII,VI,CLVII,Denarius,VII,IX,CDXV
Munarg,XXXV,IX,CLXXXIX,Quinarius,VIII,XXVIII,CXCVII
Atamora,XL,VI,V,Quinarius,VIII,III,CDL
Murytub,XL,XII,CVII,Quinarius,V,XXVI,CVI
Murytub,XXXVIII,X,CLXXVIII,Denarius,V,XIII,DXCII
Murytub,XXXV,XI,CLXXIX,Quinarius,VII,X,CCCXLVII
Murytub,XL,XI,CXII,Denarius,V,XV,DLXXIV
Muniv,XL,II,XXI,Denarius,V,XV,DLVI
Munarg,XXXVIII,VII,CLXV,Denarius,VI,XXV,CCLVI
Suilis,XXXVII,II,XLVII,Aureus,VI,XXIV,XXXVIII
Murytub,XXXVIII,VIII,CXXVI,Denarius,IV,XXV,DC
Murytub,XXXVIII,VI,CLXXXIX,Denarius,VI,IX,DLXX
Munarg,XXXVI,IX,CXLV,Quinarius,VI,XIX,CXXXVII
Murytub,XXXVI,V,CXCIX,Denarius,III,XII,DCLXVI
Munarg,XXXVI,IV,CLIII,Denarius,VI,XXIX,CCCLV
Muniv,XXXVI,X,XXV,Denarius,V,XXIX,CDLXXIX
Muniv,XXXV,IV,XVII,Quinarius,V,XXV,CCLIV
Murytub,XXXV,VIII,CXXX,Aureus,VII,V,VIII
Munarg,XXXIX,II,CLXXXVI,Denarius,VI,IX,CDVIII
Suilis,XXXVII,XI,XLIV,Aureus,V,XX,XXXVI
Munarg,XXXIX,XI,CLXIX,Denarius,VIII,VIII,CXCV
Munarg,XL,IX,CXCIX,Denarius,IV,III,CCCLXVIII
Murytub,XL,XI,CXXIV,Quinarius,VII,XXII,CX
Suilis,XXXVIII,II,XIX,Denarius,VII,XIX,MMMDCCCLXI
Munarg,XXXVI,V,CLXXXII,Aureus,VII,VI,IV
Muniv,XXXVIII,XII,XV,Denarius,VI,XVI,CDLXIX
Munarg,XXXVII,XII,CXXVII,Denarius,V,IV,CCLXXXVI
Muniv,XL,XI,XXII,Quinarius,VII,XIII,CXV
Munarg,XXXVIII,I,CLXXXIII,Denarius,VI,VII,CCCLX
Murytub,XXXVII,III,CLXIII,Denarius,VI,III,DCCXLV
Murytub,XXXIX,XI,CXLIX,Quinarius,VIII,XIII,CXXXII
Munarg,XXXVI,VI,CXVIII,Denarius,VIII,XIV,CCCXXVII
Munarg,XXXIX,XII,CLXXIII,Denarius,VI,X,CCXXIX
Muniv,XXXVI,IV,XXII,Quinarius,VIII,XXX,CCXVIII
Murytub,XXXV,XII,LXXII,Denarius,VI,I,DCCVI
Murytub,XXXVIII,VI,CVII,Denarius,VII,XXX,DCLV
Munarg,XL,VI,CX,Quinarius,V,V,XLIII
Munarg,XL,II,CXLI,Denarius,II,XVII,CCCLVII
Murytub,XXXVII,VI,CLI,Quinarius,V,XXII,CCCLVI
Munarg,XXXVII,IX,CXLII,Quinarius,IV,III,CXXXVII
Murytub,XXXIX,I,CCII,Quinarius,VIII,IV,CXLVI
Murytub,XXXIX,VI,CXCII,Denarius,V,I,DCXXXI
Muniv,XXXIX,X,XXII,Denarius,V,VIII,CDLIX
Murytub,XXXIX,I,CLXXXI,Denarius,V,XII,DCIII
Murytub,XXXVIII,XI,CLXXXIII,Denarius,VI,XXVI,DCLVI
Murytub,XXXVI,XI,CL,Denarius,VII,XXVII,DCLXXIX
Murytub,XXXIX,VI,CVIII,Quinarius,II,X,CXXVII
Murytub,XXXVI,III,CLXXVI,Denarius,V,XX,DCLXIV
Munarg,XXXVI,VII,C,Quinarius,IV,V,CLII
Munarg,XXXVIII,I,CXCII,Aureus,VI,XV,IV
Atamora,XL,VIII,VI,Denarius,VII,XXV,MMDLII
Murytub,XXXV,V,CCXIII,Quinarius,V,XI,CCCLXIV
Suilis,XXXVII,III,XVII,Aureus,X,IV,XXXVIII
Munarg,XXXVII,II,CXXX,Denarius,VII,VIII,CCLXXXI
Suilis,XXXVIII,X,XIII,Quinarius,IV,XXX,MLXIX
Munarg,XXXIX,I,CLXXXIII,Denarius,IV,X,CCXL
Munarg,XXXVIII,VIII,CXXV,Denarius,IV,I,CDXXXI
Murytub,XL,III,CXLI,Denarius,V,VI,DLXXII
Muniv,XXXV,XI,XVII,Quinarius,VI,VIII,CCXXXII
Muniv,XXXVII,VI,XXVII,Quinarius,III,XXV,CLXXIV
Munarg,XXXV,VII,CVII,Denarius,V,XI,CCCLXXVIII
Murytub,XXXVIII,IX,CLXXXII,Denarius,IV,XV,DCX
Munarg,XXXVIII,III,CXLI,Denarius,VIII,XXV,CDXIII
Atamora,XXXIX,III,IX,Quinarius,VII,XIII,DCLXXVI
Munarg,XL,III,CXCIV,Denarius,VI,III,CCXLV
Munarg,XL,X,CXLIII,Quinarius,IX,IV,LXXXII
Munarg,XXXVII,V,CLXXIII,Quinarius,VIII,XXV,CXXXIV
Muniv,XL,IV,XXIV,Denarius,VI,XXII,DXVI
Munarg,XXXVIII,III,CV,Denarius,VI,VIII,CCCIV
Munarg,XXXVII,X,CIV,Quinarius,IX,XX,CXXXVIII
Suilis,XXXVII,VIII,XXIII,Quinarius,VI,XXX,MCCCXXXIX
Munarg,XXXVII,II,CL,Denarius,VI,XVII,CCCXXXIII
Muniv,XXXVIII,V,XXIX,Denarius,VI,X,CDLXXVII
Munarg,XXXVIII,VII,CXLVII,Quinarius,VIII,IV,CXXI
Atamora,XXXV,XII,X,Denarius,VIII,XXIV,MMMCCLXII
Muniv,XXXVII,V,XXVI,Denarius,IV,XXX,DVI
Munarg,XXXV,III,CLXIII,Denarius,IX,XXIV,CCCLXXI
Muniv,XXXVI,II,XX,Denarius,VII,V,CDXIV
Suilis,XL,II,XIV,Denarius,V,VIII,MMMDLXXVII
Munarg,XXXIX,VIII,CLXXXVI,Aureus,IV,XXVI,V
Atamora,XL,VIII,XII,Quinarius,V,XXI,DLXXXIII
Muniv,XXXVIII,VIII,XVII,Quinarius,VIII,VI,CXLVI
Murytub,XL,III,CXLIV,Aureus,VII,XXVII,V
Murytub,XXXVII,III,CLXV,Denarius,VII,XXX,DCXCII
Murytub,XL,II,CLXV,Aureus,V,XXV,VI
Muniv,XL,II,XXVI,Denarius,VIII,XVI,DLIX
Muniv,XXXVIII,X,XXVI,Quinarius,V,III,CLXII
Suilis,XL,IV,XLIX,Quinarius,VII,XXIX,DCCXCVII
Murytub,XXXVIII,IX,CLVII,Denarius,V,III,DXCII
Murytub,XXXVIII,VIII,CXXIII,Denarius,VIII,X,DLXXXVI
Munarg,XXXVIII,XI,CLXVII,Denarius,V,II,CCLVII
Munarg,XXXVII,II,CLXXXI,Denarius,IV,XX,CCCLX
Murytub,XL,V,CCXXV,Aureus,VII,IV,V
Munarg,XXXIX,VI,CLXXXVII,Denarius,VII,XIX,CCCLXII
Munarg,XXXV,II,C,Quinarius,IV,II,CCXVIII
Atamora,XXXIX,XI,XII,Denarius,IV,XXI,MMDCXXIII
Munarg,XL,IV,CLXXVI,Denarius,VIII,III,CDXXXVI
Murytub,XL,VII,CXXXVI,Denarius,V,XVI,DLXXX
Munarg,XXXVI,X,CLXXXI,Denarius,II,V,CCCLXVI
Munarg,XXXIX,III,CLXXXIV,Quinarius,V,IX,XLVIII
Suilis,XXXVII,VI,XV,Denarius,VII,VII,MMMCDVIII
Murytub,XXXV,II,CLXXIX,Quinarius,VI,XI,CCCXLVII
Murytub,XXXVIII,I,CXXV,Denarius,VI,XVIII,DCXV
Murytub,XXXVIII,XII,CXXXII,Denarius,VI,XVI,DXCII
Murytub,XXXVIII,II,CXXX,Aureus,VI,XXI,VI
Atamora,XXXVI,XI,XII,Denarius,III,XI,MMDXCII
Munarg,XXXVIII,IV,CXCVI,Denarius,V,XXVI,CCCLXXVI
Murytub,XXXV,VIII,CXXXIX,Denarius,VII,XVI,DCLXXVI
Muniv,XL,VII,XXIX,Quinarius,V,XVI,CXXX
Muniv,XXXVIII,III,XXXIII,Denarius,VI,XXIV,DXI
Suilis,XXXVII,V,XXII,Denarius,IV,XIX,MMMCCCXXXV
Munarg,XXXVIII,IX,CXXXIII,Denarius,VII,XXV,CDXV
Murytub,XXXIX,X,CLXXIII,Quinarius,VI,XXVIII,CXXIII
Munarg,XXXVI,X,CXXII,Denarius,IX,III,CCCLXXIII
Munarg,XXXIX,II,CXV,Quinarius,IX,XI,LXXXV
Murytub,XXXV,III,C,Quinarius,V,XXX,CCCVI
Munarg,XXXVI,III,CXXXIV,Aureus,VI,I,IV
Munarg,XL,VIII,CXCIII,Quinarius,III,XVIII,CVII
Muniv,XL,VI,XXII,Denarius,VI,XXVI,DLVII
Suilis,XXXVII,XI,XI,Denarius,VI,V,MMMCDXXII
Murytub,XXXVIII,XII,CCV,Quinarius,VI,XXV,CLIV
Munarg,XXXVII,VII,CLXIII,Denarius,VII,VIII,CCL
Munarg,XXXVII,VII,CXXXV,Denarius,IV,XXVII,CCCXXIII
Muniv,XXXIX,VII,XVI,Denarius,VII,II,DXLVI
Munarg,XXXVIII,X,CXCVII,Denarius,VI,V,CCXLVI
Munarg,XL,XII,CXLIX,Denarius,VII,XXI,CCCLXXVII
Munarg,XXXVI,VII,CLXIV,Denarius,VIII,VII,CCLXIX
Suilis,XXXV,VIII,LXXXV,Quinarius,V,I,MDCLXIV
Murytub,XXXV,IX,CLXX,Denarius,VI,IV,DCLXV
Suilis,XXXV,VIII,XI,Aureus,VI,XVII,XLIV
Munarg,XXXV,VI,CXVIII,Denarius,X,V,CCXCII
Munarg,XXXVII,VI,CLXXII,Denarius,V,X,CDXV
Munarg,XL,XI,CXXXVIII,Denarius,V,V,CCCLXXXV
Munarg,XXXVI,IV,CXXIX,Quinarius,V,XVII,CXXXV
Muniv,XXXIX,V,XXX,Denarius,VI,IV,DLXXXIV
Munarg,XXXIX,IX,CXLVIII,Quinarius,VII,XXVI,LII
Murytub,XL,III,CVI,Denarius,VI,XII,DIX
Munarg,XXXIX,III,CVI,Denarius,VIII,XX,CCCLXXXVIII
Atamora,XXXVI,VIII,X,Quinarius,VI,XXI,CMLXXVII
Murytub,XXXVIII,XII,CXVII,Quinarius,IV,V,CLV
Suilis,XXXVIII,III,XXXIV,Quinarius,VII,XXX,CMXC
Munarg,XXXIX,IX,CLXXX,Quinarius,IV,XIII,LI
Muniv,XXXV,XII,XXVII,Quinarius,VI,XXVI,CCXXIV
Murytub,XXXV,IX,CLXIV,Denarius,V,XVII,DCCV
Muniv,XXXIX,X,XVIII,Quinarius,VII,XXXI,CXIII
Muniv,XXXVIII,X,XXII,Denarius,VII,IX,CDLXXXIV
Murytub,XL,X,CLXII,Denarius,VI,XXVII,DXXIX
Munarg,XXXVIII,III,CXIII,Denarius,IX,XI,CCCXCVIII
Murytub,XXXVI,XI,CLXVI,Quinarius,V,II,CCLXXIV
Munarg,XL,IX,CXXII,Denarius,VII,V,CDXXXVIII
Murytub,XL,VIII,XCII,Denarius,IV,XIV,DLXXXII
Munarg,XXXVII,X,CXXXVIII,Denarius,VIII,V,CDXXVII
Munarg,XXXVII,X,CLXXXIII,Denarius,VI,XXVII,CCLXXIII
Munarg,XL,VIII,CXXIII,Quinarius,VII,XXV,CIV
Munarg,XXXIX,IX,CLXXXVII,Quinarius,V,XVII,LIV
Suilis,XL,X,XXXVII,Denarius,VI,XIV,MMMDCCCL
Murytub,XXXV,IV,CXIV,Denarius,VII,XV,DCCXVIII
Muniv,XXXIX,X,XXV,Denarius,V,XIV,DXVII
Murytub,XL,IX,CLXX,Quinarius,IX,XXIV,CXXIII
Muniv,XXXV,V,XXIV,Quinarius,VIII,XVII,CCXXIV
Munarg,XL,VIII,CLXXVI,Denarius,IV,VI,CCXX
Muniv,XXXV,I,XXVIII,Denarius,VI,XV,DLXXIV
Suilis,XXXIX,VII,XXIV,Denarius,VI,XIII,MMMDXI
Muniv,XL,VI,XXXII,Denarius,V,XII,DLXII
Murytub,XXXIX,III,CLXXXVIII,Quinarius,VIII,XXX,CXXV
Murytub,XXXVI,III,CXCIX,Denarius,V,XV,DCXLIX
Murytub,XXXVI,I,CLIV,Denarius,VII,XX,DCXXXVII
Murytub,XXXV,XII,XCVII,Denarius,VII,VII,DCLXVIII
Munarg,XXXV,VIII,CLXXXVIII,Denarius,VII,VIII,CCCXXII
Murytub,XXXIX,V,XC,Denarius,VII,III,DCI
Suilis,XXXIX,VII,XVII,Quinarius,V,XXXI,DCCCLXXXV
Munarg,XXXVIII,VIII,CXXI,Denarius,VI,XII,CCCLXV
Muniv,XXXIX,XI,XXIX,Quinarius,V,XXIII,CII
Munarg,XXXVIII,X,CXC,Denarius,IV,XXVIII,CCLV
Muniv,XXXVI,VI,XLII,Denarius,III,IX,DXII
Murytub,XXXIX,V,CLX,Denarius,VII,X,DCX
Atamora,XXXVIII,II,VII,Aureus,IV,V,XXII
Munarg,XXXIX,X,CIV,Denarius,III,XII,CCCLXXV
Muniv,XXXIX,V,XXXII,Aureus,IV,XXI,VI
Murytub,XXXIX,VII,XC,Denarius,VII,III,DLXXIX
Muniv,XXXVI,IX,XX,Denarius,V,XIV,CDLXXX
Munarg,XXXIX,IX,CLXXXV,Quinarius,VII,XXVI,XLIV
Munarg,XXXVIII,I,CXXXVII,Quinarius,V,V,LXXXVIII
Munarg,XXXVI,XI,CXXV,Denarius,VII,XXVI,CCXCI
Suilis,XXXIX,VII,XI,Denarius,VII,II,MMMCMLXV
Murytub,XXXIX,IX,CXXXII,Denarius,IV,XXV,DL
Murytub,XL,IX,CXCVII,Quinarius,IV,XXVIII,CXIV
Suilis,XXXVII,IV,XLVI,Denarius,IV,XIX,MMMCCLX
Murytub,XXXV,XI,CXV,Denarius,VI,VIII,DCLXXXVII
Muniv,XXXIX,V,XXIII,Denarius,VI,XXX,DXLIV
Munarg,XXXV,II,CLXXXI,Denarius,X,XVII,CCCVI
Murytub,XXXVII,XI,CCXXI,Denarius,V,IX,DCXXXVIII
Muniv,XXXVIII,V,XXIII,Denarius,V,XVII,DCXI
Murytub,XXXVIII,XI,CLI,Aureus,VIII,XIX,VI
Murytub,XXXVIII,II,CXIX,Denarius,V,XXVII,DCXVIII
Murytub,XXXV,IX,CLXXXVII,Denarius,VI,XII,DCCX
Munarg,XXXVII,IX,CXXXII,Aureus,VII,VIII,III
Murytub,XXXVIII,III,CXXXII,Quinarius,VI,IX,CLXXXIX
Muniv,XXXIX,IV,XXIII,Denarius,VIII,V,DXLVI
Munarg,XXXVIII,IX,CX,Denarius,IV,XVII,CCXLV
Murytub,XXXVIII,XI,CLXVII,Denarius,IV,XXVIII,DCII
Muniv,XXXVI,VIII,XXV,Denarius,VI,VI,CCCXCV
Muniv,XXXIX,VIII,XXVII,Aureus,VII,XIV,V
Munarg,XXXIX,III,CXLIII,Aureus,VIII,XXX,IV
Muniv,XXXVIII,IV,XX,Quinarius,VI,XXIII,CLXXI
Atamora,XL,XII,X,Quinarius,VI,VI,DCX
Munarg,XXXV,X,CXX,Aureus,III,XIX,IV
Murytub,XL,VI,CLXXXII,Quinarius,VI,XXVI,CXIX
Muniv,XXXIX,III,XXVIII,Denarius,VIII,XXVII,DXXX
Munarg,XL,II,CLXVI,Aureus,V,I,V
Muniv,XXXV,XII,XX,Denarius,IV,XXIII,CDXXXIII
Munarg,XL,II,CVIII,Denarius,VI,XII,CDXXXVII
Munarg,XL,I,CLVII,Denarius,II,XVIII,CCLI
Munarg,XXXVI,I,CLXXXVII,Denarius,VII,VIII,CCCLIX
Muniv,XXXIX,X,XXV,Aureus,V,I,IV
Murytub,XXXIX,VII,CLIX,Denarius,VII,XXVII,DLXXVI
Murytub,XXXV,II,CXLIV,Quinarius,VII,XV,CCCXLVII
Murytub,XXXVII,XII,CXL,Aureus,IV,II,VI
Suilis,XXXVI,X,XXXI,Quinarius,IX,XVIII,MCCCXXXI
Munarg,XXXV,X,CLXX,Quinarius,VII,II,CLIX
Muniv,XXXIX,I,XX,Denarius,VIII,XVIII,DXXX
Muniv,XXXVI,IV,XXIII,Quinarius,II,VIII,CCXXXII
Munarg,XXXVIII,III,CXLVI,Quinarius,VI,II,CXXIII
Suilis,XL,VIII,XI,Quinarius,III,III,DCCCXXIII
Murytub,XXXVI,IX,CI,Quinarius,VI,III,CCLVII
Munarg,XXXVIII,V,CLVII,Aureus,VI,IX,III
Murytub,XXXVIII,XI,CLXIII,Denarius,IV,XV,DXCV
Muniv,XXXIX,VIII,XXVII,Denarius,VIII,XXVIII,CDXCVI
Murytub,XXXVI,VIII,CLXXV,Denarius,IV,IX,DCLXXIV
Munarg,XXXVIII,X,CVI,Aureus,VI,XIX,IV
Suilis,XXXVII,III,XII,Denarius,IX,XX,MMMDCLXXXVIII
Munarg,XXXVIII,XI,CXXIV,Denarius,VII,XII,CDLII
Murytub,XL,I,XCIII,Denarius,VI,XIV,DLXXII
Muniv,XXXVI,XII,XXXIV,Denarius,IV,XXIV,CDLI
Murytub,XXXVII,VI,CV,Denarius,IV,VI,CMLXXVIII
Muniv,XXXV,XI,XXI,Quinarius,VII,XXII,CCXVI
Muniv,XXXV,I,XXIX,Quinarius,VII,VI,CCXC
Munarg,XXXVI,III,CLIX,Denarius,VIII,XXVII,CCCL
Muniv,XXXV,V,XXXII,Denarius,V,XXXI,CDLXXIV
Munarg,XXXVI,V,CLIV,Quinarius,IV,XXVIII,CLVII
Munarg,XXXVIII,I,CVI,Denarius,IV,XXIV,CDXXXVI
Muniv,XXXVII,X,XIX,Denarius,VI,VII,CDXLIV
Munarg,XXXVIII,I,CXCIX,Denarius,VI,XXVI,CDII
Murytub,XXXIX,IV,CLXXXIV,Quinarius,VIII,XXIV,CXXIX
Murytub,XXXV,I,CLXXVI,Denarius,V,XVI,DCLVIII
Munarg,XL,II,CLXXXVII,Quinarius,VII,VII,LVII
Muniv,XXXIX,IX,XXVII,Quinarius,V,XXIII,CXXX
Murytub,XXXVIII,I,CLXII,Denarius,V,I,DXC
Munarg,XXXVI,II,CXCIX,Denarius,IV,XXIX,CCCXXXVIII
Munarg,XXXVIII,III,CLXXII,Denarius,VII,IV,CCXXX
Munarg,XL,I,CLXXIV,Denarius,VIII,III,CDXXV
Muniv,XL,X,XXVII,Quinarius,IV,VIII,LXXXIV
Murytub,XXXIX,X,CLXXXV,Quinarius,VIII,IX,CXX
Murytub,XXXV,VI,CIV,Quinarius,X,V,CCCIX
Muniv,XL,IX,XXVI,Quinarius,III,XVII,XCVIII
Munarg,XXXVIII,III,CLXXVI,Denarius,IV,XVIII,CCXXXIII
Munarg,XXXVI,III,CXLI,Denarius,V,VI,CCLXXXIII
Murytub,XXXV,XI,CLXXX,Denarius,V,IV,DCXXXIII
Muniv,XXXV,VII,XXIII,Quinarius,VI,XXV,CCCIX
Murytub,XXXV,VII,CLXIV,Aureus,VIII,XIX,IX
Muniv,XXXVII,XI,XXIX,Quinarius,V,XX,CLXVII
Munarg,XXXVII,III,CXXXVI,Denarius,IX,XX,CCCLXIII
Munarg,XXXVII,IV,CXXXI,Denarius,VI,XXIII,CCCXI
Murytub,XXXVII,IX,CXXXVI,Denarius,VIII,XX,DCCXXVI
Muniv,XXXIX,XI,XXI,Denarius,X,XI,DXXI
Suilis,XXXVI,IV,XXXVIII,Denarius,VII,XVI,MMMCCC
Murytub,XXXVI,IX,CLVII,Quinarius,VI,VII,CCLII
Munarg,XXXVI,V,CXXXI,Denarius,VI,XVI,CCCVIII
Munarg,XXXVI,IV,CLXI,Denarius,VI,VII,CCC
Suilis,XL,V,XLVII,Quinarius,IX,III,DCCCXV
Murytub,XXXVI,III,CXVII,Quinarius,IV,XXI,CCXCIV
Munarg,XXXVII,X,CLIII,Denarius,VI,III,CCCLXIV
Munarg,XL,I,CXVIII,Denarius,V,XVI,CXCVI
Suilis,XXXVII,II,XXXI,Denarius,VI,IV,MMMDV
Suilis,XXXVIII,IV,XXII,Denarius,V,XXVI,MMMCDXLIV
Muniv,XXXIX,XII,XXII,Quinarius,V,XXIII,CXXXI
Munarg,XXXVI,XI,CXLVIII,Denarius,VII,V,CCXCIII
Munarg,XXXVIII,III,CLXXXIII,Denarius,IV,III,CCLXXXII
Suilis,XXXVIII,XII,XVIII,Denarius,VI,X,MMMDCXXXVIII
Munarg,XXXV,I,CXI,Denarius,VIII,IV,CCCLXXX
Muniv,XXXVIII,IX,XXVIII,Quinarius,VI,XIX,CXXXV
Munarg,XXXV,VIII,CXXVI,Quinarius,IV,IX,CLXVIII
Murytub,XXXVIII,X,CLXXX,Denarius,VII,XV,DXCIX
Muniv,XXXVIII,XII,XXIII,Denarius,VI,XI,CDXXIX
Munarg,XXXVIII,III,CLVI,Quinarius,V,X,CXX
Murytub,XL,VIII,CLXVI,Denarius,V,XXX,DLXVII
Murytub,XXXIX,X,CXLI,Denarius,VI,II,DXCV
Murytub,XXXIX,V,LXXXIX,Denarius,IV,XIII,DCXLII
Muniv,XL,II,XXI,Denarius,VI,XXVII,DLXII
Munarg,XXXVIII,XII,CXXI,Quinarius,VII,XXIV,CIX
Murytub,XXXIX,IX,CXXVII,Denarius,V,XXIII,DLXXV
Munarg,XXXIX,V,CXC,Denarius,VI,IV,CDLVI
Muniv,XXXV,IX,XXV,Denarius,V,XXV,DXXXV
Suilis,XL,I,XXVII,Denarius,V,XXIX,MMMDCCXXX
Munarg,XXXIX,III,CLXXVIII,Denarius,VI,XVI,CCLXXVI
Murytub,XXXVIII,VII,CXLII,Quinarius,VI,XXIII,CLXXII
Murytub,XXXIX,IX,CXXXVIII,Quinarius,V,XXIII,CXXVII
Muniv,XXXVI,II,XXI,Denarius,IV,XXIX,CDVII
Munarg,XXXVI,V,CI,Denarius,VII,XIV,CCLXXIX
Munarg,XXXVIII,V,CXLI,Denarius,IX,XXIV,CCCLXXIII
Muniv,XL,XI,XXX,Denarius,V,XXV,DIV
Munarg,XXXIX,V,CXXXII,Aureus,VII,III,IV
Murytub,XXXV,III,CLVI,Denarius,V,XXIII,DCLXIX
Muniv,XXXVI,III,XXIV,Denarius,VIII,VII,DLXXXV
Munarg,XXXVII,III,CXXX,Denarius,V,XVI,CCCLXXXV
Muniv,XXXVI,I,XXX,Quinarius,VII,XVI,CCLXII
Munarg,XL,VI,CLII,Denarius,VII,VI,CCXXIX
Munarg,XXXV,IV,CXCIV,Denarius,IV,XII,CCCVII
Murytub,XXXVIII,X,CXXVII,Denarius,VIII,II,DLXXII
Munarg,XXXIX,I,CXX,Denarius,VI,XXI,CCXXXIII
Murytub,XL,VIII,CXIV,Denarius,III,III,DLIV
Murytub,XXXVI,IV,CL,Denarius,V,XXVIII,DCXCI
Munarg,XXXVI,III,CLXXIX,Aureus,III,V,V
Suilis,XXXV,IX,XIII,Denarius,V,XIX,MMMCDLXIV
Suilis,XXXVII,VIII,XXXVI,Quinarius,VIII,XX,MCCCLXVIII
Murytub,XXXV,XII,CXXVIII,Denarius,IV,VIII,DCLXXXVII
Muniv,XXXVII,VII,XXVIII,Quinarius,V,XIV,CC
Murytub,XXXVIII,V,CLX,Aureus,IV,IV,VI
Suilis,XL,VII,XXV,Denarius,VIII,XIV,MMMM
Munarg,XXXVIII,V,CXLIX,Quinarius,V,XVI,LXXXI
Murytub,XXXVIII,II,CLXIX,Denarius,VII,III,DCXXIX
Munarg,XXXVIII,VI,CLXXI,Denarius,IV,XIV,CCCLXVIII
Murytub,XXXVI,VII,CXLVII,Denarius,IV,XX,DCLXXXIX
Murytub,XL,III,CLX,Aureus,VI,XI,VI
Munarg,XXXVI,V,CLX,Denarius,VI,XV,CCCLXXXVI
Munarg,XXXVII,VI,CXXVIII,Denarius,VII,XIX,CCLXXXVIII
Munarg,XXXV,III,CXXXIV,Denarius,VI,VII,CCCLXI
Muniv,XXXIX,III,XXIX,Denarius,VII,XII,DLXX
Munarg,XXXVIII,IV,CV,Quinarius,V,XXII,LXXV
Munarg,XXXVIII,VI,CLXXXIX,Denarius,VIII,XVIII,CCLXXXII
Muniv,XXXVIII,I,XXVII,Denarius,VI,XV,DXVI
Munarg,XL,II,CIX,Quinarius,VI,VI,CIII
Murytub,XXXVI,I,XCVII,Denarius,V,XIII,DCXCI
Muniv,XXXVIII,IV,XXX,Denarius,VII,I,DXVIII
Muniv,XXXV,IV,XXVI,Denarius,VIII,XIX,DI
Murytub,XXXVIII,IX,CXI,Quinarius,V,III,CLVIII
Murytub,XXXVI,XII,CXLVIII,Denarius,VI,VIII,DCXLI
Murytub,XXXVII,I,CLVIII,Denarius,X,XXIX,DCXXXIV
Murytub,XXXV,XII,XCIII,Quinarius,VIII,XXIV,CCXCI
Munarg,XL,IV,CLXXXIX,Denarius,II,XX,CCXLIII
Murytub,XXXVII,X,CLXXII,Aureus,VIII,IV,VII
Munarg,XXXIX,VI,CXLIX,Denarius,II,X,CCLVII
Suilis,XXXVII,VII,XI,Denarius,VII,XII,MMMCCCLIX
Muniv,XXXVI,IV,XV,Aureus,V,I,VII
Munarg,XXXV,VI,CLXXXII,Denarius,VI,XXVII,CCCLXVII
Munarg,XXXVI,II,CLXXXIV,Quinarius,VI,XXVI,CXLVI
Munarg,XL,VI,CLXVII,Quinarius,VI,XXIX,XLIII
Munarg,XL,I,CXC,Denarius,VIII,XVII,CCXXXVI
Muniv,XXXVIII,III,XVIII,Aureus,VI,IX,V
Murytub,XXXVII,I,CXLVIII,Denarius,IX,XXX,DCCXVI
Muniv,XXXVI,V,XXII,Denarius,VI,XXV,DXCVII
Muniv,XXXIX,XI,XXXV,Denarius,IV,XV,DXVI
Munarg,XXXVI,IX,CXIV,Denarius,IV,XVIII,CDIX
Munarg,XXXV,V,CXCI,Denarius,IV,XXVII,CCCXXXV
Munarg,XXXV,VII,CXXIX,Denarius,II,IX,CCXCIV
Munarg,XXXIX,V,CLXXVIII,Denarius,V,XXIV,CDXXX
Murytub,XL,II,CLXIX,Denarius,VI,X,DC
Murytub,XL,X,CXXIV,Aureus,IX,XXIV,V
Murytub,XXXVII,III,CXCIV,Quinarius,VI,XIV,CCLVIII
Murytub,XL,I,CLXXXIX,Denarius,IV,IX,DLXX
Murytub,XXXIX,VI,CXXXIII,Quinarius,V,XII,CXLI
Muniv,XXXV,II,XXIX,Denarius,IV,II,CDLXXII
Murytub,XXXVI,II,CLV,Denarius,VII,XVI,DCXXXVII
Murytub,XXXIX,III,CXXVIII,Denarius,VI,III,DLXXXII
Atamora,XXXVI,V,XI,Aureus,III,XII,XXXVII
Munarg,XXXVIII,IV,CXXI,Denarius,IV,XXI,CCLXXXIV
Murytub,XXXVII,XII,CXIII,Quinarius,VI,XXVIII,CXCV
Muniv,XXXIX,XI,XIX,Quinarius,VI,XVIII,CXXIV
Munarg,XXXVII,II,CLXI,Denarius,VIII,XXVI,CCLXXX
Munarg,XXXV,XI,CXXXI,Denarius,V,XXIII,CCCLXVII
Murytub,XXXV,II,CXIII,Denarius,VII,V,DCXCVIII
Munarg,XL,X,CXV,Denarius,VIII,XVIII,CCCLXXV
Murytub,XXXVIII,V,CXCI,Aureus,VI,X,VI
Murytub,XXXVI,V,CXXIII,Denarius,IV,XXIV,DCXL
Murytub,XL,IX,CLV,Aureus,VI,VII,V
Murytub,XXXVII,V,CXXVII,Quinarius,VIII,XXV,CCCXXXVII
Suilis,XXXVI,VI,XI,Denarius,V,XIX,MMMCCCLXXXVIII
Munarg,XXXV,VI,CXCVIII,Quinarius,IV,XV,CXCIV
Murytub,XXXVII,X,CLXIX,Denarius,VII,VIII,DCXVIII
Muniv,XXXIX,I,XXV,Quinarius,V,XXVII,CXXIV
Murytub,XXXVI,IX,CLIX,Denarius,VI,IV,DCLXXXVIII
Murytub,XXXV,II,CXXVI,Denarius,VII,XXIV,DCCV
Munarg,XXXVI,III,CLXVI,Denarius,VI,XXIX,CCCXII
Munarg,XXXV,VII,CLV,Denarius,V,XXII,CCCLXI
Atamora,XXXV,XII,VI,Quinarius,VI,XXIX,MDCCXIII
Atamora,XXXVIII,III,XI,Denarius,V,XVII,MMCMIV
Atamora,XXXIX,XI,VII,Denarius,VI,XXII,MMDVII
Murytub,XXXVIII,IV,CLXXXV,Quinarius,VI,III,CLXXVIII
Atamora,XL,XII,XIII,Aureus,V,XXIV,XXIII
Munarg,XXXV,V,CLXIX,Denarius,V,XXXI,CCCLIV
Munarg,XL,II,CXCVI,Denarius,V,XXIII,CCXXXIII
Murytub,XXXIX,I,CXXXIII,Quinarius,IV,V,CXXXVI
Muniv,XXXIX,VII,XXVI,Denarius,V,XXIX,CDLXXXVIII
Murytub,XXXV,IX,CLXVI,Quinarius,VII,IX,CCCLXXVI
Suilis,XL,VI,XXVI,Quinarius,VII,XV,CMXXXV
Suilis,XXXV,IX,XVI,Denarius,IX,X,MMMCDLXV
Murytub,XXXVII,I,CXLVIII,Denarius,VI,V,DCLXXVI
Munarg,XXXIX,VIII,CXLVI,Quinarius,VIII,XXVII,XCVIII
Suilis,XXXVI,VIII,XVI,Denarius,V,XX,MMMCDLXXIV
Suilis,XXXVI,II,XI,Denarius,IX,IX,MMMDLXVI
Muniv,XXXVI,IX,XXXIII,Denarius,VIII,XVI,CDXCVI
Munarg,XL,IV,CLVI,Denarius,IV,II,CDLXI
Munarg,XXXIX,VII,CXXI,Denarius,IX,XVI,CCXXVI
Muniv,XXXIX,X,XXXIII,Denarius,IV,VI,DXXII
Murytub,XXXV,V,CLXXV,Aureus,I,IV,IX
Suilis,XXXIX,VII,XII,Aureus,IX,XVI,XXXVIII
Munarg,XXXVIII,V,CLXXXII,Denarius,VI,X,CDXXXV
Murytub,XXXVIII,IV,CXXX,Quinarius,VII,I,CLXXVII
Munarg,XXXVII,III,CXCV,Quinarius,VI,VII,CXI
Munarg,XL,IV,CLXXXVII,Denarius,VIII,XIII,CXCIX
Murytub,XXXVI,III,CCXXIII,Denarius,VI,X,DCLXIX
Suilis,XL,V,XI,Quinarius,VI,XVI,DCCCLXVIII
Munarg,XXXV,X,CXXIX,Denarius,IV,XXIV,CCCVIII
Murytub,XXXV,IV,CXLI,Denarius,VI,V,DCLXXIII
Munarg,XXXIX,I,CXCIV,Quinarius,V,XXVII,C
Murytub,XXXIX,IX,CXIX,Aureus,VI,II,VI
Murytub,XXXV,IV,CLXI,Denarius,IV,XII,DCCLIX
Muniv,XXXVIII,II,XXVII,Denarius,V,XXVII,DXXX
Suilis,XXXVIII,X,XI,Aureus,IV,XXIII,XXXVI
Muniv,XXXIX,X,XX,Denarius,VII,XXXI,CDXCV
Muniv,XXXV,II,XV,Denarius,IV,I,CCCXCVIII
Murytub,XXXV,XI,CL,Aureus,VII,XVIII,VIII
Munarg,XXXVI,IX,CXXIII,Quinarius,IV,XVIII,CXLV
Munarg,XXXV,XII,CXVI,Quinarius,VII,XXVII,CXLIX
Muniv,XXXVI,III,XXI,Denarius,V,IX,DXII
Munarg,XXXVI,V,CXVII,Quinarius,IV,XXIX,CLXVII
Murytub,XXXIX,II,CXXXV,Denarius,VI,XX,DLII
Murytub,XXXVII,IX,CLXXV,Denarius,IX,VII,DCCIII
Munarg,XL,I,CI,Quinarius,VI,XIII,LV
Munarg,XL,XI,CX,Denarius,V,XV,CCXXIII
Munarg,XXXVII,I,CLIV,Denarius,VIII,VIII,CCXCV
Munarg,XXXVIII,VI,CLXVII,Denarius,V,XI,CCCLXXXIX
Munarg,XXXIX,XI,CLXXIII,Aureus,VII,XXX,II
Munarg,XXXVI,VII,CLVI,Aureus,V,XXI,III
Suilis,XXXIX,I,XLVII,Denarius,V,XXIII,MMMDXXIII
Munarg,XXXV,IX,CXCIV,Denarius,VII,III,CCCXXXVII
Muniv,XXXVII,I,XXIX,Denarius,VI,XI,CDXLVI
Munarg,XXXVI,V,CLXXV,Denarius,IV,XXIV,CCCLXXVI
Muniv,XXXVI,III,XXIV,Denarius,III,V,CCCXCIV
Munarg,XXXVII,I,CLXVI,Aureus,VI,I,III
Munarg,XL,XI,CLXV,Denarius,IV,VIII,CLXXV
Munarg,XL,VI,CLXIV,Quinarius,II,XI,XLVI
Murytub,XXXVII,IX,CXLVIII,Quinarius,IV,XXVII,CCLXXV
Atamora,XXXVI,XI,VIII,Aureus,V,XXI,XXXIV
Munarg,XXXVIII,II,CLV,Denarius,IV,XXV,CDXXI
Munarg,XXXVII,I,CXIV,Quinarius,III,XIX,CIII
Muniv,XXXVII,VIII,XXVII,Denarius,V,XXI,CCCLXVII
Murytub,XXXIX,I,CXLII,Denarius,V,XII,DCVIII
Munarg,XXXVIII,X,CIX,Denarius,IV,XXVIII,CCCLXIX
Murytub,XXXVI,XI,CXXXI,Denarius,II,III,DCXLIII
Munarg,XXXVI,XI,CLXXIX,Denarius,VI,XXX,CDII
Munarg,XXXIX,III,CLXIV,Denarius,IV,XXIV,CCXLI
Murytub,XXXIX,XII,CXLIV,Quinarius,VI,VII,CXXXV
Murytub,XXXVII,I,CXVIII,Aureus,VI,I,VI
Munarg,XXXVI,VII,CVI,Denarius,IV,V,CCLXXX
Munarg,XXXVI,VIII,CXVII,Aureus,VIII,XXVIII,IV
Murytub,XXXV,III,CXLVI,Denarius,IX,II,DCLXXXIX
Munarg,XXXVI,VII,CXXXVII,Denarius,VII,XXX,CCLXV
Muniv,XXXV,X,XXX,Denarius,VIII,XXIX,CDVIII
Murytub,XXXVII,VIII,CXIX,Denarius,VIII,XVI,DCLVIII
Atamora,XXXV,IX,III,Denarius,VI,XX,MMMDCCCX
Munarg,XXXV,VII,CIX,Quinarius,V,XXVII,CLVIII
Muniv,XL,V,XXIV,Aureus,VI,XVI,IV
Munarg,XXXIX,XII,CXVI,Aureus,V,XXI,IV
Munarg,XXXIX,XI,C,Denarius,VI,XXVIII,CCXII
Munarg,XL,VIII,CLXIII,Denarius,IX,VIII,CCII
Muniv,XXXV,VII,XXX,Denarius,VI,XXVI,CDLXXV
Munarg,XXXVIII,XI,CLVIII,Denarius,IV,XXVIII,CCLXV
Muniv,XXXVII,XI,XXIV,Aureus,VII,XV,V
Munarg,XXXIX,VII,CXXXVI,Denarius,VIII,XXV,CDVII
Munarg,XXXVIII,VIII,CXVII,Denarius,VI,XII,CCCLXXIX
Murytub,XXXVII,VII,CLXXXII,Aureus,V,XVI,IX
Munarg,XXXVI,IV,CLXXIX,Denarius,VII,IX,CCCXXXIII
Munarg,XXXVI,IV,CXXXII,Quinarius,VII,XVI,CXLIII
Murytub,XXXVII,VIII,CXCVI,Denarius,IV,XVIII,DCLX